{
"type": "FeatureCollection",
"name": "europe_shape",
"crs": { "type": "name", "properties": { "name": "urn:ogc:def:crs:OGC:1.3:CRS84" } },
"features": [
{ "type": "Feature", "properties": { "index": 0 }, "geometry": { "type": "Polygon", "coordinates": [ [ [ -8.060824302389307, 35.434315029754032 ], [ -8.1275606755718, 35.400209536821563 ], [ -8.189498223963426, 35.367364602692106 ], [ -8.23873963344829, 35.342807157838735 ], [ -8.308776995174384, 35.30856810995445 ], [ -8.34636545967615, 35.290668932875718 ], [ -8.422390794258718, 35.259698165748233 ], [ -8.485519782052961, 35.246813773646636 ], [ -8.669270320175372, 35.213263196245805 ], [ -8.72304492364762, 35.202966680683971 ], [ -8.791902886716457, 35.188949291772673 ], [ -8.848519930883896, 35.178918728336555 ], [ -8.91578805636334, 35.166357942449338 ], [ -8.955884221201217, 35.162248212484798 ], [ -9.027316902595885, 35.154182618954337 ], [ -9.498351834619427, 35.097104805494752 ], [ -9.574760787292433, 35.088441347600138 ], [ -9.651770331222622, 35.080662686764242 ], [ -9.729379635586326, 35.07376875190198 ], [ -9.798189877262928, 35.068319653552976 ], [ -10.210563382015948, 35.036009644637602 ], [ -10.434453721513364, 35.018467540711441 ], [ -10.525182329001012, 35.011995395171851 ], [ -10.800817333469297, 34.987541727204047 ], [ -10.916107522319379, 34.977313462079678 ], [ -11.188114615942055, 34.953181653652138 ], [ -11.8465983337029, 34.894762578186146 ], [ -12.109264544979538, 34.877599219284207 ], [ -12.148172987507138, 34.877863357318859 ], [ -12.176972758985528, 34.905602543922384 ], [ -12.233399207207412, 34.96170399334477 ], [ -12.28840511690251, 35.018778385114558 ], [ -12.320709922225035, 35.053480068050789 ], [ -12.368191484049675, 35.106159133037693 ], [ -12.399168397203624, 35.141689484582059 ], [ -12.43964090470385, 35.189561094069404 ], [ -12.488852979781086, 35.250185541629577 ], [ -12.516165594466486, 35.285054932838875 ], [ -12.563269741405378, 35.347440277247131 ], [ -12.60059559570999, 35.399085534669751 ], [ -12.62710181439715, 35.437021736364073 ], [ -12.669975570216309, 35.500862278271654 ], [ -12.707154643471938, 35.558950809432474 ], [ -12.731198146976794, 35.597989651001569 ], [ -12.769922164676075, 35.663609921560777 ], [ -12.796014831019562, 35.709939281872465 ], [ -12.832568090345006, 35.778108287767338 ], [ -12.858001043713131, 35.827943107388506 ], [ -12.88707767679324, 35.888003864386917 ], [ -12.910582230985113, 35.939033441440273 ], [ -12.937491507826735, 36.000708288157114 ], [ -12.958808839756017, 36.052416930696893 ], [ -12.983102829631804, 36.114995727370996 ], [ -13.002277621215143, 36.167572653655157 ], [ -13.024338579161991, 36.232171837560372 ], [ -13.039553071217171, 36.279850657581903 ], [ -13.062253269972302, 36.35706298067214 ], [ -13.078693136878684, 36.418717276081452 ], [ -13.090227715536486, 36.465631681357081 ], [ -13.107697402413066, 36.544488681008033 ], [ -13.120280831594982, 36.609245398256689 ], [ -13.132430060898486, 36.681410839338781 ], [ -13.140753337696225, 36.739286490179495 ], [ -13.146188811364425, 36.782760229601024 ], [ -13.153681495004889, 36.855335012400985 ], [ -13.159579873112534, 36.933860972506125 ], [ -13.161905278905436, 36.978592985777652 ], [ -13.163987245414944, 37.044472864531173 ], [ -13.164424241285616, 37.078409296351964 ], [ -13.203652821820157, 37.133224807878634 ], [ -13.2343921170025, 37.177872764216744 ], [ -13.260090132053875, 37.216424021251584 ], [ -13.297491531209147, 37.274745804175666 ], [ -13.321665018225872, 37.313934623883824 ], [ -13.360572467944962, 37.379794914503748 ], [ -13.397740359929571, 37.446303370803918 ], [ -13.418483908205729, 37.485142016091345 ], [ -13.439838115036878, 37.526584461303941 ], [ -13.463487797323893, 37.574351414885996 ], [ -13.479716603238558, 37.608392130292657 ], [ -13.501680665530159, 37.656274556825366 ], [ -13.528601444700854, 37.718215518331704 ], [ -13.554029036310823, 37.780562054295501 ], [ -13.570153093690124, 37.82233211443554 ], [ -13.593068803282506, 37.885295925266831 ], [ -13.619015554624042, 37.962702731246054 ], [ -13.634324426930675, 38.012207662453761 ], [ -13.652486393931866, 38.075503704432521 ], [ -13.664781013932497, 38.116363600300019 ], [ -13.680205767482136, 38.172284026087027 ], [ -13.700961002448224, 38.256984636931577 ], [ -13.71494980309086, 38.321062933507619 ], [ -13.727643821904735, 38.38651543913636 ], [ -13.73512536654232, 38.43025837712247 ], [ -13.742136134974515, 38.475442629773738 ], [ -13.750842235180954, 38.538231107879426 ], [ -13.758080987147792, 38.59991935089738 ], [ -13.800832365920854, 38.972218070907303 ], [ -13.810054484526773, 39.014069909998454 ], [ -13.821262966312787, 39.071639581801492 ], [ -13.835892551899633, 39.158236096618595 ], [ -13.843911878530207, 39.216128680794043 ], [ -13.8544333457221, 39.309488899593134 ], [ -13.860747622504704, 39.38669800670769 ], [ -13.863258836326111, 39.432629605871625 ], [ -13.865021637938099, 39.505291483515293 ], [ -13.865098814158785, 39.594046270519073 ], [ -13.863365509410613, 39.652254458276701 ], [ -13.858503044180082, 39.739508156276457 ], [ -13.853476297992586, 39.797600945727197 ], [ -13.842940217716801, 39.890877745211981 ], [ -13.831841878599761, 39.967549893213118 ], [ -13.823985137703829, 40.013026343690825 ], [ -13.809227422107796, 40.085183840162102 ], [ -13.789176503792504, 40.172589910296153 ], [ -13.774227519484299, 40.229668098104355 ], [ -13.749528864365487, 40.314919995161659 ], [ -13.731280105592305, 40.371436998818467 ], [ -13.699582876848183, 40.461587137936192 ], [ -13.671302992738845, 40.534818848511179 ], [ -13.653236598490139, 40.578168938345954 ], [ -13.621395069027159, 40.6485714195355 ], [ -13.581325545937034, 40.731925646351613 ], [ -13.553295570833825, 40.786095569654861 ], [ -13.509037366281319, 40.866681443993684 ], [ -13.477809922689659, 40.919850660179833 ], [ -13.425653677674859, 41.003897840712938 ], [ -13.395141333605551, 41.050498370903171 ], [ -13.367334968633742, 41.091345792274552 ], [ -13.342027396946747, 41.126846040812268 ], [ -13.304163180586187, 41.177773870367986 ], [ -13.264719042449769, 41.229198428764562 ], [ -13.276156171469978, 41.277916267921427 ], [ -13.288236458745445, 41.334589819264835 ], [ -13.299898129594879, 41.396224576902853 ], [ -13.349669278114675, 41.469239594931537 ], [ -13.382134785092205, 41.519122817863945 ], [ -13.40579570171019, 41.556785979089796 ], [ -13.443890627450344, 41.620036196113801 ], [ -13.465823657735569, 41.658055584197911 ], [ -13.488403001996801, 41.698584329902985 ], [ -13.518623534048828, 41.755249625469901 ], [ -13.556645286450731, 41.830897373714976 ], [ -13.57918929544951, 41.878488223852514 ], [ -13.605011858510409, 41.935920720265045 ], [ -13.629468999794426, 41.993685386671302 ], [ -13.648878455975819, 42.042052232125002 ], [ -13.674445781547433, 42.108853781976535 ], [ -13.690073765691636, 42.151762284901622 ], [ -13.707842774824087, 42.203445611525808 ], [ -13.730389315414442, 42.274322991412987 ], [ -13.750019607318876, 42.342428428729193 ], [ -13.760626227718092, 42.382400093889373 ], [ -13.773859846054904, 42.436194787659304 ], [ -13.78875132501355, 42.503648635576212 ], [ -13.801804661655638, 42.571311536298367 ], [ -13.808749789471051, 42.611999043820845 ], [ -13.816965509150748, 42.666340644105532 ], [ -13.825562500009312, 42.73439187838261 ], [ -13.830973785511674, 42.787821995988367 ], [ -13.838240212315839, 42.869902726129965 ], [ -13.844681537222982, 42.93593212526747 ], [ -13.849608450569463, 43.008556629784664 ], [ -13.851269864412586, 43.044953947566768 ], [ -13.852972469903477, 43.117688958079071 ], [ -13.85251387681393, 43.19043297350305 ], [ -13.849886600086393, 43.263151459872034 ], [ -13.845084139421317, 43.335809777998918 ], [ -13.840607311578054, 43.384802297987761 ], [ -13.833787201218286, 43.444632049729449 ], [ -13.828850263129027, 43.482025243470332 ], [ -13.821297515567778, 43.532596669900471 ], [ -13.810005453488714, 43.597481504567952 ], [ -13.795336947042415, 43.669565457180198 ], [ -13.783776043429498, 43.719785326931287 ], [ -13.774864036246242, 43.755575866733011 ], [ -13.761465404005037, 43.805561930738662 ], [ -13.749133080826994, 43.848278715290576 ], [ -13.724465202307158, 43.926273975563618 ], [ -13.699744192740184, 43.996782494916317 ], [ -13.678390210739508, 44.052894210099907 ], [ -13.661513575491085, 44.09468889817424 ], [ -13.634612377259316, 44.157320167591735 ], [ -13.615734808914112, 44.198798933723964 ], [ -13.5791006627652, 44.274344109792878 ], [ -13.547190080657657, 44.335658305886199 ], [ -13.501938215176381, 44.416671693643877 ], [ -13.470072573090675, 44.470190786575671 ], [ -13.424037360335774, 44.543094021571932 ], [ -13.397849730080821, 44.582507583658128 ], [ -13.362072396823578, 44.634242499891627 ], [ -13.311611818130814, 44.703582766631428 ], [ -13.271392939232612, 44.75966705069402 ], [ -13.241723339960004, 44.800105419030047 ], [ -13.212955320031909, 44.838085349359574 ], [ -13.156539836344336, 44.909157209437694 ], [ -13.110294509583809, 44.964456040014397 ], [ -13.061589828407762, 45.020039592353328 ], [ -13.022597281239513, 45.062782375406357 ], [ -12.959348180274219, 45.129049507628821 ], [ -12.905838094052655, 45.18243722939485 ], [ -12.875429355480208, 45.2117595419694 ], [ -12.816766260954068, 45.26641124018667 ], [ -12.761991600232108, 45.315268289000414 ], [ -12.722828806903834, 45.349038102526379 ], [ -12.649284390362197, 45.40996302437415 ], [ -12.608234214137553, 45.442640616671127 ], [ -12.552495354277028, 45.485603618512243 ], [ -12.4884174857782, 45.533072549358849 ], [ -12.444919787518018, 45.564205033535529 ], [ -12.369874659687667, 45.61658763071469 ], [ -12.33267850201122, 45.64193119776661 ], [ -12.256709083357435, 45.691923883480683 ], [ -12.212901404975753, 45.719727308568508 ], [ -12.131396916334467, 45.76951684732478 ], [ -12.09171443447346, 45.792905490595956 ], [ -12.011171660143873, 45.838727526254502 ], [ -11.920799945161207, 45.887631311935507 ], [ -11.858182701570342, 45.920047190725427 ], [ -11.732435782485197, 45.988820273936653 ], [ -11.674071352810671, 46.020887083572205 ], [ -11.61275629246876, 46.053809377800604 ], [ -11.550666467982978, 46.086044472174819 ], [ -11.498297072851528, 46.112342065234259 ], [ -11.44537417557757, 46.138122475272127 ], [ -11.388263667933757, 46.165066282483082 ], [ -11.315778547541868, 46.19795169461517 ], [ -11.212500230201329, 46.242643772592089 ], [ -11.154088984518978, 46.266735684804132 ], [ -10.905052089682044, 46.364764262760673 ], [ -10.896617444439443, 46.368673875598944 ], [ -10.819583370576026, 46.409910932743401 ], [ -10.742479433778726, 46.449292267624173 ], [ -10.657347102486767, 46.49083707637007 ], [ -10.597812278913523, 46.518705229262963 ], [ -10.549714647313095, 46.54054271377538 ], [ -10.471376069050166, 46.574854666509736 ], [ -10.402968256279848, 46.603549948371523 ], [ -10.342960714864944, 46.627787746807201 ], [ -10.229580786923776, 46.671703634315406 ], [ -10.175977095666383, 46.692940867227378 ], [ -10.109672442828867, 46.718367635058371 ], [ -10.030483938682693, 46.747341527789445 ], [ -9.937087191220826, 46.779866434988065 ], [ -9.861804503874595, 46.804994638691682 ], [ -9.794739465254025, 46.826670163397438 ], [ -9.707737872404778, 46.853440017442921 ], [ -9.66879506943684, 46.864937091673539 ], [ -9.63736280524904, 46.874003445902588 ], [ -9.687777777522001, 46.956388888836557 ], [ -9.747500000024672, 47.07277777747305 ], [ -9.80138888878588, 47.191944444381193 ], [ -9.850277778096711, 47.313333333366984 ], [ -9.87728016714567, 47.435405375257972 ], [ -9.944826677608773, 47.477110599674688 ], [ -10.01625580596027, 47.522842518767391 ], [ -10.069017228162238, 47.557741894273306 ], [ -10.15537486685605, 47.617030969104462 ], [ -10.206223818673834, 47.653267099597144 ], [ -10.289326007788759, 47.714742258148931 ], [ -10.338181230978762, 47.752264457838805 ], [ -10.417893803356037, 47.815839497395189 ], [ -10.480092772263163, 47.867613586298205 ], [ -10.555834971806235, 47.933443753226868 ], [ -10.628784905898272, 48.000000071446436 ], [ -10.806492579859139, 48.177315271392274 ], [ -10.809371498329318, 48.180187831666728 ], [ -10.8093715, 48.180187831666728 ], [ -10.825170460622701, 48.180187833333264 ], [ -10.905541296560671, 48.190894199111199 ], [ -10.974093857810203, 48.200482051343045 ], [ -11.077287530611159, 48.216391093100412 ], [ -11.158207455551974, 48.22998135037642 ], [ -11.244251633395606, 48.245595329275034 ], [ -11.33034727490076, 48.262128202292104 ], [ -11.443115300620946, 48.285011120931017 ], [ -11.54564159095969, 48.307484452643166 ], [ -11.599285059626254, 48.319936824023102 ], [ -11.702309161884159, 48.345048965723777 ], [ -11.803943095219552, 48.371397133542303 ], [ -11.904800347632829, 48.399125325532452 ], [ -11.99159139541996, 48.424277218435464 ], [ -12.237179051933765, 48.493053961357589 ], [ -12.412182127882375, 48.543180721682745 ], [ -12.46242851223252, 48.55802854478037 ], [ -12.540248077071908, 48.581844803778893 ], [ -12.629328045260138, 48.610537764865796 ], [ -12.714505782602487, 48.639457455992101 ], [ -12.781313824934898, 48.662661670804084 ], [ -12.865481676545642, 48.692604733480721 ], [ -12.940123145652706, 48.720342034435305 ], [ -13.033696464484478, 48.755771138863452 ], [ -13.084091561237017, 48.775659804969678 ], [ -13.154605201236564, 48.80495891499794 ], [ -13.187392896185941, 48.818055475897324 ], [ -13.266954109007258, 48.852264188743447 ], [ -13.35809795109617, 48.893085012421864 ], [ -13.448022738889279, 48.935134684579111 ], [ -13.5239828247324, 48.972082765978314 ], [ -13.586265755039619, 49.003391574197394 ], [ -13.656475048288769, 49.03982442192239 ], [ -13.710164152778816, 49.068522378776834 ], [ -13.794755228984911, 49.115275091971228 ], [ -13.836558804170579, 49.139098575301659 ], [ -13.919088376297452, 49.187590001462013 ], [ -14.000149878258696, 49.237190826529854 ], [ -14.079706003802983, 49.287880751493105 ], [ -14.148052504871089, 49.333110734528645 ], [ -14.190081666531398, 49.361738467973453 ], [ -14.239250682789987, 49.396042897539246 ], [ -14.433187816571774, 49.528293603543432 ], [ -14.500952000620998, 49.575394402776226 ], [ -14.551861369543019, 49.611915762161971 ], [ -14.625670459835192, 49.666711513422172 ], [ -14.670939700975111, 49.701459021914388 ], [ -14.741842901053587, 49.757736858466728 ], [ -14.811001575578189, 49.814959967294271 ], [ -14.878380878052553, 49.873104442321335 ], [ -14.943946369516027, 49.932145915326032 ], [ -14.983948532532054, 49.969453424703488 ], [ -15.051257204845967, 50.034613945397666 ], [ -15.103706909830464, 50.087732663203838 ], [ -15.152336544839216, 50.138907381172146 ], [ -15.198783316402171, 50.189559461546423 ], [ -15.27208209681379, 50.27348615982072 ], [ -15.327672521503757, 50.341102601348155 ], [ -15.377617752869867, 50.405055223064153 ], [ -15.402225218916556, 50.437802190878756 ], [ -15.445963478484316, 50.498241229665439 ], [ -15.477690934579641, 50.544066039772304 ], [ -15.54233171655261, 50.641393905911741 ], [ -15.62977371004996, 50.773519180302799 ], [ -15.67708856317779, 50.844977183011906 ], [ -15.701895018227731, 50.883230671054548 ], [ -15.739787442833517, 50.944291919689874 ], [ -15.765771840779621, 50.988226478371473 ], [ -15.800035864636584, 51.049103150265694 ], [ -15.824505813152484, 51.095050346817914 ], [ -15.847274111713205, 51.141426556581905 ], [ -15.85568226269578, 51.156580241279357 ], [ -15.892021316786952, 51.234030424524462 ], [ -15.91257297892929, 51.281056127018303 ], [ -15.936771450460128, 51.340076817395584 ], [ -15.966592437536633, 51.419594509144474 ], [ -15.989414651549566, 51.487081307274423 ], [ -16.011096107292587, 51.558427198968729 ], [ -16.030350108459515, 51.630067556056019 ], [ -16.047149539951647, 51.701948631330083 ], [ -16.061475039030029, 51.77403738701463 ], [ -16.073261115314097, 51.845971139863479 ], [ -16.080712498356377, 51.901973866974458 ], [ -16.085860731380876, 51.949774259333651 ], [ -16.091431913247902, 52.020132876354353 ], [ -16.09417031243629, 52.076554228548389 ], [ -16.09520948277077, 52.118832430920463 ], [ -16.095241709415063, 52.175209020605791 ], [ -16.093721905527332, 52.231577338098759 ], [ -16.090635612121901, 52.288048958971046 ], [ -16.085984222409479, 52.344472199220831 ], [ -16.075416516896496, 52.44568428038707 ], [ -16.068097502772105, 52.499827276498138 ], [ -16.054540893676744, 52.57980759388721 ], [ -16.043919179119939, 52.632303734640743 ], [ -16.032538192333618, 52.68197158236211 ], [ -16.02244625338335, 52.721930309854486 ], [ -16.002697204095568, 52.792083377367987 ], [ -15.979935649989443, 52.863384593859905 ], [ -15.954535062298305, 52.934362653644712 ], [ -15.926496236905905, 53.004979464236669 ], [ -15.897810410323871, 53.070843080941586 ], [ -15.8723504965551, 53.125000359699868 ], [ -15.843679519165676, 53.182000071463222 ], [ -15.852975436516317, 53.214479845277026 ], [ -15.863255850382586, 53.255064294814588 ], [ -15.87521289897586, 53.307684595673436 ], [ -15.882424469580428, 53.342836949051048 ], [ -15.893846614684605, 53.40611685298569 ], [ -15.901594120793959, 53.457155674100932 ], [ -15.906704124305577, 53.496661388720725 ], [ -15.912782710100373, 53.554635074166242 ], [ -15.928159379830333, 53.60373659667124 ], [ -15.938576398166788, 53.639511104095732 ], [ -15.957490519951023, 53.711248868472751 ], [ -15.973826794829563, 53.783210929989423 ], [ -15.987560515359121, 53.855340469168198 ], [ -15.997828129106097, 53.921368636478462 ], [ -16.003691272816809, 53.967560787615469 ], [ -16.009981902902155, 54.031008982531773 ], [ -16.013675918676427, 54.084118775468198 ], [ -16.015912246739674, 54.136445407863846 ], [ -16.016759383772467, 54.19059703517695 ], [ -16.01554215022071, 54.263198323588256 ], [ -16.01161528640796, 54.335765897505837 ], [ -16.004966652620965, 54.408262287214711 ], [ -15.996926363254772, 54.471556510460232 ], [ -15.98655423791746, 54.536023039536644 ], [ -15.978174769938164, 54.580112387264705 ], [ -15.966424047858538, 54.634454596709759 ], [ -15.953266743298968, 54.688035733756635 ], [ -15.938516723201303, 54.741680081866548 ], [ -15.916383481744447, 54.813141972462176 ], [ -15.891478007607702, 54.884302624678128 ], [ -15.863797982563199, 54.955126611957269 ], [ -15.835614461683292, 55.020567517054246 ], [ -15.816371997234342, 55.062164216803637 ], [ -15.789231891023235, 55.11730374467345 ], [ -15.764675423735241, 55.164182467359069 ], [ -15.732784939630335, 55.221505410243196 ], [ -15.697090742548824, 55.281575151989102 ], [ -15.653659709357783, 55.349810721499409 ], [ -15.607477895193711, 55.417473037313812 ], [ -15.558555059745515, 55.484526988656398 ], [ -15.513508036837663, 55.542672656215927 ], [ -15.462186190107332, 55.605290235834957 ], [ -15.413234673993088, 55.661844887050961 ], [ -15.352968151557036, 55.727764070780154 ], [ -15.315023652508728, 55.767387550773037 ], [ -15.255489221319749, 55.826935725610042 ], [ -15.135728493443992, 55.942963578586159 ], [ -15.066567638435231, 56.009993308183027 ], [ -15.024481172191372, 56.051910261601506 ], [ -14.978636285314053, 56.095373250882744 ], [ -14.894764159998203, 56.171424477526386 ], [ -14.858648032877852, 56.202588624771238 ], [ -14.845770593303712, 56.21243365352808 ], [ -14.785088527323978, 56.263510361794886 ], [ -14.713555303372971, 56.319223052587176 ], [ -14.691762192854583, 56.33680956545345 ], [ -14.614081288785428, 56.394435866166191 ], [ -14.553575485988745, 56.437444222875627 ], [ -14.50247360084353, 56.472574356471739 ], [ -14.407439605543232, 56.535201573468441 ], [ -14.334091769089014, 56.581297720117504 ], [ -14.333598919241377, 56.580636561422011 ], [ -14.334107927246862, 56.581319396966649 ], [ -14.509543500032009, 56.816666666833328 ], [ -14.514314631015168, 56.816666666833328 ], [ -14.539229226847056, 56.854617120084242 ], [ -14.569493850860226, 56.902644850979243 ], [ -14.594431914500774, 56.943996175083498 ], [ -14.633901609571353, 57.013294751951491 ], [ -14.65265094538438, 57.048111307091233 ], [ -14.688159113351901, 57.118059811411342 ], [ -14.71035557484953, 57.164864965246181 ], [ -14.733356327032482, 57.216647154342638 ], [ -14.765142136300256, 57.294589748518604 ], [ -14.788661926806014, 57.358653063288443 ], [ -14.807684847177484, 57.415787785178452 ], [ -14.826953226709747, 57.480269460967008 ], [ -14.8456716420323, 57.552133392642133 ], [ -14.855529612800979, 57.595347621895314 ], [ -14.868954118537431, 57.663349682142325 ], [ -14.877495834364709, 57.715358816056721 ], [ -14.887798418261923, 57.796781664242474 ], [ -14.892636456107198, 57.851531918263618 ], [ -14.896429983556516, 57.924255842833247 ], [ -14.897341626314699, 57.976513405469348 ], [ -14.895741368169126, 58.057434046144522 ], [ -14.892593865114236, 58.111280680259426 ], [ -14.884792167224305, 58.191989349828873 ], [ -14.879089214495309, 58.235056156816484 ], [ -14.866279327028792, 58.31183525669195 ], [ -14.851423579034645, 58.382181129155754 ], [ -14.830517059214401, 58.463686312973152 ], [ -14.811132104162994, 58.528195139294382 ], [ -14.78666608207368, 58.59961443176087 ], [ -14.770502060621254, 58.642320344408688 ], [ -14.750247322655468, 58.692003647150671 ], [ -14.731692310551239, 58.73444946147373 ], [ -14.698282635934447, 58.804895529205453 ], [ -14.676753265450373, 58.846971897535298 ], [ -14.648425291893432, 58.899131111212171 ], [ -14.601240641242043, 58.979159388794926 ], [ -14.561571877639551, 59.041167665455475 ], [ -14.514576321139884, 59.109562918294216 ], [ -14.474766636470576, 59.16387228867535 ], [ -14.432995087952577, 59.217809717444766 ], [ -14.378016236159965, 59.284668455185226 ], [ -14.343562089818249, 59.324472519091444 ], [ -14.289828343103181, 59.383717559518061 ], [ -14.239049384621126, 59.436896518060223 ], [ -14.194818199299903, 59.481174078720812 ], [ -14.127715160725757, 59.545201899048777 ], [ -14.064757749470004, 59.602148154513714 ], [ -14.021464160442179, 59.639741876386836 ], [ -13.946931053524963, 59.701717046304964 ], [ -13.869466976919, 59.7628111162403 ], [ -13.829644091101613, 59.79301713593253 ], [ -13.756135392933686, 59.846797771500235 ], [ -13.686772140421567, 59.895350040072742 ], [ -13.610412684034884, 59.946563667864496 ], [ -13.544753205695542, 59.988883719208332 ], [ -13.493658237118439, 60.020797708751104 ], [ -13.421988227223494, 60.064078534722114 ], [ -13.335421942491394, 60.114327673290802 ], [ -13.270735323236295, 60.150535297057559 ], [ -13.2699833333333, 60.150516666666817 ], [ -12.59312899410105, 60.130584376952243 ], [ -12.293699999978855, 60.12176666668239 ], [ -11.843320992003328, 60.088829885185532 ], [ -11.433489176809474, 60.058858370729638 ], [ -11.2743, 60.047216666666884 ], [ -11.262193014717184, 60.046888533421111 ], [ -11.206733647257522, 60.045385429069199 ], [ -10.8463, 60.035616666667011 ], [ -10.484017586062521, 60.021258539919017 ], [ -10.34755, 60.015850000000171 ], [ -9.471081421118129, 59.966656366222423 ], [ -9.011, 59.940833333333558 ], [ -8.371643784012349, 60.006710962702755 ], [ -7.948507842107688, 60.050309808004613 ], [ -7.032081198655533, 60.144736065623817 ], [ -6.752046627169022, 60.173590111693272 ], [ -5.663075450537235, 60.288900975551883 ], [ -5.401388888739518, 60.313055555463961 ], [ -5.205585519887848, 60.329777708718041 ], [ -4.94277777763773, 60.352222222156286 ], [ -4.737514618690909, 60.401606772665673 ], [ -4.643813195660698, 60.487693657776106 ], [ -4.309016666878847, 60.795283333617306 ], [ -4.174950000006845, 60.916316666685759 ], [ -4.064316666380705, 61.045949999793038 ], [ -4.040416666795295, 61.074149999822737 ], [ -3.993650000346804, 61.127516666661279 ], [ -3.79830000004074, 61.360183333376824 ], [ -3.678131880047545, 61.461526698455657 ], [ -3.195483332963192, 61.868566666959794 ], [ -3.055416666315978, 61.987216667041253 ], [ -2.659973254580564, 62.282995004946486 ], [ -0.795600000439265, 63.677483333589237 ], [ -0.490733336251935, 63.887066665962493 ], [ -0.49069555236764, 63.887074127142796 ], [ -0.488763887168034, 63.88748055419444 ], [ -0.486727777833551, 64.433200000076113 ], [ -0.486725547044159, 64.433967739439765 ], [ -0.486397198071984, 64.434159736183062 ], [ -0.468656138969436, 64.444533693875087 ], [ -0.418524361409709, 64.473151167292883 ], [ -0.370120277728347, 64.500115667004536 ], [ -0.112238832955427, 64.641148693857247 ], [ -0.00000000124578, 64.701724333411619 ], [ 0.148267749957085, 64.781744889415279 ], [ 0.328214082913632, 64.877779138896301 ], [ 0.408624443763415, 64.919704750274093 ], [ 0.679807110710101, 65.057550917041283 ], [ 0.764588721692633, 65.099585972314856 ], [ 0.877659611102501, 65.153260221682046 ], [ 0.964553806013669, 65.192776917120966 ], [ 1.023467472346397, 65.218762110883063 ], [ 1.113298278393302, 65.257191332614241 ], [ 1.204861471879894, 65.294950750077248 ], [ 1.329600027919128, 65.344232638625556 ], [ 1.397817610694631, 65.370185527839965 ], [ 1.630702277788259, 65.532771055739829 ], [ 1.854079000146044, 65.686541472111514 ], [ 1.988518249917433, 65.77808897242835 ], [ 2.080829943747176, 65.839024167231571 ], [ 2.152445777650996, 65.884143083237007 ], [ 2.251086639237201, 65.943497500109856 ], [ 2.301749639134925, 65.972820471887474 ], [ 2.405739805847645, 66.030736749601431 ], [ 2.507910444411948, 66.084953277571856 ], [ 2.618486472373377, 66.140967222059714 ], [ 2.703683194224425, 66.182281861019248 ], [ 2.761549138682085, 66.209485943721518 ], [ 2.849935721656607, 66.249773443589618 ], [ 2.97071624985557, 66.3025009442635 ], [ 3.050427166580732, 66.335918278406041 ], [ 3.285169388756742, 66.432244499984051 ], [ 3.311394832805661, 66.466968333222155 ], [ 3.36131991738057, 66.645210916750727 ], [ 3.385172722343782, 66.729133639206395 ], [ 3.396271528208899, 66.764732916591186 ], [ 3.418838556254627, 66.828824556408392 ], [ 3.396818083088476, 66.863629611017984 ], [ 3.355466417241757, 66.933501360899413 ], [ 3.32682947170332, 66.986119500414759 ], [ 3.308881167432219, 67.021293305841652 ], [ 3.283687943643884, 67.074187193684281 ], [ 3.260587249801802, 67.127229416604507 ], [ 3.246358888652026, 67.162666916745081 ], [ 3.226788721822572, 67.215927556211852 ], [ 3.204032944065546, 67.287116082641148 ], [ 3.189493528103867, 67.34062099955969 ], [ 3.177140721967078, 67.394208360927166 ], [ 3.170129138749246, 67.429972388714987 ], [ 3.159065999996415, 67.501576194186157 ], [ 3.151983389222437, 67.573253833098079 ], [ 3.149307471762938, 67.627040778309549 ], [ 3.148787805712857, 67.662904693796918 ], [ 3.149916444089001, 67.716699027838047 ], [ 3.155007082611121, 67.788399971781473 ], [ 3.161533721704131, 67.842138582929294 ], [ 3.17187583260386, 67.903618083408105 ], [ 3.179311082840513, 67.93937202799691 ], [ 3.19733522244286, 68.010777166932769 ], [ 3.207931639134017, 68.046419666634335 ], [ 3.225816917117413, 68.099796193639747 ], [ 3.254737889242506, 68.178919306281443 ], [ 3.283873999885543, 68.249820778106653 ], [ 3.308553443686833, 68.302830221637578 ], [ 3.326358388828908, 68.338082250095852 ], [ 3.355100778078906, 68.390817693581823 ], [ 3.386292943964349, 68.443368694210051 ], [ 3.419943055927718, 68.495720193731984 ], [ 3.468646056270757, 68.565185611027346 ], [ 3.521747306193618, 68.634233417338635 ], [ 3.549951444004137, 68.668589417068176 ], [ 3.594328472381619, 68.719900777798841 ], [ 3.625295417450104, 68.753953332780327 ], [ 3.673821638958032, 68.804788277656996 ], [ 3.724840999712683, 68.855316889163248 ], [ 3.778355111299675, 68.90552380597893 ], [ 3.815417528096759, 68.938808777903034 ], [ 3.873090639021939, 68.988445360864944 ], [ 3.912925278079683, 69.021335861361251 ], [ 3.995918389322469, 69.086615000182462 ], [ 4.061068221821245, 69.135117278140171 ], [ 4.151800610809971, 69.199148333329219 ], [ 4.246939749769979, 69.262416194152081 ], [ 4.296157083183232, 69.293752583415255 ], [ 4.372036443727097, 69.340372528170008 ], [ 4.450372056025969, 69.386517361087442 ], [ 4.503955555704749, 69.417009167339472 ], [ 4.586362471751102, 69.462328472081651 ], [ 4.676993027806247, 69.510128750041815 ], [ 4.750334277605077, 69.577094777802017 ], [ 4.808352806437142, 69.626925527991091 ], [ 4.889728083184764, 69.692812111190335 ], [ 4.93213680586905, 69.725507472292236 ], [ 5.020393417022945, 69.790379389097723 ], [ 5.089591472169161, 69.838561306059489 ], [ 5.137152417150844, 69.870449250432728 ], [ 5.235696527872676, 69.9336445278729 ], [ 5.312591444240127, 69.980515000367006 ], [ 5.392037889237542, 70.026917527721992 ], [ 5.446415332901552, 70.057585000347501 ], [ 5.577217138860249, 70.128839917428365 ], [ 5.662686055817232, 70.174104500222711 ], [ 5.721067833414111, 70.203993777790686 ], [ 5.81073469395136, 70.248385778081513 ], [ 5.929822278076188, 70.304719944170301 ], [ 5.996038166928372, 70.353655055936372 ], [ 6.041663082885464, 70.386060917177758 ], [ 6.136463583028103, 70.450329916792555 ], [ 6.210666110852856, 70.498038555635105 ], [ 6.287521916603509, 70.545307306387429 ], [ 6.394112332718521, 70.607621222142086 ], [ 6.505389332751975, 70.669088860562738 ], [ 6.601117917058787, 70.719348582871305 ], [ 6.896970721621756, 70.869841110679033 ], [ 7.19724422194372, 71.019868472252313 ], [ 7.382207806045983, 71.110949778409804 ], [ 7.506676667094894, 71.170276417023274 ], [ 7.603110611265947, 71.214136889206486 ], [ 7.668859250154583, 71.243066610835456 ], [ 7.769659055721206, 71.28598405571978 ], [ 7.838302444102965, 71.314271083144206 ], [ 7.943418805733643, 71.356203639086914 ], [ 8.014921833176288, 71.383820249804842 ], [ 8.161320166792621, 71.438221472443331 ], [ 8.236201916585685, 71.464997416697486 ], [ 8.389294193772344, 71.517678306408868 ], [ 8.546772999674431, 71.569169472193551 ], [ 8.730370305845497, 71.626016110655144 ], [ 9.144265361257681, 71.749277221766476 ], [ 9.563501528073516, 71.871659082800477 ], [ 9.769135471825109, 71.930201722131926 ], [ 9.916000528402208, 71.970002555673375 ], [ 10.033898360720968, 72.037924499816086 ], [ 10.119651166668461, 72.084750417198222 ], [ 10.238478556240921, 72.146445888966753 ], [ 10.268985249869957, 72.16173386102912 ], [ 10.299811167000314, 72.176966361000325 ], [ 10.330955944000038, 72.192142750000073 ], [ 10.362419222000028, 72.207262471999968 ], [ 10.426299556, 72.237329556000134 ], [ 10.491448667000157, 72.267163000000153 ], [ 10.625537639000129, 72.326110417000052 ], [ 10.764652111000089, 72.384067917000209 ], [ 10.836081861000082, 72.412664000000234 ], [ 10.945552250000162, 72.455066972000338 ], [ 11.095823417000133, 72.510663750000049 ], [ 11.211732083000072, 72.551636278000103 ], [ 11.290518083000165, 72.578597667000111 ], [ 11.410949028000289, 72.618498278000231 ], [ 11.575686139000084, 72.670665278000172 ], [ 11.659819944000105, 72.696295944000042 ], [ 11.8315736670001, 72.746630111000115 ], [ 11.919174778000126, 72.771325111000067 ], [ 12.052704000000119, 72.807765667000183 ], [ 12.143126722000261, 72.831652028000065 ], [ 12.280838694000181, 72.866860250000173 ], [ 12.374015528000257, 72.889912278000054 ], [ 12.563601639000296, 72.934990027999959 ], [ 12.65998644400014, 72.957007832999977 ], [ 12.806517639000106, 72.989372278000076 ], [ 13.005470166999885, 73.031268639000132 ], [ 13.201591917000201, 73.070379972000126 ], [ 13.681992583000067, 73.162582083000132 ], [ 13.890826806000064, 73.201098250000257 ], [ 14.049911028000281, 73.228983306000202 ], [ 14.157107917000189, 73.247089750000157 ], [ 14.374164972000131, 73.282127027999934 ], [ 14.483991083000319, 73.299051361000068 ], [ 14.688745806000099, 73.329213556000184 ], [ 15.250181222000094, 73.40837972200012 ], [ 15.643520306000141, 73.462537917000247 ], [ 16.213855583000168, 73.539029028000243 ], [ 16.608293028000048, 73.590651833000209 ], [ 17.108052694000321, 73.701523083000097 ], [ 17.614360778000105, 73.811228528000242 ], [ 17.844163194000259, 73.859925389000352 ], [ 18.000419583, 73.891626556000119 ], [ 18.105937556000072, 73.912304333000122 ], [ 18.266197638999984, 73.942627028000175 ], [ 18.483498111000301, 73.981742389000317 ], [ 18.62570883300009, 74.006168083000205 ], [ 18.793136361000052, 74.033795583000085 ], [ 18.905956778000018, 74.051724833000151 ], [ 19.13440258300011, 74.086394389000077 ], [ 19.249991472000318, 74.10312811100016 ], [ 19.425029528000209, 74.127468417000216 ], [ 19.661400806000188, 74.15848669400026 ], [ 19.840832833000263, 74.180660750000186 ], [ 19.961441500000149, 74.194919167000307 ], [ 20.14378325000007, 74.21551344400018 ], [ 20.266265917000283, 74.228710139000043 ], [ 20.513345222000055, 74.253813222000076 ], [ 20.763095222000288, 74.277179528000033 ], [ 20.952051306000158, 74.293553333000034 ], [ 21.206035500000098, 74.313836639000158 ], [ 21.46218075000013, 74.332335528000215 ], [ 21.65559205600016, 74.345029722000163 ], [ 21.785107222000249, 74.352927389000172 ], [ 21.980179583000051, 74.363922250000144 ], [ 22.149634000000219, 74.372875500000191 ], [ 22.346004556000366, 74.382395111000278 ], [ 22.477346861000228, 74.38816797200019 ], [ 22.674939333000225, 74.395964056000082 ], [ 22.917117000000303, 74.404076639000266 ], [ 23.260237444000154, 74.427776889000313 ], [ 23.520560167000212, 74.443703556000173 ], [ 23.651371250000125, 74.450985222000099 ], [ 23.8483291390001, 74.461051472000236 ], [ 24.1121895, 74.472867833000123 ], [ 24.310909500000037, 74.480520806000129 ], [ 24.510239028000228, 74.487133361000076 ], [ 24.77680700000019, 74.494326444000251 ], [ 24.97721405600015, 74.498500306000096 ], [ 25.177934028000152, 74.501625472000171 ], [ 25.311876833000156, 74.503125556000157 ], [ 25.579953111000236, 74.50472438900016 ], [ 25.848105417000056, 74.504453806000072 ], [ 25.982143194000116, 74.503617500000189 ], [ 26.250008417000231, 74.500543694000044 ], [ 26.469681528000308, 74.496623250000027 ], [ 27.137138500000106, 74.481789694000156 ], [ 27.803280889000234, 74.464986889000158 ], [ 28.467950083000119, 74.44622127800011 ], [ 28.852322278000258, 74.434453194000355 ], [ 29.050913167000033, 74.427669500000093 ], [ 29.248882750000234, 74.419846500000119 ], [ 29.511725139000021, 74.407805444000189 ], [ 29.707907222000301, 74.397572167000192 ], [ 29.938106083000321, 74.384185582999919 ], [ 30.558418194000296, 74.345136306000256 ], [ 30.751553222000098, 74.332139471999938 ], [ 31.00094566700011, 74.313771389000124 ], [ 31.254674889000228, 74.293258194000259 ], [ 31.443423556000255, 74.276713388999895 ], [ 31.692875778000371, 74.253121056000339 ], [ 31.816602611000349, 74.24067330600019 ], [ 32.000881278000179, 74.221194056000172 ], [ 32.244023722000293, 74.193727639000315 ], [ 32.484081944000081, 74.164573417000042 ], [ 32.602902694000136, 74.149370389000126 ], [ 32.779566722000425, 74.12579169400027 ], [ 32.896269250000159, 74.109560889000193 ], [ 33.12701158300024, 74.075885194000136 ], [ 33.297664889000032, 74.049578806000284 ], [ 33.466190139000219, 74.022385138999937 ], [ 33.577328778000265, 74.003768778000335 ], [ 33.68747825000014, 73.984766667000258 ], [ 33.796621861310655, 73.965382361107402 ], [ 33.904743332739145, 73.945619472261114 ], [ 34.011826750004786, 73.925481611087662 ], [ 34.170471694213461, 73.894579999966993 ], [ 34.326695471918583, 73.862855860809589 ], [ 34.480449277812625, 73.830322249972085 ], [ 34.681531667253012, 73.785707778091648 ], [ 34.829343806171892, 73.751337249814299 ], [ 35.042841750147318, 73.699182556130495 ], [ 35.455634332958653, 73.594314667288302 ], [ 35.666011860559138, 73.555233832775457 ], [ 35.874632693844319, 73.51475977844126 ], [ 36.079118750130817, 73.472817499927658 ], [ 36.229701027580745, 73.440415500375252 ], [ 36.328738667356106, 73.418371250033317 ], [ 36.426680500305224, 73.395977249750558 ], [ 36.475236500165181, 73.384650332646913 ], [ 36.476220919660079, 73.384417859696839 ], [ 36.476259546480435, 73.384408439548622 ], [ 36.366733114980832, 73.319758366064491 ], [ 36.190743083838811, 73.214672138688911 ], [ 36.016880626696661, 73.109437097640978 ], [ 35.930735764860572, 73.056764628918188 ], [ 35.845109123875091, 73.004055977051053 ], [ 35.67539271508042, 72.898531447254641 ], [ 35.507696282338998, 72.792866116523214 ], [ 35.341985433283355, 72.68706253274172 ], [ 35.178226484787388, 72.581123185036915 ], [ 35.0163864469489, 72.475050505357501 ], [ 34.856433007413557, 72.368846870006735 ], [ 34.698334516038813, 72.262514601130079 ], [ 34.542059969891056, 72.156055968159251 ], [ 34.387578998575293, 72.049473189212165 ], [ 34.234861849888262, 71.942768432453136 ], [ 34.08387937579414, 71.835943817412669 ], [ 33.934603018715563, 71.72900141626701 ], [ 33.787004798134831, 71.621943255082158 ], [ 33.641057297502527, 71.514771315019914 ], [ 33.496733651444231, 71.407487533509595 ], [ 33.354007533264337, 71.300093805384961 ], [ 33.212853142736776, 71.192591983988223 ], [ 33.073245194182789, 71.084983882241659 ], [ 32.935158904824448, 70.977271273688302 ], [ 32.798569983412563, 70.869455893503527 ], [ 32.663454619122149, 70.761539439474916 ], [ 32.529789470708693, 70.653523572956544 ], [ 32.397551655922712, 70.54540991979411 ], [ 32.266718741173065, 70.437200071224652 ], [ 32.137268731438382, 70.328895584748977 ], [ 32.073055555753058, 70.274708333506283 ], [ 31.775991666674713, 70.197688888960272 ], [ 31.505397222113686, 70.12088888889997 ], [ 31.104327777791468, 69.979302777939324 ], [ 30.906524867911571, 69.85202452211189 ], [ 30.829551260044283, 69.802495086004427 ], [ 30.840953890666185, 69.805841902463143 ], [ 30.843987671000093, 69.766233623000048 ], [ 30.867862183000057, 69.748973695000032 ], [ 30.877060587000074, 69.737604879000045 ], [ 30.882331584000099, 69.720086569 ], [ 30.881298055000116, 69.710526429000097 ], [ 30.884295288000146, 69.702361552000085 ], [ 30.901245158000052, 69.688977356000052 ], [ 30.927703491000045, 69.672130839000076 ], [ 30.930804077000062, 69.59487457300007 ], [ 30.927031697000132, 69.578389792000095 ], [ 30.898247925000135, 69.54423167000003 ], [ 30.852979370000128, 69.527436829000052 ], [ 30.755310913000073, 69.521494039000046 ], [ 30.5116565350001, 69.536325176000062 ], [ 30.480702351000048, 69.544128317000073 ], [ 30.294357137000134, 69.620247701000054 ], [ 30.230691772000057, 69.637300924 ], [ 30.186146688000065, 69.6413316860001 ], [ 30.141239868000127, 69.639884746000106 ], [ 30.119070679000117, 69.634562073000055 ], [ 30.126718791000087, 69.626448873000058 ], [ 30.14862959800007, 69.618490703000091 ], [ 30.208780965000074, 69.608672181000017 ], [ 30.220149780000099, 69.600248922000034 ], [ 30.228676392000068, 69.582058818000078 ], [ 30.231621948000111, 69.55833933600006 ], [ 30.22469730600011, 69.540821025000085 ], [ 30.210641317000068, 69.528211975000048 ], [ 30.19229618300011, 69.51916859900011 ], [ 30.164029175000053, 69.511830546000013 ], [ 30.154830770000046, 69.506094462000064 ], [ 30.145012248000057, 69.491056621000055 ], [ 30.141084839000087, 69.476793925 ], [ 30.140774781000118, 69.464391582000118 ], [ 30.137364136000087, 69.45297109000002 ], [ 30.123411499000099, 69.441912334 ], [ 30.001765177000038, 69.394576722000053 ], [ 29.967141968000135, 69.373492737000035 ], [ 29.948073364000038, 69.365586243000067 ], [ 29.900686075000067, 69.358248190000083 ], [ 29.751392863000035, 69.357162985000073 ], [ 29.72839685100007, 69.351530253000064 ], [ 29.661837605000073, 69.325020244000044 ], [ 29.604270061000136, 69.315201722 ], [ 29.434564657000124, 69.311842754000068 ], [ 29.376790405000122, 69.301610820000079 ], [ 29.334519084000135, 69.277374573000017 ], [ 29.326560913000094, 69.26264679000009 ], [ 29.315863892000095, 69.234948222000085 ], [ 29.307440633000112, 69.226318258000035 ], [ 29.305476929000065, 69.218101706000098 ], [ 29.305373576000136, 69.209730123000028 ], [ 29.302272990000063, 69.200841777 ], [ 29.294418172000064, 69.191695048000028 ], [ 29.276434774000052, 69.175933737000051 ], [ 29.268786661000092, 69.166683656000046 ], [ 29.251009969000052, 69.130768534000069 ], [ 29.240467977000094, 69.11505889900009 ], [ 29.221037638000041, 69.098419089000075 ], [ 29.172978556000146, 69.0693769330001 ], [ 29.120268595000141, 69.046846009000078 ], [ 29.064768107000049, 69.034702047000067 ], [ 29.008130737000073, 69.036924134000074 ], [ 28.973662557000097, 69.03423695900004 ], [ 28.954077189000088, 69.027260641000041 ], [ 28.839613892000074, 69.080280660000042 ], [ 28.827573283000106, 69.090770976 ], [ 28.826953166000123, 69.106842347000068 ], [ 28.844109741000096, 69.181256409000085 ], [ 28.852171265000095, 69.203528952000042 ], [ 28.864780314000114, 69.216603089 ], [ 29.229254191000052, 69.37685170500005 ], [ 29.34454431100005, 69.464391582000118 ], [ 29.203157593000071, 69.58598622600006 ], [ 29.147140341000124, 69.663914287000026 ], [ 29.131223999000099, 69.674197897000042 ], [ 28.806075887000077, 69.729956767500127 ], [ 28.480927775000112, 69.785715638000042 ], [ 28.442687215000035, 69.791451722 ], [ 28.404550008000058, 69.802252096000117 ], [ 28.37974532000004, 69.822354228000066 ], [ 28.381192260000034, 69.856202291000088 ], [ 28.18926599100007, 69.886045431000085 ], [ 28.167355184000115, 69.894339499000054 ], [ 27.981009969000098, 70.009603781000052 ], [ 27.927163127000142, 70.053270366000035 ], [ 27.897294149000061, 70.070685324000053 ], [ 27.866908407000096, 70.075310364000117 ], [ 27.792184286000094, 70.058928936000072 ], [ 27.665060262000054, 70.068282370000091 ], [ 27.612557007000078, 70.062055359000013 ], [ 27.570905802000055, 70.040893860000054 ], [ 27.563309367000102, 70.023582255000051 ], [ 27.445228719000113, 70.003221741000019 ], [ 27.380943237000054, 69.974257101000049 ], [ 27.364975220000105, 69.971750794000073 ], [ 27.349110555000095, 69.971285706000046 ], [ 27.334537801000124, 69.96862436900004 ], [ 27.323168986000042, 69.959684347000078 ], [ 27.330507039000054, 69.957462260000099 ], [ 27.34507979300011, 69.95074432400007 ], [ 27.352417847000083, 69.948703105 ], [ 27.311800170000055, 69.929479472000097 ], [ 27.100340210000098, 69.901755066000064 ], [ 27.081219930000117, 69.902943624000088 ], [ 27.007529337000079, 69.92245147800007 ], [ 26.981071004000086, 69.923278301 ], [ 26.951098673000047, 69.920151876000048 ], [ 26.895701538000111, 69.934337057 ], [ 26.864592326000064, 69.938083599000024 ], [ 26.771884807000077, 69.928394267 ], [ 26.706979207000131, 69.93506052700009 ], [ 26.533863159000077, 69.925242005000044 ], [ 26.500686890000082, 69.918317362000053 ], [ 26.481049846000133, 69.899403789000118 ], [ 26.445909871000083, 69.881756287000016 ], [ 26.435884643000065, 69.874237366000088 ], [ 26.44787357600012, 69.856047262000047 ], [ 26.418728068000092, 69.835635071000084 ], [ 26.31682214300011, 69.79491404200003 ], [ 26.268246297000104, 69.758275452000063 ], [ 26.222977742000126, 69.731920471000095 ], [ 26.210988811000078, 69.722877096000062 ], [ 26.198276408000112, 69.715435690000035 ], [ 26.18142989100005, 69.711249898000077 ], [ 26.031981649000045, 69.696677145000038 ], [ 26.005109904000022, 69.689339091000036 ], [ 25.981338745000073, 69.674869690000023 ], [ 25.968833049000068, 69.663190816000039 ], [ 25.961701701000038, 69.652545472000057 ], [ 25.964388875000054, 69.642675273000052 ], [ 25.981132039000101, 69.633476868000074 ], [ 26.005109904000022, 69.610842590000019 ], [ 26.0039730230001, 69.587174785000073 ], [ 25.986196330000098, 69.565419006000056 ], [ 25.960254761000044, 69.548675842000122 ], [ 25.900206747000112, 69.532036032000107 ], [ 25.886667521000049, 69.520873922000064 ], [ 25.890594930000105, 69.514827780000033 ], [ 25.901446981000049, 69.509143372000082 ], [ 25.906407918000099, 69.501856995000097 ], [ 25.892145223000028, 69.490901592000014 ], [ 25.885737346000099, 69.479119365000017 ], [ 25.886667521000049, 69.455193176000122 ], [ 25.877469116000043, 69.447028301 ], [ 25.86579024200006, 69.440982158000068 ], [ 25.841398966000042, 69.417779439000057 ], [ 25.872611532000121, 69.379073792000028 ], [ 25.877365763000114, 69.370805563 ], [ 25.78662194900005, 69.312772929000019 ], [ 25.774529663000067, 69.298820293000048 ], [ 25.737219279000044, 69.218205058000038 ], [ 25.734118693000084, 69.191333314000033 ], [ 25.749931681000078, 69.165185039000036 ], [ 25.755306031000146, 69.159552308000102 ], [ 25.768328491000091, 69.142137350000056 ], [ 25.771222372000068, 69.13510935500004 ], [ 25.769982137000056, 69.127409567000072 ], [ 25.766364787000072, 69.122707012 ], [ 25.762437378000101, 69.119193014000032 ], [ 25.760473674000139, 69.115162252000047 ], [ 25.759026734000145, 69.082037659000022 ], [ 25.757166382000065, 69.075113017000049 ], [ 25.749414917000138, 69.065552877000059 ], [ 25.750241739000074, 69.05924835200004 ], [ 25.765124553000106, 69.043383687000031 ], [ 25.7657446690001, 69.03919789600009 ], [ 25.764607788000092, 69.035167135 ], [ 25.765848022000114, 69.030671286000072 ], [ 25.77380619300007, 69.025400289000046 ], [ 25.79292647300008, 69.018165588000087 ], [ 25.801091350000092, 69.013152975000096 ], [ 25.804708700000077, 69.006124980000024 ], [ 25.795820353000067, 68.993309225000033 ], [ 25.753859090000049, 68.978374736000077 ], [ 25.742696981000023, 68.965869039000054 ], [ 25.737425985000101, 68.952536520000038 ], [ 25.7263672280001, 68.942459615000089 ], [ 25.694844605000128, 68.925613098000028 ], [ 25.678411499000049, 68.912538961000067 ], [ 25.66621586100004, 68.897397767000072 ], [ 25.651643107000098, 68.883496806 ], [ 25.627768595000106, 68.874143372000034 ], [ 25.602447144000109, 68.872127991000085 ], [ 25.481059204000132, 68.887734273000049 ], [ 25.433930298000121, 68.883858542 ], [ 25.387214803000035, 68.874556784000063 ], [ 25.201283, 68.812648418000052 ], [ 25.162732381000041, 68.784588115000119 ], [ 25.149606567000092, 68.764641012000098 ], [ 25.144852336000099, 68.742626852000015 ], [ 25.143095336000101, 68.69596303400003 ], [ 25.138754517000024, 68.688314921000043 ], [ 25.132760051000105, 68.682682190000023 ], [ 25.132139933000133, 68.676584371000061 ], [ 25.144232218000127, 68.668006084000027 ], [ 25.132449992000119, 68.64764556900009 ], [ 25.117567179000076, 68.637672017000099 ], [ 25.097826782000112, 68.633744609000033 ], [ 25.070955038000108, 68.631419170000086 ], [ 25.006876261000087, 68.614572653000025 ], [ 24.981244751000133, 68.61508941700005 ], [ 24.951789185000024, 68.605064189000032 ], [ 24.938146606000117, 68.588269348000082 ], [ 24.927087850000106, 68.570389303000113 ], [ 24.905177042000076, 68.556953430000064 ], [ 24.879235474000012, 68.554834697000089 ], [ 24.860942016000138, 68.563412984000124 ], [ 24.829626098000034, 68.594108786000064 ], [ 24.754178508000052, 68.637878724000061 ], [ 24.663434693000085, 68.666094056000119 ], [ 24.481326945000092, 68.689193421000098 ], [ 24.332498820000069, 68.708623760000066 ], [ 24.186874633000087, 68.744538880000036 ], [ 24.16372359200011, 68.754822490000024 ], [ 24.13116744000007, 68.776164856000022 ], [ 23.929009237000031, 68.816214091000106 ], [ 23.852631469000073, 68.816679179000047 ], [ 23.787209106000091, 68.799780986000044 ], [ 23.767985474000085, 68.755959371000031 ], [ 23.734809204000072, 68.715445048000035 ], [ 23.641584920000128, 68.694981181000074 ], [ 23.481594686000079, 68.685627747000026 ], [ 23.197581014000093, 68.618034973000064 ], [ 23.175360148000067, 68.621652324000038 ], [ 23.097948852000115, 68.67012481700003 ], [ 23.071490519000037, 68.680873515000044 ], [ 23.019297322000057, 68.686712952000036 ], [ 22.851658976000095, 68.675705872000023 ], [ 22.596480753000066, 68.724643453000041 ], [ 22.570125773000115, 68.726813864000022 ], [ 22.542943970000124, 68.726038717 ], [ 22.42873905400009, 68.71007070000006 ], [ 22.409205363000098, 68.712912903000031 ], [ 22.396699666000103, 68.731826478000087 ], [ 22.371378215000107, 68.822621969000053 ], [ 22.35680546100005, 68.832750550000085 ], [ 22.277223755000136, 68.857451884000014 ], [ 22.2002258710001, 68.908456523000055 ], [ 22.188650350000074, 68.918636780000028 ], [ 22.1743876540001, 68.943699850000044 ], [ 22.160745076000097, 68.956102194000024 ], [ 22.023079061000089, 69.012016093000014 ], [ 21.946100152000042, 69.065702532 ], [ 21.662894328000107, 69.263215231000046 ], [ 21.638813110000086, 69.27138010700007 ], [ 21.313561646000096, 69.29143056300002 ], [ 21.098380981000048, 69.239495749000113 ], [ 21.079674113000067, 69.230142314000076 ], [ 21.063034302000119, 69.214949443000037 ], [ 21.03357873500002, 69.181204733000087 ], [ 21.156361938000089, 69.087618714000044 ], [ 21.099001099000105, 69.043797099000031 ], [ 21.071509237000043, 69.036665752000019 ], [ 21.032545207000055, 69.041006571000068 ], [ 20.744397421000144, 69.104361878000091 ], [ 20.716595499000107, 69.09878082300007 ], [ 20.62316451, 69.036355693000118 ], [ 20.675461059000042, 69.018165588000087 ], [ 20.795350383000084, 69.011240947 ], [ 20.86397668500004, 68.986281230000017 ], [ 20.911208944000066, 68.980700175 ], [ 20.934566691000043, 68.966954245000053 ], [ 20.934256632000142, 68.949022522000078 ], [ 20.917823527000081, 68.93295115200003 ], [ 20.887644490000071, 68.927060038000022 ], [ 20.884543905000044, 68.906699525000093 ], [ 20.905731242000087, 68.894607240000099 ], [ 21.072129353000093, 68.869440817000068 ], [ 21.152847941000118, 68.841742249000035 ], [ 21.216616658000049, 68.817247620000089 ], [ 21.275734497000116, 68.776423239000096 ], [ 21.288343547000039, 68.770015361000063 ], [ 21.2937178950001, 68.768206686000056 ], [ 21.300952596000087, 68.759214986000117 ], [ 21.305396769000083, 68.755804342 ], [ 21.314698527000104, 68.754047343000096 ], [ 21.385908651000051, 68.753840638000057 ], [ 21.406372518000126, 68.748879700000018 ], [ 21.415260864000118, 68.738751119000071 ], [ 21.421255330000065, 68.727485657 ], [ 21.45153772000009, 68.696479798000084 ], [ 21.463630005000084, 68.686867981000049 ], [ 21.495669393000071, 68.67549916600008 ], [ 21.572460571000136, 68.667385967000072 ], [ 21.661550740000052, 68.633537903000061 ], [ 21.716844523000077, 68.619223532 ], [ 21.737101685000084, 68.587907614000059 ], [ 21.919209432000059, 68.568218893000036 ], [ 21.963961222000108, 68.546928203000036 ], [ 21.969852336000116, 68.540830384000074 ], [ 21.998481079000101, 68.525844219000092 ], [ 22.012123657000103, 68.516439108000057 ], [ 22.024215942000097, 68.510444642000024 ], [ 22.028763469000125, 68.509359437000043 ], [ 22.036101522000109, 68.506517233000054 ], [ 22.037445109000089, 68.500057679000108 ], [ 22.036721639000092, 68.492926331000078 ], [ 22.038375285000143, 68.488275452 ], [ 22.07217167200011, 68.477009990000042 ], [ 22.303061971000147, 68.476131490000014 ], [ 22.371068156000035, 68.468380026 ], [ 22.374582153000091, 68.466157939000098 ], [ 22.373962036000108, 68.456339417000024 ], [ 22.377992798, 68.454117330000017 ], [ 22.456851034000124, 68.451791891000099 ], [ 22.521343221000052, 68.438200989 ], [ 22.565164836000065, 68.436288961000074 ], [ 22.607642863000109, 68.424920146 ], [ 22.625832967000065, 68.425075175000032 ], [ 22.643402954000123, 68.427297262000039 ], [ 22.662213175000119, 68.427400615000053 ], [ 22.690221801000064, 68.416755270000081 ], [ 22.719057251000095, 68.398771872000069 ], [ 22.748616170000105, 68.385491028000061 ], [ 22.808250773000111, 68.394896139000039 ], [ 22.83336551900004, 68.384767558000064 ], [ 22.875120077000076, 68.351074525000016 ], [ 22.903748820000146, 68.336605124000087 ], [ 23.052163533000083, 68.298209534000065 ], [ 23.066942993000112, 68.290251364000099 ], [ 23.073557576000098, 68.281931458000045 ], [ 23.076451457000076, 68.273818258000048 ], [ 23.081619100000097, 68.265291647000097 ], [ 23.094848267000089, 68.25552480100005 ], [ 23.140013468000063, 68.234182435000051 ], [ 23.155206340000092, 68.217439271000032 ], [ 23.149418579000013, 68.194029847000067 ], [ 23.158513631000091, 68.186691793000065 ], [ 23.159753866000131, 68.178733622 ], [ 23.154482869000077, 68.153773906000097 ], [ 23.149831990000024, 68.144833883000089 ], [ 23.149418579000013, 68.139407857000023 ], [ 23.151692342000047, 68.130261129000033 ], [ 23.15458622200012, 68.128349101000097 ], [ 23.158823690000077, 68.127573955000102 ], [ 23.165644979000035, 68.122044577000096 ], [ 23.187245727000089, 68.12225128200005 ], [ 23.272098429000039, 68.144988913000034 ], [ 23.306514933000102, 68.145609029000084 ], [ 23.319847452000118, 68.138270976000015 ], [ 23.330906210000109, 68.127780660000056 ], [ 23.371213826000087, 68.068456116000036 ], [ 23.374831177000146, 68.059981181000026 ], [ 23.382996053000085, 68.051247864000047 ], [ 23.457306762000059, 68.024324443000054 ], [ 23.484695272000096, 68.015901185000061 ], [ 23.573682088000083, 67.97331980400007 ], [ 23.64313521300005, 67.963191223000038 ], [ 23.662152140000046, 67.950427145000063 ], [ 23.661221964000077, 67.9328571570001 ], [ 23.636107219000053, 67.913478496000025 ], [ 23.603344360000051, 67.902988180000065 ], [ 23.532547648000104, 67.893169658000019 ], [ 23.498854614000066, 67.88216257800012 ], [ 23.481284627000093, 67.86464426700006 ], [ 23.476737102000044, 67.841338196000024 ], [ 23.479734334000057, 67.816998596000118 ], [ 23.484695272000096, 67.796224671000076 ], [ 23.484591919000081, 67.737158509000025 ], [ 23.488415975000123, 67.724807842000061 ], [ 23.499474731000134, 67.708994853000078 ], [ 23.510740194000078, 67.669255676000077 ], [ 23.518801717000088, 67.652822572 ], [ 23.542572876000122, 67.626674296000019 ], [ 23.550324341000135, 67.610912984000024 ], [ 23.553528279000119, 67.587038473000021 ], [ 23.535441528000092, 67.577013245 ], [ 23.499474731000134, 67.566316224 ], [ 23.473429810000141, 67.554999085000034 ], [ 23.484695272000096, 67.542958477000056 ], [ 23.465988404000115, 67.522442932000089 ], [ 23.443457479000102, 67.504717916000075 ], [ 23.431261841000094, 67.48552012200004 ], [ 23.443664184000056, 67.461025492 ], [ 23.477150513000055, 67.443817241000019 ], [ 23.514254191000134, 67.444824932000088 ], [ 23.553838338000105, 67.452007955000042 ], [ 23.594559367000073, 67.453609925000066 ], [ 23.662668905000061, 67.436220805000048 ], [ 23.730778442000087, 67.431414897000039 ], [ 23.752585897000102, 67.427306621000028 ], [ 23.765194946000122, 67.420071920000069 ], [ 23.763231242000103, 67.397540996000046 ], [ 23.751345662000062, 67.369532370000044 ], [ 23.751449015000077, 67.346226299000094 ], [ 23.785658814000072, 67.337518820000028 ], [ 23.763231242000103, 67.306487122000092 ], [ 23.73542932100014, 67.289692281000029 ], [ 23.622257934000089, 67.269021709000029 ], [ 23.602724243000068, 67.260262553000032 ], [ 23.594559367000073, 67.244423726000051 ], [ 23.591458781000114, 67.225019226000072 ], [ 23.596729777000064, 67.217965394000046 ], [ 23.614919881000105, 67.213986308000059 ], [ 23.607065064000068, 67.20122223 ], [ 23.597556600000075, 67.190266826000126 ], [ 23.586497844000064, 67.18088755400008 ], [ 23.57399214700007, 67.173032736000053 ], [ 23.581330200000082, 67.15313730900003 ], [ 23.59890018700014, 67.14029571600004 ], [ 23.620500936000099, 67.129262797000038 ], [ 23.647786092000018, 67.108566386000021 ], [ 23.658018026000093, 67.104018861 ], [ 23.666596313000127, 67.097921041000049 ], [ 23.670213664000102, 67.08706899 ], [ 23.670627075000112, 67.074227397000087 ], [ 23.672590780000064, 67.065700786 ], [ 23.676724894000074, 67.058491923000119 ], [ 23.683856242000019, 67.049526062999988 ], [ 23.72033980300003, 67.016866558000018 ], [ 23.743800903000107, 67.001027731000093 ], [ 23.761680949000066, 66.994283956000075 ], [ 23.792066691000116, 66.988935446000127 ], [ 23.816664672000115, 66.975499573000079 ], [ 23.873612102000095, 66.924649964000068 ], [ 23.912369426000112, 66.903410950000094 ], [ 23.933350057000013, 66.888760682000012 ], [ 23.960841919000075, 66.861888937000103 ], [ 24.001252889000057, 66.81243459100007 ], [ 24.004043416000115, 66.8051998910001 ], [ 23.999185832000109, 66.796285706000063 ], [ 23.98440637200008, 66.792978414000075 ], [ 23.961048624000057, 66.793546855000031 ], [ 23.939241170000116, 66.79111806300007 ], [ 23.924771769000074, 66.772979635000056 ], [ 23.892422322000101, 66.750913798000042 ], [ 23.891698853000094, 66.743575745000058 ], [ 23.902964315000048, 66.706885478000075 ], [ 23.903171020000116, 66.686318258000099 ], [ 23.899036906000077, 66.666371155 ], [ 23.891595500000079, 66.647870993000041 ], [ 23.881880330000115, 66.631799622000088 ], [ 23.889115030000085, 66.614074606000074 ], [ 23.893249146000102, 66.596039531000073 ], [ 23.891492146000132, 66.578882955000026 ], [ 23.881880330000115, 66.563535055000031 ], [ 23.861209757000012, 66.554595032000108 ], [ 23.80767297400007, 66.539247132000028 ], [ 23.806122681000147, 66.528136699000029 ], [ 23.78586551900014, 66.518421530000083 ], [ 23.755066365000062, 66.511858623000094 ], [ 23.731088501000073, 66.503125305000125 ], [ 23.731088501000073, 66.487157288000091 ], [ 23.706077108000073, 66.482971497000037 ], [ 23.676828247000117, 66.474005636000115 ], [ 23.6524369710001, 66.458838603000075 ], [ 23.642308390000039, 66.436256002000064 ], [ 23.646649210000106, 66.424060364000056 ], [ 23.665872843000045, 66.405560201000114 ], [ 23.670213664000102, 66.395302430000029 ], [ 23.671660604000095, 66.381789043000069 ], [ 23.67703495300006, 66.363624776000037 ], [ 23.676414835000088, 66.350008037000023 ], [ 23.673004191000075, 66.339517721000064 ], [ 23.664425903000051, 66.326391907000087 ], [ 23.662772258000103, 66.316521709000128 ], [ 23.665976196000059, 66.305462952000099 ], [ 23.680652303000045, 66.282983704000017 ], [ 23.68943729700004, 66.25699045900005 ], [ 23.724163859000072, 66.206631775000076 ], [ 23.750002075000083, 66.189656067000058 ], [ 23.785555461000058, 66.176685283000026 ], [ 23.889321737000046, 66.161104839000089 ], [ 23.911439250000058, 66.148624980000093 ], [ 23.965596151000085, 66.081600647000087 ], [ 23.97458785000012, 66.072815654000109 ], [ 23.985129842000077, 66.06635610000005 ], [ 24.00941776500008, 66.055607402000035 ], [ 24.01964969900007, 66.048941142000032 ], [ 24.029778279000112, 66.034988505000044 ], [ 24.055306437000041, 65.985172424999988 ], [ 24.056960083000092, 65.970108744000086 ], [ 24.054789673000101, 65.947913717000077 ], [ 24.075977010000059, 65.928018291000072 ], [ 24.102331990000039, 65.908587952000076 ], [ 24.12444950400004, 65.868900452 ], [ 24.163413534000114, 65.840788473000075 ], [ 24.163096550000091, 65.822699286000045 ], [ 24.150087578141747, 65.812315338418628 ], [ 24.150850464977054, 65.810590155511306 ], [ 24.146846534839767, 65.80723082704111 ], [ 24.144736948351522, 65.803571508118637 ], [ 24.143812084660055, 65.802464395915194 ], [ 24.14253300679286, 65.801184021225652 ], [ 24.142002907708047, 65.800717822569538 ], [ 24.141421746016817, 65.800303610123592 ], [ 24.140789520819794, 65.799941384787132 ], [ 24.137809096512626, 65.798638918251527 ], [ 24.134474163951552, 65.795880426840256 ], [ 24.133402057858746, 65.782666197886783 ], [ 24.135576368554609, 65.754817732952063 ], [ 24.156697278656509, 65.735016330639212 ], [ 24.185554437587257, 65.720305939167815 ], [ 24.1607733101402, 65.695327047205524 ], [ 24.17322923883836, 65.677610890330357 ], [ 24.188529546901123, 65.662263096264951 ], [ 24.189723170288119, 65.654266483811227 ], [ 24.181624100771671, 65.648331338720368 ], [ 24.16309329302112, 65.642301898813628 ], [ 24.162109946416933, 65.620783799532774 ], [ 24.155625060148452, 65.601662794602362 ], [ 24.136666667033126, 65.514999999750216 ], [ 21.500000000299849, 63.666666666633432 ], [ 20.939999999800193, 63.521666666383624 ], [ 20.696666666533474, 63.484999999850174 ], [ 20.399999999800173, 63.333333333366681 ], [ 19.524999999750264, 62.699999999800184 ], [ 19.23500000014991, 60.67833333291702 ], [ 19.158333333516566, 60.374999999950091 ], [ 19.158333333516566, 60.371666666383589 ], [ 19.108333333616486, 60.236666666833287 ], [ 19.10270000010496, 60.235249999887628 ], [ 19.083200000179886, 60.191683333519109 ], [ 19.658283332909548, 59.791683333419144 ], [ 20.153333332967009, 59.445016666785818 ], [ 20.471266666523491, 58.862933333206797 ], [ 20.481466666553445, 58.84450000027482 ], [ 20.47413333288705, 58.78020000012998 ], [ 20.439449999717738, 58.482983333214293 ], [ 20.371333333466623, 58.199683333219298 ], [ 20.39590729668447, 58.024066960721711 ], [ 20.415333333666467, 57.911516666361138 ], [ 20.235650000247347, 57.733333333766382 ], [ 20.066083332979474, 57.563333333566561 ], [ 20.035999999700266, 57.445283333259283 ], [ 19.892750000112471, 57.236533333046964 ], [ 19.671166667108025, 56.966666666533513 ], [ 19.528666667033121, 56.75 ], [ 19.417833333141857, 56.583333333366681 ], [ 19.351166666308643, 56.449999999700253 ], [ 19.226083333579027, 56.250000000099988 ], [ 19.097541121025984, 56.045416669543727 ], [ 19.093333329869324, 56.040549999982545 ], [ 19.08195000009249, 55.98111666939883 ], [ 19.066383329926794, 55.954999999250617 ], [ 19.022721715834564, 55.931498920039189 ], [ 18.946283333109363, 55.891366666538488 ], [ 18.925749999562868, 55.87980000007002 ], [ 18.900000000099965, 55.881266666623446 ], [ 18.363333333666446, 55.921549999932608 ], [ 18.000000000099988, 55.783083333329216 ], [ 17.378000000299835, 55.58724999978773 ], [ 17.000000000299849, 55.499999999800195 ], [ 16.51060277979451, 55.353788889745545 ], [ 16.510602779527947, 55.353788889901644 ], [ 16.388968458691572, 55.328446546451076 ], [ 16.267489628303483, 55.302983178330905 ], [ 16.025, 55.251694440000037 ], [ 16.013888890000011, 55.207777779999979 ], [ 15.99722222, 55.166944440000044 ], [ 15.992777779999962, 55.120833329999968 ], [ 15.990833330000015, 55.053055559999969 ], [ 15.978333330000044, 54.9975 ], [ 15.9575, 54.947777779999967 ], [ 15.930277780000019, 54.903055559999963 ], [ 15.911388889999984, 54.865833330000029 ], [ 15.81972221999996, 54.785833330000038 ], [ 15.7675, 54.7425 ], [ 15.7075, 54.698333329999976 ], [ 15.573055560000032, 54.651666670000026 ], [ 15.483611110000023, 54.622222219999962 ], [ 15.31444444, 54.588888890000014 ], [ 15.226944440000029, 54.57444444 ], [ 15.11722222, 54.566666669999954 ], [ 15.016111110000047, 54.566666669999954 ], [ 14.901388890000028, 54.577777780000027 ], [ 14.799444439999959, 54.59277778 ], [ 14.690277779999978, 54.614166670000024 ], [ 14.636243177382939, 54.536485063100109 ], [ 14.579531282172786, 54.567601574750597 ], [ 14.636243177359859, 54.53648506297958 ], [ 14.629230555345941, 54.533697222049227 ], [ 14.750000000299792, 54.5 ], [ 14.599677778007219, 54.383333333266819 ], [ 14.352222222277874, 54.168888888811296 ], [ 14.23938888878638, 54.127322222042949 ], [ 14.203341666285041, 54.127711111378801 ], [ 14.244122222162844, 53.989294444383233 ], [ 14.227994444288186, 53.929291666677102 ], [ 14.200333952949734, 53.936950921847654 ], [ 14.181180953738078, 53.947430014783436 ], [ 14.169327140035534, 53.957342624762362 ], [ 14.143205761936429, 53.975288867787128 ], [ 14.105803251219186, 53.997750758790517 ], [ 14.047840237537059, 54.03004372094108 ], [ 14.016943573587128, 54.052229404063894 ], [ 14.006665348726926, 54.057169437619621 ], [ 13.967355250944138, 54.069250822067886 ], [ 13.930969118929738, 54.075855851466486 ], [ 13.892664909258258, 54.090729355675364 ], [ 13.868275761217546, 54.103292942215546 ], [ 13.846218705428953, 54.118434429105605 ], [ 13.826773166648366, 54.138927936175435 ], [ 13.82010281049628, 54.150329709248865 ], [ 13.812554836536663, 54.169536352121099 ], [ 13.805008172888904, 54.173026323306203 ], [ 13.785611629173331, 54.174077629878866 ], [ 13.757789849821734, 54.167821645352717 ], [ 13.750051617987936, 54.149730444204693 ], [ 13.755222558774221, 54.144945740653498 ], [ 13.758100151900521, 54.134319543811898 ], [ 13.766658544756069, 54.134310126111529 ], [ 13.775882006049812, 54.128509402686916 ], [ 13.77960097790293, 54.12049543871359 ], [ 13.787546165964306, 54.114840081854247 ], [ 13.796708270063441, 54.110315412012703 ], [ 13.804543018345726, 54.109989046857152 ], [ 13.808063356051171, 54.104707746506953 ], [ 13.808116082000083, 54.104681708000044 ], [ 13.808116082000083, 54.104628645694547 ], [ 13.812206626234854, 54.098491906975937 ], [ 13.807929516234253, 54.08069205289604 ], [ 13.800135254838324, 54.07437717896363 ], [ 13.797222017981767, 54.062173962458417 ], [ 13.787518143347768, 54.056255460221507 ], [ 13.790625453002349, 54.04983091396565 ], [ 13.772858500619463, 54.041257262312797 ], [ 13.763617515136275, 54.030809521542324 ], [ 13.767254180767537, 54.024111614140843 ], [ 13.774662014957524, 54.018514121430812 ], [ 13.801254630197093, 54.01850593080411 ], [ 13.809650063199967, 54.03014743345733 ], [ 13.820315957015907, 54.036827802661151 ], [ 13.847364663848339, 54.042882800400946 ], [ 13.857664704462707, 54.048443555925417 ], [ 13.870576023764556, 54.043104172119968 ], [ 13.863595843073881, 54.022122263931465 ], [ 13.852859615978616, 54.013255953999192 ], [ 13.852782845352124, 54.004047155252181 ], [ 13.861923456602426, 53.999611139542537 ], [ 13.867141723312045, 54.007226229007358 ], [ 13.899638533891391, 54.012135267428789 ], [ 13.90786254442105, 54.024503708279667 ], [ 13.923334240782594, 54.035293579035454 ], [ 13.915358066321801, 54.047257542601642 ], [ 13.913836002429605, 54.056176900843468 ], [ 13.918501258026765, 54.06201720253199 ], [ 13.941728234670279, 54.061353445305372 ], [ 13.951113700736869, 54.0586893557292 ], [ 13.967570423636289, 54.059853911229084 ], [ 13.996819258002517, 54.041057944668466 ], [ 14.003150224403385, 54.021561145430667 ], [ 14.003568410953505, 54.010760665372402 ], [ 14.010538577693296, 54.009798049940059 ], [ 14.021342277324379, 54.017815351297486 ], [ 14.029600978302597, 54.017263055145918 ], [ 14.040358543612058, 54.009089350892907 ], [ 14.046765208647514, 53.995788812204012 ], [ 14.046316742823592, 53.97368645666478 ], [ 14.04305064706972, 53.963276147476392 ], [ 14.030569553542136, 53.942089438476955 ], [ 14.012639045955382, 53.949459314296064 ], [ 14.004629850187428, 53.959635257461343 ], [ 13.984285712415669, 53.962637424677496 ], [ 13.962953448143139, 53.957338451908129 ], [ 13.970691800486236, 53.95004451304402 ], [ 13.95423114305288, 53.936765551788824 ], [ 13.950071573544278, 53.95853614832464 ], [ 13.964391350780261, 53.966720103949626 ], [ 13.966070652138853, 53.984652161967858 ], [ 13.964200734976089, 53.990326404739847 ], [ 13.943402766924123, 53.994412541006 ], [ 13.933638453352046, 53.991263270783463 ], [ 13.906483649900508, 53.989739776069939 ], [ 13.898402571321583, 53.980468154281937 ], [ 13.895009040734749, 53.969718456241765 ], [ 13.898368358413165, 53.962079524850367 ], [ 13.922938108307164, 53.949847578602999 ], [ 13.925039410240686, 53.941226005675787 ], [ 13.932094216674841, 53.935964942028647 ], [ 13.932609677494668, 53.919016003985519 ], [ 13.938236952273598, 53.912511348819748 ], [ 13.92141067995891, 53.887869834825153 ], [ 13.902382851087793, 53.8851422072471 ], [ 13.892760157355497, 53.876553058476929 ], [ 13.875550150619006, 53.878010153545915 ], [ 13.855849623461438, 53.870871543786734 ], [ 13.834872841408583, 53.870766520058908 ], [ 13.825045704795514, 53.866035342357236 ], [ 13.823419928387068, 53.877114415298081 ], [ 13.846542477553442, 53.877691507557188 ], [ 13.851375103278485, 53.888849735227211 ], [ 13.864481431119977, 53.900397120213512 ], [ 13.818532748000052, 53.877997137000079 ], [ 13.808116082000083, 53.865139065000051 ], [ 13.817067905000044, 53.852932033000059 ], [ 13.835785352000073, 53.847479559000078 ], [ 13.854340040000068, 53.844916083000044 ], [ 13.862803582000083, 53.84125397300005 ], [ 13.869151238000086, 53.830308335000041 ], [ 13.883799675000091, 53.817694403000075 ], [ 13.899912957000083, 53.809149481000077 ], [ 13.910655144000089, 53.810492255000042 ], [ 13.984222852000073, 53.773993231000077 ], [ 14.01734459700009, 53.769517320000034 ], [ 14.033539259000065, 53.757513739000046 ], [ 14.037445509000065, 53.755275783000059 ], [ 14.061534050000091, 53.756415106000077 ], [ 14.068858269000089, 53.755275783000059 ], [ 14.094004754000082, 53.746323960000041 ], [ 14.106130405000044, 53.743353583000044 ], [ 14.186534050000091, 53.739813544000071 ], [ 14.214691602000073, 53.744859117000033 ], [ 14.226573113000086, 53.758693752000056 ], [ 14.23414147200009, 53.761786200000074 ], [ 14.250173373000052, 53.759955145000049 ], [ 14.264496290000068, 53.751613674000055 ], [ 14.267425977000073, 53.735419012000079 ], [ 14.25953209700009, 53.72797272300005 ], [ 14.212738477000073, 53.708075262000079 ], [ 14.225352410000085, 53.70376211100006 ], [ 14.24000084700009, 53.700751044000071 ], [ 14.256195509000065, 53.699448960000041 ], [ 14.263900720257396, 53.699976159680759 ], [ 14.263862752000136, 53.699875794 ], [ 14.265102986000073, 53.671763815000062 ], [ 14.260968872000149, 53.656209209000039 ], [ 14.27605839000006, 53.636623841000116 ], [ 14.297039022000149, 53.597763164000057 ], [ 14.298899373000069, 53.58789296500008 ], [ 14.296212199000138, 53.551306051000026 ], [ 14.29693566900005, 53.529136862000101 ], [ 14.304170370000094, 53.508517965000109 ], [ 14.328458293000097, 53.486090394000101 ], [ 14.338896932000125, 53.465213115000054 ], [ 14.359877564000044, 53.444077454000094 ], [ 14.370316202000083, 53.39229766900003 ], [ 14.391260511000098, 53.334017003000056 ], [ 14.398014770000088, 53.315222270000092 ], [ 14.399565064000114, 53.306747335000082 ], [ 14.400185180000079, 53.288608908000057 ], [ 14.403285767000028, 53.278790385 ], [ 14.409383586000075, 53.272434184000062 ], [ 14.424679810000043, 53.26465688100005 ], [ 14.428607219000099, 53.259075827000046 ], [ 14.441629680000062, 53.251841126000059 ], [ 14.415584757000062, 53.220990296000068 ], [ 14.408246704000078, 53.214401551 ], [ 14.39770471200012, 53.210990906000077 ], [ 14.387782837000117, 53.202076722000058 ], [ 14.380651489000087, 53.189855245000032 ], [ 14.377860962000113, 53.1765485640001 ], [ 14.381478312000098, 53.160296326 ], [ 14.38747277900012, 53.146136984000051 ], [ 14.389539835000107, 53.131667583000095 ], [ 14.359567505000143, 53.075056051000033 ], [ 14.356776977000095, 53.066684469000066 ], [ 14.343341105000036, 53.048623555000049 ], [ 14.312645305000103, 53.02921905500007 ], [ 14.253734172000094, 53.000874533000072 ], [ 14.192859334000048, 52.981650900000048 ], [ 14.144490193000109, 52.959920960000048 ], [ 14.144490193000109, 52.953693950000044 ], [ 14.150484660000131, 52.943642884000027 ], [ 14.162680298000055, 52.908167013000096 ], [ 14.164954061000088, 52.895661317000091 ], [ 14.160819946000061, 52.876747742000063 ], [ 14.150484660000131, 52.86462961900007 ], [ 14.12392297300002, 52.850651144000054 ], [ 14.13539514200005, 52.836595154000051 ], [ 14.152758423000051, 52.828326925000098 ], [ 14.173739054000066, 52.824347839000026 ], [ 14.195959920000092, 52.823365987000059 ], [ 14.216010375000053, 52.817991639000084 ], [ 14.248669882000115, 52.794582215000034 ], [ 14.275955037000131, 52.785719706000023 ], [ 14.382201782000095, 52.738151551 ], [ 14.39770471200012, 52.727118632999989 ], [ 14.431914510000098, 52.686087546000053 ], [ 14.442353149000041, 52.679963887999989 ], [ 14.461370076, 52.67456370100011 ], [ 14.49010217300011, 52.650637512000017 ], [ 14.549943481000071, 52.636193950000077 ], [ 14.607964828000092, 52.596462963000064 ], [ 14.613712199000105, 52.59252736400002 ], [ 14.644821411000066, 52.576921082000084 ], [ 14.616812785000064, 52.541031800000027 ], [ 14.609061320000137, 52.517803243000017 ], [ 14.627664836000093, 52.507416280000101 ], [ 14.632315715000061, 52.49674509800009 ], [ 14.615779256000081, 52.473283997000024 ], [ 14.591594686000093, 52.449797059000034 ], [ 14.539814901000113, 52.421865947000057 ], [ 14.54539595600005, 52.382152608000055 ], [ 14.569167114000095, 52.3385118610001 ], [ 14.590147746000099, 52.309418030000089 ], [ 14.584153280000066, 52.291227926000047 ], [ 14.606580851000075, 52.275750835000068 ], [ 14.640480590000067, 52.265053813000051 ], [ 14.668902628000097, 52.260997213000039 ], [ 14.696911255000117, 52.2534782930001 ], [ 14.712414184000124, 52.235908305000024 ], [ 14.712104126000042, 52.215444438000063 ], [ 14.69257043500005, 52.199579773000053 ], [ 14.69257043500005, 52.193378601000077 ], [ 14.707039836000149, 52.179451803000077 ], [ 14.703215780000022, 52.16516327 ], [ 14.692467082000093, 52.146973165000063 ], [ 14.686369263000131, 52.121031596000122 ], [ 14.696394491000063, 52.106691386000122 ], [ 14.76140344300012, 52.076667379000057 ], [ 14.74300663300005, 52.062533875000028 ], [ 14.735358520000148, 52.05403310200002 ], [ 14.732154582000078, 52.045067241000069 ], [ 14.730294230000084, 52.03589467400009 ], [ 14.726056762000042, 52.026437887000029 ], [ 14.704456014000073, 52.002227478000052 ], [ 14.699081665000108, 51.992512309000105 ], [ 14.695567667000148, 51.931456604000104 ], [ 14.687092733000043, 51.911897074000095 ], [ 14.67169315600006, 51.893887838000083 ], [ 14.653296346000076, 51.878617453000047 ], [ 14.595935507000064, 51.842418112000118 ], [ 14.582809693000115, 51.825080668000012 ], [ 14.585806925000043, 51.803893332000044 ], [ 14.602240031000093, 51.788312887000117 ], [ 14.620326782000092, 51.780535584000106 ], [ 14.634176066000066, 51.769011739000078 ], [ 14.638103475000037, 51.742630921000099 ], [ 14.648438761000136, 51.717206116000099 ], [ 14.670969686000149, 51.700773011000123 ], [ 14.719545532000069, 51.675632426 ], [ 14.732464640000074, 51.658346659000088 ], [ 14.74228316200012, 51.632973532 ], [ 14.743936808000086, 51.606644390000056 ], [ 14.732154582000078, 51.58661977200002 ], [ 14.71272424300011, 51.567421977 ], [ 14.704559367000087, 51.547991638000028 ], [ 14.706769960000116, 51.540828064000081 ], [ 14.710037068000076, 51.5302407840001 ], [ 14.732154582000078, 51.515823059000084 ], [ 14.797473592000131, 51.502102966000038 ], [ 14.818557576000075, 51.492697856000078 ], [ 14.818557576000075, 51.492594504000053 ], [ 14.841398559000083, 51.48442962700004 ], [ 14.888320760000113, 51.475747987 ], [ 14.910955038000083, 51.468978373000041 ], [ 14.926561320000104, 51.461330261000072 ], [ 14.945061483000131, 51.449186300000079 ], [ 14.95539676900006, 51.435414530000045 ], [ 14.946921835000126, 51.42290883400004 ], [ 14.950647846000038, 51.396539377000025 ], [ 14.956637004000072, 51.354153341000043 ], [ 14.956637004000072, 51.353223165000102 ], [ 14.960977824000054, 51.335291443000031 ], [ 14.963768352000017, 51.328392639000057 ], [ 14.982268514000054, 51.308006287000111 ], [ 15.004902792000081, 51.291288961000063 ], [ 15.019475545000148, 51.271677755000056 ], [ 15.014307901000052, 51.242661439000059 ], [ 15.017925252000026, 51.23956085200011 ], [ 15.022059367000054, 51.236770325000052 ], [ 15.004902792000081, 51.215608826 ], [ 14.991363566000103, 51.18896962500007 ], [ 14.983198690000108, 51.160909323000041 ], [ 14.982061808000083, 51.135639547000082 ], [ 14.979994751000021, 51.122797954000092 ], [ 14.973380168000119, 51.116131694000089 ], [ 14.965628703000021, 51.111506653000035 ], [ 14.960254354000057, 51.104582011000034 ], [ 14.958497355000077, 51.094737651000074 ], [ 14.958290649000048, 51.07551401800005 ], [ 14.955293417000121, 51.064041850000123 ], [ 14.910644979000097, 50.992650859000022 ], [ 14.860208781000068, 50.916841533000124 ], [ 14.824655395000036, 50.891830139000049 ], [ 14.810496053000065, 50.877050680000124 ], [ 14.810392700000136, 50.858447164000054 ], [ 14.831683390000137, 50.857982076000027 ], [ 14.867856893000067, 50.864389954000089 ], [ 14.982061808000083, 50.859067282000026 ], [ 14.984128865000059, 50.867697246000077 ], [ 14.982888631, 50.902423808000023 ], [ 14.981751749000097, 50.90526601200007 ], [ 14.981131632000142, 50.909090068000026 ], [ 14.982061808000083, 50.914671123000048 ], [ 14.984852335000141, 50.918081767000061 ], [ 14.994670857000102, 50.925109762000076 ], [ 14.997771444000051, 50.930174052000055 ], [ 14.996634562000054, 50.95921620700004 ], [ 14.981441691000015, 50.973220520000055 ], [ 14.965215291000106, 50.981333720000052 ], [ 14.960977824000054, 50.992650859000022 ], [ 14.961081176000079, 50.992650859000022 ], [ 14.965628703000021, 50.996061503000064 ], [ 14.970692993000085, 50.998697002000071 ], [ 14.976377401000036, 51.000402324000035 ], [ 14.982061808000083, 51.001177470000059 ], [ 14.996531209000125, 51.007843730000062 ], [ 15.001182088000093, 51.012442932000013 ], [ 15.003972616000055, 51.020685323000052 ], [ 15.022989543000108, 51.00965240500004 ], [ 15.073632446000062, 51.002624410000053 ], [ 15.082107381000071, 50.992754212000065 ], [ 15.093889607000079, 50.985416158000064 ], [ 15.107945597000082, 50.981023662000055 ], [ 15.119211059000065, 50.982470602000049 ], [ 15.122518351000053, 50.992650859000022 ], [ 15.122518351000053, 50.992754212000065 ], [ 15.131510051000106, 51.005828349000112 ], [ 15.144429158000094, 51.011564433000061 ], [ 15.156108032000077, 51.007843730000062 ], [ 15.16075891100013, 50.992650859000022 ], [ 15.170164022000108, 50.977974752000037 ], [ 15.227111450000081, 50.977406311 ], [ 15.253776489000103, 50.969034729000029 ], [ 15.269796183000068, 50.952653300000051 ], [ 15.268762655000074, 50.942989807000046 ], [ 15.260081014000036, 50.932499491000087 ], [ 15.253053019000106, 50.914102682000092 ], [ 15.256050252000136, 50.89989166300002 ], [ 15.265352010000072, 50.88227 ], [ 15.277134236000052, 50.86573354100004 ], [ 15.287779581000052, 50.854881490000096 ], [ 15.307726685000063, 50.844752910000054 ], [ 15.325813436000089, 50.839688619000057 ], [ 15.341006306000111, 50.831730449000091 ], [ 15.35299523900008, 50.812971904 ], [ 15.353305298000066, 50.803256735000062 ], [ 15.350514770000103, 50.793231506000055 ], [ 15.349687948000081, 50.783723043000052 ], [ 15.356095825000125, 50.775454814000014 ], [ 15.368578785000096, 50.772949110000084 ], [ 15.370255168000057, 50.772612610000053 ], [ 15.381313924000068, 50.780002340000053 ], [ 15.390822388000061, 50.790647685000053 ], [ 15.400124145000092, 50.797985738000037 ], [ 15.441775350000086, 50.800207825000044 ], [ 15.641866496000148, 50.755766094000066 ], [ 15.653235310000042, 50.750960185000068 ], [ 15.666464477000147, 50.73809275300006 ], [ 15.673802530000046, 50.733545227000022 ], [ 15.684344523000107, 50.731426494000047 ], [ 15.767440226000076, 50.744190572000022 ], [ 15.792244914000037, 50.74269195600003 ], [ 15.794415323000095, 50.735870667000071 ], [ 15.797619263000087, 50.729772848 ], [ 15.848158813000111, 50.675150859000055 ], [ 15.854566691000059, 50.673703919000062 ], [ 15.882265258000075, 50.674220683 ], [ 15.94148645000007, 50.688380026000047 ], [ 15.958022908000146, 50.686881409000037 ], [ 15.971458781000109, 50.678613180000085 ], [ 15.984481242000044, 50.662903544000031 ], [ 15.993162882000121, 50.649364319000043 ], [ 15.9986405840001, 50.635566712000113 ], [ 15.996366821000095, 50.623681132000073 ], [ 15.982000773000067, 50.616239726000046 ], [ 15.980037068000058, 50.612984111000074 ], [ 15.979210246000036, 50.6097801720001 ], [ 15.979933715000101, 50.606627910000057 ], [ 15.982000773000067, 50.603630677000027 ], [ 16.024478800000111, 50.608591614000076 ], [ 16.08649051900008, 50.646780498000041 ], [ 16.128658488000042, 50.644041647 ], [ 16.160284465000103, 50.628642070000026 ], [ 16.175477335000039, 50.624094544000073 ], [ 16.192323852000129, 50.62657501300005 ], [ 16.204519491000042, 50.636341858000023 ], [ 16.211754191000097, 50.649105937000073 ], [ 16.219092245000098, 50.65913116500009 ], [ 16.232011352000114, 50.66088816400007 ], [ 16.268288208000058, 50.660423076000072 ], [ 16.300947714000131, 50.65510040300002 ], [ 16.331643514000092, 50.644041647 ], [ 16.416806275000113, 50.586629130000105 ], [ 16.425901326000087, 50.567560527000026 ], [ 16.394482056000044, 50.5593439740001 ], [ 16.398306111000096, 50.551799215000059 ], [ 16.398306111000096, 50.548491923000043 ], [ 16.395515584000123, 50.545701396000098 ], [ 16.391174764000141, 50.539913635000019 ], [ 16.389624471000047, 50.53484934500004 ], [ 16.388280884000068, 50.527149557000044 ], [ 16.388384237000082, 50.521258443000036 ], [ 16.391174764000141, 50.521826884000106 ], [ 16.382596476000117, 50.514178772000022 ], [ 16.362029256000142, 50.501207988000019 ], [ 16.352624145000078, 50.492784729 ], [ 16.335467570000105, 50.490355937000047 ], [ 16.303428182000118, 50.496040344000093 ], [ 16.287718547000054, 50.492784729 ], [ 16.279967082000042, 50.479865621 ], [ 16.264980917000059, 50.471649068000076 ], [ 16.247410929000097, 50.464982809000063 ], [ 16.232011352000114, 50.456766256000023 ], [ 16.226533651000125, 50.455370992000056 ], [ 16.217335246000118, 50.451650289000028 ], [ 16.211237427000071, 50.451288554000129 ], [ 16.216095011000078, 50.44017812200012 ], [ 16.217955363000101, 50.437129211000084 ], [ 16.19800826000008, 50.440023092000061 ], [ 16.190153443000042, 50.424158427000052 ], [ 16.199558553000088, 50.406278381 ], [ 16.232011352000114, 50.402609355000024 ], [ 16.24493046000012, 50.376822815000097 ], [ 16.249684692000102, 50.371035055000036 ], [ 16.262500448000083, 50.364420472000049 ], [ 16.269838501000095, 50.365454001000032 ], [ 16.276969849000125, 50.369433085000097 ], [ 16.28864872200009, 50.371861878000047 ], [ 16.334227335000094, 50.371861878000047 ], [ 16.343735799000058, 50.369949850000026 ], [ 16.350763794000073, 50.360648092000091 ], [ 16.35148726400007, 50.35134633400007 ], [ 16.350660441000059, 50.342251282000106 ], [ 16.353244263000136, 50.333517965000041 ], [ 16.371020956000081, 50.318376770000029 ], [ 16.415566040000073, 50.307938131000085 ], [ 16.437786906000014, 50.297964580000084 ], [ 16.452152954000042, 50.284993795000062 ], [ 16.477577759000042, 50.255331523000095 ], [ 16.492047160000055, 50.242722473000057 ], [ 16.504759563000107, 50.227994691000063 ], [ 16.535041952000142, 50.207737529000056 ], [ 16.545894003000086, 50.188823955000018 ], [ 16.557262817000094, 50.154717510000054 ], [ 16.566667928000129, 50.14221181200007 ], [ 16.584237915000102, 50.127432353000032 ], [ 16.618654419000052, 50.107020163000087 ], [ 16.660615682000071, 50.0930158500001 ], [ 16.701233357000092, 50.094927877000018 ], [ 16.732032511000057, 50.121954652000042 ], [ 16.754253377000111, 50.132289938000056 ], [ 16.766449016000109, 50.143400371000084 ], [ 16.777301066000064, 50.156939596000072 ], [ 16.795284464000048, 50.17440623 ], [ 16.817712036000046, 50.186756897000052 ], [ 16.837555786000053, 50.188617249000075 ], [ 16.857606242000088, 50.187738750000037 ], [ 16.869762082000079, 50.189728865000021 ], [ 16.880963990000026, 50.191562806000078 ], [ 16.8903691000001, 50.196937154000025 ], [ 16.907008911000105, 50.211768290000052 ], [ 16.918997843000056, 50.217090963000018 ], [ 16.927782837000052, 50.217297669000047 ], [ 16.946283, 50.213060202000108 ], [ 16.955274699000114, 50.213473613000119 ], [ 16.957755167000101, 50.21714264000012 ], [ 16.957548462000148, 50.229234925000085 ], [ 16.960338989000093, 50.231973775000043 ], [ 16.975015096000078, 50.23181874700002 ], [ 16.981009563000015, 50.229183248000098 ], [ 16.985660441000078, 50.223137106000038 ], [ 16.996305786000079, 50.212905172000077 ], [ 17.008398071000073, 50.209959615000074 ], [ 17.014805949000106, 50.218486227000071 ], [ 17.012842244000069, 50.231663717000075 ], [ 16.999819783000135, 50.242722473000057 ], [ 16.998372843000141, 50.26701039600006 ], [ 16.987830851000069, 50.284942119000036 ], [ 16.969640747000113, 50.297757874000027 ], [ 16.945249471000096, 50.306904602000102 ], [ 16.926542602000012, 50.319255270000056 ], [ 16.916724080000051, 50.338633932000036 ], [ 16.909282674000025, 50.359924622 ], [ 16.897913859000141, 50.378218079000092 ], [ 16.865874471000041, 50.408448792000101 ], [ 16.865771118000112, 50.422401429000089 ], [ 16.892952921000102, 50.432943421000047 ], [ 16.915793904000083, 50.431083069000053 ], [ 16.944004629000119, 50.420266697000031 ], [ 16.958788696000084, 50.414598287000061 ], [ 16.981939738000079, 50.416355286000041 ], [ 17.084672485000084, 50.397958476000056 ], [ 17.09562788900007, 50.393669332000073 ], [ 17.11888228400008, 50.381163636000068 ], [ 17.131698038000053, 50.376822815000097 ], [ 17.145443970000088, 50.376719463000072 ], [ 17.175933065000066, 50.380750224000067 ], [ 17.187611939000135, 50.378476461000062 ], [ 17.185441528000069, 50.375685934 ], [ 17.1888521730001, 50.36483388300006 ], [ 17.195053345000076, 50.351914775000026 ], [ 17.201047811000109, 50.343233134000073 ], [ 17.21086633300007, 50.336411845000029 ], [ 17.246109659000041, 50.322149150000044 ], [ 17.269880819000093, 50.317756653000046 ], [ 17.316803019000048, 50.318635153000102 ], [ 17.337473592000066, 50.313002422000054 ], [ 17.319076782000081, 50.308248190000072 ], [ 17.321867309000112, 50.304475810000056 ], [ 17.325381307000072, 50.301116842000042 ], [ 17.3295154220001, 50.298222962000054 ], [ 17.334062947000035, 50.29569081700005 ], [ 17.332822713000098, 50.28266835600003 ], [ 17.334786418000135, 50.27000763000008 ], [ 17.341711060000108, 50.259724020000093 ], [ 17.355043579000039, 50.253264466000033 ], [ 17.365895630000097, 50.271557923 ], [ 17.388013143000109, 50.272643128000098 ], [ 17.409820597000135, 50.261325989000014 ], [ 17.41912235500007, 50.242722473000057 ], [ 17.424186645000134, 50.240552063000067 ], [ 17.429560994000099, 50.239776917000071 ], [ 17.434831991000124, 50.240500387000068 ], [ 17.439999634000117, 50.242722473000057 ], [ 17.469351847000098, 50.265563456000066 ], [ 17.516997518000039, 50.268353984000029 ], [ 17.606397746000141, 50.258225403000083 ], [ 17.629548787000118, 50.262101136000027 ], [ 17.646705363000081, 50.271092835000061 ], [ 17.676367635000133, 50.297396139000014 ], [ 17.68194869000007, 50.305561015000038 ], [ 17.684532511000072, 50.312382304 ], [ 17.691043741000044, 50.315069478000041 ], [ 17.707993611000035, 50.31103871700013 ], [ 17.713574666000056, 50.30767974900003 ], [ 17.731971476000069, 50.29176340700009 ], [ 17.734451945000046, 50.289489645000074 ], [ 17.734968709000071, 50.28680247000004 ], [ 17.734245239000074, 50.283805237000124 ], [ 17.731971476000069, 50.280652975000081 ], [ 17.721119425000097, 50.261946106 ], [ 17.719155721000078, 50.252799378000091 ], [ 17.721429484000083, 50.242722473000057 ], [ 17.731971476000069, 50.236004538000046 ], [ 17.747577759000109, 50.217504374000029 ], [ 17.738172648000045, 50.202363180000091 ], [ 17.717915487000141, 50.191097718000051 ], [ 17.675334106000065, 50.174716289000074 ], [ 17.648669067000128, 50.167998352000055 ], [ 17.600403279000119, 50.166809795000049 ], [ 17.589447876000122, 50.163244120000073 ], [ 17.582109823000053, 50.153167216000028 ], [ 17.584176880000086, 50.145880839000043 ], [ 17.632752726000092, 50.106348369000031 ], [ 17.648359009000046, 50.101800843000078 ], [ 17.658487589000089, 50.102989400000084 ], [ 17.666962524000098, 50.106141663000059 ], [ 17.677607869000099, 50.107743632000094 ], [ 17.690733683000047, 50.105469869000061 ], [ 17.717915487000141, 50.096788228000023 ], [ 17.731971476000069, 50.094876201 ], [ 17.73238488800007, 50.093894349000024 ], [ 17.732591594000041, 50.092964173000084 ], [ 17.73238488800007, 50.092189026000071 ], [ 17.731971476000069, 50.091465556000074 ], [ 17.722669719000123, 50.086349590000069 ], [ 17.719465780000064, 50.08087188800009 ], [ 17.722566365000091, 50.075135804000027 ], [ 17.731971476000069, 50.069089661000092 ], [ 17.743030232000052, 50.060563050000084 ], [ 17.749851522000114, 50.049504294000073 ], [ 17.755432577000136, 50.037153626000119 ], [ 17.763287394000059, 50.025216370000081 ], [ 17.774552857000117, 50.015191142000035 ], [ 17.839355102000127, 49.973643291000045 ], [ 17.875735311000113, 49.968682353000091 ], [ 17.91211551900011, 49.975813700000046 ], [ 17.941571085000106, 49.992763570000065 ], [ 17.959761190000052, 49.995812480000083 ], [ 17.999862101000133, 49.996587627000096 ], [ 18.032418253000088, 50.002840475000099 ], [ 18.037482544000056, 50.007232971000079 ], [ 18.035725545000076, 50.017206523000098 ], [ 18.028697550000089, 50.024131165000071 ], [ 18.020119262000065, 50.024286195000016 ], [ 18.012161092000099, 50.022684225 ], [ 18.006890096000063, 50.024131165000071 ], [ 18.002445923000039, 50.046765442000023 ], [ 18.019073899000148, 50.04408711000012 ], [ 18.0332450760001, 50.041804505000087 ], [ 18.091639445000084, 50.017206523000098 ], [ 18.085128214000122, 49.998758036000069 ], [ 18.098150675000056, 49.989042867000038 ], [ 18.162022746000105, 49.981239726000027 ], [ 18.17721561700003, 49.975813700000046 ], [ 18.208738241000106, 49.958295390000089 ], [ 18.220520467000085, 49.954884746000047 ], [ 18.243981567000077, 49.9517324830001 ], [ 18.255867147000089, 49.946048076000054 ], [ 18.260104614000056, 49.940570374000075 ], [ 18.267029256000029, 49.925067444000049 ], [ 18.272610311000051, 49.918297831000118 ], [ 18.292454061000058, 49.907807516000062 ], [ 18.306923462000071, 49.909667868000085 ], [ 18.334932088000073, 49.925429179000062 ], [ 18.333795206000076, 49.927134501000026 ], [ 18.332451619000011, 49.928271383000023 ], [ 18.330694621000134, 49.928839824000093 ], [ 18.328524211000058, 49.928839824000093 ], [ 18.368831827000093, 49.932043763000067 ], [ 18.407485800000103, 49.923155416000029 ], [ 18.481796509000077, 49.896645407000037 ], [ 18.505050903000097, 49.896697083000063 ], [ 18.544428345000114, 49.912975159000084 ], [ 18.559207804000039, 49.90718739800009 ], [ 18.5654089760001, 49.889048971000065 ], [ 18.562928507000038, 49.873701071000099 ], [ 18.567269328000123, 49.861453756000074 ], [ 18.593831014000045, 49.852203675000069 ], [ 18.566339152000069, 49.83158477800005 ], [ 18.566752564000069, 49.804764710000072 ], [ 18.584115845000099, 49.774378967000118 ], [ 18.607680298000105, 49.742959697000074 ], [ 18.617705526000123, 49.713865866000063 ], [ 18.624010050000038, 49.706372783000049 ], [ 18.637342570000044, 49.700326640000085 ], [ 18.668141724000122, 49.69856964100002 ], [ 18.68240441800009, 49.695779114000047 ], [ 18.695426880000127, 49.688854472000074 ], [ 18.715063924000077, 49.67381663 ], [ 18.727672974000086, 49.668907369000053 ], [ 18.742245727000068, 49.669682516000066 ], [ 18.757852010000107, 49.674075013000063 ], [ 18.773458293000118, 49.675832011000054 ], [ 18.7884444580001, 49.668597311000084 ], [ 18.792578573000128, 49.660794169000056 ], [ 18.799296508000054, 49.62637766600001 ], [ 18.803947387000107, 49.616765849000089 ], [ 18.815729614000105, 49.599299215000045 ], [ 18.820173788000119, 49.590255839000079 ], [ 18.834539836000118, 49.54762278200009 ], [ 18.837433716000106, 49.52695221000009 ], [ 18.833196249000082, 49.510260722000041 ], [ 18.792268514000057, 49.509537252000044 ], [ 18.773561645000058, 49.504886373 ], [ 18.732530558000121, 49.480288391 ], [ 18.704521932000091, 49.479254863000037 ], [ 18.675583130000035, 49.485042623000098 ], [ 18.642820272000051, 49.495791321000027 ], [ 18.63589563000005, 49.496721497000081 ], [ 18.628970988000077, 49.495791321000027 ], [ 18.600445598000135, 49.485972799000066 ], [ 18.556210571000094, 49.490158590000092 ], [ 18.535643351000118, 49.481683655 ], [ 18.530475708000012, 49.473467102000043 ], [ 18.527995239000035, 49.45486358700002 ], [ 18.522930949000056, 49.446078594000099 ], [ 18.514662719000114, 49.44060089100013 ], [ 18.481796509000077, 49.429077047000092 ], [ 18.439215129000019, 49.395073955000058 ], [ 18.416787557000134, 49.385462138000051 ], [ 18.387642049000107, 49.389751282000091 ], [ 18.385161580000045, 49.34226064100001 ], [ 18.36158636600004, 49.330191418000069 ], [ 18.324596802000087, 49.311254781000073 ], [ 18.190031372000107, 49.276941631000071 ], [ 18.160575806000111, 49.258699850000099 ], [ 18.136494588000062, 49.233068339000042 ], [ 18.117787719000091, 49.202579245000052 ], [ 18.105075318000047, 49.169764710000052 ], [ 18.101457967000044, 49.142944641000057 ], [ 18.101629686000138, 49.136928332000096 ], [ 18.102904907000038, 49.092250062000076 ], [ 18.096290323000062, 49.07028757800002 ], [ 18.075516398000104, 49.047188212000023 ], [ 18.046060832000109, 49.029153138000126 ], [ 18.012884562000096, 49.019127910000108 ], [ 17.959244426000112, 49.021866760000066 ], [ 17.935059855000134, 49.019386292000078 ], [ 17.914079223000044, 49.010497946000058 ], [ 17.900850057000127, 48.993031311000024 ], [ 17.894648885000066, 48.978200176000072 ], [ 17.886897420000139, 48.947245992000077 ], [ 17.87873254400003, 48.933551738000048 ], [ 17.860335734000046, 48.921717835000052 ], [ 17.841215454000036, 48.920994365000055 ], [ 17.820131469000103, 48.923371481000075 ], [ 17.795533488000046, 48.920580953000027 ], [ 17.779410441000039, 48.911744283000033 ], [ 17.744890584000075, 48.872573548000091 ], [ 17.727217244000059, 48.862910054000068 ], [ 17.535084269000066, 48.812990621 ], [ 17.49849735500004, 48.816763001000126 ], [ 17.467904907000104, 48.838105367000125 ], [ 17.453332153000133, 48.842756247000082 ], [ 17.429560994000099, 48.838157043000038 ], [ 17.411224719000131, 48.830216334000099 ], [ 17.391733846000108, 48.821775614000089 ], [ 17.374370565000106, 48.819605205000087 ], [ 17.260269002000086, 48.857794088000063 ], [ 17.212209920000134, 48.866062318000033 ], [ 17.167458130000085, 48.859757792000025 ], [ 17.113714641000087, 48.833919576000071 ], [ 17.104619588000105, 48.82461781800005 ], [ 17.098728475000087, 48.805755921000028 ], [ 17.084362426000098, 48.79371531200006 ], [ 17.049945923000053, 48.774026592000027 ], [ 17.025347941000064, 48.746328024 ], [ 16.974808390000135, 48.649873963000076 ], [ 16.963336222000123, 48.635947164000086 ], [ 16.947523234000101, 48.623157247000037 ], [ 16.945042766000142, 48.604166158000069 ], [ 16.95434452300006, 48.557398987000042 ], [ 16.949054879000101, 48.544836083000021 ], [ 16.946903117000147, 48.539725647000054 ], [ 16.930470012000086, 48.528201803000016 ], [ 16.913933553000078, 48.519339295000108 ], [ 16.90649214700008, 48.509908346000046 ], [ 16.90122115000014, 48.496601665000028 ], [ 16.875072876000047, 48.471538595000126 ], [ 16.864944295000072, 48.458076885000068 ], [ 16.860810181000147, 48.443788351000094 ], [ 16.851921834000052, 48.390406596000091 ], [ 16.849338012000146, 48.384102071000072 ], [ 16.846857544000073, 48.381130676000069 ], [ 16.845100545000093, 48.37658315100002 ], [ 16.844480428000111, 48.365601909000034 ], [ 16.84758101400007, 48.359581604000098 ], [ 16.855332479000083, 48.356455180000054 ], [ 16.875486287000058, 48.35503407800006 ], [ 16.881170695000094, 48.352811992000071 ], [ 16.891712687000052, 48.347024231 ], [ 16.901944621000041, 48.339401958000039 ], [ 16.90649214700008, 48.331469625000054 ], [ 16.904218384000046, 48.327025452000058 ], [ 16.900290975000075, 48.321237691000093 ], [ 16.898430623000081, 48.316173401000114 ], [ 16.902771444000052, 48.314106344000052 ], [ 16.905458618000097, 48.31198761000006 ], [ 16.908869263000014, 48.306974996000108 ], [ 16.912073201000084, 48.301238912000045 ], [ 16.913313435000106, 48.29669138600012 ], [ 16.916620727000122, 48.290800273000016 ], [ 16.924268839000092, 48.287518820000017 ], [ 16.933363892000074, 48.284728292000054 ], [ 16.944422648000085, 48.278010356000053 ], [ 16.950623820000146, 48.276589254000058 ], [ 16.95434452300006, 48.273126933000114 ], [ 16.955274699000114, 48.268786113000047 ], [ 16.953931112000049, 48.257339784000024 ], [ 16.95434452300006, 48.252559713000025 ], [ 16.96995080500011, 48.216644593000055 ], [ 16.974705037000092, 48.198557842000056 ], [ 16.974808390000135, 48.176879578000054 ], [ 16.981939738000079, 48.161299134000032 ], [ 17.007157837000108, 48.142798971 ], [ 17.020903768000068, 48.13716624000007 ], [ 17.036923462000118, 48.135512594000019 ], [ 17.047465454000076, 48.130990906000093 ], [ 17.062455296000081, 48.11272448800004 ], [ 17.06720585100004, 48.106935527000061 ], [ 17.080228312000088, 48.097607931000127 ], [ 17.069996378000099, 48.089158834000031 ], [ 17.064828735000077, 48.079030254000074 ], [ 17.059144327000041, 48.060426737000014 ], [ 17.063071737000115, 48.058773092000067 ], [ 17.075060669000067, 48.052080994000065 ], [ 17.069686320000102, 48.035673726000098 ], [ 17.09263065600004, 48.02725046800002 ], [ 17.124980103000041, 48.019524841000091 ], [ 17.148337850000075, 48.005443014 ], [ 17.085602661000053, 47.970148011000092 ], [ 17.096144653000096, 47.961931458000052 ], [ 17.095731242000085, 47.955730286000076 ], [ 17.09087365700006, 47.949477438000073 ], [ 17.088083130000115, 47.94089915000005 ], [ 17.086119426000067, 47.939219666 ], [ 17.076817668000047, 47.934956360000044 ], [ 17.074130493000013, 47.932114157000072 ], [ 17.075164022000109, 47.927773336000072 ], [ 17.080124959000045, 47.925757955000037 ], [ 17.085395955000081, 47.924621074000029 ], [ 17.087463013000047, 47.922631531 ], [ 17.083328898000104, 47.904829 ], [ 17.077541138000129, 47.891729025000089 ], [ 17.067619262000051, 47.881626282000056 ], [ 17.051186157000075, 47.872892965000077 ], [ 17.016562948000086, 47.867699483000067 ], [ 17.004057251000091, 47.86328114800007 ], [ 17.004367310000077, 47.852377421000099 ], [ 17.010671834000078, 47.847881572000077 ], [ 17.031652466000082, 47.841344504000105 ], [ 17.03950728300012, 47.837365418000033 ], [ 17.049119100000041, 47.818684388000051 ], [ 17.055630330000099, 47.812354025000033 ], [ 17.040644165000117, 47.80111440000006 ], [ 17.041987752000097, 47.783906149000089 ], [ 17.048705689000116, 47.763648987000082 ], [ 17.05056604000012, 47.730989482000027 ], [ 17.055526977000056, 47.720912578000068 ], [ 17.064001912000066, 47.713290304000012 ], [ 17.075370728000053, 47.708484396000088 ], [ 17.054803508000077, 47.702024842000057 ], [ 16.981939738000079, 47.695436096000051 ], [ 16.902668091000123, 47.68202606200002 ], [ 16.864737589000129, 47.686728617000071 ], [ 16.850164836000147, 47.712928569 ], [ 16.83693566900007, 47.705357971000055 ], [ 16.81729862500012, 47.684248149000027 ], [ 16.806239868000119, 47.676884257000026 ], [ 16.797454874000039, 47.675463156000021 ], [ 16.741127564000124, 47.681457622000053 ], [ 16.730378866000109, 47.685901795000049 ], [ 16.719216756000094, 47.693730774000088 ], [ 16.711568644000096, 47.704066061 ], [ 16.707847941000097, 47.714608053000049 ], [ 16.702473592000047, 47.723599752 ], [ 16.689864543000112, 47.729568380000032 ], [ 16.60976607300006, 47.750626526000062 ], [ 16.567804810000041, 47.75419220000002 ], [ 16.531114542000068, 47.742978415000081 ], [ 16.525120076000064, 47.733314921000058 ], [ 16.526877075000129, 47.720137431000055 ], [ 16.521399373000122, 47.711533305000032 ], [ 16.512924438000141, 47.706003927000026 ], [ 16.473030232000099, 47.691767070000068 ], [ 16.461144653000076, 47.684532370000099 ], [ 16.454530070000061, 47.68176768000005 ], [ 16.449879191000093, 47.682413635000032 ], [ 16.444918254000072, 47.685540060000065 ], [ 16.439130493000079, 47.690475159000087 ], [ 16.431792440000095, 47.68546254500005 ], [ 16.416599568000066, 47.668822734000017 ], [ 16.407814575000089, 47.661329651000088 ], [ 16.425901326000087, 47.654275818000073 ], [ 16.481918579000109, 47.638953756000021 ], [ 16.509617147000142, 47.643139547000047 ], [ 16.575452921000107, 47.624949443 ], [ 16.60842248600008, 47.628773499000047 ], [ 16.630229940000106, 47.622003886000087 ], [ 16.647696574000065, 47.606139221 ], [ 16.656171509000046, 47.585933737000104 ], [ 16.650590454000053, 47.56655507400005 ], [ 16.667540324000129, 47.560095521000065 ], [ 16.681389608000103, 47.550561219000073 ], [ 16.689141072000012, 47.538029684 ], [ 16.68800419100009, 47.522630107000097 ], [ 16.677358846000118, 47.509866028000047 ], [ 16.64821333900008, 47.501546122000079 ], [ 16.636844523000093, 47.493200378 ], [ 16.640875284000089, 47.452918600000046 ], [ 16.626973417000045, 47.445548935000019 ], [ 16.589405558000124, 47.425633444000042 ], [ 16.481918579000109, 47.392302145000073 ], [ 16.469929647000043, 47.405531312000093 ], [ 16.456597128000027, 47.411835836000094 ], [ 16.444091430000128, 47.409510397000062 ], [ 16.433962850000086, 47.396849671000027 ], [ 16.436443319000148, 47.358505758000021 ], [ 16.434272908000054, 47.355560201000102 ], [ 16.429311971000118, 47.353803202000037 ], [ 16.424971150000118, 47.351116028 ], [ 16.424351034000068, 47.345199077000089 ], [ 16.427141561000042, 47.341375020000058 ], [ 16.431689087000052, 47.33972137500011 ], [ 16.436133260000076, 47.338558655000085 ], [ 16.43882043500011, 47.336569113000039 ], [ 16.469206177000046, 47.29323842400008 ], [ 16.473236938000042, 47.276805319000104 ], [ 16.46662235500014, 47.263421123000072 ], [ 16.452463012000095, 47.254584453000078 ], [ 16.421353800000048, 47.243138123000065 ], [ 16.421353800000048, 47.243034770000023 ], [ 16.424661092000065, 47.225593974000091 ], [ 16.409261515000082, 47.203683166000033 ], [ 16.41277551200011, 47.187172546000042 ], [ 16.418769979000047, 47.183658550000089 ], [ 16.426728149000013, 47.184123637000127 ], [ 16.435099732000083, 47.183581034000085 ], [ 16.441817667000123, 47.177121480000025 ], [ 16.442127727000099, 47.168336487000047 ], [ 16.433962850000086, 47.151283265000089 ], [ 16.433652792000089, 47.145753886000094 ], [ 16.447088664000148, 47.139707743000045 ], [ 16.480885051000115, 47.150766501000064 ], [ 16.497318156000091, 47.149681295000065 ], [ 16.50951379300011, 47.137537334000072 ], [ 16.504759563000107, 47.125832621000072 ], [ 16.481918579000109, 47.105239563000097 ], [ 16.46083459500008, 47.096299540000061 ], [ 16.454323364000118, 47.081700949 ], [ 16.461764771000048, 47.068497620000116 ], [ 16.481918579000109, 47.063898417000061 ], [ 16.493700805000117, 47.059815979000049 ], [ 16.497214803000077, 47.054622498000029 ], [ 16.493184041000063, 47.04914479600005 ], [ 16.481918579000109, 47.044209697000028 ], [ 16.437166788000042, 47.031781515000048 ], [ 16.424661092000065, 47.024081726000034 ], [ 16.453289836000124, 47.02167877300009 ], [ 16.467552531000109, 47.0184231570001 ], [ 16.481918579000109, 47.00937978100005 ], [ 16.486362752000105, 46.998553569000094 ], [ 16.467449178000066, 46.99542714500005 ], [ 16.441404256000112, 46.995220439 ], [ 16.424764445000079, 46.993101705000029 ], [ 16.424764445000079, 46.9929983520001 ], [ 16.420423625000097, 46.99025950100004 ], [ 16.415566040000073, 46.989432679000018 ], [ 16.41039839600009, 46.990414531000098 ], [ 16.405024048000115, 46.993153382000045 ], [ 16.387764120000043, 47.002041728000066 ], [ 16.366576782000067, 47.003824565000045 ], [ 16.325855753000099, 47.000439758000098 ], [ 16.288545369000076, 47.00558156400011 ], [ 16.274902791000073, 47.004315491000071 ], [ 16.26539432800007, 46.99325673500006 ], [ 16.261053507000099, 46.978089702000048 ], [ 16.252991984000118, 46.973516338000096 ], [ 16.243070109000115, 46.972017721 ], [ 16.232941528000055, 46.96607493100008 ], [ 16.230357707000053, 46.959977112000033 ], [ 16.231184530000093, 46.95442189500001 ], [ 16.230667765000135, 46.948349915000065 ], [ 16.223949829000105, 46.941063538 ], [ 16.217025187000047, 46.937394511 ], [ 16.196147909000075, 46.931296692000032 ], [ 16.170723104000047, 46.918532613000067 ], [ 16.159147583000106, 46.910316061000046 ], [ 16.122870728000066, 46.876364645000095 ], [ 16.110054972000086, 46.867915548000028 ], [ 16.094035278000121, 46.862773743 ], [ 16.130245696000088, 46.856708498000089 ], [ 16.135376424000043, 46.855849101000032 ], [ 16.179486395000112, 46.858468339000027 ], [ 16.272008911000086, 46.863962301000029 ], [ 16.282240845000047, 46.859931539000044 ], [ 16.297392209000122, 46.847032943000031 ], [ 16.301877889000082, 46.843214213000081 ], [ 16.310662883000077, 46.84001027500004 ], [ 16.325338989000073, 46.839441834000084 ], [ 16.329783162000069, 46.834403382000104 ], [ 16.327509400000054, 46.825463359000068 ], [ 16.321824992000103, 46.813267721000059 ], [ 16.31490035000013, 46.802002259000105 ], [ 16.311097363000044, 46.797519062000063 ], [ 16.302187948000068, 46.78701609300002 ], [ 16.299489884000138, 46.779509942000075 ], [ 16.298157186000083, 46.775802308000081 ], [ 16.300430949000088, 46.772081605000082 ], [ 16.31417687900003, 46.743323670000066 ], [ 16.32554569500013, 46.733272604000021 ], [ 16.334123983000069, 46.721748759 ], [ 16.34342574100009, 46.714178162000039 ], [ 16.357275024000046, 46.71583180800009 ], [ 16.357585082000128, 46.699011129000027 ], [ 16.365383073000061, 46.696712468000086 ], [ 16.3662163730001, 46.69646683100008 ], [ 16.371434367000091, 46.694928691000101 ], [ 16.390037882000058, 46.694153545000106 ], [ 16.405024048000115, 46.687254741000018 ], [ 16.410501749000105, 46.668367005000093 ], [ 16.402607057000068, 46.663108786000052 ], [ 16.396652466000148, 46.659142762000087 ], [ 16.377635539000067, 46.652864075000068 ], [ 16.368437133000072, 46.642993876 ], [ 16.372245692000064, 46.636341263000062 ], [ 16.376395304000141, 46.629092916000033 ], [ 16.394585408000069, 46.619016012000074 ], [ 16.430242147000058, 46.604391582000105 ], [ 16.46713911900008, 46.564704082000034 ], [ 16.500832153000147, 46.544808655000011 ], [ 16.515301554000075, 46.501710510000109 ], [ 16.521089315000069, 46.498532410000038 ], [ 16.564290812000081, 46.479928894000082 ], [ 16.577623332000115, 46.470652975000078 ], [ 16.583721151000077, 46.470652975000078 ], [ 16.588061971000059, 46.479567159000098 ], [ 16.59426314300012, 46.4829778040001 ], [ 16.602117960000072, 46.482047628000075 ], [ 16.611109660000096, 46.478068542000088 ], [ 16.637671346000047, 46.474477031 ], [ 16.659272095000091, 46.464193421000019 ], [ 16.677462199000047, 46.448690491000022 ], [ 16.693585246000112, 46.429621888000028 ], [ 16.712395467000135, 46.412672018000123 ], [ 16.742884562000114, 46.399623718000058 ], [ 16.755080200000123, 46.381872864000044 ], [ 16.761901489000081, 46.381872864000044 ], [ 16.769342895000108, 46.396109721000116 ], [ 16.776474243000052, 46.392879944000029 ], [ 16.803449341000061, 46.388694153000088 ], [ 16.807893514000085, 46.387350566000052 ], [ 16.812337687000081, 46.385025127000105 ], [ 16.816575154000134, 46.381976217000087 ], [ 16.820915975000105, 46.378100485000019 ], [ 16.82753055800012, 46.374018046000018 ], [ 16.830217732000051, 46.377351176000033 ], [ 16.832388143000031, 46.38192454100006 ], [ 16.837659139000067, 46.381872864000044 ], [ 16.850474894000058, 46.37306203200005 ], [ 16.859410685000086, 46.364757909000062 ], [ 16.865461060000115, 46.359135234000078 ], [ 16.875072876000047, 46.342857158000058 ], [ 16.87176558400003, 46.327199199000077 ], [ 16.879311877000134, 46.312061961000055 ], [ 16.889232218000075, 46.29216257800006 ], [ 16.896053507000119, 46.28627146400008 ], [ 16.903288208000106, 46.281930644000099 ], [ 16.940701945000058, 46.251493226000022 ], [ 16.965299926000057, 46.219453837000017 ], [ 16.974808390000135, 46.210565491000111 ], [ 17.028035116000098, 46.180489808000047 ], [ 17.036303344000146, 46.17299672500009 ], [ 17.0412642820001, 46.162196351000048 ], [ 17.052943156000055, 46.153463033 ], [ 17.101208943000074, 46.128193258000024 ], [ 17.116195109000046, 46.123128967000056 ], [ 17.197327108000081, 46.121165263000094 ], [ 17.208592570000064, 46.116566060000068 ], [ 17.248590128000018, 46.080237529 ], [ 17.25406783000011, 46.070832418000052 ], [ 17.266573527000105, 46.038793030000036 ], [ 17.268950643000068, 46.028716126000077 ], [ 17.275875285000041, 46.012024638000057 ], [ 17.291481567000062, 46.007942200000045 ], [ 17.307811320000098, 46.006391907000122 ], [ 17.316803019000048, 45.997658590000057 ], [ 17.309361613000135, 45.996625061000074 ], [ 17.296959270000059, 45.992645976000077 ], [ 17.290137980000111, 45.991457418000081 ], [ 17.290137980000111, 45.984636129000123 ], [ 17.304814087000096, 45.981018778000035 ], [ 17.306613213000105, 45.979914052000126 ], [ 17.316596314000094, 45.973784078000065 ], [ 17.327138306000052, 45.972027079999989 ], [ 17.337887003000077, 45.984636129000123 ], [ 17.34367476400007, 45.967531230000063 ], [ 17.342124471000119, 45.958642883000053 ], [ 17.345328410000093, 45.955697327000067 ], [ 17.365275512000039, 45.956730855000032 ], [ 17.389150024000116, 45.963087057000067 ], [ 17.399692017000064, 45.959934794 ], [ 17.406203247000036, 45.943656718000071 ], [ 17.411577596000114, 45.946602275000075 ], [ 17.415401652000128, 45.949702860000016 ], [ 17.418192179000101, 45.953010152000033 ], [ 17.426667114000111, 45.956730855000032 ], [ 17.511933228000061, 45.953940328000087 ], [ 17.55430790200009, 45.947790832000109 ], [ 17.59110152100007, 45.936215312000073 ], [ 17.638437134000128, 45.901333720000068 ], [ 17.64577518700014, 45.891825256000104 ], [ 17.646912069000052, 45.883712057000096 ], [ 17.652079712000045, 45.868829244000054 ], [ 17.653216593000053, 45.857357076000127 ], [ 17.654669375000083, 45.852113441000043 ], [ 17.65652388500007, 45.845419820000089 ], [ 17.664688761000065, 45.841647441000063 ], [ 17.687323038000045, 45.84061391300007 ], [ 17.809176066000134, 45.814413961000056 ], [ 17.838218221000119, 45.799634501000057 ], [ 17.857958618000083, 45.775863342 ], [ 17.858061971000012, 45.771729228000069 ], [ 17.870050903000077, 45.77348622600006 ], [ 17.875735311000113, 45.780669251000106 ], [ 17.880489542000106, 45.788524068000029 ], [ 17.889791300000127, 45.792141418000099 ], [ 17.906234389000133, 45.792141418000099 ], [ 17.975367472000102, 45.792141418000099 ], [ 18.08047733500004, 45.771729228000069 ], [ 18.092052856000095, 45.771729228000069 ], [ 18.102904907000038, 45.774623108000057 ], [ 18.120164835000139, 45.783408102000053 ], [ 18.128949829000106, 45.785371806000072 ], [ 18.211218709000065, 45.785371806000072 ], [ 18.229822225000134, 45.781237692000062 ], [ 18.260518026000057, 45.765114644000064 ], [ 18.283255655000062, 45.764907939000111 ], [ 18.300515584000038, 45.751833802000064 ], [ 18.317672160000086, 45.747286275000121 ], [ 18.334932088000073, 45.751988831000105 ], [ 18.351158488000095, 45.758396709000053 ], [ 18.367178182000146, 45.758190003 ], [ 18.383817993000065, 45.743203837000024 ], [ 18.384128052000051, 45.743100484000095 ], [ 18.390742635000066, 45.741808574000046 ], [ 18.39756392400011, 45.741343486000019 ], [ 18.404385213000069, 45.741808574000046 ], [ 18.411723267000042, 45.743203837000024 ], [ 18.430740194000123, 45.753642477000042 ], [ 18.465466756000069, 45.783718160000021 ], [ 18.481796509000077, 45.791417949000035 ], [ 18.504224081000075, 45.784028219 ], [ 18.530269002000068, 45.790849508000051 ], [ 18.573470499000109, 45.81668772400009 ], [ 18.58545943200005, 45.826919658000051 ], [ 18.607370239000119, 45.856685282000043 ], [ 18.622149699000119, 45.868415833000043 ], [ 18.623596639000112, 45.868674215000013 ], [ 18.626283813000043, 45.874823711 ], [ 18.629281046000074, 45.886864319000054 ], [ 18.633001750000062, 45.891928610000022 ], [ 18.655636027000128, 45.90758656800007 ], [ 18.674342896000098, 45.910377096000033 ], [ 18.723848918000073, 45.89843984 ], [ 18.763329712000086, 45.883970439000066 ], [ 18.775525350000095, 45.882833557000069 ], [ 18.785963989000038, 45.88691599600007 ], [ 18.790408162000034, 45.89389231400007 ], [ 18.794852336000133, 45.90303904200006 ], [ 18.804877563000076, 45.913632711000034 ], [ 18.817796672000071, 45.905467835000096 ], [ 18.822450672000031, 45.90558190400013 ], [ 18.828338664000057, 45.905726217000066 ], [ 18.84539188700009, 45.913942770000105 ], [ 18.865442342000023, 45.91807688400003 ], [ 18.876604452000066, 45.922417705000029 ], [ 18.88652632700007, 45.930427552000097 ], [ 18.90130578600008, 45.931202698 ], [ 18.962697388000066, 45.927947083 ], [ 18.981817668000133, 45.921849264000045 ], [ 18.987502076000084, 45.923812969 ], [ 18.988742310000134, 45.927016907000066 ], [ 18.986468547000101, 45.931254375000023 ], [ 18.978820434000028, 45.939780986000031 ], [ 18.977683553000134, 45.94350168900003 ], [ 18.978717081000099, 45.947170716000031 ], [ 18.981817668000133, 45.950788066000101 ], [ 19.005588827000111, 45.962570293000013 ], [ 19.030910279000096, 45.960038147000049 ], [ 19.048583618000094, 45.963448792000051 ], [ 19.049720500000092, 45.993111064000018 ], [ 19.065430135000071, 46.012024638000057 ], [ 19.088477824000023, 46.0188459270001 ], [ 19.111008748000046, 46.012954814000111 ], [ 19.125788208000074, 45.993266093000059 ], [ 19.125788208000074, 45.993111064000018 ], [ 19.1480090740001, 45.984067688000053 ], [ 19.235652303000109, 45.977711487000036 ], [ 19.263454223000082, 45.981432190000035 ], [ 19.274823039000069, 45.991612448000112 ], [ 19.279473918000122, 46.003808086000035 ], [ 19.286915324000063, 46.016158753000084 ], [ 19.298314567000062, 46.022122790000068 ], [ 19.30696577900008, 46.026649069000129 ], [ 19.325155884000139, 46.02949127300009 ], [ 19.362156209000091, 46.029646301000056 ], [ 19.378899373000138, 46.033677064000031 ], [ 19.389131307000127, 46.041531881000068 ], [ 19.396572713000126, 46.051557108000097 ], [ 19.404737590000053, 46.060238750000067 ], [ 19.417243286000144, 46.064321188000079 ], [ 19.428302043000144, 46.065509746000075 ], [ 19.436880330000093, 46.067990214000062 ], [ 19.45372684700007, 46.077550355000071 ], [ 19.4608581950001, 46.084474996000054 ], [ 19.465922485000078, 46.091968079000068 ], [ 19.472950480000094, 46.098686016 ], [ 19.499305461000063, 46.108607890000101 ], [ 19.496721639000043, 46.116876120000043 ], [ 19.489280233000045, 46.126022848000034 ], [ 19.487523234000065, 46.134239401000073 ], [ 19.501992635000079, 46.145608215000053 ], [ 19.525247029000099, 46.156408590000083 ], [ 19.549948364000102, 46.164160055000096 ], [ 19.568448527000044, 46.166433818000101 ], [ 19.589739217000044, 46.165968730000074 ], [ 19.647823527000099, 46.173875224000128 ], [ 19.669320923000043, 46.173100077000029 ], [ 19.690094848000086, 46.168397522000035 ], [ 19.711888678000065, 46.158709866000081 ], [ 19.772983846000102, 46.131552226000039 ], [ 19.790450480000061, 46.129071758000052 ], [ 19.873648872000103, 46.152992386000037 ], [ 19.888945760000126, 46.15739044200005 ], [ 19.929150024000137, 46.163539938000028 ], [ 19.993125447000125, 46.159405823 ], [ 20.034983357000101, 46.142972718000053 ], [ 20.063405396000121, 46.145298157000056 ], [ 20.088623495000064, 46.154134827000078 ], [ 20.098442017000139, 46.154961650000089 ], [ 20.114771769000072, 46.152222799000057 ], [ 20.120146118000036, 46.149225566000027 ], [ 20.130378051000037, 46.139355368000068 ], [ 20.138026164000109, 46.136461487000062 ], [ 20.145364217000093, 46.137081604000045 ], [ 20.170478964000012, 46.145504862000038 ], [ 20.188462361000092, 46.140388896000033 ], [ 20.24282596900008, 46.108091126000048 ], [ 20.305664510000042, 46.053572490000036 ], [ 20.317653443000097, 46.038586324000065 ], [ 20.338634074000112, 45.992801005000032 ], [ 20.353930298000051, 45.976677959000043 ], [ 20.370983521000085, 45.967789612000033 ], [ 20.41025760900007, 45.955593974000024 ], [ 20.429067830000065, 45.946705628000117 ], [ 20.481674439000074, 45.912702535000065 ], [ 20.499864543000115, 45.906656392000045 ], [ 20.538001749000074, 45.90371083600003 ], [ 20.556708618000073, 45.89843984 ], [ 20.572108195000055, 45.887691142000065 ], [ 20.60528446400005, 45.846143291 ], [ 20.612312459000066, 45.841492412000022 ], [ 20.629675740000096, 45.833275858 ], [ 20.636703735000083, 45.827023011000094 ], [ 20.640114380000114, 45.81870310500004 ], [ 20.642284790000105, 45.798342590000104 ], [ 20.643489560000148, 45.79514134500009 ], [ 20.645902140000089, 45.788730775 ], [ 20.655617310000139, 45.777310283000091 ], [ 20.678561646000077, 45.756639709000055 ], [ 20.688070109000137, 45.743100484000095 ], [ 20.700059041000117, 45.735400696000099 ], [ 20.713391561000037, 45.733333639000037 ], [ 20.726827433000068, 45.736175842000094 ], [ 20.739436482000116, 45.743410543000081 ], [ 20.745327596000095, 45.754986064000022 ], [ 20.754112590000091, 45.763564352000046 ], [ 20.765171346000102, 45.76676829100002 ], [ 20.777470337000125, 45.762324117 ], [ 20.785738566000077, 45.752557272000061 ], [ 20.785531861000038, 45.743410543000081 ], [ 20.781604451000078, 45.733953756000105 ], [ 20.779123982000101, 45.723670146000117 ], [ 20.779950806000102, 45.671683655 ], [ 20.777263631000096, 45.657524312000035 ], [ 20.773232869000083, 45.648894349 ], [ 20.762174113000071, 45.630600891000128 ], [ 20.754422648000087, 45.605589499000033 ], [ 20.758039998000072, 45.589259746 ], [ 20.787392212000043, 45.553654684000023 ], [ 20.800207967000119, 45.530503642000028 ], [ 20.797624146000118, 45.516499329000013 ], [ 20.783154745000076, 45.506060690000069 ], [ 20.760727173000078, 45.493348288000035 ], [ 20.767135050000036, 45.479343974000031 ], [ 20.781604451000078, 45.472574361000071 ], [ 20.799484497000037, 45.4685436 ], [ 20.816020955000113, 45.462859192000039 ], [ 20.830387004000016, 45.452523906000053 ], [ 20.8630465090001, 45.418727519000058 ], [ 20.927642050000145, 45.377489726000064 ], [ 20.966192667000115, 45.341574605000076 ], [ 20.981488891000083, 45.332789612000013 ], [ 21.016668402000107, 45.321481912000095 ], [ 21.063964478000088, 45.306279602000089 ], [ 21.074299764000102, 45.300543518000055 ], [ 21.082774699000083, 45.293670553000069 ], [ 21.091559692000089, 45.288089498000048 ], [ 21.103341919000087, 45.286074117000013 ], [ 21.113057088000119, 45.289329732000098 ], [ 21.129180135000098, 45.301887105 ], [ 21.139412069000088, 45.303695781 ], [ 21.155638469000081, 45.295169170000079 ], [ 21.189744914000073, 45.259564108000106 ], [ 21.206074666000092, 45.245921529 ], [ 21.239250936000104, 45.229385071000095 ], [ 21.257130982000064, 45.224114075000088 ], [ 21.299298950000036, 45.223183899000034 ], [ 21.405545695000086, 45.199671122000026 ], [ 21.43376102700006, 45.188819071000083 ], [ 21.459392537000042, 45.174039612000072 ], [ 21.48438838900006, 45.152701690000086 ], [ 21.493292277000137, 45.145100810000102 ], [ 21.497839803000062, 45.13187164300011 ], [ 21.494119100000148, 45.119314270000089 ], [ 21.481510051000043, 45.111562806000094 ], [ 21.469004353000031, 45.111046041000051 ], [ 21.458565715000105, 45.107325338000052 ], [ 21.449987427000082, 45.101020813000034 ], [ 21.442442667000108, 45.092907613000122 ], [ 21.443786255000077, 45.091460674000032 ], [ 21.44440637200006, 45.085259502000056 ], [ 21.44440637200006, 45.077869772000057 ], [ 21.443786255000077, 45.072908834000103 ], [ 21.440995727000114, 45.068723043000048 ], [ 21.43252079200002, 45.061488343000079 ], [ 21.429523560000092, 45.057302552000053 ], [ 21.425596150000047, 45.04324656200005 ], [ 21.425079386000107, 45.036218567000034 ], [ 21.421875447000048, 45.031412659000026 ], [ 21.409266398000113, 45.023971253000084 ], [ 21.398827758000067, 45.021387431000093 ], [ 21.373299601000042, 45.020095520000055 ], [ 21.363377726000124, 45.016529847000086 ], [ 21.356143026000069, 45.008571676000102 ], [ 21.351388794000087, 44.998236389000013 ], [ 21.353455852000138, 44.98981313100002 ], [ 21.366995077000126, 44.98728098600013 ], [ 21.383944946000042, 44.986660869000062 ], [ 21.387045532000059, 44.981544902000067 ], [ 21.384565063000082, 44.97493031900008 ], [ 21.385185181000054, 44.969504293000099 ], [ 21.408439575000074, 44.958342183000056 ], [ 21.456498657000054, 44.952347717000052 ], [ 21.481510051000043, 44.943562724000046 ], [ 21.516339966000089, 44.93389923200003 ], [ 21.531016073000075, 44.92464915 ], [ 21.539077596000084, 44.908474426000012 ], [ 21.536287068000036, 44.889302470000089 ], [ 21.522127727000083, 44.880775859 ], [ 21.481510051000043, 44.872610983000058 ], [ 21.453398072000084, 44.86956207300004 ], [ 21.395313761000097, 44.871629130000102 ], [ 21.368545369000032, 44.864859517000056 ], [ 21.355522908000097, 44.856591288000018 ], [ 21.346427857000037, 44.84563588500005 ], [ 21.342810506000149, 44.831941631000021 ], [ 21.359799635000115, 44.826657221000048 ], [ 21.360587199000065, 44.826412252000026 ], [ 21.378570597000078, 44.816645407000053 ], [ 21.395933879000069, 44.790238749000096 ], [ 21.412160278000101, 44.78481272400002 ], [ 21.497219686000108, 44.778043111000088 ], [ 21.558404582000037, 44.781660461000072 ], [ 21.578041626000072, 44.777681377000064 ], [ 21.595611612000141, 44.765950826000093 ], [ 21.604293254000083, 44.749982809000059 ], [ 21.610287720000116, 44.731947734000059 ], [ 21.619692830000076, 44.713912659000059 ], [ 21.65627974500012, 44.687661032000037 ], [ 21.705165649000094, 44.677067363000035 ], [ 21.756842081000059, 44.677274069000092 ], [ 21.801697225000026, 44.683888652000078 ], [ 21.838284139000081, 44.69520579000006 ], [ 21.855440715000043, 44.69846140500006 ], [ 21.871977173000118, 44.695980937000073 ], [ 21.96241093000009, 44.662287903000035 ], [ 21.994346964000073, 44.6585672 ], [ 22.004268839000076, 44.651539205000105 ], [ 22.032174113000053, 44.603325094000112 ], [ 22.034242904000081, 44.596168195000089 ], [ 22.036173617000117, 44.589488970000062 ], [ 22.039822225000137, 44.576866761000119 ], [ 22.045196574000101, 44.569218649000035 ], [ 22.055738566000059, 44.562138977000117 ], [ 22.067107381000142, 44.557229717000084 ], [ 22.076305786000148, 44.550718486 ], [ 22.08695113100012, 44.521779683000048 ], [ 22.104314412000065, 44.509635722000056 ], [ 22.126638631000105, 44.502659403000067 ], [ 22.148239380000092, 44.500902405000076 ], [ 22.172113892000084, 44.50534657900009 ], [ 22.185136352000114, 44.515113424000035 ], [ 22.299031209000049, 44.661667786000052 ], [ 22.304922323000142, 44.677377422000021 ], [ 22.319701782000067, 44.685335592000072 ], [ 22.361146281000032, 44.692053528000102 ], [ 22.380679973000042, 44.700528463000111 ], [ 22.415509887000098, 44.72781362000002 ], [ 22.426051880000074, 44.733653056000023 ], [ 22.450546508000116, 44.732981263000042 ], [ 22.468943319000118, 44.730190736000068 ], [ 22.483722778000129, 44.723989563000075 ], [ 22.553279256000053, 44.669160869000095 ], [ 22.587489054000031, 44.649368795000029 ], [ 22.621182088000097, 44.637431539000076 ], [ 22.700143676000039, 44.630610251000022 ], [ 22.714716431000113, 44.623065491000077 ], [ 22.765152628000095, 44.582809550000022 ], [ 22.759261515000105, 44.564671123 ], [ 22.741691528000047, 44.551855367000101 ], [ 22.719367309000063, 44.544362285 ], [ 22.700143676000039, 44.541830140000101 ], [ 22.67854292800007, 44.545550843000015 ], [ 22.642162719000083, 44.563120830000074 ], [ 22.621182088000097, 44.569218649000035 ], [ 22.600304810000125, 44.56978709 ], [ 22.580461059000129, 44.565497946000036 ], [ 22.565578247000076, 44.555421041000088 ], [ 22.5597904870001, 44.538781230000055 ], [ 22.556689900000066, 44.521469625000051 ], [ 22.548421672000103, 44.511702779000117 ], [ 22.535502563000108, 44.507516988000063 ], [ 22.500362590000066, 44.506380107000055 ], [ 22.49106083200013, 44.504209697000064 ], [ 22.484136189000139, 44.499765524000068 ], [ 22.479795370000062, 44.490412090000021 ], [ 22.477211548000071, 44.476976217000086 ], [ 22.477004842000014, 44.463953756000038 ], [ 22.480002075000129, 44.455788880000014 ], [ 22.500982706000116, 44.441939596000068 ], [ 22.50542688000013, 44.435014954000067 ], [ 22.506357056000098, 44.427521871000053 ], [ 22.503979940000136, 44.411708883000031 ], [ 22.505116821000058, 44.404060771000061 ], [ 22.522686808000117, 44.375070292000075 ], [ 22.549351847000082, 44.348973694000094 ], [ 22.582838175000063, 44.32840647400009 ], [ 22.621182088000097, 44.315900778000113 ], [ 22.66252323400002, 44.311663310000071 ], [ 22.6815401610001, 44.305307109000026 ], [ 22.689498332000142, 44.29171620800004 ], [ 22.685364217000114, 44.24365712500007 ], [ 22.690738566000078, 44.22887766500007 ], [ 22.691640373000098, 44.228434539 ], [ 22.906435995000095, 44.122889303000065 ], [ 22.942609497000035, 44.111468811000051 ], [ 22.988084757000081, 44.107024638000055 ], [ 23.008306709000095, 44.100446413000057 ], [ 23.03097619600004, 44.093072002000056 ], [ 23.040071248000089, 44.062324524000118 ], [ 23.023018025000084, 44.031628723000082 ], [ 22.988084757000081, 44.017676087000083 ], [ 22.96627730300014, 44.015557353000091 ], [ 22.926486450000141, 44.006152243000045 ], [ 22.905815877000123, 44.003981832000065 ], [ 22.885868774000102, 43.994525045000088 ], [ 22.874706665000076, 43.972045797000092 ], [ 22.850522095000088, 43.896985779 ], [ 22.851038859000141, 43.874351502000039 ], [ 22.863441203, 43.855412089000097 ], [ 22.888762655000079, 43.839521587000078 ], [ 22.919561808000054, 43.834224752000026 ], [ 23.052551215000108, 43.842819856000048 ], [ 23.13184859200004, 43.847944845000072 ], [ 23.161924275000104, 43.857324117000118 ], [ 23.196960896000121, 43.862750143000071 ], [ 23.23447798700002, 43.877297059000043 ], [ 23.325150732000054, 43.886592281000063 ], [ 23.484695272000096, 43.880604350000041 ], [ 23.592699016000068, 43.837428691000113 ], [ 23.620853516000068, 43.834009930000022 ], [ 23.636107219000053, 43.832157695000078 ], [ 23.720753215000059, 43.845826111000079 ], [ 23.742870727000053, 43.842699687000035 ], [ 23.799921509000058, 43.818463440000059 ], [ 24.149605832000134, 43.754719949000062 ], [ 24.159382772000129, 43.752937724000063 ], [ 24.336705387000052, 43.759250925000075 ], [ 24.35823368400014, 43.760017395000077 ], [ 24.375493612000042, 43.763867290000022 ], [ 24.431200806000078, 43.794175517000056 ], [ 24.46634077900012, 43.802417908000095 ], [ 24.500137166000115, 43.799498190000108 ], [ 24.661763224000083, 43.755656716000047 ], [ 24.705602661000057, 43.743765158000045 ], [ 24.752628215000101, 43.738804220000091 ], [ 24.963674764000075, 43.749604594000047 ], [ 25.08160038200009, 43.718934631000096 ], [ 25.211308227000131, 43.711880799000099 ], [ 25.252339315000086, 43.704646098000026 ], [ 25.285404775000075, 43.690391315000099 ], [ 25.288719523000083, 43.688962301000075 ], [ 25.323032674000103, 43.669712830000051 ], [ 25.359619588000044, 43.654287415000042 ], [ 25.403131144000071, 43.650049948000103 ], [ 25.426075480000094, 43.654390767000066 ], [ 25.467416626000045, 43.6677491250001 ], [ 25.482450035000113, 43.669714753 ], [ 25.488758993000118, 43.670539653000063 ], [ 25.533820841000079, 43.668679301000068 ], [ 25.556558472000063, 43.670358785000118 ], [ 25.575058634000072, 43.67738678000002 ], [ 25.593868856000086, 43.680668234 ], [ 25.616503134000141, 43.687747904000034 ], [ 25.637897176000138, 43.697282207000043 ], [ 25.653503458000102, 43.708134257000083 ], [ 25.671383504000062, 43.717358500000088 ], [ 25.73294793700012, 43.718781011000019 ], [ 25.739596395000092, 43.718934631000096 ], [ 25.781144246000082, 43.732008769000075 ], [ 25.804398641000091, 43.759914042000034 ], [ 25.806258993000085, 43.76366058400005 ], [ 25.839331909000094, 43.788439433000079 ], [ 25.869304240000133, 43.800893453000086 ], [ 25.916433146000116, 43.844379171000085 ], [ 25.924494670000115, 43.858616028000071 ], [ 25.93400313300009, 43.870320740000054 ], [ 26.054305868000085, 43.934322001000041 ], [ 26.061643921000098, 43.949773254000021 ], [ 26.079317260000096, 43.969048564000062 ], [ 26.116214233000107, 43.99886586500007 ], [ 26.150734091000089, 44.012405090000058 ], [ 26.231452678000039, 44.027494609000044 ], [ 26.310517619000109, 44.052609355000058 ], [ 26.332335498000106, 44.054926298000012 ], [ 26.41579067300006, 44.063788794000018 ], [ 26.614168335000102, 44.084855448000027 ], [ 26.647758016000125, 44.093382060000053 ], [ 26.667808471000086, 44.095087382000102 ], [ 26.677316935000079, 44.097051087000054 ], [ 26.697212361000084, 44.106094463000019 ], [ 26.708684530000085, 44.108109843000065 ], [ 26.753694702000104, 44.108109843000065 ], [ 26.789454793000033, 44.115964661000092 ], [ 26.884126017000142, 44.15653066 ], [ 27.001534871000075, 44.165108949000043 ], [ 27.027476441000118, 44.177046204000092 ], [ 27.100236857000084, 44.144490052000052 ], [ 27.20555342600008, 44.129245504 ], [ 27.226740763000066, 44.120718893000074 ], [ 27.251132039000083, 44.122372539000125 ], [ 27.252662458000145, 44.121518866000102 ], [ 27.269012085000043, 44.11239898700002 ], [ 27.264309530000048, 44.089764710000068 ], [ 27.285341838000079, 44.072453105000065 ], [ 27.341669149000069, 44.053074443000085 ], [ 27.353554728000091, 44.045271302000074 ], [ 27.372881714000073, 44.020724996000112 ], [ 27.383837117000041, 44.015092265000064 ], [ 27.57452315200004, 44.016280823 ], [ 27.633434285000135, 44.029768372000078 ], [ 27.656275268000059, 44.023877259000059 ], [ 27.676119019000055, 43.993543193000036 ], [ 27.682514976000078, 43.987256010000024 ], [ 27.72169763100004, 43.948739726000056 ], [ 27.787326701000069, 43.960418600000125 ], [ 27.856469767000135, 43.988633932000099 ], [ 27.912073608000071, 43.993336487000064 ], [ 27.912073608000071, 43.99323313400005 ], [ 27.935844767000106, 43.964397685 ], [ 27.981009969000098, 43.849340109000039 ], [ 28.014806355000076, 43.830038961000085 ], [ 28.221253703000059, 43.761981100000114 ], [ 28.434574015000123, 43.735212707000031 ], [ 28.578379754000082, 43.741278387000079 ], [ 28.577074180671932, 43.733106466575649 ], [ 28.579514622402201, 43.738472462034707 ], [ 28.581609701027446, 43.736290570054024 ], [ 28.652856125810047, 43.720568527615768 ], [ 28.767082374252738, 43.716105499869116 ], [ 28.859125274613746, 43.706759258218284 ], [ 29.049252445344507, 43.687453320714269 ], [ 29.129545826878854, 43.677259807494522 ], [ 29.243073986475707, 43.679453164032509 ], [ 29.345929069371522, 43.680304027908676 ], [ 29.480460715490295, 43.67935186080004 ], [ 29.625740409392932, 43.676418717450076 ], [ 29.78180629312655, 43.671499502300719 ], [ 29.948698651821957, 43.664588529836976 ], [ 30.126459934379085, 43.655679524590568 ], [ 30.315134778647888, 43.644765612143715 ], [ 30.428822142528276, 43.637413659812694 ], [ 30.815941984432328, 43.48575321861162 ], [ 30.932700930104005, 43.439800561646678 ], [ 31.193288536402207, 43.439856258183141 ], [ 31.330820012970065, 43.439885653391258 ], [ 31.109166666667107, 43.331666666666791 ], [ 31.09818220035632, 43.319794566714677 ], [ 30.75166666666675, 42.945277777777903 ], [ 30.605000000000388, 42.825277777778012 ], [ 30.569444444444599, 42.800833333333514 ], [ 29.975000000000335, 42.557500000000175 ], [ 29.826666666666966, 42.490000000000236 ], [ 29.572222222222564, 42.44 ], [ 29.345833333333672, 42.241111111111223 ], [ 28.646154044519221, 42.063262646526823 ], [ 28.323833333333539, 41.981333333333453 ], [ 28.040333333333621, 41.981333333333453 ], [ 28.029733158785632, 41.982446487017427 ], [ 28.036259174621534, 41.983058810316152 ], [ 28.033838749159059, 41.994406819219563 ], [ 28.020217657019344, 42.007258177123106 ], [ 28.015533327701235, 42.027771234554905 ], [ 28.007566623686486, 42.03289304471047 ], [ 28.006114129000082, 42.03156159100007 ], [ 28.003428582000083, 42.031480210000041 ], [ 28.000173373000052, 42.030462958000044 ], [ 28.011566602000073, 42.021389065000051 ], [ 28.019053582000083, 42.00844961100006 ], [ 28.020355665000068, 41.994574286000045 ], [ 28.013845248000052, 41.982652085000041 ], [ 28.016774936000047, 41.972560940000051 ], [ 27.981009969000098, 41.978524069000045 ], [ 27.965920451000102, 41.982141419000115 ], [ 27.91703454600011, 41.977903951000073 ], [ 27.903391968000108, 41.981056213000031 ], [ 27.876933634000096, 41.990719707000054 ], [ 27.852232300000111, 41.995448100000019 ], [ 27.843033895000104, 41.995758159 ], [ 27.824016968000137, 41.993484395000095 ], [ 27.819934529000108, 41.994698792000023 ], [ 27.815955445000043, 41.99513804200005 ], [ 27.81192468200004, 41.994698792000023 ], [ 27.807997274000087, 41.993484395000095 ], [ 27.804948364000069, 41.98343332900005 ], [ 27.804896687000053, 41.96989410400009 ], [ 27.802726278000137, 41.960049744000017 ], [ 27.818280884000075, 41.952866720000046 ], [ 27.815335327000071, 41.946794739000026 ], [ 27.802829631000066, 41.943074036 ], [ 27.789807170000131, 41.942686463000101 ], [ 27.776164592000043, 41.946122945000027 ], [ 27.723971395000063, 41.967594503000058 ], [ 27.687074422000109, 41.968602193000024 ], [ 27.609301392000106, 41.953486837000028 ], [ 27.606872599000042, 41.943513285 ], [ 27.603358602000071, 41.938629863000088 ], [ 27.598087606000064, 41.938604025000089 ], [ 27.590542847000108, 41.942893169000044 ], [ 27.582377970000067, 41.934883322000061 ], [ 27.572197713, 41.929844869000092 ], [ 27.55075199400008, 41.924212138000073 ], [ 27.55209558100006, 41.921835022000025 ], [ 27.554886108000119, 41.920336405000015 ], [ 27.557935018000137, 41.919070334000068 ], [ 27.560673869000084, 41.917675070000101 ], [ 27.55746993000011, 41.915504659000092 ], [ 27.55126875800002, 41.913101705000045 ], [ 27.548891642000086, 41.910879619000056 ], [ 27.56274092600006, 41.906435445000042 ], [ 27.546411173000109, 41.901164449000092 ], [ 27.533182007000107, 41.908063253000094 ], [ 27.509462524000071, 41.933177999000108 ], [ 27.494321330000048, 41.942841492000028 ], [ 27.420837443000096, 41.973718160000018 ], [ 27.396859578000061, 41.989324443000058 ], [ 27.374845418000092, 42.008703105000038 ], [ 27.332470744000091, 42.057433981000074 ], [ 27.305288940000082, 42.077587789000049 ], [ 27.273352906000099, 42.091747132000094 ], [ 27.238212931000078, 42.097922465000082 ], [ 27.216405477000137, 42.095622864000049 ], [ 27.203796427000015, 42.088129781000092 ], [ 27.181575561000074, 42.065883077000066 ], [ 27.178991740000072, 42.06187815400007 ], [ 27.178164917000061, 42.058364156000025 ], [ 27.173824097000079, 42.057072246000061 ], [ 27.149587849000085, 42.061826478000071 ], [ 27.127211954000103, 42.062575786000068 ], [ 27.116049845000077, 42.061826478000071 ], [ 27.100650268000095, 42.071102397000075 ], [ 27.083700398000076, 42.07841461200006 ], [ 27.065510294000035, 42.082703756000043 ], [ 27.047903041000097, 42.082919649000061 ], [ 27.046545044000084, 42.0829363000001 ], [ 27.022618856000094, 42.073892924000049 ], [ 27.000397990000067, 42.042809550000086 ], [ 26.981071004000086, 42.032861837 ], [ 26.967170044000113, 42.028495179000103 ], [ 26.958230021000105, 42.018237406000125 ], [ 26.950065144000064, 42.006170960000034 ], [ 26.938903035000038, 41.996223247000032 ], [ 26.930221395000075, 41.994517924000078 ], [ 26.911462850000078, 41.996791687 ], [ 26.901075887000076, 41.993484395000095 ], [ 26.890327189000061, 41.985422873000104 ], [ 26.881128784000055, 41.985526225000044 ], [ 26.871723674000094, 41.988135885000034 ], [ 26.860768269000118, 41.987903341000063 ], [ 26.850019572000093, 41.982864889000027 ], [ 26.837899181000097, 41.975219503000076 ], [ 26.827695353000109, 41.968783061000082 ], [ 26.819427124000072, 41.965656636000048 ], [ 26.808420044000087, 41.967878724000045 ], [ 26.78991988100006, 41.979945170000022 ], [ 26.780566447000126, 41.98343332900005 ], [ 26.768577515000061, 41.980771994000051 ], [ 26.746976766000103, 41.964493917000098 ], [ 26.736744833000103, 41.958964539000121 ], [ 26.717572876000105, 41.95731089300007 ], [ 26.62357344600008, 41.969041444000041 ], [ 26.605693400000092, 41.967413636000018 ], [ 26.589467, 41.958757834000053 ], [ 26.560631552000075, 41.935684306 ], [ 26.553293497000084, 41.931576030000073 ], [ 26.547092326000097, 41.926899312 ], [ 26.542958211000069, 41.920362244000032 ], [ 26.544715210000049, 41.916434835000061 ], [ 26.556807495000044, 41.910750427000025 ], [ 26.559804728000131, 41.907339783000097 ], [ 26.55897790500012, 41.901732890000076 ], [ 26.554740438000067, 41.89294789700007 ], [ 26.553603557000145, 41.887702739000062 ], [ 26.552894853000026, 41.88164332500007 ], [ 26.552053263000118, 41.874447734000043 ], [ 26.547815796000094, 41.856283468000115 ], [ 26.539547567000028, 41.837990011000059 ], [ 26.526111694000093, 41.824244080000099 ], [ 26.478362671000099, 41.813288676000028 ], [ 26.37552657100008, 41.816621806000043 ], [ 26.334185425000044, 41.789543355 ], [ 26.320026082000084, 41.765462138000132 ], [ 26.316305379000084, 41.743758036000045 ], [ 26.323230021000143, 41.723681743000085 ], [ 26.333358602000118, 41.713036397000096 ], [ 26.359610230000044, 41.714896749 ], [ 26.377386923000074, 41.710633443000049 ], [ 26.404362020000093, 41.691823222000025 ], [ 26.442809286000056, 41.684459331000127 ], [ 26.460379272000125, 41.678774923000091 ], [ 26.476192260000118, 41.675726013000045 ], [ 26.473195028000106, 41.661127421000074 ], [ 26.46441003400011, 41.648518372000055 ], [ 26.521150757000044, 41.616427308000041 ], [ 26.566522664000075, 41.598753967000036 ], [ 26.576444540000068, 41.591002503000041 ], [ 26.595461466000131, 41.612448222000054 ], [ 26.595254760000074, 41.604955139000126 ], [ 26.596288289000142, 41.597539571000098 ], [ 26.598562052000062, 41.590847473000096 ], [ 26.60228275500009, 41.58516306600005 ], [ 26.597838582000065, 41.573277487000027 ], [ 26.601662639000011, 41.547335917000069 ], [ 26.595461466000131, 41.537414043000084 ], [ 26.606106811000103, 41.523047994000066 ], [ 26.610964396000043, 41.505736389000063 ], [ 26.615925333000092, 41.468529358000055 ], [ 26.632151734000104, 41.41974680600002 ], [ 26.636389201000043, 41.399592998000045 ], [ 26.6365959070001, 41.378457337000086 ], [ 26.631738321000086, 41.357528382000098 ], [ 26.622643270000111, 41.34037180600005 ], [ 26.609724162000106, 41.330708313000017 ], [ 26.591120646000064, 41.329313050000039 ], [ 26.569623250000092, 41.333602194 ], [ 26.550606323000125, 41.341767070000017 ], [ 26.540167684000096, 41.351792298000035 ], [ 26.489318074000096, 41.310864563000038 ], [ 26.478776083000128, 41.309624329000073 ], [ 26.474435262000043, 41.306368714000101 ], [ 26.471954793000066, 41.301924540000087 ], [ 26.466373738000044, 41.297170309000094 ], [ 26.438468465000085, 41.283579407 ], [ 26.412113484000116, 41.265699361000046 ], [ 26.395060262000072, 41.258981425000016 ], [ 26.331704956000067, 41.254123841000094 ], [ 26.320542846000137, 41.246217347000069 ], [ 26.336045776000049, 41.228905742000066 ], [ 26.32550378500008, 41.206994935000083 ], [ 26.321059611000067, 41.187616272000028 ], [ 26.324160197000111, 41.169891256000099 ], [ 26.336045776000049, 41.152579651000011 ], [ 26.317338908000067, 41.130462138 ], [ 26.317338908000067, 41.122297262000089 ], [ 26.33232507300005, 41.119041647000088 ], [ 26.339456421000079, 41.114494121000078 ], [ 26.322403198000131, 41.088552552000024 ], [ 26.32509037300008, 41.074083151000096 ], [ 26.339043010000069, 41.051552226000055 ], [ 26.347621297000074, 41.040958558000071 ], [ 26.374182983000111, 41.031140035000121 ], [ 26.375009807000112, 41.019461162000042 ], [ 26.368085164000064, 41.00773061200006 ], [ 26.359610230000044, 41.002407939000094 ], [ 26.344624064000072, 41.001064352000057 ], [ 26.33594242300012, 40.997136943000086 ], [ 26.333151896000061, 40.990729065000053 ], [ 26.336045776000049, 40.981892395000031 ], [ 26.346484416000067, 40.971712138000058 ], [ 26.356199585000127, 40.968146465000089 ], [ 26.359093465000115, 40.964684143000071 ], [ 26.349068237000068, 40.954555563000028 ], [ 26.335012247000066, 40.946235657000059 ], [ 26.30648685700001, 40.93600372300007 ], [ 26.294394572000044, 40.926650289000023 ], [ 26.297288452000117, 40.922412821000066 ], [ 26.303282918000036, 40.915488180000082 ], [ 26.304006389000051, 40.909028626000051 ], [ 26.290673869000102, 40.906134745000045 ], [ 26.282198934000121, 40.907219951000044 ], [ 26.275170939000105, 40.910268860000073 ], [ 26.270003295000095, 40.914816386000027 ], [ 26.266489299000057, 40.920449118000036 ], [ 26.260391480000095, 40.920449118000036 ], [ 26.252226603000082, 40.900553691000042 ], [ 26.246335490000064, 40.891458639000078 ], [ 26.239204142000119, 40.885670878 ], [ 26.232382853000075, 40.885670878 ], [ 26.231142619000138, 40.889804993000027 ], [ 26.226181681000099, 40.899313457000105 ], [ 26.226285034000114, 40.888823140000042 ], [ 26.225251505000131, 40.883603821000023 ], [ 26.220910685000064, 40.881330058000017 ], [ 26.211918986000114, 40.879469706000108 ], [ 26.211195516000117, 40.874715475000116 ], [ 26.212539103000097, 40.873113505000092 ], [ 26.215122925000088, 40.872855123000093 ], [ 26.218636922000144, 40.871976623000066 ], [ 26.208715047000055, 40.868410950000012 ], [ 26.205821167000067, 40.865000305000066 ], [ 26.20509769700007, 40.858385722000079 ], [ 26.212022338000054, 40.847430319000111 ], [ 26.158278849000055, 40.812186991000019 ], [ 26.142982625000087, 40.793790182000023 ], [ 26.134507690000078, 40.767125143000086 ], [ 26.112286825000041, 40.746971334000094 ], [ 26.08159102400009, 40.735550842000109 ], [ 26.043955925000091, 40.738470770000049 ], [ 26.046885613000086, 40.74249909100007 ], [ 26.036476491831174, 40.75706409246466 ], [ 26.032697678055541, 40.751784205077229 ], [ 26.037222504515285, 40.743334412553338 ], [ 26.030023812848782, 40.737511158413554 ], [ 26.037108540627003, 40.729837417862825 ], [ 26.0234615210328, 40.720302283923502 ], [ 25.994908654910745, 40.703632666314832 ], [ 25.980780792100092, 40.699112975883338 ], [ 25.81110918384212, 40.64197416207827 ], [ 25.845430145984892, 40.594074451475024 ], [ 25.860539841840449, 40.575906656867005 ], [ 25.894298230379349, 40.531857854057023 ], [ 25.925935178466148, 40.486675171622153 ], [ 25.957059926674589, 40.438158612430328 ], [ 25.942320568040003, 40.42837844201182 ], [ 25.89191644788616, 40.389954431851891 ], [ 25.874339698518725, 40.377526349761581 ], [ 25.82713899137164, 40.347714793403327 ], [ 25.79771576407154, 40.331999694630355 ], [ 25.7407011250572, 40.316057325485446 ], [ 25.687432303558239, 40.297820140087708 ], [ 25.670360346353277, 40.290934625632559 ], [ 25.623267676562335, 40.274780441864124 ], [ 25.593008045585236, 40.265852343111476 ], [ 25.517624958825138, 40.248144470790919 ], [ 25.44175450876395, 40.227650239767115 ], [ 25.512208784608106, 40.14530627266663 ], [ 25.55498455929029, 40.082323049069629 ], [ 25.600973104425634, 40.01622676105643 ], [ 25.613266162303944, 40.001768749928203 ], [ 25.619071771745212, 39.989664169266064 ], [ 25.661096266279884, 39.92511175190603 ], [ 25.6896293077466, 39.880024638626367 ], [ 25.666969847380756, 39.830957528867089 ], [ 25.675527120580483, 39.725371183333777 ], [ 25.677613937133827, 39.681433542124324 ], [ 25.686500469221613, 39.60237673559817 ], [ 25.655528915127718, 39.5562034571239 ], [ 25.759126475606678, 39.502834068937489 ], [ 25.928697303138506, 39.417123483462262 ], [ 25.975942408015953, 39.394570739348353 ], [ 26.031853178681558, 39.386988896920144 ], [ 26.05699016786221, 39.388708513087749 ], [ 26.070560111060672, 39.387697296493371 ], [ 26.114732058937619, 39.403614207629772 ], [ 26.173905801112198, 39.418639687371808 ], [ 26.198918025546845, 39.419187102003377 ], [ 26.228111602868466, 39.42453154719334 ], [ 26.257841498086833, 39.422743507007368 ], [ 26.279646365987333, 39.425021899841141 ], [ 26.297245794458263, 39.431152331814872 ], [ 26.346942447636252, 39.436689500820137 ], [ 26.388510482273318, 39.429451327117306 ], [ 26.436589193037065, 39.42850777911093 ], [ 26.46600040089811, 39.421219112971926 ], [ 26.466325741440102, 39.414543201707602 ], [ 26.480879182328778, 39.387163902292571 ], [ 26.479125727370729, 39.356217410505394 ], [ 26.483126800361873, 39.343460115392361 ], [ 26.486065219134815, 39.323929691402498 ], [ 26.494343153014313, 39.282664712107135 ], [ 26.496668290809339, 39.277633187821664 ], [ 26.510671928466991, 39.270063105827859 ], [ 26.522743408681777, 39.255068764212325 ], [ 26.538649201499737, 39.238786442340739 ], [ 26.556984095539917, 39.223649082439465 ], [ 26.583772071823944, 39.216823283867768 ], [ 26.605222881131255, 39.207545515213553 ], [ 26.63766687542622, 39.187898703662484 ], [ 26.645092287079592, 39.166507020283063 ], [ 26.666005938523654, 39.141824009770573 ], [ 26.674494521505238, 39.125141575923351 ], [ 26.701839140364427, 39.096578488106957 ], [ 26.711392326395014, 39.089018333729399 ], [ 26.708257808651354, 39.061351480586694 ], [ 26.70464611062971, 39.049925222571204 ], [ 26.69723369238136, 39.008516406607157 ], [ 26.692968169245944, 38.962302495863526 ], [ 26.676307916277722, 38.923647118020426 ], [ 26.671653272680686, 38.915994847884122 ], [ 26.644712770478264, 38.880429894923793 ], [ 26.638406626265123, 38.860085011614274 ], [ 26.592895918811934, 38.831519122409787 ], [ 26.557381405228, 38.814219210448499 ], [ 26.472780487829652, 38.820981279462842 ], [ 26.397933814294504, 38.821048736710111 ], [ 26.317098959949476, 38.817914209073791 ], [ 26.193946988762946, 38.808176095450762 ], [ 26.151848303756566, 38.793886328591555 ], [ 26.180219888137685, 38.714440765829011 ], [ 26.191996686598031, 38.696431369712286 ], [ 26.217363867149174, 38.653181326756993 ], [ 26.227088527813549, 38.639614726338834 ], [ 26.243909274693635, 38.624154724761041 ], [ 26.264751411149177, 38.601966695306942 ], [ 26.27798792080614, 38.589854149349776 ], [ 26.282881893784747, 38.581785327631081 ], [ 26.323564374996295, 38.53933711031965 ], [ 26.327478702980073, 38.526447138225137 ], [ 26.338704538983507, 38.507978078825602 ], [ 26.343499761904923, 38.492498097009673 ], [ 26.332969690898835, 38.484424856921834 ], [ 26.32226707686425, 38.471873993090583 ], [ 26.302706760309064, 38.460334968184441 ], [ 26.284261921450934, 38.451489798615569 ], [ 26.246488993472667, 38.442659221446235 ], [ 26.230271944395099, 38.436064578317854 ], [ 26.225767001945883, 38.420842076900612 ], [ 26.21536175414181, 38.406508364669605 ], [ 26.211977704207925, 38.387159043455426 ], [ 26.213612168067471, 38.366780142389928 ], [ 26.220658912978791, 38.34562477116657 ], [ 26.191010027790753, 38.318848236956853 ], [ 26.184283861511261, 38.305680748468035 ], [ 26.17493327295233, 38.278971711075684 ], [ 26.170791122412709, 38.262529586871153 ], [ 26.173361086245563, 38.251789157244048 ], [ 26.210495036916683, 38.170541629193053 ], [ 26.220164216605582, 38.154503671107733 ], [ 26.223875408423709, 38.139029272283381 ], [ 26.232128079447506, 38.087620529364301 ], [ 26.236037920713812, 38.057333650727685 ], [ 26.258014105866437, 38.014188814062834 ], [ 26.272097388384054, 37.950672658516595 ], [ 26.287129166078529, 37.948871264297651 ], [ 26.353682290805438, 37.932218752693331 ], [ 26.384270759788137, 37.924044176997427 ], [ 26.466281317628983, 37.931762920522658 ], [ 26.530390444763469, 37.933796353319195 ], [ 26.568700525209323, 37.938874609975471 ], [ 26.643200319439529, 37.950051603798812 ], [ 26.687922388907509, 37.962336216143797 ], [ 26.757713057711754, 37.937117816734172 ], [ 26.777944705583991, 37.93063614014585 ], [ 26.809730857493491, 37.922459631806817 ], [ 26.849099870762785, 37.914686913670323 ], [ 26.903346856972234, 37.909358650881302 ], [ 26.924543396460734, 37.907820646505968 ], [ 26.957590098404552, 37.915799023406521 ], [ 26.973198379302175, 37.920919887243315 ], [ 27.028304316091607, 37.908483740032892 ], [ 27.08153206015686, 37.88701593353872 ], [ 27.109204441432013, 37.880230866161639 ], [ 27.115398346656718, 37.871751570478779 ], [ 27.146304741271024, 37.818664012734217 ], [ 27.164804634826424, 37.780616075671475 ], [ 27.14910412665435, 37.763218434383532 ], [ 27.131379448702859, 37.750736605210335 ], [ 27.123727237921827, 37.735150002470846 ], [ 27.104184262993527, 37.711288893168017 ], [ 27.095992259335617, 37.704391558024014 ], [ 27.078578821455636, 37.698735065171434 ], [ 27.059732144822874, 37.69689886988715 ], [ 27.054795959466333, 37.694294093298055 ], [ 27.0223842247525, 37.698378407537518 ], [ 27.000812234497346, 37.693875940022764 ], [ 26.99262795061972, 37.689146908103368 ], [ 26.967559023030788, 37.661292361053938 ], [ 26.942049449223077, 37.640632416452974 ], [ 26.943470140634787, 37.614580432741064 ], [ 26.948535515401886, 37.572592563995812 ], [ 27.015842509424488, 37.564931476906224 ], [ 27.035270977274052, 37.5589623662203 ], [ 27.054182844862794, 37.555225118344708 ], [ 27.06113890933355, 37.550670098946227 ], [ 27.078070113645254, 37.524816746695819 ], [ 27.092872554325112, 37.49883497485456 ], [ 27.096403896123206, 37.469435948310604 ], [ 27.098242631992122, 37.445053926497849 ], [ 27.103347903383337, 37.415386248177072 ], [ 27.092726187863406, 37.396766654857544 ], [ 27.131051273497803, 37.344895961679612 ], [ 27.170738058614887, 37.299635264855851 ], [ 27.189521306063853, 37.281007520980552 ], [ 27.221423611710748, 37.235569767431144 ], [ 27.205808347577545, 37.223470955920106 ], [ 27.137959707175014, 37.17723144417613 ], [ 27.131970428293016, 37.174850171598166 ], [ 27.135179411700904, 37.124183528547121 ], [ 27.155614782096762, 37.071554792320029 ], [ 27.15052299783838, 37.03803706415934 ], [ 27.118266987931463, 37.008368711347259 ], [ 27.14345405136379, 36.990898193497173 ], [ 27.168264896008367, 36.982013998747277 ], [ 27.179021260722919, 36.97444249582486 ], [ 27.203829120517781, 36.964084351811579 ], [ 27.226299034373312, 36.936953567453372 ], [ 27.248600354123312, 36.936195596350046 ], [ 27.270083130732161, 36.937980908892115 ], [ 27.284077106074051, 36.936429582859233 ], [ 27.320981118983696, 36.920299862448985 ], [ 27.37072327965609, 36.938036187520368 ], [ 27.39047846940619, 36.932137047686695 ], [ 27.434607097839631, 36.896515736012759 ], [ 27.451714284187233, 36.881041098867911 ], [ 27.470430984502627, 36.866256480052755 ], [ 27.390909893077378, 36.803271056714209 ], [ 27.360949900018142, 36.791984086596642 ], [ 27.337609334503497, 36.780178146504255 ], [ 27.32637127491472, 36.772793605440654 ], [ 27.297258380270364, 36.761015307810538 ], [ 27.266960761929965, 36.745163276464382 ], [ 27.261773483159971, 36.741343126384464 ], [ 27.272451768734413, 36.69000573567638 ], [ 27.27363917870548, 36.656723268364431 ], [ 27.289984695937392, 36.633872791996112 ], [ 27.325186615070464, 36.599116843967465 ], [ 27.336219026686905, 36.581479023438447 ], [ 27.388682293053648, 36.571147172004601 ], [ 27.412789316574077, 36.567122163557258 ], [ 27.489836659934269, 36.531988105466922 ], [ 27.513819910660715, 36.526082659587416 ], [ 27.543289106807151, 36.523128484692052 ], [ 27.571960197805311, 36.517883345340408 ], [ 27.591018828456384, 36.548928386635964 ], [ 27.621522196392448, 36.566973597353751 ], [ 27.658163006517924, 36.586311844316526 ], [ 27.698593530067797, 36.606315267635807 ], [ 27.716323318866245, 36.624739222437483 ], [ 27.73716852021127, 36.650339971312775 ], [ 27.74386350969354, 36.669052501472038 ], [ 27.751248408687303, 36.675928769097737 ], [ 27.76444236692214, 36.69323759513901 ], [ 27.777491488441825, 36.698064932850599 ], [ 27.804278929629277, 36.703306268969413 ], [ 27.825823104752828, 36.702822093764951 ], [ 27.83845603172071, 36.704893403308205 ], [ 27.87446549348806, 36.70463394350196 ], [ 27.907361925013021, 36.694865764643538 ], [ 27.911830592408052, 36.676257966832054 ], [ 27.920181776068489, 36.651492869800393 ], [ 27.927412194017734, 36.64179741731715 ], [ 27.91990290799319, 36.613335754141787 ], [ 27.9187101983172, 36.594680816566665 ], [ 27.924124671017069, 36.561234157330574 ], [ 27.928381066932985, 36.550675849410965 ], [ 27.929005656885977, 36.534109811219082 ], [ 27.951920355640368, 36.48603458083133 ], [ 27.964637004993989, 36.462720998575435 ], [ 27.985198686070703, 36.466046899245327 ], [ 28.009766483536708, 36.473674346294388 ], [ 28.04804518933426, 36.4786846852503 ], [ 28.064404897868059, 36.482414291586593 ], [ 28.115198936182423, 36.502329154167398 ], [ 28.135451747800147, 36.506832350133038 ], [ 28.148207030230424, 36.515448167399228 ], [ 28.280753184612053, 36.572826782730203 ], [ 28.341261256302232, 36.572266234399336 ], [ 28.354910481933643, 36.572750419496344 ], [ 28.442661447468197, 36.561974730149728 ], [ 28.474658997615023, 36.531069996583426 ], [ 28.535620434635717, 36.469579063023673 ], [ 28.55058935691369, 36.442120168211432 ], [ 28.621956486902661, 36.342052903618935 ], [ 28.674613870134408, 36.240042293117597 ], [ 28.674666916645066, 36.204057363956423 ], [ 28.68509990313828, 36.111702717606647 ], [ 28.702143535296301, 36.036553936615206 ], [ 28.709814064367862, 36.011075477551515 ], [ 28.723029909403181, 35.957312331099331 ], [ 28.72686440277036, 35.948574447952694 ], [ 28.771488430846517, 35.838062131562481 ], [ 28.816498488414794, 35.596300779058026 ], [ 28.869924635513769, 35.308485012373723 ], [ 28.957631283357387, 35.448747494701365 ], [ 29.333282989818571, 36.047297666754076 ], [ 29.377263064639038, 36.117525524783247 ], [ 29.452136028955096, 36.169422880161989 ], [ 29.46720020562546, 36.182579163997502 ], [ 29.486831919357968, 36.185557857109757 ], [ 29.515072084909406, 36.183771507649226 ], [ 29.545269124870771, 36.160086276960129 ], [ 29.560118636966109, 36.167017329486441 ], [ 29.569204753796924, 36.174166978423443 ], [ 29.606858630422067, 36.175874401582547 ], [ 29.613678224570748, 36.173762578480478 ], [ 29.61049888281778, 36.155664711557449 ], [ 29.623405551725369, 36.133374143202502 ], [ 29.636960336850535, 36.135778415042068 ], [ 29.651143482785841, 36.124161328083176 ], [ 29.672126164391472, 36.110290839550942 ], [ 29.698493565526036, 36.06566054230052 ], [ 29.700063283594119, 36.053838367646733 ], [ 29.722658284152857, 35.953648106375141 ], [ 30.103592354703807, 34.209225876972909 ], [ 30.051667695908037, 34.130964406582336 ], [ 29.846479998453759, 33.820853487698486 ], [ 29.234134123691405, 33.753806393250727 ], [ 29.16757754197053, 33.715618689850828 ], [ 28.804387756390184, 33.505588805978959 ], [ 28.694239035003875, 33.492228916531701 ], [ 28.391450103939462, 33.455436612010345 ], [ 28.316799286557995, 33.446358616057438 ], [ 27.841843053014628, 33.429793618380955 ], [ 27.782234901419969, 33.415441520410184 ], [ 27.573450165792792, 33.379189121181213 ], [ 27.457358343013397, 33.359206700629045 ], [ 27.388617513987271, 33.348293326875989 ], [ 27.320117430775099, 33.338256285799304 ], [ 27.251858204892557, 33.329095949718436 ], [ 27.18383995145291, 33.320812658577694 ], [ 27.094818985807876, 33.311445133086664 ], [ 27.015582251020504, 33.304500472019583 ], [ 26.946542262515862, 33.299443598543519 ], [ 26.897375921561775, 33.296348352394887 ], [ 26.819001715757054, 33.292414340050129 ], [ 26.74097419770132, 33.289689706315215 ], [ 26.411023257817618, 33.281978229312131 ], [ 26.314623485186075, 33.281030422116658 ], [ 26.250479685589426, 33.281489191473185 ], [ 26.218444606733755, 33.28204576569982 ], [ 26.208919476852657, 33.28227628712142 ], [ 26.192264343724815, 33.281157412684649 ], [ 25.878221927899887, 33.33555316834429 ], [ 25.815230790269112, 33.346697590521728 ], [ 25.646434481366526, 33.376444284176415 ], [ 25.344378769364909, 33.429389341645049 ], [ 25.304965825113015, 33.436268897192065 ], [ 25.233852812957139, 33.45265923123884 ], [ 25.1642116159735, 33.468429452157494 ], [ 25.151277685916654, 33.469465404604961 ], [ 24.937407273327437, 33.47986053413652 ], [ 24.935050915567587, 33.479976401889701 ], [ 24.932694718786706, 33.480093606035382 ], [ 24.930338683883349, 33.480212145674187 ], [ 24.927982809958962, 33.480332021705692 ], [ 24.923271545945397, 33.480575782946232 ], [ 24.92091615585619, 33.480699668155523 ], [ 24.91908290765042, 33.480797136678802 ], [ 24.913825843288464, 33.480871358626501 ], [ 24.818488682606812, 33.482306864570489 ], [ 24.726729616778556, 33.468646123120351 ], [ 24.55333525681678, 33.444045853833302 ], [ 24.511458117098641, 33.445668497903 ], [ 24.462529574880364, 33.447983575881636 ], [ 24.30936669012101, 33.497696293649312 ], [ 24.041697514329059, 33.584469530644384 ], [ 24.038006800973335, 33.585668239697668 ], [ 24.036162696151678, 33.586268901388877 ], [ 24.035240956705138, 33.586569559138155 ], [ 24.034319425901117, 33.586870434523291 ], [ 24.033398103739813, 33.587171527544029 ], [ 24.032476990221369, 33.587472839100371 ], [ 23.516674456761024, 33.756193742547396 ], [ 23.50962896460527, 33.758514429597454 ], [ 23.502589551866777, 33.760851461825837 ], [ 23.495556218544891, 33.763204836534271 ], [ 23.488528964640267, 33.765574554622333 ], [ 23.481507790152762, 33.767960611593196 ], [ 23.467483682126414, 33.7727817430833 ], [ 23.460480750386495, 33.775216814005091 ], [ 23.4534838989631, 33.777668218413908 ], [ 23.446493129654414, 33.780135957208984 ], [ 23.38646126877282, 33.801483621472045 ], [ 23.37631002728611, 33.805942444888217 ], [ 23.351500095453417, 33.816528969036909 ], [ 23.320546775113939, 33.830278986186499 ], [ 23.269276835358028, 33.853779809990385 ], [ 23.228644574987584, 33.873282134662986 ], [ 23.148232067456178, 33.913841133561789 ], [ 23.108382545518452, 33.934769440357627 ], [ 23.020563003979817, 33.98254807433446 ], [ 22.925745060586451, 34.033972444772559 ], [ 22.897598783357637, 34.049475121879397 ], [ 22.888241905839493, 34.054709584480008 ], [ 22.878897636816788, 34.059977487471343 ], [ 22.86956597808765, 34.065278824558447 ], [ 22.860246929652419, 34.070613587647074 ], [ 22.850940493309338, 34.075981771341787 ], [ 22.841646669958266, 34.081383366649277 ], [ 22.830200721286644, 34.088095578148511 ], [ 22.792425773430949, 34.110266882910594 ], [ 22.756868947644136, 34.130894263060156 ], [ 22.719301031817565, 34.156583569076702 ], [ 22.686548750824301, 34.170806129599441 ], [ 22.393175712589425, 34.290831489881555 ], [ 21.941622732703195, 34.474942579636433 ], [ 21.509232110374057, 34.705870291381018 ], [ 21.40542748369171, 34.761201678315047 ], [ 21.339311079642926, 34.796406576002937 ], [ 21.248200114743668, 34.81023116583583 ], [ 21.239557414043759, 34.811555545252531 ], [ 21.230911325597503, 34.812893532311023 ], [ 21.222261848505866, 34.814245124313345 ], [ 21.187630062677727, 34.819787534567297 ], [ 21.170294183230112, 34.822639002388343 ], [ 21.16162129408761, 34.824084617611334 ], [ 20.991991738128604, 34.852608897882448 ], [ 20.812654607724426, 34.85741513749889 ], [ 20.521042220822267, 34.864696461572777 ], [ 20.369199296210752, 34.8803853433092 ], [ 19.873293975236919, 34.934105065996192 ], [ 19.847011881093863, 34.9370151489303 ], [ 19.833852530570198, 34.938504322816271 ], [ 19.820680844945514, 34.94001649776331 ], [ 19.807496826917372, 34.941551669274475 ], [ 19.794300477385491, 34.943109834651466 ], [ 19.745276776102685, 34.9490884125006 ], [ 19.630580882801809, 34.98390302960135 ], [ 19.440695498898492, 35.052120158218941 ], [ 19.266633897736398, 35.115485686315708 ], [ 19.239662439969976, 35.126668973594434 ], [ 18.997629604622858, 35.192288012082315 ], [ 18.867688506519755, 35.231599947180086 ], [ 18.823568003460991, 35.244916057630206 ], [ 18.701959847169405, 35.283800125875388 ], [ 18.586211274930633, 35.320727190207947 ], [ 18.380502109185443, 35.396493335099649 ], [ 18.304517058515916, 35.425145239061642 ], [ 18.304517058515898, 35.425145239061578 ], [ 18.206440508023547, 35.374439586118342 ], [ 17.937436214909837, 35.24761992601924 ], [ 17.763374613747771, 35.17260372937892 ], [ 17.541841667059771, 35.08044400388809 ], [ 17.4972593063722, 35.064406149224737 ], [ 17.081205915820931, 35.254897717555934 ], [ 17.013781307561658, 35.28558298686562 ], [ 16.96932604086453, 35.30567133136725 ], [ 16.176482993895547, 35.661857087135161 ], [ 15.576346941158761, 35.935695963798025 ], [ 15.509295663964053, 35.965228412861165 ], [ 15.051597237922692, 36.160362240225538 ], [ 14.984461670869905, 36.189416992800432 ], [ 14.929995370590348, 36.213594638282188 ], [ 14.872927775896585, 36.237460264879644 ], [ 14.748984627039306, 36.289659472307051 ], [ 14.669371074515823, 36.323326672288374 ], [ 14.609399514976076, 36.348702901817774 ], [ 14.524491015048682, 36.381759985535268 ], [ 14.470382559507868, 36.401982984627296 ], [ 14.451592675961535, 36.4087217099393 ], [ 14.413925522645116, 36.422043360213195 ], [ 14.386636320010609, 36.430792633273768 ], [ 14.32388555137743, 36.444841264013348 ], [ 14.202216087403031, 36.473963365916859 ], [ 14.15270567392804, 36.486317904148223 ], [ 14.076985776672814, 36.49761418404762 ], [ 14.005150518981736, 36.505814453374683 ], [ 13.930938052749354, 36.510936832569087 ], [ 13.873372529519031, 36.512308641330947 ], [ 13.834356443495551, 36.512399628440392 ], [ 13.774872598891591, 36.511300276486907 ], [ 13.693010770031435, 36.506537328435286 ], [ 13.608589981442947, 36.498474143667067 ], [ 13.521605316532487, 36.487107037659825 ], [ 13.455468121956642, 36.476269238435009 ], [ 13.416968867319895, 36.467544122963318 ], [ 13.447239916089757, 36.337132199191899 ], [ 13.472819941887394, 36.228212632507223 ], [ 13.520814722521777, 36.020919702182823 ], [ 13.531627865933729, 35.965719498456451 ], [ 13.552927980342361, 35.862001007041101 ], [ 13.579012720061314, 35.73478059554833 ], [ 13.58021319628233, 35.728937996991192 ], [ 13.601451407656612, 35.626487349112324 ], [ 13.60741648758119, 35.589690549779277 ], [ 13.612895898527313, 35.547048792967644 ], [ 13.61703387171633, 35.503531189113517 ], [ 13.618876977391153, 35.476424211608389 ], [ 13.617897523052704, 35.43722833941672 ], [ 13.616064348591237, 35.401549275978596 ], [ 13.608233703323208, 35.283512203425801 ], [ 13.609999999700619, 35.24999999980048 ], [ 13.191666666783817, 35.659999999700574 ], [ 13.095833333042151, 35.725833333141964 ], [ 13.069722222502946, 35.700555555994299 ], [ 13.049722222003311, 35.68583333304241 ], [ 13.02833333371666, 35.672499999675608 ], [ 13.009166666609019, 35.662777777972508 ], [ 12.981111111189364, 35.651388888586496 ], [ 12.955833333142095, 35.643888888961555 ], [ 12.925277777547933, 35.637499999925296 ], [ 12.8986111108145, 35.634444444455823 ], [ 12.848611110914419, 35.633333332967311 ], [ 12.863333332967613, 35.610277777897579 ], [ 12.876388889136592, 35.586944444730818 ], [ 12.885000000250329, 35.566111110839358 ], [ 12.889444444405967, 35.551666666883591 ], [ 12.893888888561776, 35.529999999600534 ], [ 12.895555555345027, 35.511666666783697 ], [ 12.895555555345027, 35.496944444730843 ], [ 12.891944444580872, 35.46416666705835 ], [ 12.888333332917455, 35.449722222203206 ], [ 12.879444444606008, 35.425000000350053 ], [ 12.872777777473004, 35.411388888886506 ], [ 12.856388888636729, 35.385277777447982 ], [ 12.849166667108534, 35.37583333294225 ], [ 12.836111110939441, 35.360833333691573 ], [ 12.812499999675936, 35.338888889211319 ], [ 12.795833333641667, 35.326388889236114 ], [ 12.766944444830528, 35.308888888911554 ], [ 12.743611110764562, 35.29805555571977 ], [ 12.715000000050338, 35.287499999725696 ], [ 12.70666666703346, 35.284722222352968 ], [ 12.667500000325163, 35.276111111239231 ], [ 12.645277777747708, 35.273333332967297 ], [ 12.613888888761551, 35.271944444280905 ], [ 12.609444444605742, 35.271944444280905 ], [ 12.586944444830806, 35.273055555769758 ], [ 12.564722222253124, 35.275555555944436 ], [ 12.525555555544884, 35.283611110864456 ], [ 12.486388888836586, 35.296666667033435 ], [ 12.460277777397835, 35.301388889286272 ], [ 12.426388889136547, 35.311388889086402 ], [ 12.39083333319212, 35.326944444530682 ], [ 12.372500000375055, 35.337777777722465 ], [ 12.352222221778732, 35.35222222257795 ], [ 12.32111111088966, 35.349722222402931 ], [ 12.285277777747524, 35.351111111089438 ], [ 12.249999999900808, 35.356666666733759 ], [ 12.22861111071461, 35.36222222237808 ], [ 12.195833333042287, 35.374444444256085 ], [ 12.173055555170095, 35.386111110839295 ], [ 12.14861111141397, 35.40222222247786 ], [ 12.126666666933602, 35.420833333391897 ], [ 12.103333333766784, 35.447777778222417 ], [ 12.087222222128389, 35.47416666685848 ], [ 12.083888888561887, 35.480833333092107 ], [ 12.075000000250441, 35.505555555844637 ], [ 12.069999999900688, 35.530833332992358 ], [ 12.068888889311381, 35.545555555944532 ], [ 12.069722221803659, 35.567500000425127 ], [ 12.071944444780627, 35.582222222477753 ], [ 12.078888889111511, 35.607222222427993 ], [ 12.091666666284027, 35.634444444455823 ], [ 12.097777778122463, 35.644444444256123 ], [ 12.10666666643391, 35.657222222328187 ], [ 12.119444444505802, 35.672222222477899 ], [ 12.13694444483076, 35.688888888511713 ], [ 12.156666666334161, 35.703888888661425 ], [ 12.170833333092446, 35.712777777872759 ], [ 12.193611110964298, 35.724722222552828 ], [ 12.217777777522883, 35.734444444256098 ], [ 12.247499999725562, 35.742777778172183 ], [ 12.26500000005052, 35.746388888936224 ], [ 12.286944444530945, 35.749166666308781 ], [ 12.322222222377945, 35.750277777797635 ], [ 12.357777777423223, 35.747222222328162 ], [ 12.39694444413152, 35.738611111214084 ], [ 12.421666666883482, 35.730000000100119 ], [ 12.446944444031203, 35.734444444256098 ], [ 12.482499999975516, 35.739166666508652 ], [ 12.513888888961446, 35.741666666683841 ], [ 12.518888889311199, 35.742222221978409 ], [ 12.557499999825382, 35.74388888876166 ], [ 12.588888888811539, 35.74388888876166 ], [ 12.620277777797867, 35.741111111389102 ], [ 12.608888889311174, 35.760277777597764 ], [ 12.606666666333979, 35.763611111164266 ], [ 12.590277777497761, 35.793611111464031 ], [ 12.579444444306148, 35.825277777647727 ], [ 12.575833333542164, 35.843333333267196 ], [ 12.573888888661827, 35.865277777747622 ], [ 12.575277777347878, 35.89444444465579 ], [ 12.580277777697802, 35.919722221803511 ], [ 12.58861111071451, 35.944444444555984 ], [ 12.60444444425616, 35.974722222053117 ], [ 12.615277777448114, 35.990555555594653 ], [ 12.627777777422807, 36.005833332942359 ], [ 12.641666666983383, 36.019999999700474 ], [ 12.656944444331089, 36.033333333067105 ], [ 12.660277777897591, 36.036111111339039 ], [ 12.676944444830951, 36.048055555120129 ], [ 12.694999999550703, 36.059166666409112 ], [ 12.634999999850379, 36.145000000349967 ], [ 12.540000000400028, 36.253333333167291 ], [ 12.503333332967372, 36.36166666688365 ], [ 12.489999999600741, 36.383333333266819 ], [ 12.353333333267415, 36.583333333766802 ], [ 12.295833333741598, 36.662777777772646 ], [ 12.291388888686583, 36.646666667033458 ], [ 12.282500000375308, 36.634166667058253 ], [ 12.264722221953662, 36.613333333167191 ], [ 12.241388888786673, 36.591388888686765 ], [ 12.218333333716771, 36.573888889261184 ], [ 12.197222222627829, 36.560555555894723 ], [ 12.163055555369908, 36.543333333666681 ], [ 12.14694444463089, 36.536666666533677 ], [ 12.126388888836686, 36.529444444106105 ], [ 12.100833333591765, 36.522499999775391 ], [ 12.074722222153241, 36.517222222228327 ], [ 12.043611111264113, 36.513333333367257 ], [ 12.021111111488949, 36.512222221878403 ], [ 12.003333333067303, 36.512222221878403 ], [ 11.998888888911495, 36.512222221878403 ], [ 11.963055555769699, 36.515000000150337 ], [ 11.954166666558876, 36.516111110739473 ], [ 11.940833333192245, 36.518333333716839 ], [ 11.902222221778516, 36.527222222028456 ], [ 11.877222221828504, 36.535555555944541 ], [ 11.849444444505764, 36.547222222527751 ], [ 11.826666666633741, 36.558888889111472 ], [ 11.805277777448225, 36.572222222477933 ], [ 11.785277777847455, 36.586944444530957 ], [ 11.766944444131241, 36.602777778072152 ], [ 11.753055555469814, 36.616944444830722 ], [ 11.738055555320102, 36.634999999550871 ], [ 11.725000000050386, 36.653888888561823 ], [ 11.713888888761517, 36.673888889061288 ], [ 11.694444444455996, 36.693611111463895 ], [ 11.689444444106243, 36.699722222403125 ], [ 11.672499999975457, 36.725277777647534 ], [ 11.663055555469839, 36.745555555345049 ], [ 11.656111111139523, 36.766388889235998 ], [ 11.651944444181026, 36.79138888918618 ], [ 11.652222222278454, 36.813055555569861 ], [ 11.655833333042267, 36.834444444755547 ], [ 11.660555555295332, 36.851944444181129 ], [ 11.668333333017472, 36.872777778072361 ], [ 11.684166666558667, 36.902777777472636 ], [ 11.697222221828383, 36.921666666483759 ], [ 11.7150000002502, 36.942500000374821 ], [ 11.729166667008656, 36.956388889036418 ], [ 11.75111111148891, 36.974444444655717 ], [ 11.77888888881165, 36.992777777472782 ], [ 11.805277777448225, 37.006666667033357 ], [ 11.83305555566983, 37.018333333616908 ], [ 11.853888888661913, 37.025277777947394 ], [ 11.87944444480587, 37.031944444181079 ], [ 11.901111111189209, 37.036111111139178 ], [ 11.905555555345018, 37.036666666433746 ], [ 11.932222222078167, 37.040000000000248 ], [ 11.973888888961653, 37.041111111489101 ], [ 11.991666666483923, 37.040000000000248 ], [ 12.02277777737288, 37.036666666433746 ], [ 12.02277777737288, 37.050277777897293 ], [ 12.014999999650513, 37.063333333167179 ], [ 11.946666666933481, 37.139999999800523 ], [ 11.878333333317187, 37.236666666933331 ], [ 11.803333333466924, 37.343333332967404 ], [ 11.758333333017447, 37.373333333266999 ], [ 11.700000000100317, 37.408333333017538 ], [ 11.316666666933486, 37.68666666693332 ], [ 11.171666666683905, 37.790000000300154 ], [ 10.878333333517048, 38.058333333516941 ], [ 10.694999999950426, 38.409999999600757 ], [ 9.903333333666751, 38.241666667083393 ], [ 9.673333333766948, 38.22500000015026 ], [ 9.563333333267337, 38.250000000100442 ], [ 8.813333332967318, 38.218333333017256 ], [ 8.541666667083348, 38.175000000250179 ], [ 8.371666666883698, 38.129999999800532 ], [ 8.159999999800732, 38.081666666683532 ], [ 7.816666666711455, 38.010000000266757 ], [ 7.812045318736921, 38.009980300750442 ], [ 7.476029583898708, 38.13012471238585 ], [ 7.44248390211078, 38.142423580783884 ], [ 7.37549760632993, 38.168238433057638 ], [ 7.308651416829775, 38.195674627182598 ], [ 7.060117028978084, 38.301513148912989 ], [ 6.977569564184535, 38.335076510472902 ], [ 6.892501627048773, 38.367619011108786 ], [ 6.821986848414838, 38.393087515576667 ], [ 6.739812639142485, 38.440291435101813 ], [ 6.668799065924588, 38.478962170667728 ], [ 6.478574996439193, 38.578875851739497 ], [ 6.431816185568891, 38.603780033422083 ], [ 6.066551114542563, 38.800874592388766 ], [ 6.093558719402766, 38.904716837968849 ], [ 6.066551114542506, 38.800874592388794 ], [ 5.746378411534749, 38.646474049837792 ], [ 5.680340995840567, 38.615298449464206 ], [ 5.305669183486231, 38.442180505126515 ], [ 5.025775889146217, 38.412634059014891 ], [ 4.85380793039181, 38.395494551032954 ], [ 4.79490293442305, 38.390190970137411 ], [ 4.736050496633425, 38.38561164296317 ], [ 4.677251342775548, 38.381766632924013 ], [ 4.583848820766633, 38.377178060719132 ], [ 4.551795295017001, 38.367171195494421 ], [ 4.412642560805779, 38.321943482206194 ], [ 4.337717348576973, 38.296289343278801 ], [ 4.267402411892135, 38.270946420141399 ], [ 4.20645286031143, 38.248362493834236 ], [ 4.126650977161034, 38.223125087253322 ], [ 4.073515629443079, 38.207272233027339 ], [ 3.993909876739679, 38.184928625356008 ], [ 3.516953681367454, 38.057791639472754 ], [ 3.4727282409157, 38.046330025510571 ], [ 3.3673503465414, 38.019900358015292 ], [ 3.312663723152497, 38.009662762726549 ], [ 3.223171111657791, 37.994904856474193 ], [ 3.177195860300884, 37.988202286606366 ], [ 3.099560744333132, 37.984485406576397 ], [ 3.035007996921678, 37.982655229555519 ], [ 2.921405590196116, 37.980876769847299 ], [ 2.770024515119502, 37.979388256063345 ], [ 2.692565925277393, 37.942671027845932 ], [ 2.646988387404406, 37.921543407902163 ], [ 2.504115627334642, 37.857017538528794 ], [ 2.182087712877887, 37.710559530398285 ], [ 2.077461623855243, 37.684797015070501 ], [ 2.000383364500834, 37.667333005613983 ], [ 1.92284244622212, 37.651767826524065 ], [ 1.870742554525634, 37.642476431342573 ], [ 1.635732870375989, 37.622191914125807 ], [ 1.569017636555031, 37.615566131072313 ], [ 1.479761948755197, 37.604582353892795 ], [ 1.23364020093473, 37.605841026142684 ], [ 1.20886423109971, 37.606063468954147 ], [ 0.968720385737356, 37.609199672926735 ], [ 0.907027019281628, 37.610664925745908 ], [ 0.844966459634691, 37.613190173488022 ], [ 0.793057123487841, 37.616154617741643 ], [ 0.757500277016504, 37.594281165743553 ], [ 0.730353552174847, 37.567972066757676 ], [ 0.60076024528945, 37.444295783623772 ], [ 0.558237061391452, 37.404828683097492 ], [ 0.51507841923393, 37.366589286666454 ], [ 0.493260892476428, 37.347930677159241 ], [ 0.325818716161081, 37.207053315758174 ], [ 0.287650038818498, 37.175382093608846 ], [ 0.132864406567222, 37.077072830047314 ], [ 0.088855652366732, 37.050188383487239 ], [ 0.04414944693977, 37.02431002199009 ], [ 0.012348052421032, 37.006786291254627 ], [ -0.040872433215952, 36.97634770598205 ], [ -0.076347078055022, 36.95831613797958 ], [ -0.141381511347447, 36.92606356977808 ], [ -0.302489405461472, 36.847783907001968 ], [ -0.359845451406187, 36.821649411391434 ], [ -0.411937420975022, 36.799539912537199 ], [ -0.446882552187816, 36.783746205822922 ], [ -0.487014218431227, 36.772325357229789 ], [ -0.540502555448313, 36.758432824515523 ], [ -0.596890436244337, 36.74856978786562 ], [ -0.69011779010367, 36.728626932986913 ], [ -0.770143414686657, 36.713165388172314 ], [ -0.85014296882278, 36.699016859840469 ], [ -0.874828211452581, 36.691418706408513 ], [ -0.995263523192818, 36.585747766146852 ], [ -1.100375086041225, 36.527565594876648 ], [ -1.267739230880551, 36.45751493746468 ], [ -1.385620046227899, 36.396408095357515 ], [ -1.558851432847121, 36.294776818895315 ], [ -1.635614962760059, 36.245084748662464 ], [ -1.78253728636642, 36.148805091282156 ], [ -1.861056241651994, 36.097102529058731 ], [ -1.90900527287485, 36.067489883851295 ], [ -1.957654501853568, 36.03825422994899 ], [ -2.007837054236433, 36.009825497249068 ], [ -2.059271546544466, 35.982060681855245 ], [ -2.093583264555804, 35.96472963986119 ], [ -2.103270209452347, 35.936909774266894 ], [ -2.121709364595205, 35.888890449335122 ], [ -2.317547216330752, 35.784273872441787 ], [ -2.375562547173587, 35.753231842076332 ], [ -2.582592246834508, 35.729681190435116 ], [ -2.682671629791571, 35.719926693862249 ], [ -2.780970279554538, 35.709760163900995 ], [ -2.956544891133603, 35.692934604748643 ], [ -3.011438954843783, 35.688402291433221 ], [ -3.128166180124794, 35.682370786683009 ], [ -3.363840652124111, 35.669853692394383 ], [ -3.416898349678888, 35.668591290656138 ], [ -3.455420213271992, 35.686446764207403 ], [ -3.495446795532843, 35.706832922801681 ], [ -3.538915937620203, 35.731168116016192 ], [ -3.627093581103651, 35.788796755466535 ], [ -3.701936369567505, 35.839850989232303 ], [ -3.913544307323718, 35.984614401234239 ], [ -3.925421390984042, 35.992870278341172 ], [ -3.947230543254733, 35.986168983712275 ], [ -4.026314330341734, 35.968734760701238 ], [ -4.079078673541716, 35.955193805350461 ], [ -4.131128850715697, 35.940511145373648 ], [ -4.249991542275637, 35.903863506695956 ], [ -4.289443687975648, 35.892732776696846 ], [ -4.341784186091104, 35.879229476859422 ], [ -4.390383004471829, 35.873999433527416 ], [ -4.422568675703587, 35.877064188162279 ], [ -4.478354942426392, 35.883680076874526 ], [ -4.528302403932543, 35.897468217185093 ], [ -4.604082661885087, 35.877320851076945 ], [ -4.682160577948082, 35.805882709719896 ], [ -4.891520829322587, 35.801312476490182 ], [ -5.087550141325607, 35.795426060265072 ], [ -5.230125780680055, 35.791534128997398 ], [ -5.248419412925244, 35.798367969306867 ], [ -5.277466391871457, 35.815591216735214 ], [ -5.279926014225083, 35.894299125048917 ], [ -5.287061571634212, 35.906397104642679 ], [ -5.291804206874815, 35.903836358724078 ], [ -5.359572508093777, 35.913657851371966 ], [ -5.365415215339794, 35.91776812090211 ], [ -5.379391072941047, 35.916530107056559 ], [ -5.385840861388374, 35.917464858813162 ], [ -5.387207544891993, 35.930132174860546 ], [ -5.376491453617462, 35.97157815350954 ], [ -5.372146648948444, 36.005104383860839 ], [ -5.390131639263501, 36.001505723310913 ], [ -5.429568612501214, 35.987740324157329 ], [ -5.439934789258928, 35.983368136031203 ], [ -5.473058407519261, 35.981984069509792 ], [ -5.511209039964939, 35.969288289823425 ], [ -5.524229069315879, 35.962343716889649 ], [ -5.546929530673026, 35.953722061224681 ], [ -5.561579016458182, 35.950542350749402 ], [ -5.586582707225915, 35.940949340939767 ], [ -5.628915306795847, 35.935165331415561 ], [ -5.674761080059625, 35.93854955222065 ], [ -5.684190828743567, 35.940968443439544 ], [ -5.828266856529979, 35.95173041093031 ], [ -5.857742490923073, 35.951085945960216 ], [ -5.903731983044366, 35.954869101528487 ], [ -5.954304690109126, 35.963447754310948 ], [ -6.001847253847416, 35.966283236682585 ], [ -6.051764577273104, 35.965453702027219 ], [ -6.10303344323853, 35.962544279195782 ], [ -6.123547449454918, 35.9600336796112 ], [ -6.168716120452331, 35.951741389853851 ], [ -6.368860643803458, 35.916549493664689 ], [ -6.490385385277051, 35.895914444996237 ], [ -6.585647773625567, 35.881440018542747 ], [ -6.639501939562535, 35.872332920528436 ], [ -6.680423650330937, 35.868014679134745 ], [ -6.742670148408394, 35.859071157008742 ], [ -6.921148101603393, 35.825842077950085 ], [ -6.999406816471208, 35.813447845442312 ], [ -7.022117733346334, 35.809345995321934 ], [ -7.161740325555286, 35.792482229371956 ], [ -7.412310541020219, 35.768765633999578 ], [ -7.541989486405726, 35.75649316339323 ], [ -7.52735777930755, 35.783939080334335 ], [ -7.541989512193112, 35.756493156298745 ], [ -7.586934691590557, 35.722239565818086 ], [ -7.718450063015126, 35.637624364260176 ], [ -7.817758385001611, 35.575508695161119 ], [ -7.987782225505384, 35.474252809382165 ], [ -8.060824302389307, 35.434315029754032 ] ] ] } }
]
}
