{"type": "FeatureCollection", "features": [{"type": "Feature", "id": 1, "geometry": {"type": "Polygon", "coordinates": [[[11.809053610993267, 62.828802967190576], [11.807863369615642, 62.82915543530623], [11.80275003570404, 62.82896556944384], [11.798694252087733, 62.82886426718503], [11.796219104611353, 62.82868224261093], [11.785843865646003, 62.82366623530465], [11.780769218424924, 62.821214589338425], [11.767554615025617, 62.81521720374322], [11.751442102557563, 62.807899919273], [11.717976025935158, 62.792155369625995], [11.672452419347815, 62.77060082058966], [11.557674227777012, 62.77133896346698], [11.557669094640481, 62.77133757976757], [11.554672646310367, 62.77051062916756], [11.54283390535152, 62.767452506910175], [11.530241550715592, 62.76432090239119], [11.524200976600786, 62.76383925393693], [11.511180472514992, 62.76269881292608], [11.501072947330831, 62.761800570003125], [11.49069940518785, 62.76100249517272], [11.488299804282029, 62.75933834073528], [11.487998955300283, 62.759132059082624], [11.469267452973483, 62.75004868732351], [11.469110388450778, 62.75010844418827], [11.449393564067451, 62.75760240574388], [11.4486666055556, 62.75787856908938], [11.448640275274121, 62.7578888655692], [11.44437789124308, 62.75956958330009], [11.444038716593099, 62.75970323684794], [11.443075423399803, 62.75957622147391], [11.441660804768649, 62.759389599129584], [11.440088443426106, 62.75921558638159], [11.436778982630198, 62.75882963004278], [11.436769935326135, 62.75882176259963], [11.435339345851311, 62.75595953533294], [11.434903826213624, 62.75518559009413], [11.434746779649288, 62.754983197542465], [11.434019476723641, 62.755049101818436], [11.42914040113014, 62.75549047138132], [11.418621162322136, 62.75644153780853], [11.418581742613089, 62.756444935288286], [11.414549639027953, 62.75679203113135], [11.412604549343708, 62.756977323771224], [11.406578157104908, 62.753844662815], [11.396488916725923, 62.74859849538889], [11.395896366253519, 62.74138922767411], [11.35997853620842, 62.74118181526862], [11.359867146577326, 62.74118108270896], [11.359351975060143, 62.7413502277849], [11.3582967759179, 62.74139114456507], [11.358203070695595, 62.74121051733978], [11.358212444448489, 62.741132940433154], [11.358345192396191, 62.74102882088186], [11.358397188839463, 62.74084235939559], [11.358283108998563, 62.740812620304524], [11.358268723179751, 62.74080694515565], [11.358236539551768, 62.74079784271271], [11.358194403091638, 62.740785246960975], [11.358132235841184, 62.7407682673252], [11.358060425474557, 62.74075004892774], [11.358000664604996, 62.740734210019966], [11.357948719409734, 62.740721719079296], [11.35791389386776, 62.74071021159172], [11.357879215208635, 62.740686396862586], [11.35785688433708, 62.740662543142406], [11.357841875216586, 62.74063968819667], [11.357829397904435, 62.74062489664408], [11.35778950819928, 62.74057821164874], [11.35775713273121, 62.74055319859769], [11.35770524973819, 62.74051797417568], [11.35767769785064, 62.74049515311455], [11.357657906089042, 62.74047136525801], [11.357615585269475, 62.74043486133315], [11.35755855132191, 62.740398514677445], [11.357498960396686, 62.7403654265085], [11.35743443582568, 62.740335804718505], [11.357367460880164, 62.740300637730215], [11.357287958164077, 62.74027332292986], [11.357208592076908, 62.740252841116025], [11.357148946943559, 62.740239251363214], [11.357072164120078, 62.74022323974897], [11.356977849344712, 62.74020165085004], [11.356888284338066, 62.74018126353157], [11.356818768066072, 62.74016193580929], [11.35673948739, 62.74014711722292], [11.356660074161637, 62.74013813616018], [11.356617954078747, 62.74013812096882], [11.356536057398765, 62.74013815139212], [11.356456699494844, 62.74013824768323], [11.356399796287294, 62.740140544455095], [11.356320080922167, 62.7401451244746], [11.35627338801908, 62.74015199966423], [11.356213746828207, 62.74017013079783], [11.35617157116674, 62.74018961402806], [11.35614427826976, 62.74019645373667], [11.356146798576562, 62.740199844062765], [11.356101988410908, 62.74020892476623], [11.356035217202496, 62.74021815410002], [11.355948541164553, 62.74022039648683], [11.355854079437453, 62.74021587673492], [11.35578199543081, 62.74019989655614], [11.355700283675304, 62.74017144511627], [11.355633292506491, 62.74014436439129], [11.355603443006869, 62.74013064911814], [11.355533905767363, 62.740106737245505], [11.35547676766951, 62.74008395610576], [11.355419928030374, 62.74006351909872], [11.355335464189602, 62.74004308351892], [11.355255951957702, 62.740039670507784], [11.355161708107854, 62.74003973888713], [11.355079689841288, 62.74004551645263], [11.355007984939052, 62.740053448948025], [11.354951073993462, 62.74006374263169], [11.354896259674714, 62.740072922548734], [11.35484192815639, 62.74007977857848], [11.354809719926562, 62.74008199726393], [11.354775072753025, 62.740078581156034], [11.35477970353833, 62.74009343878238], [11.3547723151281, 62.740102502631885], [11.354762564316138, 62.74011959268027], [11.354755303945975, 62.74014348705595], [11.354725532785691, 62.74017991652176], [11.354708330890944, 62.74020499044482], [11.354695819121341, 62.7402380940381], [11.354695773667927, 62.740257503011925], [11.354671147471578, 62.74027447623664], [11.354641304315747, 62.74028133927667], [11.354601633711805, 62.74029163136131], [11.354591687444376, 62.74030871632331], [11.35459181541221, 62.74032354684981], [11.354584304899676, 62.740338358676865], [11.354559675427392, 62.740347423957964], [11.354527540180985, 62.74035539563792], [11.354490204999562, 62.74037374606484], [11.354435675814296, 62.74040441020233], [11.354373768599318, 62.74044881123845], [11.354329459984587, 62.74048872703575], [11.35427959075825, 62.74053083477105], [11.354232617974917, 62.74056852464585], [11.354170574328267, 62.740606092558764], [11.354123612346061, 62.74064369282052], [11.354098689840527, 62.7406709923722], [11.354081715191223, 62.740700565229766], [11.354071888128278, 62.74074047817183], [11.35405445726855, 62.7407610529888], [11.353997531475308, 62.74079524918714], [11.35396783442974, 62.74080885553252], [11.353930609807849, 62.74081678472336], [11.353903234551543, 62.740825868423464], [11.353843991772322, 62.74084868177087], [11.35377945382112, 62.74087153723861], [11.353717311245441, 62.74089086044159], [11.353640642219073, 62.74091834305493], [11.353566257421997, 62.74094795180512], [11.35350419584902, 62.74096503047677], [11.353419847389342, 62.74099123509069], [11.353350496663547, 62.741011808629], [11.35328856213829, 62.74104371772532], [11.353236569307155, 62.74107444735101], [11.353196915984494, 62.7411131358791], [11.353164640667734, 62.7411428502113], [11.353142334234915, 62.741191784457456], [11.353122596467495, 62.74123737069972], [11.353095754358744, 62.74128178384014], [11.35305114455206, 62.741319355050955], [11.352996530187939, 62.74135702570435], [11.352966598558998, 62.741382038224096], [11.35292465232451, 62.74142183530644], [11.352899828230404, 62.74144356579538], [11.352865135697458, 62.74146746608846], [11.35283284652343, 62.74148459932751], [11.352793200513226, 62.74151529023929], [11.3527438507288, 62.74155633265642], [11.352676808676264, 62.74160419406131], [11.352632360583144, 62.74163727626345], [11.352577932575798, 62.74167818664751], [11.35252834589505, 62.74172272745788], [11.352508496866763, 62.741737488098735], [11.352471500421721, 62.741762586493415], [11.352434238293498, 62.74178983466078], [11.352406812126919, 62.74181041910018], [11.352357291582848, 62.74182746382107], [11.352300408815942, 62.741842250340845], [11.35225566784634, 62.74185708284834], [11.352216151044688, 62.74187879077971], [11.352171607769563, 62.74190153625335], [11.352129459451206, 62.74192551217255], [11.352107143986036, 62.741945959817606], [11.352084941643032, 62.74197341963337], [11.352072394392257, 62.74199726635342], [11.35206008522178, 62.742030285181826], [11.352050089638128, 62.74206677890319], [11.352032791843547, 62.74209418647681], [11.352003428042371, 62.74213044632547], [11.351973640355085, 62.74216696473651], [11.351939030064099, 62.742196528271705], [11.351894146121081, 62.74222519570466], [11.35183972466124, 62.742258108294756], [11.35180511173816, 62.74227976387872], [11.351772760967634, 62.74230372481059], [11.35176074545449, 62.74231850927233], [11.351758315639577, 62.74234926876714], [11.351753224307211, 62.742385710240754], [11.351735918133814, 62.74241635259942], [11.351701212430017, 62.74244034216209], [11.35164675560422, 62.74246085281489], [11.35158955103573, 62.74247347402233], [11.351532552794326, 62.74248601070928], [11.35144581991259, 62.74249975130532], [11.35139107352747, 62.74250992020621], [11.351334126513251, 62.74252362635334], [11.351267209190931, 62.742549833665116], [11.351220214645544, 62.74256703355533], [11.351153181982365, 62.74257832072327], [11.351135445510845, 62.742580735160914], [11.350511995009173, 62.74256164848107], [11.3504761222921, 62.74255703128199], [11.350466025823245, 62.742554701898634], [11.350451064854026, 62.74255368380668], [11.350391759588481, 62.742546839705675], [11.350344463587076, 62.74254111664702], [11.350320205514365, 62.74253922772883], [11.350279914331196, 62.74253548405518], [11.350227981355392, 62.74253557126318], [11.350175812816, 62.74253439425671], [11.350103768547472, 62.74252757817807], [11.350019663770876, 62.7425184714269], [11.349949963235211, 62.74251171622362], [11.34985810767371, 62.74250824882316], [11.349793928895846, 62.74251071322887], [11.349746686227496, 62.74251406742425], [11.3496696675139, 62.742522128705595], [11.349602829689575, 62.74253342021003], [11.349548204473267, 62.74254260307359], [11.349471464317531, 62.74255633280727], [11.34939940324437, 62.74257341925078], [11.349335157194725, 62.742593854124166], [11.349255550118745, 62.74262125807248], [11.349206140575214, 62.74265322174121], [11.349168965822464, 62.74268289766872], [11.349141632616371, 62.742716963265465], [11.349109548414432, 62.742754589611444], [11.34908985251373, 62.742780766287616], [11.349079913696203, 62.742810431824616], [11.349055323987887, 62.742836571049125], [11.349040296060883, 62.74286619405481], [11.34901313731726, 62.74290835176296], [11.348978557203484, 62.742962986960755], [11.348936273820813, 62.743008615259], [11.348894380571956, 62.74304158313435], [11.348849533858136, 62.74306674601714], [11.348812521240253, 62.74307926241402], [11.348750431587112, 62.743091755417545], [11.348673657690648, 62.743100990763004], [11.348609078672373, 62.74310667927767], [11.34855712536869, 62.743110090257545], [11.348487548494045, 62.743105494257726], [11.348408068991345, 62.7430906658647], [11.348321256510388, 62.74307492772548], [11.348234477365919, 62.74305892081163], [11.348162430895162, 62.7430441958227], [11.348073214048327, 62.74302255391855], [11.347961541141723, 62.74299871007714], [11.347864726925009, 62.74298621600195], [11.347770453088861, 62.74298169584301], [11.347653918441523, 62.742974978773354], [11.347574317595745, 62.74297380579257], [11.347490171986308, 62.74297610897458], [11.347435636959744, 62.74297504909673], [11.34741090904427, 62.74297853918437], [11.347326643538729, 62.74301031396107], [11.347269373807352, 62.74302185341916], [11.347190205898697, 62.74303776531667], [11.347120578933172, 62.74305257757289], [11.347048803514387, 62.74306733387407], [11.346966930097336, 62.74308452316264], [11.346892655643341, 62.743100472409985], [11.346843005219277, 62.743115355209646], [11.346775917940699, 62.743138141289634], [11.34671919458476, 62.7431563445623], [11.346674396655052, 62.74316209780778], [11.346599720785825, 62.74316545573879], [11.346478477100565, 62.743166702721155], [11.346389096722021, 62.74316221916944], [11.346292294664787, 62.74315754234291], [11.346212968894859, 62.743158891903796], [11.346148533446344, 62.743163414825155], [11.346078997793196, 62.743167984654484], [11.346002069404095, 62.74317370990528], [11.345937551195581, 62.74317256925049], [11.345870636390345, 62.74317496065794], [11.345816194838983, 62.74317947405421], [11.345786326309048, 62.74318175166519], [11.345711886431442, 62.74319428122848], [11.345664867272173, 62.74320689571867], [11.345627575934548, 62.74322165060511], [11.345593039986628, 62.74324896809468], [11.345580589241797, 62.74327515327574], [11.345575633541815, 62.74330252210719], [11.345573053016937, 62.74333444590306], [11.345573269768002, 62.74337542877106], [11.345568293655216, 62.743398214091954], [11.345543638112856, 62.74342327270622], [11.345494028340202, 62.74343465147885], [11.345454216610142, 62.74343810790329], [11.34537481922104, 62.74344161183672], [11.345278189562856, 62.74343711853908], [11.345228467529626, 62.743433577146256], [11.34516400981876, 62.743417700295026], [11.34508458247298, 62.74337555320407], [11.345032349542526, 62.743328992138316], [11.34498777761952, 62.74327436323121], [11.344935351601446, 62.743223034388244], [11.344900773686511, 62.743196882514496], [11.344870894837303, 62.74317867104186], [11.34480386751454, 62.74315823396755], [11.344731956157082, 62.74315034024914], [11.344642741030032, 62.74315718254385], [11.344583230480362, 62.743166236281844], [11.344533609691712, 62.74317770428943], [11.34446898820372, 62.743194802335246], [11.344414586835219, 62.74320848220409], [11.344350222331183, 62.74321875734871], [11.344288048178162, 62.74322558488608], [11.344238633223883, 62.743229060400395], [11.344188725448394, 62.74323018663713], [11.34413441667933, 62.743233624497485], [11.344049961543794, 62.74323367101175], [11.343975551492356, 62.74323487778143], [11.343910962043495, 62.74322798314425], [11.343851430512773, 62.743216637259586], [11.343829205149294, 62.743209408431014], [11.343816780787979, 62.74320531053142], [11.34378702511355, 62.74320192932668], [11.343735009190695, 62.74321216644884], [11.343727292113245, 62.74320486626695], [11.343690773734249, 62.74319438944776], [11.343646028364674, 62.74319654861009], [11.343586630503905, 62.743199943534236], [11.343507018513137, 62.743214673618404], [11.343464739140673, 62.743231724278424], [11.343427506717186, 62.74325232119651], [11.343410036064506, 62.74328421648987], [11.343429682812735, 62.74331384381562], [11.34346155410246, 62.743341273491666], [11.3434938271639, 62.74336862376455], [11.343515951062498, 62.74340514516155], [11.343513399303141, 62.74343365493828], [11.343483466665162, 62.743471246341514], [11.343443426632748, 62.7435065974246], [11.343395995613697, 62.743530433258734], [11.343338827774538, 62.743547455425514], [11.343281844083968, 62.74356457223075], [11.34323212009499, 62.7435816085842], [11.343182302853032, 62.74360097891554], [11.343130121813552, 62.743615704651965], [11.343082936646477, 62.74362489921065], [11.343034830382086, 62.74363362044042], [11.342978802892919, 62.743630363261445], [11.342941551853887, 62.743625798085226], [11.342877094977997, 62.743617828088766], [11.342827548307573, 62.743609707428], [11.342780272151533, 62.74360065742916], [11.34272830858042, 62.743591485262726], [11.342698747960702, 62.743588108915326], [11.342663072860848, 62.74357873215658], [11.342641264719715, 62.74357762466263], [11.342582354310435, 62.74357707793108], [11.342475688129541, 62.74359191117457], [11.342419012461862, 62.74360337432952], [11.34230848860596, 62.743624037838444], [11.342178776838677, 62.74367304703635], [11.34211051480306, 62.74370685345097], [11.342045098673902, 62.74371611167662], [11.341983762592005, 62.74370193223207], [11.34193210859255, 62.74366338278681], [11.341924593766672, 62.74365761543468], [11.341909736961439, 62.74365417286339], [11.341879867956361, 62.743648541741095], [11.341869751721704, 62.74364953613248], [11.341829783903526, 62.74365424554917], [11.34175006144159, 62.74371570032434], [11.341735563720455, 62.74372358977661], [11.341683444524296, 62.743723579145424], [11.341636374616362, 62.74372235217694], [11.341584009118865, 62.7437211668751], [11.341521804893148, 62.743718736590466], [11.34146240615797, 62.74371422271094], [11.34141761751138, 62.74371988469282], [11.341387849684965, 62.743732408342915], [11.341357886101745, 62.74375283479066], [11.341315469023796, 62.743775722318475], [11.34127330021582, 62.74380292971085], [11.341245946674547, 62.743821267478324], [11.34117076555035, 62.74384923173981], [11.341119423417105, 62.74387772760238], [11.341142437111609, 62.743948150814006], [11.34115756259113, 62.74398736577899], [11.341186920285827, 62.744159948401126], [11.341124377627866, 62.744196599359604], [11.340973652796038, 62.744230142514816], [11.340919583959192, 62.744263240085466], [11.340893458070305, 62.744300121498405], [11.340866012997171, 62.744316030527735], [11.340826351901601, 62.74433090214968], [11.340776574257703, 62.74434676807083], [11.34073177282564, 62.74436042729308], [11.340684523677968, 62.74436854106218], [11.34046449848305, 62.7444252585874], [11.340361562526954, 62.74447792987121], [11.340332126483336, 62.744514635018675], [11.340327141529286, 62.7445390375294], [11.34032839663992, 62.74460161464787], [11.34032138922277, 62.74463126631622], [11.340266043196566, 62.74465884873753], [11.340178709524977, 62.744685237553504], [11.340184827267386, 62.744724397469575], [11.340248804121172, 62.74475679878882], [11.340276647365439, 62.74478825785611], [11.34026607849343, 62.74480712300097], [11.340195424879141, 62.744825409836174], [11.340143467676116, 62.7448288176747], [11.340075193755201, 62.74484213419915], [11.340023571943979, 62.74486496107169], [11.339964375464364, 62.74490304676802], [11.33985953761956, 62.744971034646255], [11.339812349291014, 62.74498022808248], [11.33976351789479, 62.744994770412326], [11.339774769825478, 62.74502570702503], [11.339807187323997, 62.74503607789698], [11.339846771508586, 62.74504870250247], [11.339864167079964, 62.74506011940474], [11.3398864328884, 62.74508756900357], [11.339887775669576, 62.74513046850627], [11.339908179351132, 62.74517925684891], [11.339977257774406, 62.74529536357857], [11.339992107663662, 62.74535101635811], [11.339969255367173, 62.74536938143673], [11.339927033715938, 62.74537960306984], [11.339862848443126, 62.7454199849365], [11.33984301402114, 62.745548330721256], [11.339831812304134, 62.7455643935967], [11.339807154495388, 62.74556887271961], [11.339772162179502, 62.74557452012526], [11.339742392640904, 62.74557913551508], [11.339689991613565, 62.74558927133662], [11.339655491734185, 62.74559726798587], [11.339593330987547, 62.74560867690362], [11.339553506427952, 62.74561536644379], [11.339508847841893, 62.745619952917764], [11.339466391493238, 62.7456210023083], [11.339421857877399, 62.74561984080322], [11.339382124937947, 62.74562105106207], [11.339357200401238, 62.74562767985557], [11.33933987123031, 62.745634686474794], [11.339334750227776, 62.74563805755182], [11.339314874393235, 62.745651377995664], [11.339288774902407, 62.74568169988014], [11.339309247264753, 62.745744149238014], [11.339307023606484, 62.745758918581856], [11.339299391065301, 62.74577148000712], [11.33928438429396, 62.74578978003035], [11.339261861670444, 62.745810220448426], [11.339249405179604, 62.74582849712419], [11.339226889773368, 62.74586151850164], [11.339189493480772, 62.7458991840468], [11.339157108099846, 62.74592646635082], [11.339107139798246, 62.74594699963316], [11.339065018814969, 62.745959560083776], [11.339044934405536, 62.74596981972339], [11.338997960699428, 62.745986746710535], [11.338965678989148, 62.74600055227486], [11.338942916913823, 62.74603239896547], [11.338925440785077, 62.74605638575673], [11.338910513876673, 62.7460882570978], [11.338872945995874, 62.74610992253412], [11.33881344710343, 62.74612355727252], [11.338761096816668, 62.74612695439169], [11.338699246882639, 62.74612794697402], [11.338649478505198, 62.74612790675906], [11.338590054941395, 62.74612671602183], [11.338540254976332, 62.74613008972751], [11.338478074625993, 62.7461290067501], [11.338443236967006, 62.74613339979815], [11.33841383805221, 62.74613344159039], [11.338383626224136, 62.746136876952335], [11.338344211839287, 62.746140251947686], [11.338324233018753, 62.74614018003141], [11.338281826755406, 62.74614239860082], [11.338252005555873, 62.746145844126225], [11.338214946171087, 62.74614919066428], [11.338165309821079, 62.74615598329137], [11.33811063471276, 62.74616390251512], [11.338075681120435, 62.74617080860594], [11.338031196266734, 62.74617872408451], [11.337978781141816, 62.74619685671539], [11.33796381745479, 62.74620374517078], [11.337931425252764, 62.74621053833279], [11.337881663439772, 62.74622307880579], [11.337829362339255, 62.746235553005164], [11.33779727820285, 62.74624460074481], [11.337727577109291, 62.746258328283105], [11.337665487314556, 62.74627072672893], [11.337605936717514, 62.74628319140675], [11.33753122690668, 62.74630253937009], [11.337471468264154, 62.74632299635192], [11.337434189523234, 62.74633442461617], [11.337391789405654, 62.74634922387386], [11.337357134029926, 62.746361619205295], [11.337327249041701, 62.74637189244786], [11.337282493771937, 62.746386720076856], [11.33725289774058, 62.74639466441266], [11.33722281735543, 62.74640493253508], [11.337180459897267, 62.746416228196864], [11.337128334429249, 62.74642412372757], [11.337073855476524, 62.74642413975428], [11.337031542421302, 62.746424023954944], [11.33699430788577, 62.74642404068475], [11.336956939951289, 62.74642513227686], [11.336909770646235, 62.74643414556848], [11.33686252827093, 62.74644216844667], [11.33683270661183, 62.746445613667305], [11.336790361734213, 62.74644891175247], [11.336733381481757, 62.746458028372196], [11.336693690251824, 62.74645573433174], [11.336658791740232, 62.74645113907782], [11.33663154437373, 62.74644647393001], [11.336616718626583, 62.7464396168371], [11.33647271273682, 62.746368371042685], [11.336440691960444, 62.74635953743081], [11.33642853720736, 62.74635957961207], [11.33641585838154, 62.74636068646671], [11.33638621313527, 62.74635955319155], [11.336371273014388, 62.74635835444465], [11.336343900182086, 62.74635943718568], [11.336309165317996, 62.74635826090158], [11.336264486205689, 62.746358262832494], [11.33623220795624, 62.74635939722752], [11.336197441234473, 62.74636163487267], [11.336172658426463, 62.74636395340822], [11.336133008518216, 62.74636606356476], [11.33608582980209, 62.746367258267604], [11.336058518848386, 62.746369420923024], [11.335996317354637, 62.74637166122792], [11.335919566398335, 62.74637271290873], [11.335843020429229, 62.74637053483563], [11.335821788288532, 62.746375821618436], [11.335737912248094, 62.74636797048629], [11.335635744221461, 62.74635119462067], [11.335543798604743, 62.7463310011963], [11.3354749669603, 62.74630772682517], [11.335425394268722, 62.74629663744453], [11.335378845338504, 62.746283290560996], [11.335352618049788, 62.74627514713885], [11.335321913595104, 62.746276232552816], [11.335261486887642, 62.74629100981471], [11.335185563983101, 62.74630906680301], [11.33514263729864, 62.74632178480534], [11.335105803942449, 62.74633277478339], [11.335077293876855, 62.74633670319576], [11.335040326404219, 62.746334569668335], [11.334995395036216, 62.74633186871955], [11.334946107358112, 62.746334266049004], [11.334898891761073, 62.74634049171385], [11.334857948844064, 62.74634670144116], [11.334792501087367, 62.746352990136], [11.334750664252615, 62.746356929915216], [11.334723999709471, 62.7463570423456], [11.334706423865093, 62.746351820619175], [11.334674420999042, 62.74634442486857], [11.334634199738812, 62.74634166708292], [11.334586591705017, 62.746330538845875], [11.33456498700987, 62.74632620037678], [11.33451935226486, 62.74632285186441], [11.334480924981486, 62.74632616170408], [11.334448530562145, 62.74632980881834], [11.334403633937189, 62.746329984201004], [11.334367187059044, 62.746331548473066], [11.334318481695101, 62.74633872352879], [11.334258488235912, 62.746350007030294], [11.334211592740676, 62.74636154274301], [11.33418497033002, 62.74636920466137], [11.334120293844158, 62.7463787482581], [11.334065889226279, 62.746382898753986], [11.334019793378998, 62.746384839952064], [11.333950186627101, 62.74638832373723], [11.333896475518314, 62.74639635639146], [11.333861389675477, 62.746410626767414], [11.3338444667216, 62.74641908115992], [11.333836052837219, 62.74642371398215], [11.333816433596317, 62.746416012465374], [11.333751548005548, 62.74639095317933], [11.33240473768421, 62.74587032534251], [11.332124264500946, 62.74576198970569], [11.331876159141338, 62.74566600190201], [11.330673837252986, 62.74520206183097], [11.330148207319008, 62.74499942603686], [11.328909469055583, 62.74452148735251], [11.327237261461176, 62.74387250655195], [11.327145926578543, 62.74388530321369], [11.327051410950826, 62.74389846589066], [11.326957090549616, 62.74391163361496], [11.32690444786505, 62.743918972599346], [11.324864855171624, 62.74413301088561], [11.323645462157934, 62.74426687207396], [11.322844982709078, 62.744353647504525], [11.322670575856307, 62.74435689590756], [11.3226172058058, 62.74435747448518], [11.322596608893722, 62.74435765370067], [11.321255621389568, 62.74438370693804], [11.319013375178766, 62.74438215780469], [11.317985665548877, 62.74439123436786], [11.314670771883923, 62.7444227574052], [11.3124882707806, 62.74441656212028], [11.306618419575058, 62.74445694548143], [11.305744380702466, 62.74445928264564], [11.305672444897647, 62.74445945594275], [11.305648093957547, 62.74445674804924], [11.305600533822439, 62.74444534137205], [11.305585801339843, 62.744436236679], [11.305563379882285, 62.7444259410655], [11.305546204597468, 62.74441443558112], [11.305531375971645, 62.74440766483227], [11.305521562801273, 62.74440309299962], [11.305504134415301, 62.74439517543356], [11.305486860042686, 62.74438133085114], [11.30547461705636, 62.74437112344018], [11.305457015816804, 62.74436302158798], [11.305444847776577, 62.74435847762165], [11.305427587604816, 62.74434921650336], [11.305422461837628, 62.74434476806079], [11.30540519046965, 62.744335596509295], [11.305388114419236, 62.744326430097374], [11.305367891047974, 62.744317360556636], [11.30534088151205, 62.74430928060082], [11.305316020364463, 62.744301257198494], [11.305293648659934, 62.74429213108873], [11.305283761793714, 62.74428971405021], [11.305251445394923, 62.74428176395915], [11.305234188239217, 62.744277175858166], [11.305211866131756, 62.74426921928119], [11.305187296561314, 62.74425886704907], [11.305159885304365, 62.74425086634489], [11.305137393250082, 62.74424739851577], [11.305127690506124, 62.74424507617794], [11.305092884766944, 62.744238228751186], [11.305055735370221, 62.74423131961133], [11.30501108117668, 62.74422331422465], [11.304966572770134, 62.74421414442051], [11.30493658717189, 62.74420949075025], [11.304909321794428, 62.744200325594534], [11.30487452737283, 62.744193388544836], [11.304852522236423, 62.7441875970063], [11.304815227193195, 62.7441818522069], [11.304795408764212, 62.744177376340794], [11.304780410390018, 62.74417509427314], [11.304755709328647, 62.74417048984068], [11.304730923251192, 62.744168129783226], [11.304716070658854, 62.74416468330564], [11.304701072297487, 62.7441624012296], [11.304683669525462, 62.74415897746504], [11.304673821073473, 62.74415781949933], [11.304661507465472, 62.7441544398695], [11.304629213812715, 62.744146310498394], [11.304611907305095, 62.74414055277646], [11.304579640782475, 62.74413377207866], [11.304562395033246, 62.74412909432694], [11.304555047252391, 62.74412674409333], [11.304519985744212, 62.744118811407475], [11.30449796952041, 62.744113109383655], [11.304487730480878, 62.7441119411194], [11.304462930472035, 62.74410499754483], [11.304453216615077, 62.744102764730506], [11.304421118382415, 62.74409464045511], [11.30441336879721, 62.744092369497864], [11.304393792538033, 62.7440843952248], [11.304373935933901, 62.74407866018497], [11.304341716283316, 62.74406837593937], [11.304321944754648, 62.744060396513454], [11.304309447137754, 62.744056922140814], [11.304282182098248, 62.74404775686546], [11.304267400705083, 62.7440374824922], [11.304250030846696, 62.74402597171074], [11.304225290846643, 62.744012289815615], [11.304202941287176, 62.743995166141104], [11.304190599878364, 62.74398261953063], [11.304183518572, 62.7439734465725], [11.304173518086063, 62.74395628864008], [11.304168684159892, 62.74394951134847], [11.304163808362736, 62.743928983646484], [11.304163876727628, 62.743917482758185], [11.304156561012455, 62.74389922728475], [11.304151710401765, 62.74388319348303], [11.304159030175413, 62.7438763767969], [11.304174131424407, 62.743855925861084], [11.304181626197083, 62.74382736651189], [11.304181803953888, 62.743810296889656], [11.304184397288854, 62.74379427939308], [11.304191983435327, 62.743780639999265], [11.30419969103, 62.74376916055751], [11.30420690052217, 62.743760094346555], [11.304214486648995, 62.74374645495131], [11.304221924226729, 62.74372930691845], [11.304229875759905, 62.74371118390777], [11.30423235966865, 62.74370073514392], [11.30423715080524, 62.74368594376651], [11.30424750391545, 62.74366428940904], [11.304252466012125, 62.743652827529274], [11.304264860798503, 62.743641471518615], [11.304277340630701, 62.74362787112793], [11.304289938278894, 62.743603939392614], [11.304297592632683, 62.74357879910294], [11.304307508305815, 62.7435606379482], [11.304315369147764, 62.743535413230894], [11.30432785924415, 62.743513905009316], [11.304337915112745, 62.74348523336945], [11.304335596948478, 62.74345210209597], [11.304333331078828, 62.7434248134081], [11.304338495956163, 62.74340077580163], [11.304333630449612, 62.7433723402782], [11.30432391798066, 62.74334036225417], [11.304316360250073, 62.74332560513939], [11.304274602774017, 62.74329134539678], [11.304259730310953, 62.74326615106722], [11.304257347550719, 62.743257011978216], [11.304255153705851, 62.743230713695986], [11.304242731502299, 62.743195339307796], [11.304225443582212, 62.743169092850344], [11.304215954527974, 62.74314628690365], [11.30421843753274, 62.743128019882604], [11.304223748228255, 62.743102817877194], [11.30422861794532, 62.74306861778283], [11.304231466343966, 62.743045867146435], [11.30423149551, 62.74302528888495], [11.304236517365107, 62.74300708872395], [11.304239120938048, 62.742983163398186], [11.304244395182842, 62.74295355705949], [11.304247070686039, 62.742930622140285], [11.304247088624404, 62.74291013344788], [11.304246975619652, 62.74290321088558], [11.304247412102738, 62.74289189942077], [11.30424730944727, 62.74287706903224], [11.30424984554671, 62.74287246285251], [11.304250048430198, 62.74285988712929], [11.304240239934073, 62.742830243047976], [11.304230214592826, 62.7428085912185], [11.304227949710594, 62.74278912078468], [11.304225393265776, 62.74277197915626], [11.304208421491452, 62.7427400795364], [11.304186179516067, 62.74271271408884], [11.304173764788105, 62.742702322288416], [11.30415180322782, 62.742672717599895], [11.304127264574138, 62.742641786930406], [11.30412230667288, 62.742628176644786], [11.304105030389918, 62.742601840604436], [11.304085338660084, 62.742574452435214], [11.30406569373881, 62.74254356076918], [11.304036129043842, 62.74251052068687], [11.304023760420423, 62.742488807123046], [11.304013916698933, 62.74246257695191], [11.304006683751137, 62.74243740405174], [11.303996889565035, 62.742412343425386], [11.30398973402275, 62.74239750701172], [11.303991986229276, 62.742382648775035], [11.304002267900565, 62.74236782228019], [11.304024688673989, 62.74234837292713], [11.30401968408782, 62.74233826613243], [11.304022269679114, 62.74233482950235], [11.304042321733558, 62.742310824523955], [11.304052138098085, 62.74229032429097], [11.304059891290388, 62.742267523101376], [11.304074953454782, 62.74224581305186], [11.304082539230173, 62.74223217365913], [11.304090072750071, 62.74221269167966], [11.304122603930463, 62.742175086307306], [11.30413521500649, 62.74215573804948], [11.304155180939794, 62.74212615917493], [11.304175374913239, 62.742088498474764], [11.304190249206195, 62.74205420240072], [11.304190714858017, 62.74202231267142], [11.304195850765808, 62.741981289865805], [11.304193554392038, 62.74194016118989], [11.304191331861688, 62.74189687770395], [11.30418160600923, 62.74186031619804], [11.304176680988352, 62.74183861894802], [11.304164550967146, 62.74180091574647], [11.304149923258333, 62.741769077838455], [11.304130289990805, 62.741738096612416], [11.304098329440478, 62.74169133398257], [11.304071252039245, 62.74165251818595], [11.30405160771401, 62.74162162651907], [11.304019658622867, 62.741574774303004], [11.303992449585557, 62.74154170636593], [11.303960410635893, 62.741514352424375], [11.303940684960542, 62.74149819642], [11.303913418869154, 62.741476539789744], [11.30388428887637, 62.74144629690625], [11.303840544873776, 62.74142636301287], [11.303788857561608, 62.74141197123262], [11.303725729549583, 62.74140132200631], [11.303682984819412, 62.74140783463268], [11.303633342882517, 62.741397450719255], [11.303618371106925, 62.74139966243865], [11.30358368976568, 62.74138715635787], [11.30355409782442, 62.74138251270031], [11.30352931418227, 62.741380152446965], [11.303474476136653, 62.74137214781967], [11.303432291522888, 62.74136636364415], [11.303380344568604, 62.7413571770276], [11.303340734359448, 62.741348045775474], [11.30330604261071, 62.741343447453], [11.303253974970387, 62.74133991909312], [11.303181956463002, 62.741332989465974], [11.303102395731237, 62.74132370435283], [11.303080101433672, 62.741320241354885], [11.303013157890694, 62.74130877236323], [11.302961282532038, 62.74129275774487], [11.302916581323952, 62.74127890913872], [11.302877152882287, 62.74126519943212], [11.302839836929667, 62.741254960233704], [11.302827291209818, 62.74125031619137], [11.302785312914114, 62.74123662914369], [11.302740892319436, 62.74122054124993], [11.302733289444934, 62.74121710580434], [11.302691344426774, 62.74119533176585], [11.30266657177222, 62.74118506353712], [11.302654111275015, 62.74117817510194], [11.302609591495509, 62.741151929820134], [11.302564986622789, 62.74112792890231], [11.30252804780603, 62.74111311644358], [11.302480929283519, 62.74109354250999], [11.302441229157955, 62.74106949105247], [11.302421666238208, 62.74105360869512], [11.302396902145729, 62.74103075955679], [11.302377006889786, 62.7410112738401], [11.302347555668865, 62.74098048294342], [11.302320472819552, 62.74095424768989], [11.302298256331225, 62.74092670282076], [11.302288321034961, 62.740915297778955], [11.302276135935164, 62.740889005746794], [11.30226884134006, 62.740850261494714], [11.302266602397792, 62.74082746668066], [11.302266583443883, 62.74080571887772], [11.302269493731043, 62.74078404826121], [11.302277027680919, 62.740756748126614], [11.30228949101504, 62.740733891396935], [11.302299649159597, 62.740712232032884], [11.30230453713587, 62.740695106772975], [11.302312332271322, 62.74068605609209], [11.302339560917623, 62.7406688904539], [11.302357128878445, 62.740655334444504], [11.302377192311464, 62.74063124013154], [11.302406970351912, 62.74060623354781], [11.302436773265216, 62.74058572085815], [11.302471980860807, 62.740559599218756], [11.302521827407896, 62.74052766261302], [11.302556572851149, 62.74050835850852], [11.302601479046235, 62.74047988630189], [11.30263138059499, 62.74046171266131], [11.30267367910723, 62.74044467443035], [11.302723382429438, 62.74042639344675], [11.302765730293348, 62.740410524733505], [11.302810493366955, 62.74039570815466], [11.302855270167122, 62.74038547503186], [11.302890053995181, 62.740375248213894], [11.302920079180938, 62.74036390750344], [11.302959610362837, 62.740354884120876], [11.303016734558831, 62.74034461678927], [11.303076496290208, 62.74033675540668], [11.303141112951863, 62.74032767392691], [11.303195797339827, 62.74031967873514], [11.303252813841404, 62.740311834823785], [11.30330763275879, 62.74030276475558], [11.303382071323924, 62.740290347314705], [11.3034144151862, 62.7402823925825], [11.303439365455281, 62.74027559105153], [11.30347673442025, 62.740261927464694], [11.303498890045137, 62.7402539739292], [11.303519018288485, 62.74024030550194], [11.303551380416959, 62.740211862042244], [11.30355904046225, 62.74020388612088], [11.30355888078816, 62.740200467051714], [11.303564002199442, 62.740192424258744], [11.30357163109129, 62.74016279009496], [11.303584227738252, 62.74013885840722], [11.303601472778256, 62.740113791055784], [11.303616690409541, 62.740083008815006], [11.30363195481857, 62.74004872307751], [11.303641984230829, 62.740007739312304], [11.303662039326264, 62.73995866220501], [11.303667648465145, 62.73991073227894], [11.30367018264205, 62.73986388959807], [11.303680421108734, 62.739827494444], [11.303693113809324, 62.739801228795244], [11.30370074245781, 62.739771594621516], [11.303703411132958, 62.73972367710579], [11.303701236180425, 62.73967689011237], [11.303703910974876, 62.7396461369372], [11.30370659428394, 62.739610621151144], [11.303711555105236, 62.739591341023235], [11.303711939516202, 62.73957418696932], [11.303712117437332, 62.7395571173411], [11.30371464987047, 62.73954001986782], [11.303711876991926, 62.739530870481595], [11.303704818534165, 62.739513700105555], [11.30369998271694, 62.7395022497589], [11.303692461803776, 62.73948407868743], [11.303685196879139, 62.73946699273617], [11.30365557903531, 62.739453182168496], [11.30360852234121, 62.73942687034109], [11.303559061743131, 62.739399416794626], [11.303526926486272, 62.739369723673875], [11.303485043457464, 62.73934121160054], [11.303425452626927, 62.739302347905344], [11.303393565675508, 62.739286320745315], [11.303331645651145, 62.739251978753764], [11.303269519920287, 62.739225539419024], [11.303212669275371, 62.739203911996846], [11.30313610621311, 62.73916603887507], [11.303073944595745, 62.73913519512323], [11.303024619571215, 62.73910666656205], [11.30297004675829, 62.73907467472127], [11.302900905194823, 62.73904481523164], [11.302843942476954, 62.73901626509998], [11.302834082034956, 62.73901052354571], [11.3027770699926, 62.73898080384131], [11.302732787354957, 62.73896364113243], [11.302685696558806, 62.73894074293023], [11.302584086213386, 62.73889951357063], [11.302534566783473, 62.73887097969732], [11.30247773435877, 62.73883200850876], [11.30243590004369, 62.73879999263916], [11.302396263222713, 62.73876920290455], [11.302376515271217, 62.73874855279245], [11.302341820963896, 62.73871897165832], [11.30232944426181, 62.73870516578183], [11.302333445642635, 62.7386951164892], [11.302137705269434, 62.73858580491425], [11.301883777013606, 62.738359213499464], [11.301799755058552, 62.73825266591095], [11.301785079217838, 62.738199348674534], [11.301735619871177, 62.73794669289625], [11.301736862283933, 62.737842931631114], [11.301877767703361, 62.737520345685574], [11.301979784751671, 62.73732209634473], [11.302038590578098, 62.73719199401685], [11.302124234561996, 62.737030607048986], [11.302251398834228, 62.73684739868138], [11.302398854710342, 62.7366257235814], [11.302489975842168, 62.736469063897914], [11.30253780160062, 62.73624044973887], [11.302569673601704, 62.73600000232843], [11.302563875900397, 62.73595087317547], [11.302544906675848, 62.73579104282037], [11.302524752085374, 62.73558436159936], [11.302495310630771, 62.735444025541], [11.302473874578919, 62.73538055520828], [11.302461859212368, 62.73534510138995], [11.302401202223146, 62.735219399451104], [11.302319446767394, 62.735069776571386], [11.302306909482786, 62.734963405546836], [11.302288662436409, 62.7348447522769], [11.302259989141524, 62.7347264532782], [11.302237646827908, 62.734651456289505], [11.302210094935129, 62.73460085512594], [11.302161732502901, 62.73453811291288], [11.302032749022946, 62.734419955923364], [11.301882736113587, 62.734285158687264], [11.301827415105834, 62.734145038917276], [11.301850883100272, 62.7340045694845], [11.301890825683081, 62.73388583227856], [11.301940564505037, 62.73374048364491], [11.301937836737542, 62.733607411601604], [11.301892259149074, 62.733545910893596], [11.301854401391397, 62.733485332566765], [11.30188472079649, 62.733424664086556], [11.301994129703298, 62.733361227491905], [11.302087739265565, 62.733283175742], [11.302122575088076, 62.73317391945343], [11.30208857861531, 62.73305278410974], [11.30204948052012, 62.73295362106834], [11.302006221896924, 62.73289550650383], [11.301888807168773, 62.73283049474163], [11.301671006431878, 62.73275376038018], [11.30142146518077, 62.73267241459707], [11.301171577399606, 62.732586026766086], [11.300901448275829, 62.73253145620034], [11.300621240126377, 62.73250106262944], [11.30045214830199, 62.732492110736146], [11.300240071003811, 62.73245416693151], [11.30002894730991, 62.73244770072385], [11.299744348174139, 62.73245861738178], [11.299511514499738, 62.732437828453286], [11.29936783655868, 62.73237769336447], [11.299276653678072, 62.73229566773483], [11.299259013530163, 62.73220353999895], [11.299277514662544, 62.73206527624661], [11.29922770831122, 62.731956304040125], [11.299191111404559, 62.73186852896227], [11.299184201789975, 62.731786120095634], [11.29919855024423, 62.73172476123152], [11.299284502206081, 62.73167032356563], [11.299309040686143, 62.73159485506221], [11.299281654685046, 62.73151954462115], [11.299192837685636, 62.73143272856418], [11.29912497790016, 62.73137405387257], [11.299052107610295, 62.7313178530572], [11.29903568520339, 62.73126134398503], [11.299039346357413, 62.73119305318344], [11.29896592200108, 62.73110376731622], [11.298815087468865, 62.73099608376985], [11.298653879280069, 62.73087428711707], [11.29853392919472, 62.73076867614768], [11.298438830309575, 62.730667944407465], [11.298415254377982, 62.730602889025086], [11.29842106970423, 62.73052054621099], [11.298464761052117, 62.73046885824886], [11.29855302003982, 62.73040693326364], [11.298626726964578, 62.730351723649676], [11.298655550298687, 62.73029676768587], [11.298608770346767, 62.73020432031605], [11.298570327069358, 62.73013599701789], [11.298553848644397, 62.73006744443954], [11.298605051779939, 62.73000894515513], [11.298760915847382, 62.729967046352485], [11.298856226918597, 62.72987070917468], [11.299003592915795, 62.72978095738908], [11.29912164390915, 62.729718829525574], [11.299217778642321, 62.72967373700491], [11.299306192802936, 62.72961523058731], [11.299439228912378, 62.72954603896387], [11.299520448261266, 62.7295011818729], [11.299563679413893, 62.729418747615185], [11.299636462726628, 62.72933960906285], [11.299822300594553, 62.72929760113052], [11.299971214332983, 62.72927987121427], [11.3001865410689, 62.72922758715459], [11.300394067888533, 62.72915469770939], [11.300467191603003, 62.7290790724951], [11.300487497535686, 62.72897949827525], [11.30049314731946, 62.7288937362434], [11.300514485125907, 62.72882501295774], [11.300587731112088, 62.72875622067078], [11.300661246066896, 62.72870091520597], [11.300637372686493, 62.72862569765323], [11.300522854039471, 62.72849237337597], [11.300379049527661, 62.72838334902128], [11.300197274311014, 62.72825382235912], [11.3000985269226, 62.72816503737773], [11.30005264270085, 62.72809669797067], [11.299938425434261, 62.72793129921845], [11.299861544881866, 62.72780867243389], [11.29984106017773, 62.7277173683427], [11.299870615072814, 62.72763151790128], [11.299938070541, 62.727585488850856], [11.29999918317546, 62.72753381070551], [11.299998320022416, 62.727493797959035], [11.299947413478534, 62.72743116725678], [11.299814890164477, 62.727325944462926], [11.299650814328494, 62.727203713510214], [11.299498750118952, 62.72707002685927], [11.299391366810305, 62.72697049922039], [11.299284498548882, 62.72691376089351], [11.299152981983262, 62.72687713106984], [11.29905952467051, 62.7268602870414], [11.298946814188236, 62.72682361397246], [11.298753277899818, 62.7267786974348], [11.298640299232767, 62.726736355521574], [11.298564818162488, 62.726682331934974], [11.298470395835091, 62.72661693481255], [11.29841358009343, 62.72658586995617], [11.298282861290382, 62.72656633471132], [11.298045966703436, 62.72655019811707], [11.297740492658791, 62.726499989549886], [11.29744089773697, 62.726449755741655], [11.297054304139566, 62.726399920749614], [11.296755494537846, 62.726366870441495], [11.29638110316258, 62.726319692177924], [11.296293895190281, 62.726303011235224], [11.296296289499063, 62.72623549570595], [11.29644606434914, 62.72337265538579], [11.298336368099791, 62.72126183268765], [11.296264190835648, 62.7190441595446], [11.294445832053308, 62.71719342687334], [11.291786497897286, 62.714486297878466], [11.280520599050044, 62.711274295532014], [11.279883085033946, 62.71109238906916], [11.271490324714353, 62.70857769027506], [11.25600787749265, 62.71105887267923], [11.243167557175138, 62.713180801594056], [11.22583535817512, 62.70683151813337], [11.21784995313175, 62.70317789418361], [11.212550136729588, 62.70039261650225], [11.210206537176175, 62.699130310927416], [11.206436931426603, 62.69709980344591], [11.200461599138555, 62.69365774213434], [11.194140649182339, 62.68987330658928], [11.186463264194028, 62.685242883416045], [11.1768496568203, 62.67972335079945], [11.16992241797391, 62.67583136740391], [11.169563616327974, 62.67559894093321], [11.16641012634796, 62.67713471600762], [11.163569739535884, 62.67729926020208], [11.160881146695537, 62.677459998370004], [11.158987337970208, 62.67757102895612], [11.154988531678638, 62.67780788908362], [11.153405552890566, 62.677900952709926], [11.149795983455547, 62.67811348184615], [11.149743574706902, 62.67811653521424], [11.149648007652916, 62.67812217713573], [11.146946827499585, 62.67828212509438], [11.145722793113741, 62.6783541475128], [11.143599415659992, 62.67847923757289], [11.140328995830103, 62.67867183123118], [11.134842818143756, 62.67899511925429], [11.134166297039076, 62.67799474304485], [11.135261109397172, 62.67603888319514], [11.13570013225173, 62.67524301467088], [11.135323700251531, 62.67392269564466], [11.134975131479782, 62.672709646038406], [11.13397759193192, 62.67139456079167], [11.133238893093736, 62.67042121936608], [11.132525921250117, 62.668872660304935], [11.132003828558492, 62.667721854787914], [11.131196137450246, 62.666689792212146], [11.129909094656645, 62.665042759578625], [11.128534894133457, 62.66428927555314], [11.12342647392516, 62.6614905005172], [11.122529984933195, 62.661797053879866], [11.067113868976321, 62.66534003695329], [11.043820478494123, 62.6668350449372], [10.985212794623235, 62.68123792606414], [10.98327663469422, 62.68171310406201], [10.942360309717985, 62.69174521287303], [10.933506729194761, 62.69391354286663], [10.931340128443443, 62.694443912057075], [10.930339347741171, 62.694891257760595], [10.92984916090912, 62.69532646193666], [10.929472214295886, 62.695791830739765], [10.92892213816077, 62.69609046010917], [10.928247934599483, 62.69629568244845], [10.924942401823278, 62.696145573183244], [10.917631552617465, 62.69582059868213], [10.862566492527948, 62.69335971055857], [10.861929667085176, 62.69333110602573], [10.851297205060037, 62.69285245080738], [10.825307920117963, 62.688304885256166], [10.80944738712418, 62.683839952337884], [10.792361591145552, 62.67908459921468], [10.787808500097897, 62.67614571643509], [10.74034512834287, 62.645466683146076], [10.753643486151084, 62.61671852670578], [10.753670688511994, 62.61665938919591], [10.7215513873504, 62.600119704706806], [10.69177740177235, 62.584781721333556], [10.688118395675728, 62.58318307626198], [10.686769094364301, 62.58161528704379], [10.685427703585447, 62.580055727294045], [10.683182361923988, 62.57744518704916], [10.681984375405442, 62.5760522064667], [10.67946001651379, 62.57311658803995], [10.677559896746661, 62.57090653296984], [10.674405647402066, 62.56723655255838], [10.67085790765617, 62.56310807896484], [10.666165135490804, 62.55764471449518], [10.663013616867941, 62.55397467437889], [10.659934644960078, 62.5503878963574], [10.656886766410452, 62.55044702447105], [10.646944045007974, 62.55063937366118], [10.636981924149486, 62.55083113016097], [10.634845915890429, 62.55087224315199], [10.63154106236606, 62.550015690973964], [10.628219531977528, 62.54915457779328], [10.622288720265992, 62.54761699806371], [10.617578337672017, 62.546395388868234], [10.609531211786411, 62.544307774026], [10.604737110349507, 62.543063832253445], [10.60004507145738, 62.5418459515343], [10.593372106892133, 62.54011365014332], [10.588325344934118, 62.53880314070163], [10.585514185956894, 62.53807298407165], [10.580653320070638, 62.538343062684355], [10.569523332332498, 62.538960835095416], [10.563524118746544, 62.53929335181874], [10.552566821000932, 62.53990026185195], [10.543422720074881, 62.54040589886115], [10.537017705337645, 62.54075975544817], [10.534181713517167, 62.54091638442595], [10.526230110487628, 62.53823987479986], [10.519495447194643, 62.53597233002323], [10.511364928285976, 62.53323395483104], [10.506264457570165, 62.53151562331764], [10.50085082999526, 62.52969131879462], [10.493194697687318, 62.52711052284634], [10.491254226180267, 62.52645614858173], [10.490417955978067, 62.52617437463587], [10.490272252519807, 62.52612506422387], [10.488849217291033, 62.52564536959731], [10.488420939700823, 62.5249074880911], [10.487749087357985, 62.52376464157464], [10.486494751451584, 62.52162084249145], [10.485389787455498, 62.519757196509524], [10.485088646249334, 62.51924452812747], [10.4843065592317, 62.517912765542874], [10.482974336567402, 62.515644199409905], [10.481469299273733, 62.51308101339531], [10.480640637871343, 62.5116697523279], [10.478464839120345, 62.50796356737416], [10.477755057428482, 62.50675378176756], [10.476877430509386, 62.505271392890876], [10.476201321121271, 62.50412886991961], [10.47517189616128, 62.50238940384714], [10.474511185495196, 62.50127308644854], [10.473819912529736, 62.500104787450844], [10.474344028249025, 62.499960249471044], [10.474331078626033, 62.499927709481554], [10.474237280126076, 62.49969202569862], [10.519883505158909, 62.46297411019592], [10.493219447668206, 62.42772419134954], [10.462442004852097, 62.41351448726721], [10.430538492504978, 62.398253114518795], [10.42542715440183, 62.39406992163312], [10.410994750681862, 62.39325258031644], [10.412485543860244, 62.38776687282976], [10.411429079285632, 62.386329166372676], [10.41125066247881, 62.384039168992416], [10.387988441994196, 62.37304451625261], [10.385860679848925, 62.37273107455156], [10.384989770997018, 62.37254927568028], [10.384411991939247, 62.37223332424109], [10.383448612667301, 62.37155833824818], [10.382774601420452, 62.37101885913113], [10.381519575563846, 62.37052301426876], [10.379387585628775, 62.37069943375359], [10.376773086422588, 62.37083278888437], [10.375318349052336, 62.37123401815333], [10.37444279678433, 62.3715960617422], [10.373085608001698, 62.371726235154675], [10.372310913360128, 62.371817343154746], [10.370766950374858, 62.37118587445915], [10.369503601963816, 62.37172381781531], [10.369115717594658, 62.37185927319294], [10.368147865539683, 62.37171909900444], [10.367180353787333, 62.371718318762326], [10.36640412019615, 62.37185430733158], [10.365772490675262, 62.37201310039107], [10.3635422095176, 62.3724153221575], [10.362766879181727, 62.372461392297765], [10.361894858244908, 62.37259415985314], [10.361023772114251, 62.37263702413237], [10.360150266362183, 62.37272926330447], [10.35976320443448, 62.37281526024666], [10.359275954019168, 62.37308676167282], [10.358595658321518, 62.373396778200835], [10.358013857757559, 62.37357968450428], [10.35733582053748, 62.37361998251035], [10.35646381336371, 62.37366728476813], [10.351219622229857, 62.37550186910496], [10.35044145941168, 62.375862532901564], [10.348011119445475, 62.37702222922524], [10.346456580838872, 62.37760868518498], [10.345874189509262, 62.37769709780622], [10.345583416938359, 62.37760642195339], [10.345105779228225, 62.37701936586689], [10.344816998665818, 62.37674889419728], [10.345012557965942, 62.37652612280601], [10.345110504743433, 62.376304577964405], [10.344918733638151, 62.37612278974887], [10.344434983572864, 62.37607510800854], [10.343562887925186, 62.376122328520154], [10.343369622222099, 62.37616081747256], [10.342593841196837, 62.37625622476863], [10.342301269448367, 62.376390307518406], [10.341717795982172, 62.37679342322017], [10.34132371035195, 62.377468181383875], [10.340257093417952, 62.377643756985734], [10.33919017633628, 62.37777884578711], [10.338610022458457, 62.37781784164538], [10.33812616227971, 62.37772966578175], [10.337836762275307, 62.377639019191406], [10.33764312552012, 62.37755158490771], [10.337062447805737, 62.37750062574447], [10.33628612668923, 62.37763644995184], [10.335316172876185, 62.37786019800295], [10.333670031993858, 62.377858890501145], [10.33202231730211, 62.37790247626356], [10.3314426462014, 62.37790098958289], [10.3304715643197, 62.378034735585366], [10.329598630880723, 62.378212242805624], [10.32892530602217, 62.377757940597114], [10.32795648979135, 62.37780631032125], [10.326985314667247, 62.37802996077793], [10.326403397419428, 62.37816327513967], [10.325916651566642, 62.37843018931165], [10.325237104775914, 62.378564711914144], [10.324456789268334, 62.37914999681224], [10.323777055674514, 62.37936994183622], [10.322905269462584, 62.37937208018809], [10.321645266635228, 62.37946006963106], [10.320872383045373, 62.37927666736925], [10.320193668431235, 62.37932126217864], [10.319999114702405, 62.37949907132309], [10.320286032368726, 62.379774033261995], [10.32038147194356, 62.37999758082507], [10.319798420834838, 62.38022076315045], [10.319116422977855, 62.380580005482045], [10.318534229467282, 62.38071327961864], [10.31717334389044, 62.381292459815484], [10.31668841770337, 62.381294105589916], [10.316013452158531, 62.38101954737149], [10.315626522840642, 62.380885096852154], [10.314851429606314, 62.38097588085906], [10.314170247409415, 62.38124519567374], [10.313974306826962, 62.38147241371386], [10.313876294892522, 62.38164447744771], [10.314352132979916, 62.38250588761979], [10.314060592597844, 62.38268041985409], [10.313478977093773, 62.38268329150947], [10.313091783537951, 62.38259379160781], [10.312610603051029, 62.38227179227477], [10.312032140565869, 62.382094898541716], [10.311157377101685, 62.382317200058736], [10.31067333275498, 62.382363821418146], [10.310379464614511, 62.38258773095014], [10.310086803981427, 62.382852150510516], [10.309406252668426, 62.38308099550307], [10.308629721004761, 62.38325713442551], [10.307759383922985, 62.38312432984342], [10.30717682936014, 62.383253049962114], [10.306981471808129, 62.38343531287127], [10.306878863012702, 62.38402090989438], [10.306586157280547, 62.38428532163955], [10.306197590863976, 62.38433065591064], [10.305906922094724, 62.384379295596666], [10.305614108739698, 62.38451329880499], [10.305223260662126, 62.38495875627432], [10.304832918033553, 62.385138926882014], [10.304155935505362, 62.38509357235249], [10.303672035898646, 62.38509071222568], [10.302897734064194, 62.38504206303339], [10.301828765426482, 62.385271236170475], [10.301148344371427, 62.3854910546241], [10.300566208924874, 62.38553882278521], [10.300467199270008, 62.38576480565308], [10.300466034607902, 62.385940136750456], [10.300077934479173, 62.38603043722267], [10.299397442388235, 62.38620977528416], [10.29823424042991, 62.386251371272465], [10.297266089937796, 62.38625009376744], [10.296879113343575, 62.38625048981039], [10.296584631534449, 62.386519319750526], [10.296387999279228, 62.386876897760885], [10.296967576340803, 62.38701342409795], [10.297352484411302, 62.3871928251851], [10.297448891514394, 62.38737595457475], [10.296769335459732, 62.387505848943334], [10.296090210436377, 62.387550317519526], [10.295313940432905, 62.38773089228532], [10.294342898024224, 62.387859902025795], [10.293955617113268, 62.387905247159516], [10.293469916087767, 62.38795175533968], [10.292983875630934, 62.388218588961465], [10.292303292329924, 62.388397891429946], [10.2916231845398, 62.388622173980664], [10.291523616241266, 62.388893100541694], [10.292198745407621, 62.38911832056673], [10.291809907148526, 62.38925354165306], [10.29025724940543, 62.38947524047092], [10.289091679492357, 62.38983145350298], [10.288022688748823, 62.39005153295061], [10.287633492634196, 62.39028116220658], [10.287242681575123, 62.39050623903647], [10.286760865541904, 62.390363994165156], [10.286277941324295, 62.39018573608504], [10.28560118844866, 62.39000539904973], [10.283853928269613, 62.39026989215922], [10.283273517222783, 62.390272681896136], [10.282206832874445, 62.39031292646963], [10.281918476813315, 62.3901322627509], [10.281726907751745, 62.389864948828716], [10.281340684687688, 62.38977539334065], [10.280564701995207, 62.38990643476145], [10.280272027083036, 62.38999542580822], [10.279402141364015, 62.38985796387774], [10.277663473906285, 62.3893132548337], [10.277375722028388, 62.389092130415], [10.276307371618993, 62.38926717526692], [10.275532894341973, 62.3892633368462], [10.274753787670312, 62.389578607631876], [10.27494636799149, 62.389760528455604], [10.275817622618405, 62.38980813000491], [10.275912801805765, 62.3899417711677], [10.275227610049528, 62.390570513961215], [10.275129401920157, 62.39070657565031], [10.274842794562598, 62.39039105254287], [10.274748750051877, 62.390122545943726], [10.274073982212709, 62.38984778618784], [10.273199729027459, 62.38993947184214], [10.272328287034762, 62.38993231853231], [10.272419952254632, 62.39038511445606], [10.27222376297722, 62.39060777753222], [10.271738693864275, 62.39064973634449], [10.271068028695915, 62.38997488712937], [10.270679790760221, 62.3900651042324], [10.270870362613413, 62.39033689865326], [10.270963476081048, 62.39065034491516], [10.27076868075178, 62.39074264682072], [10.270382355530426, 62.39073849585885], [10.269706908370239, 62.3904681879265], [10.268840212048971, 62.38997102392206], [10.268064626981978, 62.389971603379855], [10.267193767500451, 62.38992396646958], [10.266712458448987, 62.38960629140717], [10.266329273961487, 62.3891570520855], [10.265458441322272, 62.38910940455281], [10.264683785341651, 62.389065028121045], [10.26448623549033, 62.38946750760177], [10.264097678993485, 62.389467759526], [10.263815567736835, 62.38879261854119], [10.263330525374396, 62.38879407712654], [10.262941418611483, 62.38901465089957], [10.262940564976256, 62.38910455815379], [10.262744343250127, 62.38919230374545], [10.262163322890686, 62.389150015837274], [10.261387610078044, 62.38923599277432], [10.261094657793496, 62.3894598399337], [10.260509561329375, 62.38973218404896], [10.259637473720685, 62.389774394007176], [10.259535306703723, 62.39022508943877], [10.259242846222905, 62.390444453207806], [10.259048496924324, 62.39044681812227], [10.258663926046317, 62.39022234945407], [10.257983469068467, 62.39044196578533], [10.257495889237997, 62.39062319159145], [10.25758808688342, 62.39111649249129], [10.257101411184745, 62.391252779699784], [10.25681130816995, 62.391296842721964], [10.256515886025326, 62.391610534087754], [10.255548304066895, 62.39156402100609], [10.253512273689026, 62.391602435682316], [10.25244565180885, 62.39173688998692], [10.252053674517109, 62.39205177213185], [10.250789394753316, 62.39249873988834], [10.250204855580156, 62.39276656653865], [10.248842852723833, 62.39321467566196], [10.247968758487119, 62.393387155994475], [10.246805123400875, 62.39339234013881], [10.246027256930105, 62.393658036644084], [10.245444049035134, 62.39378648706787], [10.245055329516012, 62.39392158803897], [10.24514584830675, 62.394419341419244], [10.24233915251939, 62.394143433335465], [10.241275113748687, 62.39404855200683], [10.240696261531875, 62.39382637415358], [10.239630890434363, 62.39373143420284], [10.239050126087152, 62.393639593809866], [10.237703271914311, 62.39287395179906], [10.236834486470132, 62.39260584772727], [10.237029766207671, 62.39246863798193], [10.23616922955924, 62.39161171586172], [10.235297763615884, 62.39142895052133], [10.23403986396371, 62.391291389898676], [10.234054608668826, 62.390167664245894], [10.23396522487385, 62.38957999903735], [10.233290514559197, 62.38926456117408], [10.232908032001871, 62.388815241144584], [10.23232872405863, 62.38867845037186], [10.231167499496033, 62.3884992073315], [10.230592733505619, 62.38808825156555], [10.22953211042594, 62.387642629666345], [10.22876190165394, 62.387278920140396], [10.228283729274317, 62.38673636099322], [10.227804290379908, 62.386333161690686], [10.227906149591085, 62.38592743688215], [10.22791574185957, 62.38520825442011], [10.228212342298566, 62.38466981096412], [10.228604078063885, 62.38431001439969], [10.229679133669364, 62.38359143400587], [10.229296393926077, 62.38318706136847], [10.227751487233768, 62.382823727746576], [10.226008659604629, 62.38268741859518], [10.22494469614351, 62.38263737286238], [10.223976305775453, 62.382590603593265], [10.223103609911645, 62.38267752904006], [10.222618280326017, 62.38272380284773], [10.221649435919835, 62.382762444210954], [10.220972665868254, 62.38262674753369], [10.220296278862417, 62.382536030360534], [10.219521870270814, 62.382491404626975], [10.218844652833171, 62.382441124482035], [10.218683344379636, 62.382432279119016], [10.218683044802582, 62.38243226251579], [10.218579132846084, 62.38246340034784], [10.218556942678141, 62.38244189495045], [9.974980858265257, 62.14435969011068], [9.984347995219144, 62.138330534199376], [9.982935518164789, 62.13826138233052], [9.984751744071279, 62.13742883535154], [9.984186665840724, 62.13692633342724], [9.98195093642556, 62.13745206121643], [9.983427260298905, 62.13636916605191], [9.980549020507372, 62.13655318520017], [9.981154550613413, 62.135661803762105], [9.971881717121615, 62.13194465495778], [9.991805974428747, 62.12914604972558], [9.865146778287482, 62.095345629689426], [9.864881118925611, 62.095274536303066], [9.865987669487158, 62.09496337401076], [9.89608164368849, 62.07509254492713], [9.896131850370375, 62.07501190472934], [9.896163172562314, 62.07490897382127], [9.896164568876571, 62.07485963438281], [9.896175541955209, 62.074810379503994], [9.896214904434443, 62.074765684030794], [9.89633109111395, 62.07471699452874], [9.896437515775318, 62.074677300064685], [9.896505607846468, 62.074632858121745], [9.896536073366377, 62.07456579173297], [9.896557167741811, 62.074498558450195], [9.896625248819124, 62.074449617777724], [9.89663893807976, 62.07443779912129], [9.896667877774433, 62.07442654486547], [9.89678045518531, 62.07437421280605], [9.896896974322823, 62.07431213032673], [9.896993305220722, 62.07429023498719], [9.897194483381679, 62.07428247558161], [9.89730983183064, 62.07426155367141], [9.897396909804781, 62.07422168242286], [9.897494417927442, 62.07414603093977], [9.897552422091685, 62.07412847481434], [9.89772399471365, 62.07414732855137], [9.897791384691002, 62.07412984972028], [9.89785044769381, 62.074076346461894], [9.898016617564384, 62.07401897911558], [9.89808576458381, 62.073938589340656], [9.898135357566133, 62.07386269406565], [9.898195107419436, 62.07377772819386], [9.89836891509991, 62.073720553103584], [9.898494145988103, 62.07368533153628], [9.898629477721888, 62.07363680880289], [9.898794071471062, 62.073565977467254], [9.898871205073497, 62.073539592178896], [9.89905392298268, 62.07350469746915], [9.899217502196347, 62.07346612571105], [9.899371819750273, 62.07342217312118], [9.899439566773086, 62.07339571022353], [9.89949775237303, 62.073369073557906], [9.899507831339267, 62.07334677510202], [9.899555901138124, 62.07333352893884], [9.899564179657009, 62.073313952809606], [9.899595263349022, 62.073297919171246], [9.899615630901476, 62.073248651805635], [9.899646462602652, 62.07317251199181], [9.89968614722281, 62.07311901103014], [9.899773747132883, 62.07306116468837], [9.899860316076754, 62.073043674596846], [9.900061151992348, 62.073049303417], [9.90020517129673, 62.07302323205225], [9.900378791276955, 62.07297054596327], [9.90055242569039, 62.07291777023997], [9.900764394312446, 62.07286515241803], [9.901023569163208, 62.07282723490633], [9.901244241066822, 62.072801567921864], [9.901464729237095, 62.072784980285], [9.901599375630095, 62.072758740891736], [9.901775081233923, 62.07269704377996], [9.901880968530078, 62.07267073042852], [9.902044506819399, 62.07264034084407], [9.902227525782298, 62.07258305197757], [9.902352396417587, 62.07256589681829], [9.902505689185126, 62.072566795666425], [9.902668190881029, 62.07256425623377], [9.902802278738378, 62.07255616801957], [9.902898588590016, 62.07252976977991], [9.903015263802878, 62.07246777837944], [9.903083356313585, 62.072423243622644], [9.903199675915758, 62.07236564722992], [9.903353638867268, 62.07233058391392], [9.90349853651825, 62.07227755222667], [9.903614854778207, 62.07221995546943], [9.903692876584369, 62.07217110925622], [9.903848194974868, 62.07208229644983], [9.90397340938793, 62.072051657856015], [9.90405962647249, 62.072047647011544], [9.904079357440233, 62.07199412731864], [9.90431810730794, 62.07185963637405], [9.90462914596699, 62.071734383831796], [9.904722395014124, 62.07171704774584], [9.905007929339941, 62.07162144004991], [9.905115933625535, 62.07159961089031], [9.905303042783556, 62.07153959051303], [9.905496993213214, 62.07141369847874], [9.90566073256511, 62.07133293197993], [9.905766827312224, 62.071228803917755], [9.905881663807559, 62.07116170441269], [9.906101748837996, 62.07111315732887], [9.906375235731222, 62.07108124690634], [9.906462956573021, 62.07108196835978], [9.906541081073366, 62.0710690204804], [9.9066299222153, 62.07103793567547], [9.906851453972477, 62.07084594707358], [9.906910235927336, 62.07083282432247], [9.907013858196853, 62.0707902299948], [9.907336725928193, 62.07074061937074], [9.907449121465946, 62.07071202341315], [9.907755688585883, 62.07059154737336], [9.90794167037658, 62.07055874138086], [9.908049674604055, 62.070527733677814], [9.908227349744958, 62.07044271094575], [9.908273110976085, 62.07040202745462], [9.908312731650618, 62.07039107542852], [9.908422433587695, 62.070314518071974], [9.908620046887835, 62.07023409962475], [9.908674808058654, 62.07019806665095], [9.908808267653585, 62.07013992938245], [9.909123075744342, 62.07005142242474], [9.909195869116198, 62.070047362728765], [9.909234911028447, 62.07003413997509], [9.909323021739528, 62.070027946807706], [9.909327746323193, 62.07002722159549], [9.909619598614858, 62.069889195206365], [9.911441597393107, 62.06904969696249], [9.912229578595417, 62.06853188247596], [9.913492184379903, 62.06731159078122], [9.914080114989984, 62.066684817624754], [9.913405805557115, 62.06628479055775], [9.914012592388394, 62.065295978077216], [9.915865486586508, 62.06235475095432], [9.915885846373728, 62.06231447818656], [9.916040971548837, 62.0622308646862], [9.916225942235366, 62.06210642839729], [9.916294494829632, 62.06204400234859], [9.91634441790091, 62.06196802442695], [9.916368237955401, 62.061869312615556], [9.916418158983149, 62.061797922770374], [9.916584512768392, 62.061655256603935], [9.916711537054377, 62.061552793389794], [9.916819563710227, 62.06144126292333], [9.91689835245944, 62.06135204495462], [9.916996656511614, 62.06124933221321], [9.917084200757374, 62.061200560942154], [9.91717120157302, 62.06115617782153], [9.917278217316362, 62.06108959179399], [9.917384893597818, 62.06103189961331], [9.91754921161843, 62.06097003505372], [9.917722939536011, 62.060912655574086], [9.917953806488017, 62.06085639276305], [9.918079285572826, 62.06081234807965], [9.918195518146103, 62.06075023953923], [9.918273663413514, 62.060696892813695], [9.91837042529456, 62.060648010794544], [9.91858224899375, 62.06059095506342], [9.918697828841811, 62.06056021947964], [9.918873281022298, 62.060507400418196], [9.918989199927138, 62.06046318252607], [9.91903740265832, 62.06044552699952], [9.919134543614659, 62.06039665846903], [9.919355907676385, 62.060335275146066], [9.919471825229218, 62.06029105683375], [9.919549317388597, 62.06025189968566], [9.919598684324294, 62.06018948491269], [9.919619539705995, 62.06012673907476], [9.91964040890732, 62.06006849193509], [9.919738670531544, 62.05996136779963], [9.919759333865342, 62.059903203027595], [9.919751294449178, 62.0598492883294], [9.919724258420679, 62.05978630690557], [9.919716528473025, 62.05971908896613], [9.919727797177686, 62.05965176152232], [9.919787457259295, 62.05956678529018], [9.919807561479711, 62.05951768625712], [9.919819020430994, 62.05945036582401], [9.919822750223483, 62.05931123933621], [9.91983403142641, 62.05925299869615], [9.919837766815848, 62.05917225891331], [9.919820642360316, 62.059095878310366], [9.919823163754335, 62.058997190993196], [9.919834282166597, 62.05894794073496], [9.91985560903954, 62.058858313098455], [9.919861018581384, 62.05865645379536], [9.919871755705188, 62.05860718948665], [9.919873097578838, 62.05855335063194], [9.919827595203543, 62.05847241560123], [9.919752377082986, 62.058422412501734], [9.919638962059071, 62.058371541379266], [9.919545218838385, 62.05829935404783], [9.91947991160681, 62.058240539743736], [9.919357630807927, 62.058163611940586], [9.919292295384933, 62.05810038826301], [9.919200293937465, 62.057969698390956], [9.919175626629663, 62.05787081855267], [9.919129979194425, 62.057798784287215], [9.919122102996043, 62.057740467291865], [9.919152811922151, 62.05765091565645], [9.91916357747405, 62.05761064881256], [9.919080146925696, 62.057515810445565], [9.919071698157044, 62.057462060493634], [9.919121622343955, 62.05738140385975], [9.91917118960123, 62.057323494910854], [9.919211158648558, 62.05725191751542], [9.919222765656848, 62.05717569615169], [9.919215362799708, 62.057090497419516], [9.91924631781758, 62.05701435946907], [9.91927724491537, 62.05692922410276], [9.919299072820403, 62.056821712205], [9.919320914439359, 62.05671869900477], [9.919360896166166, 62.056651620253895], [9.919419003070361, 62.05662056534983], [9.919591876065786, 62.05659904830942], [9.91968791515277, 62.05657272003616], [9.919748308891629, 62.05653716113718], [9.919759723672739, 62.05646093268467], [9.919723294761848, 62.05639796484234], [9.919639497464175, 62.05631219959617], [9.919621873911284, 62.05625370330865], [9.91965211960133, 62.05620012008682], [9.91968201304096, 62.05615093210474], [9.919683546480385, 62.05609251214793], [9.919665716443502, 62.056038686372126], [9.919666924622716, 62.05599824718824], [9.919727063054903, 62.055895475955616], [9.91975716153477, 62.0558462055613], [9.91974924259522, 62.05577439247091], [9.91967503169507, 62.055693208825204], [9.919609510156416, 62.055629978309845], [9.919601633403838, 62.05557166132696], [9.919681119279774, 62.05546438533998], [9.919701573781785, 62.05540630291321], [9.919712014468109, 62.05537484054334], [9.919713885907294, 62.055307526628226], [9.91972462183171, 62.0552582623066], [9.919728942030975, 62.05518204226662], [9.919778314838657, 62.05511953790023], [9.919875570818117, 62.05505726895646], [9.91994445247019, 62.05498585744757], [9.91997469719506, 62.054927686012526], [9.919985093493187, 62.05489190373559], [9.919930173778928, 62.054797396828185], [9.919855477964616, 62.05473859634015], [9.919695400462864, 62.0546344557833], [9.919677627959501, 62.05459403671302], [9.919755727394408, 62.05452710340152], [9.919795379915888, 62.054478005248704], [9.919806277919188, 62.054419750524225], [9.919788993092086, 62.054352360301976], [9.919781278782526, 62.054285052934105], [9.919792382198644, 62.05422671581878], [9.919851839249622, 62.054146320502014], [9.919958295235624, 62.054088618972884], [9.92004531312119, 62.05405772987589], [9.920131978795276, 62.05403123597274], [9.920275566104579, 62.05402312329737], [9.920467576290088, 62.05399826248786], [9.920688405357927, 62.053954671423085], [9.92080448675884, 62.053910458715926], [9.920910806991822, 62.05386615611137], [9.920999023759423, 62.053848715225996], [9.921114765802605, 62.053817984329996], [9.921239196316241, 62.0538097945259], [9.921497156982582, 62.05381579096986], [9.921707765743976, 62.05380348897452], [9.921860921936343, 62.05379545735383], [9.922071731999203, 62.05378424178968], [9.92223428276445, 62.05377619601616], [9.922435320118089, 62.053768398341674], [9.922588799440128, 62.05374238510787], [9.922751554794457, 62.05373884444868], [9.922875646888254, 62.05374413525454], [9.922971585722522, 62.05374011227303], [9.92310589447629, 62.05370952389344], [9.923221957018521, 62.053660810395016], [9.923329109016429, 62.053585139405186], [9.92344600712397, 62.05350047110823], [9.923620325755536, 62.05341629823783], [9.923746129416758, 62.05335516830488], [9.923892087765067, 62.05326176394678], [9.923999412569223, 62.05318160070653], [9.924068602394303, 62.053096794292756], [9.92411727384046, 62.05305675373086], [9.924213855008567, 62.053021356353554], [9.924234665696305, 62.05295420033035], [9.924312735883934, 62.05288735369567], [9.924438729974112, 62.05282964884762], [9.924439696410134, 62.052784882642065], [9.924412524381736, 62.052739889896145], [9.92443233863862, 62.05270850261589], [9.92452018288341, 62.05264624410696], [9.924531085709877, 62.052592487612415], [9.92450319600377, 62.05255637483524], [9.92451342490597, 62.05252958255622], [9.924505217507336, 62.05248007031737], [9.924507062907812, 62.05241284562191], [9.924510960014516, 62.05232761382962], [9.92447484831152, 62.05224207822277], [9.924457554117197, 62.05217468847866], [9.92444982951147, 62.05211196938383], [9.9243844960844, 62.05204415998308], [9.924243937046356, 62.051940203753105], [9.924093618760082, 62.05183615782458], [9.923971703223728, 62.05174566269446], [9.92392587697157, 62.051678121650504], [9.923908891910765, 62.051592840446595], [9.923872756261883, 62.051510902269435], [9.923817521944375, 62.05143887634767], [9.923803677256961, 62.05137035402895], [9.923915121600437, 62.051354936533194], [9.924011652986634, 62.051315219352425], [9.924051323824754, 62.05127052914784], [9.924081688367634, 62.05119895696554], [9.924179274452209, 62.05112770135229], [9.924237878578344, 62.05107867043967], [9.92429919301091, 62.05098934572845], [9.924339185020841, 62.050931262736015], [9.92444647077913, 62.05084210160804], [9.924553785298, 62.05076193781613], [9.924593717443607, 62.050690448013455], [9.924576423707103, 62.050623058281246], [9.924559115339076, 62.050551169833845], [9.924599282258615, 62.05048400692764], [9.924677198724968, 62.050430649124365], [9.924773389583779, 62.050399825351555], [9.92493646358792, 62.050382799814], [9.925042077113634, 62.050365547462846], [9.925204975107281, 62.05035301330443], [9.925310910106013, 62.05031777991468], [9.925435867309087, 62.05029143352001], [9.925531911029653, 62.05027409833641], [9.925647780778966, 62.050229874308535], [9.925802670545716, 62.050159737965785], [9.9259429814069, 62.05013899437118], [9.926037836815887, 62.05007141556956], [9.926064777819715, 62.05000079662162], [9.926131253858975, 62.049912650917605], [9.92626094821025, 62.049829261572725], [9.926451577515593, 62.04967137666359], [9.92665840261025, 62.049470455552054], [9.926735075483364, 62.04936370274718], [9.926819062290152, 62.049321003103415], [9.926882936853108, 62.04930347249276], [9.92692788621347, 62.04927876786033], [9.926973018059433, 62.04923805647304], [9.927010842837841, 62.049149305616524], [9.927062031630548, 62.049083807379525], [9.927146733362806, 62.049013875021885], [9.927191491757757, 62.04899375141618], [9.927253047342823, 62.04891208147679], [9.927333535473139, 62.04884901106472], [9.927407181945831, 62.04880853945093], [9.927360997933087, 62.04875574042959], [9.927382579449432, 62.04870111744376], [9.927468041258392, 62.04863121291194], [9.927686248324166, 62.04852040286318], [9.927688436857835, 62.0485187741121], [9.927756468851701, 62.04848322360386], [9.927871709284465, 62.04838877534874], [9.927968941987109, 62.04833099898926], [9.928104593492405, 62.04826006245141], [9.928173264626718, 62.04819313814306], [9.928183838782632, 62.048152773980746], [9.928157625167147, 62.048058427498], [9.928121332438932, 62.04797738446942], [9.928120273664124, 62.04795044651628], [9.928188929100155, 62.04788361160433], [9.928199883730413, 62.0478386733248], [9.928124601828925, 62.04777994567336], [9.927973794678886, 62.047698376576655], [9.927946621293794, 62.04764879636655], [9.927937853618365, 62.04761293822116], [9.927959002338206, 62.04753679806254], [9.92796956157564, 62.047496523328455], [9.92789418091562, 62.047451016470035], [9.927790226491167, 62.047410215538235], [9.927550697472373, 62.04734238345849], [9.927446773754967, 62.047301403448984], [9.927315107114952, 62.047215410141256], [9.927249441859312, 62.04716567237611], [9.927127054097141, 62.04710215137043], [9.927022941151012, 62.047056575912], [9.926938285831055, 62.04700236046502], [9.926864075870634, 62.04692118064623], [9.926799434324154, 62.04683549500499], [9.926751804367216, 62.04675007573121], [9.926725626198728, 62.04666013832738], [9.926718976454902, 62.04657145961688], [9.925793956486453, 62.04647505809007], [9.876374176530526, 62.04054670900564], [9.838812277214846, 62.013395057079315], [9.841024819520326, 62.00492748183148], [9.843837344139883, 61.99961522486645], [9.850422652233101, 61.980941176148534], [9.870198599227571, 61.94947077105348], [9.8510099786649, 61.91488791754521], [9.848242726147241, 61.903810272832175], [9.919541108465776, 61.90199478165031], [9.957334451728487, 61.89476912416961], [9.967847877162457, 61.892761572293225], [9.980915981914775, 61.890622026606785], [9.987607868418321, 61.88952572119362], [10.013271091748106, 61.88485221162027], [10.015277192199916, 61.884486430597406], [10.015503479002623, 61.884445259794916], [10.015288623975044, 61.88403859027667], [10.015012161414036, 61.88382632924387], [10.014661223113123, 61.88362080869509], [10.014483003647634, 61.883443148925664], [10.014481305805214, 61.88323024902719], [10.014573820845529, 61.88299828107503], [10.014578593433626, 61.882786605679556], [10.01442100506081, 61.88253269167794], [10.01410642144022, 61.882288998286455], [10.013947799309946, 61.8821396660591], [10.013605915781323, 61.88181797656755], [10.013270765877682, 61.88118267033296], [10.013105993447288, 61.88058602664925], [10.012862448899403, 61.88009033148409], [10.012517469084687, 61.87973056396117], [10.012296644740339, 61.87923938104972], [10.012333794538591, 61.878617687441675], [10.012470225241557, 61.87814910984197], [10.012782486898807, 61.87779540870502], [10.012988363365196, 61.877445488520365], [10.012960443130167, 61.87724971700765], [9.993579277391435, 61.86630953804276], [9.988234695966012, 61.863291181618735], [9.967872768356827, 61.85077777877291], [9.963425896378153, 61.84829349848809], [9.925393265682233, 61.833307063123904], [9.899571582482302, 61.831575443568035], [9.898645332200754, 61.831423938097274], [9.897780258487696, 61.83158967426129], [9.897242651808272, 61.831389824778775], [9.896536707570121, 61.831516402400325], [9.895512472848113, 61.831496267532316], [9.895085080021365, 61.83177724417921], [9.89386763726896, 61.83200180954717], [9.892964502574097, 61.831941182624256], [9.89214752099322, 61.831703915990445], [9.891725131573374, 61.8314991596366], [9.891092368098493, 61.831412606296055], [9.890372133987453, 61.831511720310516], [9.889670695910112, 61.83149466436593], [9.888221458488704, 61.831512613363095], [9.887327644191654, 61.8316232333554], [9.886764294031924, 61.83169210212368], [9.886141002375545, 61.83177690629376], [9.885385213078926, 61.83163166736709], [9.88470340515303, 61.83184014626669], [9.884145305179313, 61.831990350846176], [9.883195033433537, 61.83198188055512], [9.882149586903257, 61.83186189020989], [9.880949192401038, 61.83152918136388], [9.880420185419855, 61.83139238132324], [9.879225279059794, 61.831140922129286], [9.878544482965626, 61.831115403083594], [9.878002479255267, 61.83128417789978], [9.877278054284186, 61.83129309978356], [9.876643512979474, 61.83133236701883], [9.875931306182945, 61.83149468377993], [9.875223470721522, 61.831288291918085], [9.874729839123349, 61.83105391659431], [9.87380029581246, 61.83069527979627], [9.873005607079714, 61.83044064408116], [9.872380780153412, 61.83030931502447], [9.871245597921096, 61.83038381274806], [9.870344633207221, 61.83042208054514], [9.869312962435593, 61.830446544287625], [9.867870705589507, 61.83053651301226], [9.867133028826656, 61.830508717427456], [9.8664370626281, 61.83034779661526], [9.86520824821851, 61.83052670120544], [9.864446746851627, 61.83064221873391], [9.863805282391386, 61.83060919218498], [9.863038953524661, 61.830526409737246], [9.862596165247977, 61.83032988046644], [9.861636075864432, 61.83004198728892], [9.86085479735178, 61.82970689833963], [9.860344562470571, 61.829912693763696], [9.859351136597459, 61.829821466084475], [9.858201725157087, 61.82986833174695], [9.85711335269273, 61.82989048680084], [9.856113700560389, 61.82995203980987], [9.854954497748716, 61.83016936324515], [9.853537838953022, 61.83033211819258], [9.852814311161719, 61.83044899756595], [9.851422562592743, 61.83057658861389], [9.85050647707809, 61.83047920408072], [9.849915481315547, 61.830259160753336], [9.849068240059232, 61.83031721136616], [9.848253591550428, 61.830295688466435], [9.847267644820285, 61.830276629669896], [9.846309931083868, 61.83031260719433], [9.845573308949406, 61.83039287873401], [9.844457811191413, 61.83035093489585], [9.843179461285155, 61.83025787115446], [9.842034614364161, 61.83016082107348], [9.840770396367873, 61.83021221915446], [9.840099335697543, 61.83024094637136], [9.839191481211717, 61.83020677425686], [9.838609133982661, 61.83027482202275], [9.838215403944778, 61.83046693121837], [9.837529653223823, 61.83058506386631], [9.83694024658446, 61.830580862245206], [9.836121915342895, 61.83069408497444], [9.835239465123903, 61.83107480071859], [9.83450517670921, 61.83125380025852], [9.834004391543935, 61.83151402168269], [9.834133413312221, 61.83187867794597], [9.833748628538254, 61.832242057922215], [9.832691954535061, 61.83230120463468], [9.832238224400971, 61.832509031210854], [9.827673957488143, 61.83249004611791], [9.826979008191577, 61.8324366549963], [9.826473456141931, 61.83227371397693], [9.825629330123254, 61.83231374548681], [9.82442009107912, 61.832601087756856], [9.823878458724874, 61.832427597680265], [9.823305809198349, 61.832325091695104], [9.822813351824914, 61.8321985298784], [9.822617321569728, 61.83166919918947], [9.821930501568623, 61.83167933911669], [9.821320895584039, 61.83190823554278], [9.820085879801846, 61.83189756805671], [9.81880962866059, 61.83190341550498], [9.817821746287382, 61.83166813860635], [9.817125121039595, 61.83184874164675], [9.816073698596389, 61.83153916152514], [9.814951986363669, 61.83153264154412], [9.81388905126504, 61.83162748580459], [9.813373957825185, 61.831410059599385], [9.812721201193302, 61.831331379126205], [9.811954413150232, 61.83136534504167], [9.811471838156715, 61.83151794094315], [9.81080238729716, 61.83176261226425], [9.809810922775158, 61.83188703258289], [9.809072514820382, 61.83175110824885], [9.808418824657002, 61.8315644939538], [9.807568882262055, 61.831415250147], [9.806417898888135, 61.83124568938509], [9.805447273385777, 61.831244904780675], [9.804298514080333, 61.831174560819925], [9.803292419604908, 61.83104627363804], [9.80249440207546, 61.83115098182213], [9.801544395827053, 61.831141953820755], [9.800674751279583, 61.831109064827025], [9.800122527309266, 61.831223171070924], [9.799527067790127, 61.831254478651616], [9.798313850518046, 61.83122644603359], [9.7976475788831, 61.83133630524558], [9.796438089031284, 61.83139837165668], [9.79568019134953, 61.831378689888], [9.79563593985082, 61.831080095080424], [9.795108651434285, 61.83093411288033], [9.794830568278947, 61.83055457019547], [9.794119773093515, 61.830257747158406], [9.793612933209651, 61.83010353770059], [9.793010416982447, 61.829954689649355], [9.792230153608815, 61.82984398380223], [9.79142688131283, 61.82964251455876], [9.790603378925066, 61.829674295556536], [9.790110434303493, 61.829439623225454], [9.789650752562558, 61.82923320558743], [9.78908808566408, 61.82918482610913], [9.788319622263394, 61.82922759275798], [9.786582269962, 61.82847772163855], [9.785758855192592, 61.82805951107788], [9.784649852480234, 61.827756394866654], [9.783508051682533, 61.82753317858542], [9.78231177495724, 61.8274064917111], [9.781140473424571, 61.827244934778136], [9.78023298137801, 61.82721038146108], [9.779648861552644, 61.82695420121553], [9.778390049747037, 61.826636328634095], [9.777577378431058, 61.82638042994151], [9.776650388620965, 61.82623713833025], [9.77550325938799, 61.826157430519224], [9.7748705170217, 61.82596244811315], [9.774154882991276, 61.82558408053465], [9.773173627453419, 61.82531290890895], [9.77200356424513, 61.82503434859316], [9.770950238795278, 61.824850117434835], [9.770147415288115, 61.82464862308314], [9.769241683498548, 61.824380123166925], [9.768030036118454, 61.824010053525846], [9.767325043948516, 61.823794100584315], [9.766766301867813, 61.82361090070778], [9.766074357721044, 61.82376434307634], [9.765367484231518, 61.82378233696607], [9.765022051951302, 61.823400779558206], [9.76349846562635, 61.82352181303738], [9.762865822395055, 61.82357196230518], [9.746386088937381, 61.82487859741437], [9.746379661357144, 61.82487169266422], [9.7441125065964, 61.82243382040839], [9.742779720258547, 61.82102267926619], [9.74058999152981, 61.818647898693015], [9.738514846723247, 61.816408752247916], [9.737626667130824, 61.81545011476763], [9.736439334454747, 61.81416901192785], [9.732718262149492, 61.81013901141411], [9.732663411115896, 61.81007301746181], [9.731941419314127, 61.80930041055535], [9.730083588713114, 61.80731213175557], [9.729509682944046, 61.80669771989222], [9.72807873047534, 61.80514837162914], [9.727208168257713, 61.804211471584665], [9.725556925759722, 61.802440628908265], [9.725309174501445, 61.802151971969984], [9.723171286475907, 61.79984460921594], [9.722760338535037, 61.799400742503074], [9.721626348151052, 61.79817677951447], [9.721144026118797, 61.79765628245411], [9.7206739047887, 61.79714894071163], [9.719672691683785, 61.79606792455538], [9.718777467145244, 61.79510157192498], [9.718759659017872, 61.79508243927083], [9.71799263328099, 61.79425401437125], [9.717708079279047, 61.793946914196745], [9.717290192646857, 61.793495650570314], [9.717188046551565, 61.79338562352993], [9.71663255983779, 61.79278526078227], [9.715929552743189, 61.792026146421755], [9.714607128555532, 61.790598141443866], [9.714597982295682, 61.7905883404738], [9.713394589738154, 61.789288727991554], [9.712061243641935, 61.78784821272458], [9.711440459279672, 61.78717790598689], [9.710395820667486, 61.786049236265505], [9.710316210020384, 61.7859631083985], [9.71027807136425, 61.78592195343915], [9.710273570879828, 61.785917190548744], [9.71212380579651, 61.78328040252286], [9.701884411924278, 61.77689008774284], [9.701843330021495, 61.776846296407236], [9.701658424323536, 61.776649458721266], [9.696225701449686, 61.77086541260964], [9.696174688594855, 61.77083302201999], [9.691199270884287, 61.76767755867163], [9.691061353179919, 61.767589785130156], [9.690402761171246, 61.76717164370485], [9.684251496689368, 61.76326597270181], [9.68185491972233, 61.76173285998291], [9.677378584667993, 61.75888712441021], [9.676778921108529, 61.758505752846624], [9.673317735213654, 61.75630089099308], [9.672541134962705, 61.755806068729264], [9.671287524647097, 61.755007415279465], [9.670374900519725, 61.75449594343571], [9.670293670114402, 61.754441038347494], [9.668391221455494, 61.753148979839644], [9.667967543778662, 61.75288924133488], [9.665199832771291, 61.751192312188664], [9.66087893372029, 61.74840204313728], [9.655792426973038, 61.74522266553723], [9.65223025491717, 61.742995243061536], [9.644687776872678, 61.73800673212905], [9.640851351819022, 61.7355611679702], [9.633927389027534, 61.73114629152498], [9.612576910050365, 61.71759277048784], [9.547044258238612, 61.73180483942228], [9.543933295423153, 61.730267822967036], [9.54214506201969, 61.72913451389663], [9.541300890407896, 61.72836735416116], [9.541026190962334, 61.727604927335186], [9.540759088875781, 61.726383827569755], [9.540583312513693, 61.72530136630527], [9.540119520763517, 61.72449088735973], [9.538807287159939, 61.72331803334676], [9.537586792534016, 61.722414316051356], [9.536651845167816, 61.72137800504654], [9.536006700177253, 61.72002478582739], [9.535744765572018, 61.71831339914571], [9.53576434260565, 61.71682925441946], [9.536162868037861, 61.71547725250854], [9.537226874894971, 61.713863863912884], [9.538487013914656, 61.71192982455357], [9.539258295408308, 61.71093919592301], [9.540216234470822, 61.710221507188486], [9.541172015227584, 61.70963871951931], [9.542601724459697, 61.70910635032019], [9.544413191415519, 61.70834622142995], [9.546320819304738, 61.70749541402851], [9.547943973001663, 61.70660173598902], [9.548901003196264, 61.70597395411423], [9.549954417285278, 61.705120524808514], [9.550440048730602, 61.70426694618895], [9.550453076993625, 61.70331802490483], [9.550463580759727, 61.70242299958611], [9.549919109479774, 61.700619394777796], [9.54926754250986, 61.699670961091385], [9.548897253084014, 61.6989947292664], [9.549096476478596, 61.69827372163794], [9.549387712720343, 61.697736373648276], [9.549680105986697, 61.697149574520274], [9.549972262003518, 61.69652226811414], [9.54969608290224, 61.69593978630462], [9.54913515716417, 61.69530544591176], [9.548195335078352, 61.69471447993609], [9.547634231863473, 61.694129621821716], [9.547072580689578, 61.69358973626268], [9.546609428067505, 61.69277929577283], [9.546058683213817, 61.69142538748825], [9.545787032421485, 61.690478596184604], [9.545608931390367, 61.689621034228374], [9.545247585210053, 61.68827018244759], [9.544973470675204, 61.6875077790788], [9.544510487594005, 61.68673783170687], [9.54376507175645, 61.68579010990594], [9.543204978199993, 61.68511527181141], [9.542831922147558, 61.68466389173289], [9.542268617593136, 61.68421390807417], [9.5415187362084, 61.68371146788147], [9.54001172372879, 61.68303026625625], [9.538694586488337, 61.682311640818774], [9.537472559732862, 61.68163280312941], [9.536721104516559, 61.6810897715919], [9.536069933593422, 61.68027176082821], [9.535887813485191, 61.67969300236179], [9.535606857772235, 61.67950626982253], [9.535227526401444, 61.6795090909628], [9.533993977319675, 61.67968471570921], [9.532664027615876, 61.6799509662784], [9.531523965441508, 61.68012581226856], [9.530575805228644, 61.68025883657377], [9.529341478446838, 61.68038939162726], [9.527825518194682, 61.680432154899854], [9.526594316101907, 61.68038281801705], [9.525838006057675, 61.68033450620901], [9.524700858797052, 61.68032942039958], [9.524037805785163, 61.68032983551115], [9.523751871614689, 61.68046686497471], [9.523182111984, 61.68055201383742], [9.522519885097944, 61.68046245809423], [9.521573158581521, 61.68045598365962], [9.520529172403622, 61.68058959554965], [9.519485870877203, 61.68062873033695], [9.518538489693109, 61.68067170709145], [9.517496738935044, 61.68062539175618], [9.516550203764472, 61.680578391500916], [9.515696284904275, 61.68070609869794], [9.514935410296786, 61.680882536329044], [9.514080827013732, 61.68101920690591], [9.51313144168154, 61.68115206369267], [9.511898141798365, 61.681282505310406], [9.510951208059375, 61.68127594949438], [9.510003798113598, 61.68131886673404], [9.508960290015422, 61.68131741476889], [9.50839262180329, 61.681317089543626], [9.507539525583397, 61.681354782322146], [9.50706502326858, 61.68144819636768], [9.506589057329208, 61.68153705007016], [9.506112818323084, 61.68171138941096], [9.505826605282763, 61.68184837272688], [9.505633533525053, 61.68211959990215], [9.505628364322174, 61.68247488464109], [9.505529752857827, 61.68274541192724], [9.505148808109592, 61.682928082124675], [9.504673863886905, 61.68296747203553], [9.503916734650408, 61.68292350649015], [9.502971719103616, 61.68273697713113], [9.502119756213371, 61.68269368434928], [9.501458723237285, 61.68259957407956], [9.500604009288194, 61.682682158903155], [9.50003417591601, 61.6828212102902], [9.499272714088999, 61.68304254031442], [9.4988900078217, 61.68326562267682], [9.498413654446288, 61.68344443248031], [9.498035450280952, 61.68344269715701], [9.401275993770911, 61.649136078798215], [9.4012758836442, 61.649136112082694], [9.401135137811698, 61.649178231778535], [9.401107560744332, 61.649186280984395], [9.396637533528157, 61.646544966768175], [9.391903699868475, 61.6437474578696], [9.387314929961883, 61.641034934671744], [9.384781473843432, 61.63953681396561], [9.381885917549956, 61.637824717921305], [9.378665842609184, 61.63592042062483], [9.374663614454738, 61.633552727323156], [9.370740939343204, 61.63123228647566], [9.366396970844875, 61.628661368264616], [9.364054949138138, 61.627275302026725], [9.361553892486592, 61.62579494407899], [9.359769206108636, 61.62473831978733], [9.355411458294844, 61.6221582366476], [9.352809889566156, 61.620617636122965], [9.350608357481356, 61.61931345081205], [9.350277205379157, 61.61911736720738], [9.349858341573404, 61.61886949204499], [9.345686825399028, 61.616398299643954], [9.345358989892262, 61.616204050006196], [9.344467128759009, 61.61567541378702], [9.343160773875852, 61.614901573534766], [9.341833736303565, 61.614115068880196], [9.339715774361848, 61.61286005479875], [9.338082474033511, 61.61189192905786], [9.336194792540006, 61.61077342288432], [9.335220386427725, 61.61019556092811], [9.334705446742436, 61.60989044213402], [9.333674961919053, 61.609279542547284], [9.332589617078764, 61.608636108845396], [9.332923528358558, 61.608492198274455], [9.331873468527558, 61.60750808535226], [9.331816491796415, 61.607507516430886], [9.33114861886813, 61.607499816349474], [9.330790512463347, 61.60756953565557], [9.329341660997397, 61.60671058454986], [9.327352238537383, 61.60553081602364], [9.324500375700008, 61.603839474029], [9.317454165224134, 61.599659798823254], [9.316112470463718, 61.5988334174756], [9.315559058209162, 61.598492855161325], [9.314575630636448, 61.59788690189004], [9.313929966803222, 61.59748919474033], [9.313436382901346, 61.59719036495264], [9.312457820803107, 61.59659845919699], [9.31144226446332, 61.5959839376055], [9.3102881989629, 61.59528549139122], [9.30900512731669, 61.59451215477597], [9.307513506800385, 61.593612712719576], [9.30618129990012, 61.592809388025636], [9.305774518545947, 61.59257347307919], [9.30417201047955, 61.59164316042853], [9.302698493260172, 61.5907884316366], [9.301798519544924, 61.59026633465807], [9.300769949395132, 61.58966926988071], [9.30073412031247, 61.58964841785535], [9.300698103816032, 61.58962755797981], [9.294271269807682, 61.58589718655922], [9.291894496733754, 61.584962544943565], [9.291874773284052, 61.58495478730338], [9.291831466588631, 61.584937670031046], [9.290418099565256, 61.58438173327453], [9.288617209827676, 61.583673339350824], [9.287873594029284, 61.58338084363309], [9.287439195677567, 61.58320996041615], [9.286625435565231, 61.58296708565851], [9.285603009380345, 61.582661712825136], [9.284217182191934, 61.58224818722577], [9.283484371128022, 61.582029482551356], [9.281960987584101, 61.581574693061036], [9.280469863270842, 61.58112952123061], [9.27931292460353, 61.58078415306573], [9.278434290126079, 61.5805250884641], [9.27773692729913, 61.58031936155593], [9.2765354266295, 61.57996507462855], [9.274881787506935, 61.57947736136931], [9.273801784326102, 61.57915876089116], [9.273155851227834, 61.57896831327499], [9.271857252183757, 61.57858514460099], [9.270648039745783, 61.57821607445286], [9.269355555843935, 61.57782161490288], [9.267720152921529, 61.57732224251538], [9.266534543901964, 61.57691901895677], [9.265716344656381, 61.57664062517523], [9.26426644890138, 61.576147577122335], [9.262403080876226, 61.57548838401615], [9.25736675764559, 61.573803416293146], [9.256583630990777, 61.57354138470019], [9.254789351814342, 61.57294089342026], [9.253253252427772, 61.57242679733325], [9.252363611760531, 61.57217644840572], [9.251286542626062, 61.571872991845595], [9.248907561471091, 61.571203264610915], [9.248628773557094, 61.571124606379776], [9.247877798773299, 61.57089043420746], [9.24770297407412, 61.57083858002192], [9.244051963995025, 61.569748734154395], [9.242993053028682, 61.56944390396937], [9.241116849640187, 61.56890375872869], [9.223022105310044, 61.56363774523684], [9.216050287234609, 61.561727923162074], [9.214991088143584, 61.56143346892331], [9.211670436869152, 61.56049508854435], [9.211610463641835, 61.56047867517842], [9.211228153434517, 61.560374197657595], [9.216479785487074, 61.55862030163989], [9.218059035878616, 61.558076666041174], [9.220240186293342, 61.55728561984358], [9.215120003284833, 61.55581880695667], [9.209418850705239, 61.55421175473795], [9.203494713490986, 61.55255290922318], [9.176366452326192, 61.5450896043815], [9.171562601583826, 61.5437818477219], [9.171494392921616, 61.543763351822584], [9.170977729169858, 61.543487256989486], [9.165905457489455, 61.54083385255661], [9.160645713865081, 61.53816876636734], [9.15585534758435, 61.53567764911966], [9.155830527964422, 61.53566523950328], [9.152073877845206, 61.533960650373416], [9.147303798431379, 61.53124895175041], [9.144077260453354, 61.52959014375982], [9.139494384292878, 61.527233792540656], [9.132170938966672, 61.52346740520259], [9.13105991626688, 61.52289045291088], [9.12414200705821, 61.51929736332214], [9.119626486462087, 61.517090270838096], [9.116736632261835, 61.515677743221424], [9.116519271811912, 61.515571555637514], [9.10549268093261, 61.510157025560105], [9.099560905500613, 61.50734226781658], [9.078154324376596, 61.50600966812478], [9.027938885958667, 61.52278288284058], [9.000610658274715, 61.52127563469988], [8.985971716843403, 61.517314257674954], [8.973616877718426, 61.51396759002148], [8.945108652780066, 61.51526039759961], [8.899645583525501, 61.48633326117557], [8.899652057343525, 61.4666824685651], [8.902175701165849, 61.45438037946385], [8.903456691910058, 61.455428376891206], [8.905068421351261, 61.45651840201509], [8.907211099155724, 61.458163528908], [8.909085093125459, 61.45935513577958], [8.911228311969197, 61.46042388930824], [8.91429073383477, 61.46150660756638], [8.914805537220294, 61.46166484298192], [8.916828824584043, 61.46267400259657], [8.918814563119803, 61.46378050090304], [8.920562621552287, 61.46552459115923], [8.921043376892827, 61.46633863559751], [8.921748961900173, 61.46659795112114], [8.928545094438164, 61.4682688825989], [8.941813623880526, 61.471530111819895], [8.951386943698783, 61.47253557687116], [8.956403963706467, 61.472472903600234], [8.963469786337061, 61.47066634431272], [8.97330689147519, 61.46638681140979], [8.97716560862877, 61.46548969609778], [8.97860347956516, 61.46476997841215], [8.980218240451617, 61.46401306629731], [8.981713831459613, 61.46328705415649], [8.982852414631205, 61.4626530827453], [8.983924651121976, 61.462268376217324], [8.985414940401387, 61.46205525133526], [8.987142392105332, 61.46187971441406], [8.989439807997018, 61.461774404593676], [8.991868759513569, 61.46186378552801], [8.993331086612496, 61.46189236422767], [8.994651333749841, 61.4617796705608], [8.996124275525842, 61.46165579644378], [8.997694265892159, 61.461419050956664], [8.998884627923355, 61.46110257367886], [9.000028865328218, 61.46082897991064], [9.00147001667769, 61.4604783602217], [9.002788722712774, 61.460275570238075], [9.004504516122212, 61.46016224264656], [9.006412765827063, 61.46012032682803], [9.00888778516652, 61.46006764263329], [9.01131732571933, 61.46005756840692], [9.013300911957135, 61.46001905839519], [9.014844175685377, 61.45991600401101], [9.016576907363785, 61.45971323155251], [9.01839140232603, 61.459279933824305], [9.020911653459986, 61.45879665198944], [9.023696069636445, 61.4584059873212], [9.025794778511482, 61.45825522278727], [9.027889819265038, 61.45822140662371], [9.02968575150605, 61.458471448843085], [9.03084523967434, 61.45890049383491], [9.03282249860489, 61.45918547419658], [9.035340719717846, 61.45969236059191], [9.037623659945922, 61.45995467770248], [9.041233355813958, 61.460167128076435], [9.043740798382883, 61.46024110556238], [9.045942629974409, 61.460238611849654], [9.048180725335035, 61.460048592289816], [9.051726451039915, 61.45980777003774], [9.05432028734161, 61.45982239990011], [9.057895098613285, 61.45982570163375], [9.060106740241892, 61.4599675569317], [9.06297828338684, 61.46039915018418], [9.065088303083188, 61.460878527733065], [9.069260766105598, 61.46218633092309], [9.071992028927125, 61.462863787525215], [9.073902005940356, 61.463307186941165], [9.081192430185224, 61.46579923475146], [9.0958126420994, 61.47034682529308], [9.102369131504698, 61.47216253749357], [9.112036212292196, 61.47192731013122], [9.131317746802324, 61.47140382286347], [9.131359980407916, 61.47135658065046], [9.131364729600069, 61.47135435497853], [9.131397091031841, 61.47133846704124], [9.131420502503959, 61.471304186416354], [9.131432354744646, 61.47124140702556], [9.131459263434595, 61.471194583179646], [9.131475863046079, 61.47118242587045], [9.131496192791772, 61.471167458682984], [9.131565301362256, 61.471155318757724], [9.131640225458492, 61.471152252974875], [9.1317438204556, 61.471167801421885], [9.131744617806115, 61.47116756577151], [9.131827748251705, 61.47114495764107], [9.131893035980575, 61.471131122003605], [9.131973611376695, 61.47112803004395], [9.132061974319702, 61.47113652818495], [9.132109519623603, 61.47115685788914], [9.132121124922877, 61.471181127141314], [9.132097399530796, 61.47120810184557], [9.13209272162541, 61.47121294149931], [9.132066212626807, 61.4712397059418], [9.132061602441592, 61.47127110746728], [9.132109161819713, 61.471302331442715], [9.13219057291065, 61.471328715350275], [9.132307315004518, 61.47135239371455], [9.132435411974791, 61.471376742434884], [9.13250119484849, 61.47137823303242], [9.132511052161815, 61.47137586781142], [9.132579578785966, 61.47135983093213], [9.132677985961546, 61.471326088080836], [9.132738175783123, 61.47132031465904], [9.132813245311192, 61.47132445692169], [9.132941452734755, 61.47135520207366], [9.13312686045802, 61.471416956799146], [9.133204879809249, 61.47143139963572], [9.133211585299549, 61.471432769560224], [9.133217576419913, 61.47143293824299], [9.133257986989314, 61.47143423312382], [9.13325873377264, 61.471434265371734], [9.133259327568902, 61.47143411095282], [9.133333270735191, 61.471420288264824], [9.133407633806465, 61.471390278232434], [9.133430013824926, 61.47137341864835], [9.133470332025492, 61.47134328893749], [9.133515694461375, 61.471277454979635], [9.133533308192009, 61.47123698171906], [9.133539030520726, 61.471200676551106], [9.133541570157606, 61.47118323032501], [9.133550257630263, 61.47115614624395], [9.133600264045306, 61.471124544214604], [9.13368025299694, 61.47110161928314], [9.133796070205129, 61.471080331363176], [9.13388931943552, 61.47106194020595], [9.134001337389822, 61.471029864516204], [9.134083210923643, 61.471007921036325], [9.134187797523943, 61.4709902892863], [9.13426824512996, 61.47098088835516], [9.1344089494601, 61.47097832035098], [9.134600509863791, 61.470983529682556], [9.13460874123177, 61.47098379502423], [9.134756225162294, 61.4709871912507], [9.134882317553895, 61.470997226354314], [9.134975456231999, 61.471010340230805], [9.135085484407568, 61.471025713660374], [9.135179789360091, 61.47104761065391], [9.135187620464576, 61.47105299039415], [9.135217993228496, 61.47107356796794], [9.135241523343286, 61.47111644769259], [9.135239176619743, 61.47117477589156], [9.13524970232745, 61.47122672745276], [9.135288081265116, 61.471268717644065], [9.135341407837881, 61.47129532772087], [9.135411369101885, 61.471311582143116], [9.135435713786869, 61.471317224549125], [9.13551479134134, 61.47132306882876], [9.135585924252595, 61.47131515565618], [9.135598820372845, 61.4713136416297], [9.135720203292355, 61.47127980806718], [9.135794940710264, 61.47127673193568], [9.135825238721102, 61.47127975027842], [9.135922973150972, 61.471289460635724], [9.136064187982875, 61.47131113097524], [9.136167659636781, 61.47132135886923], [9.136255472947349, 61.47131182451291], [9.136264889194083, 61.471309800111804], [9.136345104120245, 61.47129165499533], [9.136421382830683, 61.47128639429285], [9.136429392515051, 61.471285839684], [9.136513953175903, 61.471292550233144], [9.136607082253084, 61.47130971387414], [9.136726965179681, 61.471331723288095], [9.136881550044432, 61.47136234254197], [9.136990595050584, 61.471376951691525], [9.13704695920869, 61.47137848376492], [9.137271606665523, 61.47135297641985], [9.137396932932875, 61.47133614715822], [9.13760841289027, 61.471312591906624], [9.137733332751498, 61.47128494122869], [9.137969917307695, 61.47121808398234], [9.138031075570149, 61.471202176667205], [9.138093014235773, 61.47118612293872], [9.138128453647619, 61.47117684845652], [9.138380185275517, 61.47110551239289], [9.138538678797063, 61.47107048662785], [9.13869189186014, 61.47104549626725], [9.13881344860251, 61.47102868319111], [9.13897795603514, 61.471009671590686], [9.139159570396115, 61.4709907675677], [9.139214188365491, 61.47098259025209], [9.139393210434292, 61.470955471425874], [9.13951654625181, 61.4709372039824], [9.139632534987978, 61.47091996995511], [9.139744473121805, 61.47089526870866], [9.139845163666406, 61.47086233967136], [9.139893196656072, 61.4708431645301], [9.139989660439255, 61.470798709345594], [9.140096220434843, 61.47077557644713], [9.140176557290856, 61.47076175585643], [9.14020778278794, 61.47074986831151], [9.140241433762304, 61.470737095048605], [9.140244791211995, 61.470735259208475], [9.140291469534132, 61.47070729263952], [9.140307075421568, 61.47069140028918], [9.14034641908529, 61.470650423180885], [9.140373445516666, 61.47060090218264], [9.140391219805574, 61.47056052527038], [9.140402768987325, 61.47050025341484], [9.140429611579286, 61.47044172152396], [9.14050376516932, 61.470402785919035], [9.140587698532709, 61.47038885014738], [9.140614629616666, 61.47038776091891], [9.14067224245295, 61.47038565417729], [9.140775343893404, 61.47038785000755], [9.140827897664032, 61.470384624718555], [9.140906516361914, 61.47037991265076], [9.141041124102033, 61.47036573122079], [9.141128203225572, 61.47034508854424], [9.141149290112725, 61.470340055968805], [9.141258860137315, 61.47028995315409], [9.141351425619648, 61.470240197319846], [9.141443711829941, 61.47017494431418], [9.141482299968184, 61.470118989464886], [9.141489038875793, 61.47010919676115], [9.141510394953743, 61.47005979120305], [9.141527744390777, 61.46999868909198], [9.141541743465094, 61.46996535164778], [9.14155314886958, 61.46989084890941], [9.141554914889026, 61.469805577106186], [9.141539503994014, 61.469718574264895], [9.141523389010676, 61.46966926341512], [9.141506886629859, 61.46961102293606], [9.141508471361972, 61.46959362555231], [9.141511420472973, 61.4695590013417], [9.141535988929673, 61.46949154836241], [9.141586929002187, 61.46942397218551], [9.1416458803636, 61.46937879868499], [9.141766143094973, 61.46931088069911], [9.141771798410941, 61.46930284185283], [9.141797079011143, 61.46926756007924], [9.141801497635878, 61.46921814437788], [9.141794781350795, 61.469177881678235], [9.141799717873493, 61.46914469361429], [9.141811630124646, 61.469101452964175], [9.141838386563856, 61.46908730172458], [9.141847356549306, 61.46901872594933], [9.141915354342455, 61.46896448936578], [9.14199778010019, 61.4688806249955], [9.142083696564836, 61.46878322663101], [9.14213503354036, 61.46874249620769], [9.142145089653834, 61.46873806822969], [9.142198098348898, 61.4687134351098], [9.142278669307567, 61.46870133411874], [9.142377470064476, 61.46870235313674], [9.142385531066223, 61.468702520647845], [9.142470123070243, 61.46871102959951], [9.142569583276218, 61.46871054640999], [9.142625959840336, 61.468711986810206], [9.142732731122019, 61.46870965801729], [9.14282308319453, 61.46872255644115], [9.142826308884224, 61.468723415749075], [9.14292313013378, 61.46874892704047], [9.143069265217859, 61.4688153669527], [9.14317904448466, 61.468857011772236], [9.143314804133773, 61.46888762255961], [9.143374793604984, 61.46891883804142], [9.143383387573023, 61.46892316981667], [9.143462899806222, 61.46895864799031], [9.143505831800363, 61.46896752103412], [9.1435384256178, 61.46897432787181], [9.14361328827206, 61.46896855214579], [9.143659692866311, 61.46895299683575], [9.143697407844355, 61.46892662352498], [9.143936895954424, 61.46883818492095], [9.143069261774308, 61.46846974410003], [9.143171422668438, 61.46830507336557], [9.14322475594682, 61.46828270461896], [9.143329200560375, 61.46823877157321], [9.143418558526646, 61.468204991586596], [9.143492479400702, 61.46816424400635], [9.143542007470113, 61.46811911374938], [9.143569078022605, 61.4680803077277], [9.143581382411245, 61.468039964852544], [9.143613902294431, 61.46799221075245], [9.143632022536245, 61.46797993764752], [9.143673143721903, 61.46795146048417], [9.14374638050147, 61.46791833579411], [9.143843712561482, 61.46787418583212], [9.143913866918101, 61.467824452828474], [9.143963100010435, 61.4677658953749], [9.143984504123186, 61.46771820222357], [9.143998190784009, 61.467662523910455], [9.144023459214852, 61.467622289705304], [9.144037726499676, 61.467599497104416], [9.144094886452553, 61.46755280506477], [9.14414272563848, 61.467513633804636], [9.1441647741449, 61.46749648833492], [9.14416612008314, 61.46747935076341], [9.144171234522208, 61.46747317914599], [9.144184440292905, 61.46745502229953], [9.144196224408939, 61.46739845170769], [9.144193605636165, 61.4672934547392], [9.144196358118414, 61.46725486080524], [9.144210136519044, 61.467203687905936], [9.144226480590582, 61.46717486282664], [9.14422825330686, 61.467169447455525], [9.145387675119903, 61.466308054531474], [9.145766699983913, 61.465694275227555], [9.145740658548508, 61.46523391441632], [9.145888962534661, 61.46464611352782], [9.145706648248709, 61.46421520964043], [9.1453101032215, 61.46362193245993], [9.144823814588408, 61.46300668943162], [9.144634994720585, 61.4597124838373], [9.144806776972935, 61.455381202009725], [9.144920871919908, 61.452495373697275], [9.146426857340582, 61.443890407277614], [9.14567351265221, 61.441796260397034], [9.145462612138772, 61.441220072816215], [9.14517507964175, 61.44074843493256], [9.144668760934415, 61.44014149964453], [9.144115112629446, 61.439586357893134], [9.143281560702102, 61.43882116409231], [9.141220360164505, 61.4370847780675], [9.13985940720636, 61.436224682797395], [9.131433972882363, 61.42696570918715], [9.12856253306404, 61.42375346864956], [9.12590563903245, 61.42109953458287], [9.124374069960776, 61.419556721790116], [9.122317139044503, 61.41771194491416], [9.119269969422147, 61.41514024664622], [9.117116996805835, 61.41340816102637], [9.115008057505735, 61.41144413132203], [9.11144602867608, 61.409020675750035], [9.10808437668571, 61.40693010944443], [9.106134415402366, 61.40581903216766], [9.104147262991505, 61.40490428814886], [9.101984337000388, 61.40372995658739], [9.099087990570512, 61.402559604349996], [9.090558291975123, 61.398910934368544], [9.070025147321234, 61.38670604741781], [9.01624203471312, 61.406574146614524], [8.98312496914912, 61.41318834951719], [8.975157486883498, 61.41477805847468], [8.95669916096155, 61.418458510227985], [8.95553470813425, 61.418550708356484], [8.954881026484799, 61.41853067757497], [8.954081418596298, 61.41848595123856], [8.95342602386816, 61.41847475160492], [8.952970192152883, 61.418886657116445], [8.95179006324172, 61.41877101838346], [8.951051306377025, 61.418413914295954], [8.950482802276987, 61.41863169090168], [8.950788241776342, 61.4188975307339], [8.95128286753848, 61.419252756415524], [8.951179465467344, 61.4196893740773], [8.951373159583538, 61.419950049833176], [8.950277727124421, 61.42017125730975], [8.949664174072002, 61.42013507240923], [8.948809659995781, 61.419988726001044], [8.948151926023714, 61.41998649217724], [8.947216563423602, 61.42006182615823], [8.946012220756952, 61.41997198159207], [8.945054205967493, 61.41977614882993], [8.944331647834199, 61.41962692779113], [8.94353393557756, 61.41957330955274], [8.943004825459852, 61.41968475901573], [8.942269505836283, 61.41969686191308], [8.94137197333484, 61.4195757406071], [8.940597806769448, 61.41959528438938], [8.939743068820684, 61.41973720120054], [8.93931309829508, 61.42001515088062], [8.938835155564814, 61.420443947155626], [8.938468312063993, 61.42097684836093], [8.938019349566195, 61.42135317888164], [8.938003798720917, 61.421721769661325], [8.937633297515584, 61.42227233556388], [8.936979384538335, 61.422518571536465], [8.936842465797284, 61.42257017357351], [8.84298805540376, 61.44092913174299], [8.825563048972077, 61.444379221210994], [8.805050059970048, 61.44733640790308], [8.804550346431181, 61.44740834241367], [8.781555945746119, 61.45071867435088], [8.78058577056528, 61.45077338322309], [8.780920776546536, 61.45032040889205], [8.781388086721556, 61.44986439930882], [8.782070525707075, 61.44927432447917], [8.78253103148756, 61.448664894717346], [8.7826832855192, 61.44818562373996], [8.78235343061448, 61.447765144100806], [8.781251060789868, 61.44744454370591], [8.78054361119173, 61.44731305923161], [8.780418828536364, 61.44690215086873], [8.780627085680885, 61.446425177617826], [8.781039939196889, 61.44567856645987], [8.781005018193222, 61.44510047787574], [8.781185636747377, 61.44466753928472], [8.78185592333674, 61.44441905848983], [8.782911538531364, 61.444314223734594], [8.7837674078375, 61.44417339372358], [8.7845322340638, 61.443830072719884], [8.7844403161766, 61.44334862494855], [8.784141570632094, 61.44267749021141], [8.783695535684547, 61.44217964170714], [8.78223126966073, 61.44178833856078], [8.779754537390929, 61.441098530642954], [8.779515407454806, 61.440601142792886], [8.779348832860308, 61.44011626659769], [8.779044074484277, 61.439759968886655], [8.778689549303067, 61.43927539131987], [8.77816252984381, 61.43908911619143], [8.777396794159928, 61.43887388000208], [8.776789078113028, 61.438620944842555], [8.77541011141841, 61.43836856581128], [8.774537946043127, 61.43812141131916], [8.773980060779405, 61.437807614383445], [8.773105377634696, 61.437479187539616], [8.772454739339317, 61.43697208477345], [8.772717970984896, 61.436407672093566], [8.773259873426618, 61.43595529697767], [8.772998443093591, 61.435664014524626], [8.772440363041998, 61.43553942281985], [8.771508598003775, 61.43549656519455], [8.770564558803194, 61.43532713915073], [8.769931016826783, 61.43510891877066], [8.768761010606097, 61.43484804692549], [8.768354108260437, 61.43453215044165], [8.768066729896788, 61.434275870371565], [8.768325772148666, 61.43382844449822], [8.768640540933776, 61.43338348764898], [8.768254061326454, 61.43305961188856], [8.76746277804034, 61.432879074492796], [8.766569934351189, 61.432829141752954], [8.765711194390589, 61.432798602672264], [8.76536458084163, 61.43255751651089], [8.765194873758741, 61.43209048327056], [8.764667321554024, 61.43181397083102], [8.763584810268593, 61.43177322316021], [8.762785082795652, 61.43191658855774], [8.761742371273431, 61.43195871347531], [8.761089164991223, 61.43202774845147], [8.760157506985905, 61.43198490383533], [8.759209008392405, 61.43193227166961], [8.753732531715201, 61.42711766098544], [8.721470774467031, 61.39872183113937], [8.69944327096611, 61.39515105468444], [8.647364987006156, 61.39148894013959], [8.646478959722305, 61.39142650994795], [8.620705173947181, 61.3927288478647], [8.586769976759879, 61.38968351650028], [8.57983469964445, 61.38906010981555], [8.553940871093591, 61.39638004119869], [8.511607178588832, 61.40280145044649], [8.497214701179901, 61.40125369613173], [8.467941482354483, 61.398100546514726], [8.466139430502986, 61.39773438910225], [8.422134598387265, 61.414535253677975], [8.409917334759616, 61.41815864015042], [8.381083914508812, 61.41606925649817], [8.30253850856417, 61.4456156724922], [8.274829711207987, 61.43126787224551], [8.230943266826147, 61.42975926599697], [8.219125628119517, 61.430114927793475], [8.217140652929082, 61.42989838808217], [8.216303295312773, 61.43019902769832], [8.214657435671288, 61.43024264702648], [8.19225737355282, 61.4387986245379], [8.171413108781234, 61.43247498473859], [8.170607129695346, 61.43223007848031], [8.150360454978657, 61.426741408075785], [8.150977554056253, 61.42182170574938], [8.151400517871568, 61.41964404930088], [8.152202714802165, 61.415484802775374], [8.152984289020914, 61.41133353051926], [8.153799282062659, 61.40720188552613], [8.154188258546007, 61.405175819571134], [8.154582325319485, 61.403041683018785], [8.154990796372758, 61.40092639020171], [8.155401367546016, 61.39880210202945], [8.155459976894445, 61.3985346023696], [8.155837543960942, 61.398184262571526], [8.15670194805674, 61.39793052586509], [8.156466241246132, 61.397377967135036], [8.156456521138256, 61.39708006845993], [8.155778201234021, 61.396658265773766], [8.155043707169773, 61.396323653954575], [8.154647546290624, 61.395988201382146], [8.154802664652072, 61.395455208142444], [8.15559214935132, 61.3948553153174], [8.15583661141417, 61.394597297105236], [8.156722154298771, 61.39390302697469], [8.15725168301865, 61.39363228182715], [8.15778063398047, 61.39319045161715], [8.158194764436619, 61.39224714176664], [8.158411037304145, 61.39186143376096], [8.158764501333863, 61.39119417074612], [8.158965862918249, 61.39078986480446], [8.159376977297777, 61.39011668094832], [8.159773965379102, 61.38967719332106], [8.160173724003505, 61.38930976308424], [8.160119299886707, 61.389045837796004], [8.160083967876018, 61.388692393090416], [8.159332961032261, 61.38834804353095], [8.15929289934669, 61.387760309509794], [8.160052938607038, 61.38763638576178], [8.160585860539694, 61.387519013025496], [8.16159741446543, 61.38736290138194], [8.16151547328968, 61.386881022114885], [8.161407708540795, 61.386515088679815], [8.161281535236377, 61.385977081989935], [8.161421213015387, 61.38542546323349], [8.161508308569678, 61.385114250808456], [8.161836922550949, 61.3846442709793], [8.160987223552905, 61.38397951391742], [8.160678039925154, 61.38367532517699], [8.160649859787586, 61.383376586126424], [8.160633066581438, 61.383024258237256], [8.160945056930613, 61.3827155725771], [8.161369489844882, 61.3823225321613], [8.161365615351032, 61.38165533670725], [8.161272906514673, 61.38130818752405], [8.161163203533818, 61.38095116763695], [8.1609529432204, 61.380625208126375], [8.160650622172103, 61.38020429502917], [8.160282157380223, 61.37991531457564], [8.158622746505154, 61.37968710626379], [8.156911588451427, 61.3797810661699], [8.156585617472933, 61.37946727487692], [8.155963864063082, 61.378876813922716], [8.155870214964978, 61.37827762589578], [8.155726485801864, 61.377477093814655], [8.156320643310131, 61.37519978686499], [8.156939483785873, 61.37417680319728], [8.157065508366975, 61.37385854866803], [8.15753569114722, 61.372828050293954], [8.158140450356662, 61.37144349937475], [8.159542449179042, 61.3696759259018], [8.160363280610827, 61.368843116686286], [8.161378152294617, 61.367812914256724], [8.162542334629784, 61.36704259210245], [8.163478742322885, 61.36671137179555], [8.163918600559478, 61.36641806628155], [8.164536518822457, 61.366169890244066], [8.165041638123608, 61.3658349060416], [8.165347336559424, 61.36555302737165], [8.165636802553898, 61.3652612262906], [8.165963212479536, 61.36479996736995], [8.16646339573451, 61.36440164439199], [8.166764910925023, 61.364056466717194], [8.1677203608133, 61.36363597085927], [8.168358591854675, 61.36372234763952], [8.168946143537873, 61.364211532683086], [8.16976438021196, 61.364162791074946], [8.170453217111048, 61.364017303859484], [8.170878250930656, 61.36353397557681], [8.170978821210314, 61.36316044766324], [8.171724257000676, 61.36241417493575], [8.172207009241253, 61.36209579455055], [8.173165513045825, 61.36157664575819], [8.173671846391022, 61.36132280595547], [8.174376134756791, 61.360934752932764], [8.175286693352762, 61.36071931615401], [8.176114331805001, 61.360454632541206], [8.176870855557766, 61.36025836626819], [8.17766913028278, 61.359956145334664], [8.17833174730186, 61.35967411938129], [8.178467283837673, 61.35914022416605], [8.178458082526893, 61.35875223992238], [8.178871102469433, 61.35815122091217], [8.179282053876358, 61.3577304290085], [8.179555472040192, 61.35733848345181], [8.17976455300356, 61.35706991532492], [8.180396388804613, 61.35666899364835], [8.181308298391956, 61.356705928387946], [8.18212043058827, 61.35685498742665], [8.183196989153565, 61.356738076466016], [8.184219139141335, 61.35652820663369], [8.184800256187158, 61.356359115659984], [8.185601344586324, 61.35612909212276], [8.186422934882282, 61.35589108439815], [8.187541076588412, 61.35549668152556], [8.188999215135834, 61.355182645824875], [8.190131392170446, 61.35506848163954], [8.191087683495812, 61.35472899181821], [8.192615608211234, 61.354436274335114], [8.193345496879184, 61.35444604006715], [8.19385842819542, 61.3536426477903], [8.19442988510399, 61.35351818316445], [8.19534260184224, 61.35346494714684], [8.197151014553604, 61.353348679563084], [8.198561743366591, 61.35307722396384], [8.199921385723684, 61.352866090485286], [8.20182476629742, 61.35291665742699], [8.202758679417716, 61.35293653195653], [8.20370934951866, 61.35332150019945], [8.204160239934001, 61.3536624406573], [8.204527249805045, 61.35379135459293], [8.204860028918645, 61.35403263851421], [8.205557151371465, 61.35485211800258], [8.20645710572419, 61.35531868795737], [8.207926495420342, 61.35564422682785], [8.208559295396869, 61.355725006249486], [8.210126274039757, 61.355679084772376], [8.210843239895654, 61.35559997131563], [8.211993461260601, 61.35552149699834], [8.212776651275815, 61.35553049557493], [8.213411345118663, 61.35525141778372], [8.213980236317317, 61.3548519755897], [8.214831836427637, 61.354516990704816], [8.21568298046303, 61.35431003480167], [8.216101772842158, 61.353894589987924], [8.216720592100458, 61.353511248740126], [8.21777349625771, 61.35292851249282], [8.217624971025838, 61.35270433779211], [8.217527069328527, 61.352304268248304], [8.217627509834623, 61.352208280793555], [8.218360614768935, 61.35220122226523], [8.218895246637624, 61.351977847462756], [8.219074164066788, 61.351802253011584], [8.219042938625183, 61.351802580888965], [8.21883738045716, 61.351813188159994], [8.218803938929744, 61.351772762226325], [8.218663901426467, 61.3517366374295], [8.218374425734597, 61.351710236387696], [8.218094052854006, 61.351718805672654], [8.217926027087422, 61.35170524860445], [8.217860820389443, 61.351673684063954], [8.217842385228812, 61.35161084982152], [8.21783116808399, 61.351583883397296], [8.217670639644636, 61.351550515504925], [8.217719651067064, 61.35149944228231], [8.217813306618359, 61.351471783909226], [8.217944098676801, 61.35144941100613], [8.21796318362509, 61.35140909386771], [8.217953944541122, 61.35136870903962], [8.218036862127144, 61.351256613516206], [8.21804637932509, 61.35119382835794], [8.218149542520502, 61.35110428533518], [8.218288651952985, 61.351005639465534], [8.218438651419529, 61.35087933260587], [8.218448393749899, 61.35081205288931], [8.21845618203921, 61.35077621617313], [8.218577913773702, 61.35069102785524], [8.218690762771171, 61.35061044088426], [8.218756569962423, 61.35052524368401], [8.218773840892418, 61.35043022476231], [8.218783682473324, 61.35035384822261], [8.219035820303192, 61.350035573413166], [8.219081175405362, 61.34992357789964], [8.219090891684361, 61.34983827352594], [8.219156804311714, 61.34978453228932], [8.219334650640391, 61.349716573937116], [8.219417129557307, 61.34963581657635], [8.219408661321756, 61.3495236474269], [8.219399481998813, 61.34947434417857], [8.21942630154571, 61.349362140817604], [8.219436037536303, 61.3492724217255], [8.219389532137376, 61.34924548963515], [8.219352141282753, 61.349254340015435], [8.21925844216966, 61.34928569177579], [8.219080557847057, 61.34935815388347], [8.219033870244251, 61.34935365162891], [8.219033846017675, 61.34933562704573], [8.219108889495937, 61.349290814387], [8.219258778857066, 61.34920036801527], [8.219407252804345, 61.34907497538305], [8.219520123050748, 61.34892256598806], [8.219696568652727, 61.348773792548535], [8.219837757841042, 61.34862145013532], [8.22004228367108, 61.34845569946766], [8.22023903404444, 61.34834732382693], [8.220546146115186, 61.348208610535714], [8.22063058390879, 61.3481594015501], [8.2206025687734, 61.34814583228717], [8.220350481344308, 61.34811418823791], [8.22029828876546, 61.348096163403596], [8.220397606034275, 61.348042383148524], [8.220592373640669, 61.347966439915695], [8.220751755441466, 61.34788493879631], [8.220937273011288, 61.347750496607375], [8.22116256333195, 61.347543520192396], [8.221208055878554, 61.347462801728426], [8.221217565076815, 61.34740001622562], [8.22111577043792, 61.34722937257879], [8.221132987269364, 61.34716652261478], [8.221170731729538, 61.347090372449934], [8.22115237204629, 61.34701853093461], [8.221077809171632, 61.34696009484969], [8.220928614994484, 61.346942888103555], [8.220807135972537, 61.34695617735035], [8.220694628193792, 61.346996410242205], [8.220619733689812, 61.34702329774667], [8.2205076517603, 61.34703651682966], [8.220338935771945, 61.34711349461812], [8.220264222085337, 61.34711795194504], [8.220245606982477, 61.347099987229264], [8.220283276029349, 61.347059609793384], [8.220367690235154, 61.347014815606784], [8.220433049946216, 61.346982584231405], [8.22042401934309, 61.346960233432604], [8.220340095504616, 61.34692502858426], [8.220123484561514, 61.34687091978979], [8.219797154119924, 61.346767336091], [8.219731908678222, 61.34673685162515], [8.219750821811964, 61.34669643570252], [8.219889563413409, 61.34659245376252], [8.219964877597691, 61.346489348946754], [8.220002849765079, 61.346408704612216], [8.220113390561883, 61.34633692305191], [8.220244603839232, 61.34625635445782], [8.220319803607525, 61.34616586012131], [8.220301551642438, 61.346103035472886], [8.220048733400965, 61.34586579740534], [8.220067379574592, 61.345834379769684], [8.220104829787545, 61.34584337542934], [8.220375522674194, 61.34588775806009], [8.22045019328419, 61.34588780445236], [8.220543941684138, 61.3458475331922], [8.220635990789479, 61.34576238875743], [8.220729750020727, 61.34567282412306], [8.220879762356097, 61.34558688874321], [8.220981302722707, 61.34546581252182], [8.221065887354296, 61.34537614855249], [8.22114071314278, 61.345331414424734], [8.221327736608776, 61.34533078077716], [8.221468119030174, 61.3452770747558], [8.221504049103416, 61.345218766921256], [8.221495282228723, 61.34509757153565], [8.22147534868375, 61.34498545922195], [8.2214756038124, 61.34493158229116], [8.221652544037717, 61.34469397731039], [8.221859271587643, 61.34446002713918], [8.222054460640257, 61.344285246025294], [8.222408805708792, 61.344051480307805], [8.222530671788592, 61.343988825611504], [8.222744516465125, 61.343826603201194], [8.22287577229821, 61.34373711327995], [8.223155059780076, 61.34357591522881], [8.223379673879267, 61.343472086125374], [8.223520348899646, 61.34340487559667], [8.22368724601362, 61.34329292871996], [8.22376228126033, 61.3432212591603], [8.223865639055052, 61.34308134804303], [8.223929824741367, 61.34298273099823], [8.224098843812703, 61.34281691035198], [8.224209488901616, 61.34274972738847], [8.22442484338551, 61.34265047969518], [8.224658656832485, 61.3425699089306], [8.224808366123765, 61.3425431612938], [8.225013941213195, 61.34254255091301], [8.225237957641395, 61.342560706585424], [8.225303263676626, 61.3425563165777], [8.225357878129097, 61.34250263837352], [8.22537695861462, 61.342439791474554], [8.225358930050314, 61.342278211672884], [8.225395144407376, 61.342160620991145], [8.225451369005256, 61.342115944898886], [8.225582341427296, 61.342089069411756], [8.225778470379435, 61.34209393268688], [8.226040057427, 61.3421066687508], [8.22624566113161, 61.3421024533872], [8.226338890726296, 61.3421025248023], [8.226506946908062, 61.342147705348424], [8.226795998773, 61.34224138728332], [8.226991991347013, 61.3422685005809], [8.227274111848596, 61.34229037247234], [8.227656604982776, 61.34235809020498], [8.227796534115592, 61.34240321294455], [8.227908370278218, 61.342469728789254], [8.228048202671568, 61.34252827366419], [8.228367279182637, 61.34257785602886], [8.228488639655055, 61.34259960983277], [8.228544812640687, 61.34258629031017], [8.228646313195847, 61.34246520774741], [8.228740177043724, 61.342407004270775], [8.22886166359135, 61.34236676438579], [8.229205785234383, 61.34228098260546], [8.229299423089214, 61.34222727327638], [8.229393401363556, 61.34215555777743], [8.229505742094243, 61.342083950024374], [8.229513550350894, 61.342020268447996], [8.229616671578228, 61.34197992003285], [8.229812963753634, 61.3419442335492], [8.229888012493136, 61.34189058501762], [8.229991109908426, 61.34180535754298], [8.230120383858752, 61.34175081745792], [8.230260708283852, 61.34172404509179], [8.230531446740125, 61.34171533227975], [8.230774453418151, 61.34170126643066], [8.230989406525083, 61.34165218356965], [8.231232893771681, 61.34157533041395], [8.231502370709507, 61.34148589919596], [8.231652044049403, 61.34141426503718], [8.23183041072555, 61.341269991105094], [8.231931740475844, 61.34116692123627], [8.23198806948455, 61.34111305626148], [8.232091075476994, 61.34105936332305], [8.23223139520346, 61.34103258884454], [8.23231538105707, 61.34103633918786], [8.232464439180632, 61.34111723893364], [8.23265104782815, 61.34116685416074], [8.232893768965972, 61.341216391869324], [8.232977583445683, 61.341242571940484], [8.232996374663738, 61.341238104838155], [8.233155687136287, 61.341130634773556], [8.233305101880507, 61.341117290677154], [8.233482716872215, 61.34111752229536], [8.233613590625492, 61.34109883497288], [8.233940933799055, 61.34099598225329], [8.23407014514063, 61.3409235026813], [8.234182770639766, 61.340838388528184], [8.234304567520057, 61.34075769798518], [8.234574378062046, 61.34062249935062], [8.234872205764315, 61.34042985592012], [8.235153281070819, 61.34029026323107], [8.235405820957109, 61.34020529497681], [8.235787220574334, 61.340119559391965], [8.235983623738795, 61.34009279154569], [8.23628263340534, 61.34006087970655], [8.236404494162047, 61.33999370801909], [8.240567597081977, 61.33920409648767], [8.241266970121027, 61.339204881614286], [8.24764183774237, 61.339666191978246], [8.24965867963985, 61.3395300109908], [8.25114159930012, 61.339136118174174], [8.25126909868349, 61.338167900204546], [8.251446317650611, 61.335302389988634], [8.25145018651925, 61.33439315775343], [8.250793887976322, 61.33397752504626], [8.249194376800935, 61.33290853911133], [8.247391499759683, 61.33138493757994], [8.246901077918794, 61.331079570983725], [8.246882576778974, 61.331021154696565], [8.246798955485978, 61.330940383317426], [8.2466685106286, 61.33088187539392], [8.246517478571835, 61.33081449960728], [8.246424533606243, 61.330730018360015], [8.246396768797963, 61.33065807295009], [8.246387699768583, 61.33061328409897], [8.246386178143604, 61.33053706182576], [8.246339780025906, 61.33047409864566], [8.246172125784403, 61.33034830965321], [8.246021500474217, 61.33025391929182], [8.245779161429489, 61.33013701672653], [8.245657889106129, 61.33010636030597], [8.245461791727026, 61.33010170516724], [8.245209912528967, 61.33006101218125], [8.245004647903734, 61.33000336207291], [8.244769889370295, 61.329899992706274], [8.244348759943968, 61.329698462711946], [8.244153220771313, 61.32956812415646], [8.244023091397663, 61.32944231375231], [8.243937694611176, 61.32932558606681], [8.243778008666931, 61.329137021461555], [8.243694724977017, 61.32898885912351], [8.243497343160904, 61.32882805883153], [8.243404619851635, 61.328715740784475], [8.243358443833745, 61.32859457355732], [8.243403973698044, 61.32847339125681], [8.243376015120516, 61.32842405392138], [8.243283019513724, 61.32834767772955], [8.243104130416823, 61.32827566182688], [8.242992317298425, 61.328208257977295], [8.242964691849776, 61.32814091430636], [8.242955498697649, 61.32809152300234], [8.242692767458218, 61.32799792610791], [8.242525034191704, 61.327912498901696], [8.242366800445756, 61.32778663412019], [8.242309384310806, 61.32768797408261], [8.242300484685444, 61.32759822612105], [8.24234628828333, 61.32741424805458], [8.24236105830452, 61.32739191668041], [8.24231849678988, 61.327342480281324], [8.242113830358837, 61.3272076268282], [8.24169245762494, 61.32701959170978], [8.241392787369689, 61.32682637199248], [8.241262214574101, 61.326786775546175], [8.241168974502175, 61.326773105014844], [8.241252009786411, 61.32657134261579], [8.241280736472742, 61.32644030977928], [8.241251551949555, 61.326305662280674], [8.241177338614545, 61.32619886293639], [8.24098185318211, 61.3260684311495], [8.240924206479288, 61.326005534202686], [8.24091543954108, 61.32589785984638], [8.240850607525635, 61.32579017733622], [8.24072769031877, 61.32570482413411], [8.240457633835618, 61.32554381067094], [8.240390728757477, 61.32548991276003], [8.240288228597317, 61.32540900379568], [8.240270242436681, 61.32533267900728], [8.24027977613253, 61.32523402945694], [8.240287530939241, 61.325175662327666], [8.240371935761976, 61.32509409158134], [8.24050311651866, 61.32499998958076], [8.24053913214559, 61.32491933469355], [8.240530255098593, 61.32480264330512], [8.240493560415963, 61.32469492486336], [8.240482700277113, 61.32461859578483], [8.240529681458604, 61.324501992550765], [8.240642319398178, 61.32440344935025], [8.240846249278784, 61.3243084770962], [8.240902657802032, 61.324232355758824], [8.240912690052305, 61.32412012387821], [8.240985780145218, 61.32402149651698], [8.241107583057897, 61.3239273760856], [8.241283615149, 61.32382352969955], [8.241536312635944, 61.32367124772862], [8.241602256107173, 61.323577039090424], [8.24175078856937, 61.32333853887537], [8.241852245013778, 61.323208436878865], [8.242021223173278, 61.323042689175296], [8.242243930668446, 61.32288944840712], [8.242328210140919, 61.3228491429508], [8.242468439105949, 61.32282235651513], [8.242683191520383, 61.32280470017714], [8.242842057127588, 61.32276803078304], [8.242943257265447, 61.32271883801331], [8.243083696042873, 61.322611319078675], [8.243186671974328, 61.3225261691742], [8.243334654239916, 61.322440113635274], [8.243549654602019, 61.3223640744036], [8.243643428678228, 61.32230585925291], [8.243772861729095, 61.32216597964452], [8.243847961096533, 61.32207186719085], [8.243950977853462, 61.322031595739716], [8.244100291719015, 61.32199138403118], [8.24418461999357, 61.32194215872432], [8.244182905529554, 61.32189719623678], [8.24414566168258, 61.32188821680799], [8.244005910307727, 61.32185212895454], [8.243884895566413, 61.32178922175523], [8.24380095358945, 61.32170834128662], [8.24385585787957, 61.32158276142891], [8.2438656226897, 61.32150205635143], [8.243819453737881, 61.32138088937193], [8.243743031658427, 61.32132246246095], [8.243528884869159, 61.32123246387505], [8.243379754568256, 61.32117040437036], [8.2431934454037, 61.321093871224136], [8.243023730458996, 61.32105331142744], [8.242799789490768, 61.32101815238555], [8.24259452586543, 61.32099546079866], [8.242398797188182, 61.32095035627752], [8.242221690563905, 61.32089717052231], [8.242128169911341, 61.32089267769875], [8.241978747007307, 61.32092387024293], [8.241847900131864, 61.32097752822438], [8.241735313957491, 61.321067243219936], [8.24165288938881, 61.3211353960889], [8.241521913069047, 61.321206980106076], [8.241334858578922, 61.32125611663349], [8.241119980617496, 61.32129259812511], [8.24090707604166, 61.321337288219695], [8.240710795401165, 61.3213640650248], [8.240477358144041, 61.32137366499585], [8.240244019901342, 61.32136894130436], [8.23999209915176, 61.32134265214533], [8.239822221092451, 61.32130198995722], [8.239701291290716, 61.32125260007476], [8.239589658207858, 61.32116717836897], [8.23951534001, 61.32105487527946], [8.239495444966442, 61.320956196519745], [8.239589351109329, 61.32085752921418], [8.23972012695194, 61.320790352563144], [8.239933460708578, 61.32070900923375], [8.240232788939293, 61.32058807810669], [8.240354432691355, 61.32053450234747], [8.240418154758814, 61.320461810866796], [8.240446391327813, 61.320394554911154], [8.240381363368519, 61.32034156147501], [8.24026958562217, 61.32030101009627], [8.240083235018542, 61.32025592012082], [8.239812590299417, 61.320228694398516], [8.23967085881108, 61.32020701109548], [8.239530859134263, 61.320153063061746], [8.23940076744827, 61.320054192392874], [8.23933569443108, 61.320009216316606], [8.239177178570522, 61.31995073764684], [8.239037340710968, 61.319924642551655], [8.238736938200756, 61.319892862965865], [8.238568925017566, 61.319879146287036], [8.238419532193213, 61.31990240625281], [8.238337297082643, 61.31992028269077], [8.238159839575822, 61.319942409549725], [8.237954040050292, 61.3199924063679], [8.23772046918369, 61.320068499279394], [8.23755226846877, 61.32010415489325], [8.237374763349196, 61.320127359773906], [8.237300042960529, 61.32011830659795], [8.237057494534813, 61.320095544095146], [8.236786902399071, 61.32006029457013], [8.2364601146567, 61.32004647496635], [8.2361895016211, 61.320065021785915], [8.235862393204423, 61.32011850058299], [8.235668185865212, 61.32017294882758], [8.235527681463996, 61.3202356700986], [8.235359340892261, 61.32033863203731], [8.235209671903066, 61.320374400791586], [8.235088184470676, 61.32037958823273], [8.234929634790936, 61.32035246271723], [8.234855385547203, 61.3202806215339], [8.234818378234355, 61.32019090808135], [8.234826310919885, 61.32011011120829], [8.234901205823881, 61.320047352788734], [8.234994912893136, 61.319998151485905], [8.235284588348387, 61.31991234348398], [8.235385809783857, 61.319863067244235], [8.235376780075661, 61.3197913345876], [8.235321236444124, 61.319701505151144], [8.235291972009701, 61.319557839789404], [8.235310977990567, 61.31949949479154], [8.235404741747072, 61.31941884597718], [8.23542376579638, 61.31935608624182], [8.235412919070674, 61.319279756948426], [8.235478671503197, 61.319211584685796], [8.23569368581065, 61.31913114315039], [8.235918032254771, 61.319059548769246], [8.23611247588337, 61.318973662126844], [8.236159514198736, 61.31892437889951], [8.236141317823236, 61.31885254833646], [8.236102378423366, 61.318771750174456], [8.236121269612877, 61.318726916636436], [8.236205379006453, 61.318686516507334], [8.23642045959592, 61.318646448809204], [8.2366353262107, 61.31858744595794], [8.236813094863567, 61.31852487531678], [8.236895440137085, 61.318466633953975], [8.236932357417135, 61.31841819609555], [8.236929203396341, 61.31841371284916], [8.236836570619884, 61.31827003299051], [8.236734232078573, 61.31819804966053], [8.236661684015264, 61.31817378507333], [8.236622670390192, 61.318153090006426], [8.236501406045356, 61.318103589813504], [8.23639022359489, 61.31793302871208], [8.236353363194645, 61.31785215435972], [8.236279060415091, 61.3177892325762], [8.236148521928994, 61.31772629159379], [8.23593221200307, 61.31765428425487], [8.235876572634336, 61.31762726032604], [8.23581151118857, 61.31755542851664], [8.23572772795749, 61.31750599998286], [8.23557863849126, 61.317443031595914], [8.235308322918419, 61.317375440785035], [8.23519647067901, 61.31732145374076], [8.235131560062813, 61.317258460346956], [8.235132001927282, 61.31717242258414], [8.235151119556514, 61.31710056598613], [8.235085910001471, 61.31704674933232], [8.235001979278312, 61.31701966141677], [8.234834077292309, 61.31699251790762], [8.234432965801215, 61.316947218544925], [8.23439573072402, 61.3169382365616], [8.23432105667055, 61.31692467800169], [8.234246737950711, 61.31688869850824], [8.234181703955823, 61.31678992267749], [8.234135439753128, 61.316736062098684], [8.234032942391698, 61.31668650705825], [8.2339022583783, 61.316668433657725], [8.233696878799574, 61.31666374455117], [8.233603861114775, 61.316623224422784], [8.233548195284557, 61.316551320705976], [8.233445744315057, 61.31649203504461], [8.233240657753297, 61.316474743730325], [8.233175486976071, 61.316443276513446], [8.233147706098174, 61.31637592199047], [8.233110794603018, 61.31632649406341], [8.232998897133168, 61.31625456973646], [8.232821821635325, 61.31620056068469], [8.23264475776162, 61.31617160401194], [8.232140690656454, 61.316159443961496], [8.231849729224244, 61.316102437165746], [8.231534739479123, 61.316019625513796], [8.231432395864553, 61.3159745817391], [8.231357979068756, 61.31590272961417], [8.231339686082192, 61.315821881587766], [8.23138720920632, 61.315682959361766], [8.231396507236752, 61.31566945688034], [8.231397033511966, 61.315552783760474], [8.231350609719822, 61.31549882389399], [8.231164478295756, 61.315404437985464], [8.231164674990081, 61.31535506457163], [8.231267823764647, 61.31527002225958], [8.231440170130778, 61.31515888571506], [8.231708416117826, 61.31490701273591], [8.23172727271116, 61.31486668372023], [8.231849253460352, 61.3147240988002], [8.231896556882681, 61.31459309569705], [8.231881899597044, 61.314523153474205], [8.23178502510305, 61.31449874963053], [8.231672955128305, 61.31449863719847], [8.231560956045486, 61.31451204553064], [8.231495785861176, 61.31450743172134], [8.23146781395419, 61.31448945035025], [8.23139357211834, 61.31439516815018], [8.231253582688186, 61.314395009551525], [8.231057357913638, 61.31442168374813], [8.230823819496406, 61.314475236586006], [8.230327778908247, 61.31473940430384], [8.230075320571325, 61.314837877590485], [8.229869697701465, 61.314891474808654], [8.229738921102118, 61.314913674058936], [8.2296455993405, 61.31493603629976], [8.229477424893332, 61.314944828058515], [8.229318811509167, 61.3149311188574], [8.229085646989867, 61.314886011017435], [8.228936402662999, 61.314872319904886], [8.228796384512194, 61.314899101981496], [8.228609542554958, 61.3149213763998], [8.228441553418042, 61.31493017615509], [8.228320082694504, 61.314912017662365], [8.228217952173496, 61.31486256616288], [8.228162185702224, 61.31480417200633], [8.228060312068878, 61.31465146058309], [8.227986091522588, 61.314579616049016], [8.227874358812121, 61.3145122008854], [8.227706640199523, 61.314440179345986], [8.227548077519172, 61.314395110188194], [8.227473598107878, 61.314381557272284], [8.227398944172764, 61.31439043440973], [8.22728661384848, 61.31444861022139], [8.22717408902678, 61.31452930517224], [8.22711599772598, 61.31460101144523], [8.227078098403894, 61.31469977255654], [8.227031043811705, 61.314775906597156], [8.226936478139834, 61.31500466015859], [8.226908421695866, 61.31502253964647], [8.226815028886042, 61.31503137907302], [8.22672179181515, 61.315017877497866], [8.226600574851549, 61.31496827969667], [8.226544851269532, 61.314950348961155], [8.226367521843398, 61.31493218421101], [8.226227618263035, 61.31494545205883], [8.226162028896457, 61.31496784946286], [8.226087168563357, 61.31502609913938], [8.226077448827857, 61.31507094055479], [8.22610145411011, 61.315141802722515], [8.22622519219188, 61.31537175914536], [8.226224968065223, 61.31542554713378], [8.22617794950376, 61.31549285143421], [8.225981372373692, 61.31558681762386], [8.225850678402663, 61.31561811916091], [8.225701256378004, 61.31562685452461], [8.225551756158431, 61.31564459740932], [8.225421061539286, 61.31567589852175], [8.225355489382265, 61.31569820635537], [8.225196687958572, 61.31572945086684], [8.225066041995, 61.315733719280836], [8.224842001084959, 61.31574250004748], [8.224730014280459, 61.31575581347227], [8.224636363719442, 61.3157960890961], [8.224570867352577, 61.31585435670248], [8.224504910233236, 61.315948467414046], [8.224495146138851, 61.31604710590785], [8.224513667957707, 61.31607407750991], [8.22451323603296, 61.316127945305915], [8.224457158101666, 61.316154873812216], [8.224316807512253, 61.316199568036176], [8.224167430092196, 61.316226237164706], [8.223962221298201, 61.31622595734382], [8.22375693756987, 61.3161853915171], [8.223645106128718, 61.316180688658726], [8.223551386223479, 61.31620311713946], [8.223439207635533, 61.316265713536446], [8.223345325438563, 61.31635545058415], [8.223344788274426, 61.316472034075545], [8.223331316335376, 61.316563547859296], [8.223185076155012, 61.316687248184195], [8.22317347778854, 61.31673208552922], [8.223268015834277, 61.316862355166926], [8.22330439030713, 61.31707324771037], [8.223275121666369, 61.31728860065264], [8.223246634521777, 61.317382786409354], [8.223199554600633, 61.31748144739232], [8.223087039877857, 61.3175351954486], [8.223002968495484, 61.31754855491134], [8.22288161261989, 61.317584287066374], [8.222788025705755, 61.31759311429035], [8.222592170185067, 61.31757041191105], [8.222461754334143, 61.31754332913777], [8.222282801074867, 61.317491104204706], [8.222042248452844, 61.3174307450099], [8.221892888238646, 61.317431369124904], [8.221715192140048, 61.31750212517737], [8.221547167394784, 61.3175153308314], [8.22147237751844, 61.31753861683107], [8.221275827395244, 61.31764961049514], [8.221126221621933, 61.317703209973835], [8.220920559109112, 61.31773435378074], [8.220752388250688, 61.317738719759134], [8.220603280292861, 61.31772953244516], [8.220388522012376, 61.31770236464908], [8.219817625486046, 61.31765679998765], [8.219521022584907, 61.317624085296885], [8.219257847849692, 61.31760665373718], [8.219099086919398, 61.317606533063284], [8.218912025708406, 61.31767807771397], [8.218603597955472, 61.31776291104584], [8.218414681582553, 61.317830036445436], [8.21830420032354, 61.31791064750362], [8.218257156699902, 61.3179555094573], [8.21825677738051, 61.31802722337748], [8.218228394806657, 61.318107896365596], [8.21817198127371, 61.31815273898748], [8.218069192128356, 61.31818408133127], [8.217676920857363, 61.3182284809779], [8.217611738139285, 61.3181789818559], [8.217602833601983, 61.31812068024795], [8.217519363690121, 61.318062153363975], [8.217509931052403, 61.31804428771659], [8.217566200091968, 61.31799493225631], [8.21781878725978, 61.3179100040408], [8.218033694687191, 61.31784751723297], [8.218211469770385, 61.31776694689563], [8.21839887472257, 61.31765495795913], [8.218558211883861, 61.31753408157662], [8.218726675325074, 61.31744457273889], [8.218867089429168, 61.31735041296304], [8.219153504168295, 61.317205448963186], [8.219148408586417, 61.31713994898229], [8.219083291080151, 61.317103971347144], [8.218990066221783, 61.31706793597182], [8.218710241697663, 61.317022723359344], [8.218402455948278, 61.31698196547494], [8.218262778295895, 61.31694143713863], [8.217992582945248, 61.31684236545468], [8.21761042842838, 61.31675299763587], [8.217563834000156, 61.31672065172799], [8.217564052292145, 61.31667127865592], [8.217583012335394, 61.316644383526665], [8.217732913333668, 61.31650996797248], [8.217826534486509, 61.3164742011122], [8.217891765829512, 61.31647422855905], [8.21800378660464, 61.31650138475152], [8.218171564861834, 61.31651953192004], [8.218246253921087, 61.31655544940237], [8.218338888449127, 61.31664083974638], [8.218413333094988, 61.31668134081574], [8.218497187081088, 61.31671735729158], [8.218590450405983, 61.31674888915646], [8.218739576849766, 61.31678042874955], [8.218898017954743, 61.316839019688835], [8.21913089493607, 61.316897558100884], [8.219336218079617, 61.316929301556044], [8.219672146824207, 61.3169431717769], [8.219933434481183, 61.31696149938423], [8.220280221137525, 61.317002226502645], [8.220373786391079, 61.31699781567959], [8.220392420018378, 61.3169845114662], [8.220439298709858, 61.31696198956245], [8.22043977294642, 61.31687685321263], [8.220393226548982, 61.31684081602088], [8.220346761040958, 61.31679144561628], [8.220160990072733, 61.31663416033993], [8.220040658320977, 61.31647249586198], [8.219938459725485, 61.316364638852676], [8.219854705263973, 61.31631520091612], [8.219759753531102, 61.31628367538364], [8.219601198891805, 61.31626103625263], [8.219265109610282, 61.31626608204268], [8.219199835616447, 61.316229105275866], [8.219153433494174, 61.31617081599261], [8.21907965095035, 61.31604951387314], [8.219032982537364, 61.316004548445996], [8.21897751767701, 61.31593273769767], [8.218838255533162, 61.315797878479735], [8.218652276878556, 61.3156675251412], [8.21837314534741, 61.31551465662523], [8.218103320134826, 61.31534828608819], [8.218057085928415, 61.31529442045609], [8.218057560776538, 61.315191170455], [8.218104576779053, 61.31512395837212], [8.218189102717043, 61.315029880303904], [8.21822678975032, 61.31495814506001], [8.218208531194946, 61.31487729576863], [8.218162257333237, 61.31482793400475], [8.217994999082192, 61.31467959385088], [8.217948544370257, 61.31460688267631], [8.217911715968436, 61.31452609320564], [8.217915149116296, 61.31392032018592], [8.217934622116323, 61.31378567114803], [8.217972187652897, 61.313727447434154], [8.21804702359175, 61.31369614552712], [8.218205745259008, 61.313696356286776], [8.21846649760719, 61.31375503315975], [8.218587972385775, 61.31375067190552], [8.218747091233597, 61.3136790789358], [8.219011568483946, 61.313441547828056], [8.219020891706048, 61.31342363158284], [8.219180183310565, 61.313307168772354], [8.219417969770891, 61.31317103153932], [8.219778953582193, 61.313070089181615], [8.220059261584174, 61.31295825185168], [8.220386638233501, 61.31286445430667], [8.220414656531869, 61.312851080026576], [8.220526933168456, 61.31280182853271], [8.220611165947705, 61.31274360110571], [8.220648890203003, 61.312689800536425], [8.22068652263764, 61.31260012899553], [8.220770979698601, 61.31253740692023], [8.220855157459313, 61.31251053715604], [8.221144439692743, 61.31249295904204], [8.221307190363524, 61.31243308047408], [8.221289008607648, 61.312340610671605], [8.221313974016814, 61.31224192316392], [8.221426240375687, 61.31217023154948], [8.221826632562088, 61.31199033550883], [8.221950268923045, 61.31190164082237], [8.222072138188825, 61.31179861908408], [8.222212766785935, 61.31164625271303], [8.222297619356901, 61.3114848723422], [8.222316551796414, 61.311462391126504], [8.222368313620652, 61.31122022988107], [8.222364677684855, 61.31118427144808], [8.222454918843612, 61.31105335012903], [8.222477642059014, 61.31100041938135], [8.222468833048918, 61.31088372779402], [8.222404203812934, 61.31074008694146], [8.222414018661219, 61.310659384142966], [8.222470286197296, 61.3106056116275], [8.222545841285742, 61.310461157645406], [8.222574335428694, 61.31034011792007], [8.222576280569884, 61.31000354098985], [8.222439657030165, 61.30972517204033], [8.222419556588425, 61.309635490008425], [8.222495488975001, 61.30942013353213], [8.222523855461109, 61.30929449152159], [8.222422124814097, 61.309128354127374], [8.222376588251421, 61.308939891156236], [8.22236843688924, 61.30869310457743], [8.222384461955883, 61.308163663637714], [8.222362330543799, 61.3080963187084], [8.222335283377348, 61.30791680290269], [8.222298588801127, 61.3078180883472], [8.222242884688981, 61.307755188246894], [8.222112791235446, 61.30764728552306], [8.22193596132267, 61.30757083318071], [8.221665694046303, 61.30748969600686], [8.221292935867968, 61.307408465992054], [8.220938587589641, 61.30734518999452], [8.220500438266344, 61.30728464978928], [8.220444429627083, 61.307286256919795], [8.220332386114281, 61.307286135485825], [8.220220328224595, 61.307312867957044], [8.220070279576529, 61.307447366981684], [8.219949073942857, 61.30744714625124], [8.219697206637614, 61.307406488830374], [8.219389873134048, 61.30732087454331], [8.219156719548431, 61.307284669158264], [8.218988764484077, 61.307271018459176], [8.21882989496316, 61.30729323909933], [8.218531138613699, 61.307351248348205], [8.218409668057035, 61.30736002460244], [8.218148486493968, 61.30735971985853], [8.217924902184498, 61.307296686953244], [8.217626876002777, 61.30719756724048], [8.217561719338365, 61.307170507695886], [8.217505856743758, 61.30715157430521], [8.217449865777896, 61.307147053135004], [8.21730972027639, 61.30717021134962], [8.217217992269775, 61.30720688290005], [8.217008228566593, 61.30738073797125], [8.21691455394234, 61.307425512318936], [8.216643722399562, 61.30746103762343], [8.216503505785306, 61.30751474112852], [8.216475389289975, 61.30754153697241], [8.21638187947813, 61.307586409381074], [8.21629758582987, 61.307608674238466], [8.216092434357304, 61.30760838333125], [8.215924500160781, 61.30759031414938], [8.215775560431627, 61.307545171523856], [8.215710264198545, 61.307531711712365], [8.21557038740424, 61.30752252971517], [8.215475157317588, 61.30752955619362], [8.215028174590207, 61.30770574269806], [8.214934698747134, 61.307727996520946], [8.21431883300524, 61.307727276319234], [8.214123135048121, 61.30769465429009], [8.21362885454297, 61.30762766942059], [8.213507629274167, 61.307627532059826], [8.213348835916005, 61.30764073855202], [8.2131527441309, 61.30767640415046], [8.21296579287499, 61.30773902281457], [8.212773120994928, 61.30781676411062], [8.21250722180535, 61.30795382085577], [8.212395032603373, 61.30799405815478], [8.21223650417607, 61.30799826498934], [8.212171290452826, 61.30797579585438], [8.212013421032154, 61.30783197271268], [8.211818212815363, 61.307692672908615], [8.211688349976589, 61.30753899080969], [8.211521448651082, 61.307377230665224], [8.211251853490737, 61.30719301104543], [8.211112475719391, 61.30708057480812], [8.211075423514488, 61.307053571441635], [8.211029172380286, 61.30698176834667], [8.211048173700997, 61.30690549187592], [8.211113675024734, 61.30684723088275], [8.211338626651234, 61.306695053838766], [8.211338749686217, 61.30668154240572], [8.211357564044704, 61.30665013500562], [8.211357935707271, 61.30658283596648], [8.211320906142927, 61.306506539569185], [8.211377307524788, 61.30643926039254], [8.21148406649621, 61.306375681370746], [8.211630454010502, 61.30623316673211], [8.21184564054524, 61.306130243539315], [8.211939402097943, 61.30604970037353], [8.211958523565784, 61.30600479074447], [8.211949405291227, 61.305950983445236], [8.211875527892314, 61.30580272577124], [8.211857291829588, 61.30571755039151], [8.21188606718424, 61.30556949056461], [8.211887671473633, 61.30530922210768], [8.211832096007171, 61.30521045657689], [8.21173006385997, 61.30511161121723], [8.2115536450966, 61.304967846844946], [8.211395771212137, 61.304828437897214], [8.211237818689657, 61.30471615010693], [8.211126257795737, 61.30466206460534], [8.211098224242612, 61.30465308694543], [8.2110050663039, 61.30463507129199], [8.210808992313206, 61.30462585531056], [8.21042645510665, 61.30462529784286], [8.21013751116578, 61.30458897733349], [8.209904452475305, 61.304543838001734], [8.20979477166579, 61.30450958147292], [8.209410572212477, 61.3044355818626], [8.209298868107746, 61.30442186019687], [8.209121757042336, 61.30436330861256], [8.209047353011409, 61.304322803026785], [8.208935987274046, 61.30424196039695], [8.208861627084998, 61.304174511716354], [8.208750116277102, 61.30411159502435], [8.208535669080717, 61.304061890931756], [8.208321250563099, 61.304029310278395], [8.208095622128777, 61.30401382913951], [8.207787748984925, 61.304024134445314], [8.207703708336673, 61.30403748486032], [8.20743306607569, 61.304050651304614], [8.2067053881982, 61.30403616497498], [8.206462758654835, 61.30404028350127], [8.206369416268137, 61.30404469457737], [8.205501630855116, 61.30404803320011], [8.205016245829357, 61.30406977688311], [8.20422259118123, 61.3041898415569], [8.203970421503813, 61.30423438970828], [8.203746012621137, 61.30429691479781], [8.203372102842732, 61.304427352200605], [8.203241224211771, 61.304481151247], [8.203082054206135, 61.304561644631335], [8.202960458279449, 61.30460635762705], [8.202736483507923, 61.304641867549705], [8.202568245263171, 61.30468648795726], [8.202437421518702, 61.30471244251604], [8.201970704716123, 61.30473962029577], [8.201793249576223, 61.30476629334608], [8.20171857000148, 61.304779660350114], [8.201475692235352, 61.30483314253898], [8.20116728673344, 61.30492253031631], [8.201055121667633, 61.30494022991485], [8.200857194294482, 61.304950732287864], [8.200269210316138, 61.30500641074301], [8.199476138416593, 61.30500986482674], [8.199317428456528, 61.30499169746062], [8.199159032297619, 61.304960027891894], [8.198963340714496, 61.304928374339234], [8.198841984229045, 61.30492371089752], [8.198730169314189, 61.30494151634496], [8.198636215930302, 61.30501762594594], [8.19856127752094, 61.30505801385994], [8.198458542405268, 61.30506681345865], [8.198290671107479, 61.30507008279673], [8.197852357297316, 61.305039017074215], [8.19764701987132, 61.30503877828705], [8.197553832093636, 61.30500714367336], [8.197451707181783, 61.30494423863891], [8.197396101387929, 61.3048768253531], [8.197368376986264, 61.30483199297403], [8.197331434028452, 61.30479507775037], [8.197229047889067, 61.3047635207172], [8.197126280812526, 61.30475438402191], [8.197033004268297, 61.30475158256707], [8.19672312809988, 61.304774468979836], [8.196463315706302, 61.304835110786186], [8.196126765440999, 61.30495127832753], [8.195958583625611, 61.3049869719506], [8.195844829562017, 61.30499215093618], [8.195585769594922, 61.304945136839244], [8.195482939809546, 61.30494059180984], [8.195352182997205, 61.304962758115735], [8.195253176298614, 61.30497336510979], [8.194763330912814, 61.30515580084906], [8.19463248592985, 61.30518697397958], [8.194483020555351, 61.305204683052175], [8.194128371243577, 61.30520422188114], [8.193680536153959, 61.30521258598892], [8.19329806298434, 61.30520306162939], [8.193130263222479, 61.30517586788651], [8.192916097217749, 61.3051163295065], [8.192700262781196, 61.30501281864504], [8.192597968215788, 61.304972250637945], [8.192458081188361, 61.3049451097808], [8.192355524824238, 61.30493156418761], [8.192094750094123, 61.30484597586672], [8.191805896117572, 61.30480069813562], [8.191451490546672, 61.30477762206556], [8.191274310038233, 61.30475049413294], [8.191050888817538, 61.30467841040551], [8.190920428620384, 61.30462434635049], [8.19058608239884, 61.30440852133429], [8.190400156496626, 61.304291643177734], [8.19017681940056, 61.30419252618963], [8.189962745225541, 61.3041248765525], [8.189655239735574, 61.30407063362344], [8.189496770429018, 61.304047960480254], [8.189403574713912, 61.304016409563324], [8.189273478716125, 61.3039219884683], [8.189180818957178, 61.30383206684482], [8.189004241955681, 61.303719622753285], [8.18892092911635, 61.30362981136483], [8.188837765679533, 61.30350404968195], [8.18881595530506, 61.30340976698851], [8.188746367643969, 61.3032122330149], [8.18869260182376, 61.30314851287458], [8.188216610960174, 61.30287940237636], [8.18791896830844, 61.30273093607119], [8.187807209090023, 61.302703765441514], [8.187769819545123, 61.30269476174526], [8.187564567910156, 61.30268558953019], [8.187434114656645, 61.302694335469965], [8.187377864705635, 61.302721150036206], [8.187358396110621, 61.30282425726851], [8.187330309536005, 61.302842217530745], [8.187190629752795, 61.30283310513156], [8.187060025519981, 61.302796963434375], [8.186827396872763, 61.302711340444944], [8.18668746289486, 61.30271113655731], [8.186653748318827, 61.302729984580054], [8.186359034691208, 61.303002342007176], [8.186246724146857, 61.30307400386317], [8.18608769755432, 61.30313646172634], [8.18593790706811, 61.30320812663595], [8.185802924236656, 61.30330126543972], [8.185608906739947, 61.30360248927875], [8.185534019617268, 61.303638276894894], [8.185384691332029, 61.30364246471362], [8.185291188632785, 61.30366478708046], [8.185207031889467, 61.30370956983735], [8.18511321651005, 61.30380811790596], [8.18501918944752, 61.30388872136373], [8.184813503009327, 61.30396919279015], [8.184334787860353, 61.3041209718253], [8.184250808219925, 61.30412538917817], [8.184129637736262, 61.304080347859916], [8.183984962281535, 61.303984104563995], [8.183785774649676, 61.30388691481863], [8.183543692439496, 61.30381027207586], [8.183437748999514, 61.30376158199118], [8.183246449787175, 61.30362135115837], [8.183134737727668, 61.30356732316454], [8.183097578990017, 61.30355382378779], [8.18293934283291, 61.303508624368625], [8.18281793063547, 61.303508539562365], [8.182705901556217, 61.30353073696905], [8.18268690109826, 61.30355771604012], [8.182752249661858, 61.30358029741401], [8.182910158024281, 61.303665674168656], [8.183030894035966, 61.30375566480949], [8.183114485906755, 61.30381404251937], [8.183093546141903, 61.30389030975577], [8.183010435328521, 61.30402481370227], [8.182925902576875, 61.304091926058376], [8.182796911047399, 61.30414291778654], [8.182468198871446, 61.3041945614248], [8.18198293654471, 61.30420271103451], [8.181833609782428, 61.304224919193764], [8.181740081527721, 61.304269677946564], [8.181552950952646, 61.304327739519316], [8.181207493113755, 61.3043899808873], [8.181151237259359, 61.30439444298253], [8.180515907094373, 61.30452352947508], [8.180179631633104, 61.304581455193556], [8.1799444044571, 61.304616000037335], [8.179628786480004, 61.304670280372875], [8.179348241285654, 61.3047424612231], [8.178937164527735, 61.304826259573176], [8.17873148034146, 61.304884282560465], [8.178553841411583, 61.304969224628714], [8.17845998379123, 61.305027482848566], [8.178347667477825, 61.30509904862695], [8.17825396579181, 61.305143706363125], [8.178113768643142, 61.305188450962206], [8.177964227672296, 61.30519271025533], [8.177798519283726, 61.30516370997734], [8.177526409365818, 61.305093291258125], [8.177116034781172, 61.30508366447211], [8.17688093490529, 61.305083243740754], [8.176731769196007, 61.30504714641997], [8.176642643196955, 61.30500128228278], [8.176137283556722, 61.30467386783402], [8.176035176065643, 61.30459733763541], [8.176007297398069, 61.304552491986605], [8.176007672040875, 61.30449411248963], [8.176036281470115, 61.30444031253552], [8.176027225369436, 61.30438650374768], [8.176027369625322, 61.3043506428722], [8.175984951344565, 61.304282262627346], [8.175906862915872, 61.30423821677202], [8.17563691413285, 61.30413906417517], [8.175534434900392, 61.30413893737635], [8.175422193948245, 61.30416120842515], [8.175254252089866, 61.30416994284152], [8.175188624210886, 61.3041967299393], [8.174918506339093, 61.30415587563395], [8.174900675919904, 61.304039259881854], [8.174854419661807, 61.3039584289311], [8.174827098011441, 61.30385953841206], [8.174837574584261, 61.30372055988521], [8.174839016142515, 61.30350965913611], [8.17479289943885, 61.303415317011506], [8.174737299296543, 61.30335239890829], [8.174709840068298, 61.30328504378539], [8.17468297661643, 61.30311453004103], [8.174637145729875, 61.302988840104966], [8.174581758437522, 61.30290349248496], [8.174498727709022, 61.30275078033408], [8.174499178277191, 61.30270150681791], [8.174546275571233, 61.30263341020289], [8.17458406451413, 61.30256159920793], [8.174584276323873, 61.30253916973986], [8.174528863393897, 61.302476260936864], [8.174454278058228, 61.3024402314378], [8.174262550012621, 61.30237170095948], [8.173980590778509, 61.302138828813185], [8.173813802175196, 61.301968097845716], [8.173591559360833, 61.3017209370405], [8.173534497391357, 61.301595220047794], [8.173593819666436, 61.301384448385825], [8.173641212638877, 61.30128581592916], [8.173689408561915, 61.301083945098554], [8.173721327346103, 61.30076094042906], [8.173648002001286, 61.30029861044285], [8.173641514370702, 61.29989490021775], [8.173647400728807, 61.29984905543552], [8.173540571205844, 61.2996389046985], [8.173244443164736, 61.299283109969096], [8.173002839528781, 61.29914446688504], [8.172881890010533, 61.29909942538057], [8.172760607347236, 61.299108259468], [8.172694941812184, 61.299139549206934], [8.17267981242616, 61.2991753742527], [8.172749670303034, 61.29933255968659], [8.172758339833964, 61.29944474801102], [8.1727298882383, 61.299502971208355], [8.17262659916278, 61.29958814564616], [8.172551486133072, 61.29966870512405], [8.172485058029126, 61.29981675354429], [8.172493894048287, 61.29989299191442], [8.172511611935176, 61.30005898916558], [8.172398623068027, 61.30017999246841], [8.172283686722388, 61.300349382626955], [8.172087453750672, 61.300691123774875], [8.172011462818485, 61.30086148978094], [8.17200070542632, 61.30106777497149], [8.17194434249246, 61.30114396428649], [8.171850885020826, 61.301161773626], [8.171738819581197, 61.30116611602394], [8.171618049669704, 61.301121082667166], [8.17147793857915, 61.30112085380292], [8.171365631980823, 61.30115203989927], [8.171122415724625, 61.301277278006104], [8.171037967086553, 61.301331049814074], [8.170991014009712, 61.301384733247254], [8.170990153315422, 61.3015104993757], [8.171008015063963, 61.30162261170382], [8.170961135528596, 61.30166737683151], [8.170839627995663, 61.30169863846325], [8.170587632255115, 61.30170275953247], [8.170513162549003, 61.30169367981495], [8.170355011569697, 61.30162161274074], [8.170318124584186, 61.30156315263641], [8.170290518291191, 61.30149137283993], [8.170263576113452, 61.30135221565296], [8.17009481797009, 61.30119489794948], [8.1700081967063, 61.30104758822564], [8.169848339173733, 61.30070542982153], [8.16982050915582, 61.30067842900455], [8.169750230805418, 61.30058412526907], [8.169720468770695, 61.30029233958959], [8.169656042104036, 61.30019355501901], [8.169525928109731, 61.30010812348059], [8.169330638783082, 61.300022552395724], [8.169162869759884, 61.29999541880573], [8.169134825357613, 61.29999084726914], [8.168836472514798, 61.29996792847876], [8.168732212135954, 61.29994084973628], [8.168622430842822, 61.29988672572017], [8.168529512828691, 61.29982831696246], [8.16850194474647, 61.299792406992765], [8.168474391041167, 61.29971612319924], [8.168418735106231, 61.29966212105474], [8.168316564992072, 61.29961261714967], [8.168083918464552, 61.29953597047398], [8.168009532883993, 61.29949994700263], [8.167953736601284, 61.299459455800594], [8.167926304360899, 61.29939119881866], [8.167908379546676, 61.29928800453056], [8.167908768589529, 61.29922962526764], [8.167965664560294, 61.299099571530014], [8.168059919684625, 61.29897861589806], [8.168088241186739, 61.29891588073062], [8.168051314179868, 61.29886192381849], [8.167995515602009, 61.29883945683896], [8.167939178445872, 61.29889320565006], [8.167863744511273, 61.29900519917375], [8.167826212179124, 61.299032050854784], [8.167742291767391, 61.299031954432124], [8.167612006525738, 61.298986796498625], [8.167556255283868, 61.298959825634945], [8.167403390670442, 61.298942545326156], [8.16724723725129, 61.29886057132395], [8.167014413607038, 61.298783913561905], [8.166595352720043, 61.29869351395307], [8.166502145136915, 61.298684475727704], [8.16639012284675, 61.298706659722], [8.166334065137244, 61.298693100975946], [8.166306500516638, 61.29865719060995], [8.166306967784537, 61.29858989312864], [8.166352165883458, 61.298527110271515], [8.166354553092471, 61.29845531364564], [8.166327053008395, 61.298374525804846], [8.166262375757222, 61.29830267290206], [8.166188062069521, 61.298262055664644], [8.166122665534353, 61.298262083647636], [8.166066520462342, 61.29827979267011], [8.165879286275583, 61.298387213864885], [8.165739373159802, 61.29838698861495], [8.16567421382796, 61.29836449787727], [8.165740135001116, 61.298288343525655], [8.16578740937013, 61.298185201035054], [8.165759740530016, 61.29812233876764], [8.16568562638812, 61.298059381043565], [8.165620908397482, 61.29797400739466], [8.165491814552098, 61.2977674086954], [8.165473960625482, 61.29767764554436], [8.165473978635289, 61.297637271779855], [8.165475480317285, 61.297426372015096], [8.16542955233554, 61.29735447533509], [8.165336695152796, 61.29729156088147], [8.16527155783277, 61.29726898085043], [8.165066231739901, 61.29725346060391], [8.164991945601056, 61.2972281647148], [8.164940462459095, 61.297129400870155], [8.164834565929697, 61.297061861218154], [8.16460189922681, 61.296989712658394], [8.164555488822904, 61.29696717811924], [8.164518331842585, 61.29693573885141], [8.164490604919342, 61.29689972965847], [8.164380186336135, 61.29667974457291], [8.164259982824417, 61.29652253020532], [8.164158601233616, 61.29635635423261], [8.163910376173732, 61.29611714187348], [8.163750729110491, 61.29601011257085], [8.163713607967177, 61.29595623439546], [8.163706391507557, 61.295699561795196], [8.16367865273517, 61.29564561744561], [8.163539649752934, 61.295515299015236], [8.163400600116956, 61.29538948415363], [8.163224622096887, 61.29523206069011], [8.163196988985343, 61.295164783448904], [8.163244403785434, 61.29506615495548], [8.163235466995408, 61.295003338270845], [8.163189203887624, 61.294967292236485], [8.163003216745343, 61.294872808116345], [8.162873519188345, 61.29476936536536], [8.16269406233007, 61.29454561522703], [8.162670514232598, 61.29446394467048], [8.162671463089264, 61.294329349940305], [8.162560562240843, 61.29418107559188], [8.162495749154088, 61.29412705763446], [8.16246789840387, 61.29408220960735], [8.162440596796435, 61.29400143054381], [8.162376039168198, 61.29390254450829], [8.162348709493898, 61.293826179987775], [8.162317506220626, 61.293476188280636], [8.162305031594714, 61.29341328258216], [8.162306044951327, 61.29325183461352], [8.162278827106425, 61.29314411313744], [8.162260626701281, 61.29307226598124], [8.162271413605533, 61.29287039696993], [8.16229154654733, 61.292690900570804], [8.162264026273682, 61.29263255081896], [8.16221765870994, 61.29258757689447], [8.162096702092615, 61.292547030044524], [8.161872225533994, 61.29235362456656], [8.16159397230337, 61.292160291204254], [8.161383170437245, 61.29188980102273], [8.161114244449802, 61.29168296944005], [8.160891500705374, 61.29152110234057], [8.160854497899102, 61.291476151143165], [8.160855610293721, 61.29134598045364], [8.160800086997225, 61.29127864278096], [8.160688582396755, 61.29121117554579], [8.160623460932205, 61.29118859351166], [8.160549067417762, 61.29117500503757], [8.160409684959369, 61.29110567599131], [8.160251111482324, 61.29110269699409], [8.160195255262447, 61.291089145322246], [8.160111999991223, 61.29100814700457], [8.15997266507548, 61.29091376577856], [8.159944755389489, 61.290895770552325], [8.159898357184138, 61.29087323459593], [8.159675415166877, 61.29075172995591], [8.159524901704891, 61.2906904881998], [8.159228573835332, 61.29064331415834], [8.159088858362683, 61.29060722196432], [8.158986877157066, 61.29054420060673], [8.158736292226735, 61.2903598311415], [8.158448734365022, 61.29016637943013], [8.158346425227883, 61.290116859300255], [8.158169775126483, 61.29004924568756], [8.157944305363637, 61.29001385725711], [8.157555264081406, 61.28991358898036], [8.15737860647032, 61.289828039407375], [8.157174373884635, 61.28971099219863], [8.157013094242613, 61.289585124754325], [8.156664698707662, 61.28926142439427], [8.156469949642027, 61.28911304277475], [8.156254794683907, 61.28896461869188], [8.156069117130672, 61.28884670674128], [8.156004072343723, 61.28879726942653], [8.155929989113341, 61.28875233105412], [8.15581869910743, 61.28866684538186], [8.155781482244493, 61.288644322203], [8.155744401879343, 61.2886263120751], [8.155623293164002, 61.28860368536057], [8.15559540750879, 61.28858560016875], [8.155577087374779, 61.288545198355315], [8.15550309365689, 61.288473317458674], [8.155428563180623, 61.288437278284114], [8.155279735878112, 61.288396664568324], [8.155251986977241, 61.28838309237122], [8.15507528494145, 61.28832006777187], [8.155075540583379, 61.28825726495066], [8.15515066796377, 61.288198975753275], [8.155253494864237, 61.28815876238507], [8.155371239162967, 61.28812399096176], [8.155450510765517, 61.28800652047918], [8.155553630040748, 61.287917024444205], [8.155535544381827, 61.2878721283372], [8.155442373245837, 61.28782712397783], [8.155424209595465, 61.28779114607697], [8.155442862181044, 61.28775982685046], [8.155518124055066, 61.28770605047999], [8.155528403313651, 61.287558048436026], [8.15554766084263, 61.28748629461726], [8.155473503789104, 61.287414315221106], [8.1552598359861, 61.28730624930771], [8.15500883773063, 61.287184756206734], [8.154776834338042, 61.28705863720029], [8.154246981584734, 61.28683343333824], [8.153969821612245, 61.28672881746888], [8.153791416335396, 61.286653087228785], [8.15365160560612, 61.28664834659925], [8.153623359610133, 61.28666187588372], [8.153595120206077, 61.2867156004444], [8.153557670011104, 61.28673353001108], [8.153445674266536, 61.28673776886887], [8.153335914361866, 61.28670526052514], [8.153129618770237, 61.28660891988744], [8.152831475622285, 61.286579662756736], [8.152632421772411, 61.28652640668658], [8.152385311839446, 61.286394921231334], [8.152238155340195, 61.286357001927136], [8.151956645588323, 61.28634931408114], [8.151770530166283, 61.28631311482122], [8.151705319341138, 61.28628160115146], [8.151631359164027, 61.28620962921], [8.151575913709157, 61.28613778450547], [8.1515110667387, 61.286088354605056], [8.151371350745166, 61.28605666940751], [8.151185022602446, 61.28602487452103], [8.1510271600376, 61.28595288519673], [8.150933928529906, 61.285934731027474], [8.150859452921786, 61.285930144805484], [8.150822299118552, 61.285921051614], [8.150673433636175, 61.28586700184659], [8.15060842960047, 61.285835407933746], [8.150394713870753, 61.28571399263048], [8.14974468809704, 61.28538435228486], [8.149633327356062, 61.28530786927194], [8.149605621041838, 61.28525392251662], [8.149494396651848, 61.28518195245457], [8.149206365546204, 61.285042437438584], [8.149169436477669, 61.2849929797394], [8.149291077780763, 61.28494381137643], [8.149281911431652, 61.28490783790944], [8.149226349850007, 61.284867349108545], [8.148946761239904, 61.28483469750543], [8.148705021631784, 61.28474980017381], [8.148630972257687, 61.28468683406593], [8.148584696142152, 61.28463302687432], [8.14823187467902, 61.28444390044109], [8.148157746763498, 61.28438985228271], [8.148167230508305, 61.284358519535054], [8.148232832614937, 61.284313810342], [8.148242385619406, 61.284277884794406], [8.148214903431134, 61.284237467565255], [8.147998750909304, 61.28419397136092], [8.147989480425071, 61.28419097776258], [8.147907683694116, 61.28416510975749], [8.147889195708329, 61.2841426325832], [8.147876223330545, 61.28412917712921], [8.14790869278016, 61.28403051602081], [8.147880845950894, 61.28400801483932], [8.147685160351912, 61.28399421538371], [8.14755470036402, 61.28395966060687], [8.147564436061614, 61.283935730815635], [8.147601936061243, 61.28391329924904], [8.147564811026152, 61.28388185579805], [8.146895463752228, 61.283615928350656], [8.14686771807862, 61.28358441966493], [8.14686799413338, 61.28353955197826], [8.146717791121388, 61.28345406625028], [8.146606751436208, 61.283328298751556], [8.146559566919464, 61.28316665640825], [8.14659944559496, 61.28307693311077], [8.146599852654031, 61.28301864359691], [8.146507224970279, 61.282942206429], [8.14650750147582, 61.2828973387495], [8.146575355425629, 61.282816695057654], [8.146594599215337, 61.28274935728478], [8.146585874028558, 61.28265067965171], [8.146383650153549, 61.28252740626677], [8.146268282484723, 61.28247955623175], [8.146044713001375, 61.28241612322749], [8.14603023818231, 61.28241124322495], [8.14599117134404, 61.28239637364888], [8.145972417049904, 61.28239136666607], [8.145943573507013, 61.282385397230776], [8.145918891242653, 61.28238351422297], [8.145890055593, 61.28238349335785], [8.145863306401392, 61.28238249684674], [8.145826223629163, 61.28238250820387], [8.145787093992768, 61.28238160459466], [8.145704614364735, 61.28237769063097], [8.145675759198152, 61.28237775885369], [8.14564888393397, 61.28237477317589], [8.145620233512044, 61.282374761649834], [8.145595551279278, 61.282372878583466], [8.145572809350883, 61.28236983221406], [8.145547961435417, 61.28236785060917], [8.145498372166376, 61.28236596564369], [8.145467635286318, 61.28236692971947], [8.145453247042898, 61.28236592937581], [8.145436752805217, 61.2823659937971], [8.145401590840802, 61.28236493087498], [8.14537709384707, 61.28236305716586], [8.145358465744716, 61.28236003922419], [8.14532981647986, 61.28235660298173], [8.145325615101335, 61.28235611945317], [8.145310896060877, 61.28235320970647], [8.145278183261825, 61.28234524133562], [8.145234731435636, 61.2823264539657], [8.145218367309631, 61.28231652119292], [8.145197676919443, 61.28230069110652], [8.145152142785292, 61.282270893049116], [8.145141781959435, 61.282266041424606], [8.145133712349734, 61.28226013443483], [8.14512541016237, 61.28225016006225], [8.145090316242554, 61.282221432423555], [8.145055230104882, 61.28219865335568], [8.145030359220465, 61.282178825921356], [8.145011940695934, 61.28216202957966], [8.14500570551221, 61.28215116870741], [8.145007492535763, 61.28214215684693], [8.1450076031609, 61.28213224881361], [8.14500339528145, 61.28212239204203], [8.144982812163573, 61.28207871902311], [8.144972384552004, 61.282069898535305], [8.144958067459228, 61.28206088070201], [8.144900126365687, 61.282025315962315], [8.144887895775538, 61.2820153224973], [8.144858891863448, 61.28199555569073], [8.1448115045629, 61.28197080053635], [8.144764058154959, 61.281948025093314], [8.144743435076204, 61.28193616379561], [8.14469993682004, 61.28191331828244], [8.14467543257749, 61.28190549587416], [8.144633969326497, 61.281889603024304], [8.14461349188455, 61.281879641699376], [8.144592916207076, 61.281871838364644], [8.144576308111803, 61.281863875849425], [8.144539242767978, 61.28184415053665], [8.144526827149814, 61.28183414764379], [8.144504228551872, 61.281813353900574], [8.144485566105375, 61.281798527823], [8.144473064180607, 61.28178464520793], [8.144452334835732, 61.28177070561135], [8.144386463447377, 61.281725185055095], [8.144355366066701, 61.28170044518899], [8.144324572361853, 61.28167175526207], [8.144322226314896, 61.28166280405205], [8.144311948913993, 61.28164389722202], [8.144301585204, 61.28162111067371], [8.144295436684164, 61.28161412949144], [8.14426851238354, 61.281587438376455], [8.144260257897681, 61.281581521941256], [8.144227405039553, 61.281559667054026], [8.144216977807618, 61.28155084651358], [8.144175744562734, 61.28152108605234], [8.144157215988704, 61.2815141976354], [8.144130274852925, 61.28150724281861], [8.14408709637309, 61.28149234422311], [8.14407673596702, 61.28148749252321], [8.14406645431674, 61.28148057196348], [8.144058278649753, 61.281472586657834], [8.144033408954419, 61.281452759057814], [8.144014699710961, 61.28143387493812], [8.14399018096241, 61.2814141552613], [8.14397363248885, 61.28140421295205], [8.143957024795979, 61.281396250366775], [8.143921888667952, 61.28138139933236], [8.143901439464686, 61.28137558502429], [8.143893008691345, 61.28137218309288], [8.14387666371829, 61.28136558569107], [8.143851974901258, 61.281357753744224], [8.143839488420879, 61.28135576822888], [8.143802525377435, 61.281351819598385], [8.143783819265261, 61.28135087030982], [8.143768846303901, 61.28135083146087], [8.143763231443423, 61.28135081689212], [8.14374471054239, 61.28134987699711], [8.143728295623665, 61.28134787235951], [8.143654058427924, 61.28133797650489], [8.143616890692728, 61.281334107558315], [8.143598448589687, 61.28133109878512], [8.143581907735443, 61.2813271050056], [8.143573779402592, 61.28132317765593], [8.143565406609019, 61.281321220631845], [8.143555065871695, 61.28131627976102], [8.14353038926729, 61.28130241004924], [8.143528295373612, 61.28129743707815], [8.143530248434116, 61.28128852377478], [8.143536381838947, 61.281283607838425], [8.14354474717748, 61.28127961628904], [8.14355906070406, 61.28127069940241], [8.143573453006075, 61.28125971365578], [8.1435715443163, 61.28125475008447], [8.143571517337161, 61.281248890642395], [8.143569423439937, 61.2812439176719], [8.143559161511096, 61.281236907943374], [8.143548628148912, 61.28122600909822], [8.143536319507318, 61.28121808438018], [8.14352393208535, 61.281212228519365], [8.143488922320431, 61.28119936650305], [8.14346832717174, 61.281193364467114], [8.143435206584352, 61.28118555514297], [8.143385895478874, 61.28117557226693], [8.143360962463118, 61.28116971056011], [8.143276708455861, 61.28115083443806], [8.143237321222076, 61.28114000329254], [8.143187983346243, 61.28112416090527], [8.143154749136773, 61.28110832468318], [8.143152773871588, 61.28109939225782], [8.14314659880435, 61.28108655158754], [8.1431383420862, 61.281062700234145], [8.143125959598988, 61.28104485805812], [8.143113564958165, 61.28103305358796], [8.143098918203801, 61.28102212618145], [8.143057812628392, 61.28099435452973], [8.1430454375641, 61.280982460921095], [8.143035148954855, 61.280969591715106], [8.143006137313414, 61.280925941115214], [8.1430043445383, 61.280923867391344], [8.142983347809434, 61.280899189168714], [8.142962718749192, 61.28088137904611], [8.142948304415158, 61.28087451900697], [8.142929796026875, 61.28086754129866], [8.142903403319764, 61.28085637820228], [8.142894660979502, 61.28085269001336], [8.142880120762367, 61.28084384084289], [8.142871819647189, 61.2808338663479], [8.142834687560844, 61.28079223690057], [8.142820391891167, 61.28078141740011], [8.142814243858263, 61.28077443615774], [8.142791469235233, 61.28075958132894], [8.142733552503218, 61.2807239265998], [8.142702721436319, 61.28069712693058], [8.142692433055565, 61.28068425770191], [8.142679979408355, 61.28067443292065], [8.142651143067631, 61.280656476538006], [8.142609900203327, 61.28063275334398], [8.142541643566972, 61.28059215760109], [8.142481833443057, 61.28056343633455], [8.142457291027531, 61.28055750413933], [8.142413850598002, 61.28054466449688], [8.142380869146699, 61.280532806348354], [8.142327293239143, 61.28051494599238], [8.142300333844307, 61.280508079962786], [8.142271677965253, 61.28050211918175], [8.14225722415822, 61.2804971496645], [8.142238577948058, 61.2804942204471], [8.142195408968014, 61.28048526985324], [8.142178782679188, 61.28047739619627], [8.14216242047323, 61.28046746308224], [8.142104504992664, 61.28043180810226], [8.14208799743874, 61.28041997498823], [8.142073595867405, 61.28040707715791], [8.14204057884857, 61.28036547607523], [8.142034350218971, 61.280342628811276], [8.142033152215198, 61.28034040501404], [8.142025963452909, 61.28032877455523], [8.142007288713192, 61.28030205102391], [8.14199714612997, 61.28029108174009], [8.141982606422811, 61.28028223248062], [8.141972219304021, 61.2802732335171], [8.141959891894711, 61.28026539779972], [8.141937177390668, 61.280248563115315], [8.141922676788434, 61.2802395355845], [8.141881534191215, 61.280211941871116], [8.141869120050009, 61.28020193875616], [8.141856726202821, 61.28019013418263], [8.141850571359896, 61.280177204330684], [8.141840217000878, 61.28016036619721], [8.141833803347868, 61.280137509525176], [8.141819441827758, 61.28012272108092], [8.141800966831221, 61.28010790406773], [8.141780220227531, 61.280094053228076], [8.14171837046123, 61.28005243036225], [8.14168958217008, 61.28003853177113], [8.1416172738947, 61.27999592730468], [8.141590320462841, 61.279977074870054], [8.141560529691201, 61.279960061125934], [8.141547256970645, 61.27995226749785], [8.141524471074973, 61.279943450175665], [8.141507824933498, 61.2799373779002], [8.14147298308448, 61.27992461393], [8.141439758061942, 61.27991472588751], [8.141369683787547, 61.27989098055805], [8.141336829233042, 61.27988111129545], [8.14125844927646, 61.27985937760276], [8.141157507994773, 61.27982865762223], [8.14111216089082, 61.27981085398615], [8.141097766988151, 61.27980390463043], [8.14103161448801, 61.279774229750906], [8.141021334062714, 61.279767308977846], [8.140982133167844, 61.279738551778365], [8.14096557955024, 61.27972266055998], [8.140951152243783, 61.27970390318598], [8.140922158521104, 61.2796721493344], [8.140891130889624, 61.27963344275142], [8.140878683836213, 61.27961163155017], [8.14087865734206, 61.27960577211472], [8.140874648834654, 61.279589886940556], [8.14087038313909, 61.279582009785805], [8.140862208762893, 61.27957402430609], [8.140841515385986, 61.279552245044194], [8.140833262071796, 61.27954632841717], [8.140835348486242, 61.279545352854306], [8.14083110929202, 61.279543335133866], [8.140833195706339, 61.27954235957102], [8.140827114711815, 61.27953934709441], [8.14082710776331, 61.27953339852657], [8.140825073817584, 61.2795264457998], [8.140812579526244, 61.27948092945497], [8.14081263199658, 61.27947300116543], [8.140814671579886, 61.27946796762408], [8.14082899195333, 61.27946499959268], [8.140849657453634, 61.27946298458387], [8.14085777801195, 61.27946096351715], [8.14087639001796, 61.279452084910325], [8.140882523453142, 61.279447169094716], [8.140888735834745, 61.27944018442443], [8.140888484264995, 61.279436206175504], [8.140886450310482, 61.27942925344951], [8.140890556746553, 61.279423333475485], [8.140888582203864, 61.27941440102773], [8.14088040786388, 61.27940641554966], [8.140859721533747, 61.279390584859804], [8.140849381853677, 61.2793856437978], [8.140834909248754, 61.27938076327208], [8.140818488613474, 61.2793728097318], [8.140793695892413, 61.279362899004354], [8.14077728221819, 61.27936089402712], [8.140762750216956, 61.27935799321565], [8.140746131814485, 61.279356067964386], [8.14068857815997, 61.2793461160966], [8.140670051638267, 61.279339227232384], [8.14065770456309, 61.27933319286288], [8.14063079906891, 61.279318398232284], [8.14061214680909, 61.27930952023613], [8.14058143203344, 61.27929074695438], [8.14052143407914, 61.27925606691388], [8.140502927185134, 61.27924908889566], [8.140486506703555, 61.2792411353173], [8.140467795093357, 61.27923423702373], [8.140447327576938, 61.2792302236801], [8.14039595449068, 61.279219413875005], [8.140377242913889, 61.279212515569405], [8.140292592379051, 61.279181810886634], [8.140241046929948, 61.27916495392251], [8.140212266940434, 61.279157003604844], [8.140179334529943, 61.279149202931215], [8.140100983571246, 61.27913332804046], [8.140043225810691, 61.27912345563598], [8.139956754470226, 61.27910960168207], [8.139940096323745, 61.27910956692262], [8.13989893733012, 61.2791017089378], [8.139835019869285, 61.27909089278315], [8.139740322021556, 61.27907698144269], [8.139725750310081, 61.279075971111084], [8.139697017223419, 61.279072078663994], [8.139635312020863, 61.279062275996026], [8.139604512080993, 61.27905926994164], [8.139589814680628, 61.27905627047115], [8.139569202158913, 61.27905035700593], [8.139561074916546, 61.27904642943129], [8.139552656322431, 61.27904041419491], [8.1395281617488, 61.279020604645666], [8.139524041700964, 61.279014627446685], [8.139515584041996, 61.27900879047285], [8.139497011323805, 61.27899784347816], [8.139484566033493, 61.27899396699145], [8.139451792064426, 61.27898202844164], [8.139422767756153, 61.27897604827676], [8.139389921468469, 61.27897212712864], [8.13933432351618, 61.2789711962967], [8.139317791134065, 61.278973150586175], [8.13929311868459, 61.27897721497958], [8.139262206500502, 61.278984116851795], [8.139237368383307, 61.278988082697666], [8.139223088064206, 61.27898915997438], [8.139196223028554, 61.27899212163093], [8.139187936840711, 61.27899404406096], [8.139179941980542, 61.278998054152126], [8.139177921712838, 61.27900299853321], [8.139177809320326, 61.27901290653546], [8.139175709992696, 61.27901991976816], [8.139165569177184, 61.27902688511489], [8.139155196548689, 61.27902978307963], [8.139144863896512, 61.27903079045638], [8.139128371451624, 61.2790308541349], [8.139113984979039, 61.279029853143115], [8.13909763112093, 61.27902586824694], [8.138998728205069, 61.27900209947334], [8.138982063519656, 61.278996116034], [8.138955225248178, 61.27898528992981], [8.138938620112278, 61.278977326766245], [8.138907979392712, 61.278968470530415], [8.13888928784492, 61.27896148289397], [8.138850149643295, 61.278948680220935], [8.13880906366259, 61.27893280449831], [8.13878616020696, 61.278927946175244], [8.138734708218665, 61.27892091692868], [8.138703869431808, 61.278918088937], [8.138664598345983, 61.27891699566614], [8.138648231606423, 61.27891904841143], [8.138623333919274, 61.27892499386293], [8.138603039040392, 61.27892702734645], [8.138582267677908, 61.278926963758735], [8.138563874043282, 61.278928012302785], [8.138536982942593, 61.278925114398845], [8.138473026331697, 61.278916188199574], [8.138438146857546, 61.27890531406932], [8.13837837625739, 61.27888839908208], [8.138372071349847, 61.27888555535866], [8.1383679580305, 61.27888552668914], [8.138361798292216, 61.2788845829576], [8.138339304417038, 61.278879565108426], [8.138289483088208, 61.278867661648576], [8.13823399807049, 61.27885682237063], [8.138207311801082, 61.27885384467671], [8.13818440850226, 61.27884898625402], [8.138102131250111, 61.27883309096326], [8.138038215006373, 61.27882227397725], [8.138017503309408, 61.27882023058602], [8.137912580600975, 61.2788094035373], [8.137821733504442, 61.27879757900557], [8.137724991126465, 61.27878275121138], [8.137704259933914, 61.278780796904876], [8.137626102772618, 61.27877087857945], [8.137562186833275, 61.27876006137287], [8.137490044341948, 61.27874918674509], [8.137444647614565, 61.27873931020954], [8.137356145447612, 61.278718501861086], [8.137279804370078, 61.27870371871437], [8.137232446866623, 61.278696806741195], [8.137189328225235, 61.278691912581216], [8.13715009760045, 61.27868892829101], [8.137123147207458, 61.27868800982773], [8.137104892516705, 61.27868500960971], [8.13706356919682, 61.278677052241655], [8.137024312820772, 61.27866820848992], [8.137001574484145, 61.27866516073243], [8.136974928616805, 61.27866029221501], [8.136948057458786, 61.278657304869064], [8.136886313893347, 61.27864939155696], [8.136871987342817, 61.27864641061416], [8.136826531307019, 61.278638513592576], [8.136801872182438, 61.278636539842296], [8.136659787008904, 61.27862184106955], [8.136636989069753, 61.278620772967855], [8.136593751281543, 61.27861983805284], [8.136560846082801, 61.278617895944706], [8.136540055401417, 61.278617921178345], [8.136496837170414, 61.27861689710077], [8.136459799155496, 61.27861501537396], [8.136418727105339, 61.27861103606148], [8.136381708652111, 61.27860906518169], [8.13633631860572, 61.278605136838], [8.136317693665077, 61.278602117697965], [8.136284828654787, 61.27859828493941], [8.136245617798878, 61.2785952112583], [8.136167310503001, 61.27857744355643], [8.136158992555165, 61.27856755782153], [8.136156959698322, 61.278560605040845], [8.136152965838994, 61.278556616874084], [8.136140455376859, 61.278548771248914], [8.136125943758234, 61.278545780819776], [8.136093092320465, 61.27853591032942], [8.136057988775498, 61.27852691677855], [8.13603927859608, 61.27852001789345], [8.135998115377916, 61.27850621019363], [8.1359612044414, 61.27848838266208], [8.135921836680186, 61.27847151178828], [8.135903271582457, 61.278466512878026], [8.135825130449069, 61.2784488435268], [8.1357981536841, 61.27844377770083], [8.135779634805155, 61.278442836744894], [8.135761075748277, 61.27844378636957], [8.135746689674795, 61.2784427850254], [8.135695140398134, 61.278437912623], [8.135674654502708, 61.27843398770584], [8.135590068913274, 61.278419235258276], [8.135544692848166, 61.278409268969696], [8.135487077013087, 61.27839534610126], [8.1354292966898, 61.278379612347784], [8.135384040241636, 61.278365686578425], [8.13531180833952, 61.278344982554444], [8.135291156919452, 61.278340959039134], [8.135237575251036, 61.27832913367547], [8.135181907123672, 61.27831828376557], [8.135153194904582, 61.27831430124085], [8.135128285320844, 61.27830834894225], [8.13507476354499, 61.27829454380202], [8.13499862352933, 61.278273731126845], [8.13491194052596, 61.27824805663487], [8.134846079281054, 61.27823416508669], [8.134817307397816, 61.278232162205946], [8.134792384212183, 61.2782322475301], [8.13476582423793, 61.27823125829453], [8.134738768497085, 61.2782282611075], [8.13464000854039, 61.27821837546041], [8.134586492923365, 61.27821051868317], [8.13455352273064, 61.278204607257685], [8.13450833251088, 61.278194650042316], [8.134473005528982, 61.278185824944195], [8.134384547261238, 61.27816312412315], [8.134349319276346, 61.278152141018225], [8.134324626233413, 61.27814349581221], [8.134318555345144, 61.278141294650126], [8.134297944460798, 61.278135380405686], [8.134273220376066, 61.27812943736577], [8.134240210062433, 61.27812541644742], [8.134230619483064, 61.27812474877892], [8.134211418771208, 61.278123502571276], [8.134188661576097, 61.27812054348237], [8.13416203619384, 61.27811558529311], [8.134124827625984, 61.278107655845616], [8.134098057357061, 61.27810079765109], [8.134083605985568, 61.27809582729643], [8.134058836013311, 61.27808582625036], [8.13404853813691, 61.27807899410988], [8.134007378940654, 61.278047251047596], [8.133992916269243, 61.27803038358579], [8.13398046640171, 61.27802055805968], [8.133972174509674, 61.27801653162041], [8.133961691488867, 61.27800969006193], [8.133957572634001, 61.2780037127112], [8.133957740829377, 61.27798587647644], [8.13396186224433, 61.27797391904899], [8.133971890440845, 61.27793333165403], [8.133961631741796, 61.27792632124532], [8.133897710172796, 61.27788567047705], [8.133883299220944, 61.277878809521965], [8.133842012481644, 61.27786301206849], [8.133823567784997, 61.27785405345883], [8.133755459594502, 61.27782139121423], [8.133718245861056, 61.27780751311336], [8.133654466998317, 61.277786697006995], [8.133629723758185, 61.277780842986594], [8.133613245959001, 61.27777486832334], [8.13360069614124, 61.27776891305798], [8.133545072707923, 61.27773823714258], [8.133536835224872, 61.277726282418975], [8.133530664700611, 61.277713441377514], [8.13352032116469, 61.277702551233], [8.13350789112778, 61.277692636536315], [8.13349337459083, 61.27768369728676], [8.133476937181541, 61.277675832027526], [8.133404651160674, 61.27763917196573], [8.133386451778096, 61.277628243001466], [8.133361537533046, 61.27761634184335], [8.133336729055735, 61.2776065189364], [8.133320376708527, 61.27760253336395], [8.133301752674935, 61.27759951382194], [8.13325845104453, 61.277594609028085], [8.13322752794549, 61.277589612428486], [8.13319048587233, 61.277581781280986], [8.133165656703115, 61.27757375979285], [8.133155484480659, 61.277568916714], [8.133083264481519, 61.277536225325115], [8.1330648201947, 61.27752726661806], [8.133724407175142, 61.27705996745574], [8.133790258499925, 61.27701329503167], [8.134047684297936, 61.27683080743191], [8.134057962227901, 61.276837728697956], [8.134076406414428, 61.27684668726803], [8.134088915695814, 61.27685453306658], [8.134117823033582, 61.27687042230628], [8.134142366642449, 61.27688230449757], [8.134216757850924, 61.2769178995613], [8.134245599764581, 61.2769298199383], [8.134293030929344, 61.27695259884485], [8.134307362195411, 61.276961528595756], [8.134326017004408, 61.276976355964266], [8.134350811514667, 61.27699221636885], [8.134402321418142, 61.27702286315957], [8.134412705309142, 61.2770318626565], [8.134460154058885, 61.27707248716025], [8.134470432157734, 61.277079408397476], [8.134484823333157, 61.27708635841806], [8.134538394620193, 61.277110170277155], [8.134554891814517, 61.27711605569388], [8.134575687272617, 61.2771219793012], [8.134600225455431, 61.277127912863904], [8.134616828505193, 61.277135876529194], [8.13462508001606, 61.27714179350872], [8.134639471254573, 61.2771487435138], [8.134680697704118, 61.27716652042968], [8.134726097073512, 61.277182346397154], [8.134777755796785, 61.27719524594291], [8.134820985903284, 61.27720474300399], [8.13483133536926, 61.27720707145745], [8.13492185820832, 61.27722888561162], [8.13495710493849, 61.277239779423844], [8.134975571405064, 61.2772452241084], [8.13506621764986, 61.277272451932475], [8.135119737705647, 61.27728625705033], [8.13514059314876, 61.27729020086003], [8.135169304436367, 61.277294183373485], [8.135274346448892, 61.27730700158402], [8.135346484807602, 61.27731787733232], [8.135385613576503, 61.27732473241445], [8.135459653260707, 61.277334623214955], [8.135525771433896, 61.27734050645075], [8.135597903982408, 61.27734543351379], [8.135647279763894, 61.277347401701434], [8.13569874197123, 61.27734839438757], [8.135774881770976, 61.27735127184843], [8.1358097927301, 61.27735430748835], [8.135847199574364, 61.27735620818894], [8.135871732158998, 61.27735619297294], [8.135935612989732, 61.27735520294915], [8.135995506181054, 61.27735617328098], [8.136069474305746, 61.27735614635696], [8.136088052258357, 61.2773551075484], [8.136110617840215, 61.277352108348026], [8.136121009718167, 61.27734912148067], [8.136158074187493, 61.27733721558316], [8.136168215085602, 61.27733025046323], [8.136188926928504, 61.277314359323185], [8.136192968148103, 61.27730447066048], [8.136194904675436, 61.27727771182293], [8.136184500638782, 61.27726880158567], [8.136159890151005, 61.27725295090896], [8.1361414255707, 61.277244081742225], [8.136120623638408, 61.27723220981477], [8.136077508516754, 61.2772093805361], [8.136052738566685, 61.27719937985569], [8.136007372569878, 61.27717571518444], [8.135970212200187, 61.277153909429146], [8.135945297308465, 61.277142008737506], [8.135904249285618, 61.27711829305124], [8.135883526788556, 61.27710435224313], [8.135871010914066, 61.27709055804773], [8.13585452698979, 61.2770786351018], [8.13578449896916, 61.27702911310384], [8.135751405802944, 61.27700327806658], [8.135743068824214, 61.276993481445345], [8.135714208235783, 61.27696371571577], [8.135675103547362, 61.27691918969526], [8.135666739984954, 61.27690524596756], [8.135650309962006, 61.27688539473053], [8.135633746948702, 61.276875540606866], [8.135602792609548, 61.27685873657893], [8.135575996430205, 61.27684773158538], [8.135495629729883, 61.276811202803316], [8.135464675528118, 61.27679439874576], [8.135441926788207, 61.27677945364188], [8.135421430085334, 61.27676363159618], [8.1354028541603, 61.27674673552669], [8.135386165861554, 61.27673489225054], [8.135369807738394, 61.276724958375375], [8.135346920052388, 61.27671406181724], [8.135264421447634, 61.276674450415264], [8.135235744988762, 61.276662628794746], [8.135206843170316, 61.276652688340896], [8.135107859654378, 61.27661908861852], [8.13504606271652, 61.2765952194588], [8.134965597296786, 61.276562560676865], [8.134901675090807, 61.276539845190165], [8.134876952123328, 61.27653390227742], [8.134862541552609, 61.276527041432395], [8.134856401940471, 61.27652600841827], [8.134852348716201, 61.27652399993289], [8.134841951153303, 61.276521038153376], [8.134833659531346, 61.276517011771], [8.134823387372505, 61.27651603911452], [8.134782053787285, 61.27651411878378], [8.134757462092768, 61.27651611352577], [8.134683256852048, 61.276524058616246], [8.134666831355702, 61.27652809060852], [8.134646312407323, 61.2765320046893], [8.134576285696475, 61.27654394733578], [8.134547441824678, 61.276549961816805], [8.134498138756134, 61.276557910636086], [8.134477289661008, 61.276559915286526], [8.134465116276752, 61.27655992747898], [8.134454863669703, 61.27655886566311], [8.13445275771539, 61.27655993025911], [8.134448704513524, 61.27655792176198], [8.134440458955675, 61.276557953324996], [8.134504046905965, 61.276511345848526], [8.134505968818486, 61.27650855952149], [8.134708412852822, 61.27621305366082], [8.134708676234057, 61.27621270654587], [8.134918520703312, 61.27590649123131], [8.13493090049031, 61.27588846448514], [8.134949523689464, 61.27589148379014], [8.13495783471707, 61.275895421031784], [8.134974391132856, 61.275899326675265], [8.135013564162929, 61.275910239807416], [8.13505463838702, 61.27592016804348], [8.135143335871504, 61.275940898036566], [8.135159813033054, 61.27594687250377], [8.135176164778539, 61.2759508578447], [8.13519082008788, 61.275955748349446], [8.135221622436738, 61.2759647039097], [8.135244337991175, 61.27596955338577], [8.135269100790532, 61.27597360564305], [8.135289459613546, 61.27597554147263], [8.135338918456872, 61.27598138944746], [8.135444121807708, 61.27599430600318], [8.135470950352493, 61.27599918419468], [8.135503852727862, 61.27600112652573], [8.135542954371696, 61.276002122116175], [8.135592387763328, 61.276002110577245], [8.135606832440283, 61.27600113220616], [8.135623508444171, 61.276001078342574], [8.135641821156113, 61.27600209902022], [8.135761297739316, 61.27600798986025], [8.135790127376566, 61.276008012795494], [8.135870681465525, 61.27600696887483], [8.135917968847673, 61.27600991242002], [8.135961203006486, 61.27601084749654], [8.136004483396535, 61.27601584053077], [8.136072314890425, 61.276020729151476], [8.136092918669984, 61.276020694554845], [8.136115734246598, 61.276021673587856], [8.13613825871397, 61.27602056495205], [8.136160823322491, 61.27601756572862], [8.136226900986067, 61.27600569204653], [8.13624126029676, 61.27600083389901], [8.136259705823191, 61.275991857374265], [8.136286450302727, 61.2759749208977], [8.136292637278315, 61.275962077018214], [8.13630073265931, 61.27593626199128], [8.13631108608964, 61.27591551856531], [8.1363213056996, 61.27590648457847], [8.136333657874532, 61.27590053306759], [8.13635024846292, 61.275896599405016], [8.136397648931256, 61.27588963479254], [8.136428458809755, 61.27588660383764], [8.136535604599436, 61.27587870925519], [8.136564268501068, 61.27587863348354], [8.136665240777935, 61.27587754500309], [8.136766253157887, 61.27587456586259], [8.136786731322754, 61.27587254203432], [8.13680942129494, 61.275871531824585], [8.136871146928122, 61.27586754797471], [8.136982444571593, 61.275859503480945], [8.137009121909612, 61.27585653281865], [8.137044104256026, 61.27585155071013], [8.137054370001167, 61.27584657463758], [8.137068933833293, 61.27584163667487], [8.137087359488934, 61.27583274916412], [8.137099771122276, 61.27582481786375], [8.13712017073808, 61.275806928025986], [8.137138662941807, 61.275784074541924], [8.137136484915876, 61.27577522178203], [8.137130332782636, 61.27576229175526], [8.137095221770808, 61.27570381946309], [8.13707675849586, 61.27567701562638], [8.137072553861161, 61.27566715865614], [8.137074633839593, 61.27566023459063], [8.137082734770576, 61.27564036806403], [8.137088821633988, 61.27563139444404], [8.137109446378684, 61.27561162342844], [8.137132242816538, 61.27559475661064], [8.137148456503517, 61.275584855472694], [8.13716720594512, 61.2755719287898], [8.137204010478621, 61.27555009575952], [8.137218574147441, 61.27554515777819], [8.137237025441598, 61.27554212967054], [8.137259649226971, 61.275537150539805], [8.137282398561576, 61.27553416052966], [8.137313188472412, 61.275531218498614], [8.137378979850338, 61.27552320512701], [8.137395444549643, 61.275517282206714], [8.137426406903257, 61.275502452437955], [8.137434579878843, 61.27549250328747], [8.137434401542642, 61.27548050762975], [8.137432349014151, 61.275473643998055], [8.137432402266812, 61.27546571572126], [8.13742819754361, 61.275455858760665], [8.137409740956912, 61.27541706871651], [8.13739933080406, 61.275402210016786], [8.137387000055762, 61.27538842536796], [8.137378767995896, 61.275382419423565], [8.137368404277177, 61.27537161869563], [8.137366331245676, 61.27536655651664], [8.13736004032286, 61.275357675066566], [8.13735585517815, 61.27534772897227], [8.137355968058033, 61.275337820978436], [8.137353941437656, 61.275336816773105], [8.137356027668211, 61.2753358412611], [8.137353815876864, 61.27533482764862], [8.137355902107265, 61.27533385213659], [8.137355942174132, 61.27533196155121], [8.138091319913343, 61.27536219865774], [8.138919041113116, 61.275286358737844], [8.138921133931278, 61.27529133176449], [8.13893345242945, 61.27531115397898], [8.138945922785505, 61.27533882474851], [8.138954287447158, 61.27535276829009], [8.138954215042665, 61.27536078570556], [8.138958539256427, 61.27536668318665], [8.138983381079223, 61.275406247882096], [8.139003905380727, 61.27544586365785], [8.139003892494012, 61.275451901353875], [8.139008131030657, 61.27545391912182], [8.139016409158613, 61.27546569527127], [8.139043232076045, 61.27550049383993], [8.139070160294684, 61.27553908298378], [8.139090744284877, 61.275576719029374], [8.139105274859407, 61.27559755481649], [8.139125957907217, 61.27561338572612], [8.139154807266161, 61.27563125363138], [8.139200094514262, 61.27565698610306], [8.139226910560092, 61.27566790125088], [8.139251633731577, 61.27567384337105], [8.139305205837314, 61.27567971853624], [8.139360864158524, 61.275684618136985], [8.139393746969636, 61.27568664865299], [8.13942056919159, 61.275685577501726], [8.139445266145302, 61.27568566015466], [8.13950302348643, 61.27568354645506], [8.139579007742565, 61.27567857316197], [8.139618472772787, 61.27567363781325], [8.139653328835424, 61.27566666589611], [8.139735762709444, 61.2756467890093], [8.139770757173483, 61.27563576848738], [8.139801461192684, 61.27562894617517], [8.13981803084414, 61.27562681353445], [8.139840515863003, 61.275625882540815], [8.139873477640766, 61.275625844086576], [8.139910671216425, 61.275621874798844], [8.139947805335046, 61.275619885221694], [8.140050611528858, 61.27561384039796], [8.140161947520228, 61.27560390267386], [8.140190604336293, 61.27559787756294], [8.140207253740398, 61.275591963696364], [8.140283395288145, 61.27556320513657], [8.140332516001077, 61.27554325849248], [8.140388186499905, 61.275522472809826], [8.140412895955407, 61.275516517584], [8.14042937963653, 61.27551050515328], [8.140441916068188, 61.2755045626561], [8.140458214564285, 61.275498540818695], [8.140476705425963, 61.275493621674926], [8.140499328696386, 61.27548864199416], [8.140524104456096, 61.27548665559361], [8.140540390336293, 61.27548667144656], [8.140550847538693, 61.275487653069355], [8.14056320571288, 61.27548764972578], [8.140577716388872, 61.275490639664426], [8.140600294144708, 61.275499536824825], [8.140620904579631, 61.27550545010162], [8.14063338853036, 61.275507435876314], [8.140653747436165, 61.27550937089911], [8.14067239054888, 61.27551230028868], [8.140688861617072, 61.2755123255266], [8.140711657484621, 61.275513392913766], [8.14073004905516, 61.27551234404632], [8.140773460958423, 61.27550733841065], [8.14085982845204, 61.27549342857796], [8.140874206370206, 61.27548848079168], [8.14088663645934, 61.27548045999469], [8.140894722412504, 61.2754666309043], [8.140896794523114, 61.27545375819803], [8.140900893375594, 61.27544188964571], [8.140900898884617, 61.275429903374885], [8.140896693067768, 61.27542004650575], [8.140886288253366, 61.27541113661854], [8.140874002021933, 61.27540312256819], [8.140861550946306, 61.27539329765748], [8.140830600673274, 61.27536450853402], [8.140814096154758, 61.2753526753094], [8.140807744854868, 61.27534577372712], [8.140795332889102, 61.27533577054575], [8.140789351941386, 61.27532888776761], [8.140789278563371, 61.27531897035208], [8.14079549008752, 61.275311985672865], [8.140805814465514, 61.275305029581766], [8.140824258302768, 61.27529605240857], [8.140840788648596, 61.27529409790407], [8.14084901435939, 61.275294155078484], [8.140859345725689, 61.27529314755204], [8.140871518652778, 61.27529313477684], [8.140881857028376, 61.275298075817716], [8.1408937064788, 61.27530210221532], [8.140896308263944, 61.27530304544362], [8.140906831819025, 61.27530799588507], [8.140945847683174, 61.27532475735406], [8.140958272202505, 61.27532872282034], [8.140991228212158, 61.27534067036042], [8.141009626708009, 61.27534557002277], [8.141024263158734, 61.27535054903776], [8.141040820095208, 61.27535445394596], [8.141051871855568, 61.27535528547068], [8.141069589832481, 61.27535645546967], [8.141139606189485, 61.27535649565672], [8.141160143144461, 61.27535249143441], [8.141172494204172, 61.275346539464515], [8.141178705649926, 61.27533955476652], [8.141186751599143, 61.275327616246095], [8.141193121608785, 61.27531478151199], [8.141192948899631, 61.275308734407446], [8.141182650306028, 61.27530190279952], [8.141164019733596, 61.27529293577884], [8.14113522345607, 61.27528507483887], [8.141102333871942, 61.27527709618106], [8.141063139851797, 61.275266273924316], [8.141005460685959, 61.27524838460715], [8.1409826782821, 61.275239567245755], [8.14098071092891, 61.275236583370706], [8.14098275016553, 61.275231549821335], [8.140990968828993, 61.27522565841749], [8.141003201109845, 61.27522366590754], [8.141023870824725, 61.275227599399], [8.141046633699391, 61.27523650588616], [8.141067058881204, 61.27524240969162], [8.14111853205379, 61.275255297406375], [8.141129048571955, 61.275254299261], [8.141165930592084, 61.27524833109248], [8.141176321303005, 61.27524534381881], [8.141190824861601, 61.275242385120954], [8.14120509633893, 61.275235359039655], [8.141211209323195, 61.27523053232774], [8.1412070300359, 61.27522653490445], [8.141186557932194, 61.2752165731399], [8.141170186219979, 61.27521267765228], [8.141151543232647, 61.27520974833329], [8.141118660778202, 61.275207718250286], [8.141085447826256, 61.275203778765395], [8.141050637868974, 61.27519687420256], [8.141033955218557, 61.27519098017219], [8.14103198786319, 61.27518799629782], [8.141048411877485, 61.275183963509654], [8.141070975461895, 61.275180963451035], [8.141106188535751, 61.27518004765282], [8.141126751968173, 61.27518190287104], [8.141178151565537, 61.27518487314476], [8.14120716569639, 61.27518490431623], [8.141221484052238, 61.27518193621272], [8.141231808293117, 61.27517498008705], [8.141232988069651, 61.27517386837134], [8.141243986547487, 61.27516298100462], [8.141252198061823, 61.27515114101372], [8.141256501436951, 61.27513919271699], [8.141252295540621, 61.2751293358577], [8.141240205407646, 61.275118718189155], [8.14123771143702, 61.275116428575394], [8.141227425347914, 61.275103559268864], [8.141208894075241, 61.275090721943066], [8.141188236885709, 61.27508075077826], [8.14111815926304, 61.27504510833952], [8.141097608398615, 61.275037215418905], [8.141078985054504, 61.27503419695888], [8.141054143261844, 61.275032214619905], [8.140990485157655, 61.27502537737716], [8.14096764353594, 61.27501853973807], [8.140922475200078, 61.27500849556964], [8.140895567656916, 61.27500568731396], [8.14085020166824, 61.275001671421414], [8.140831763541524, 61.27499866233035], [8.140809047755582, 61.27499381378983], [8.140784284940006, 61.274989762547285], [8.140763840442402, 61.27498394783494], [8.140743190454803, 61.27497992517406], [8.140681260855777, 61.274966055716064], [8.140598906405444, 61.27494628236155], [8.140580382441923, 61.27493939352322], [8.14054322831, 61.274923537582175], [8.14053080400293, 61.274919572080854], [8.140522512037858, 61.274915546042195], [8.140499915180746, 61.27490673800787], [8.140456621632378, 61.27488984928787], [8.140635406033109, 61.274798529148015], [8.140655009858037, 61.27478852941608], [8.140734302440888, 61.27474794413984], [8.140885620070213, 61.27468028361086], [8.140900963295826, 61.27467349223754], [8.141077982713746, 61.27462182685023], [8.141248818646, 61.274600940207854], [8.141759665644672, 61.27456721475134], [8.141577197526908, 61.274400233004926], [8.141392052229314, 61.274230952028844], [8.135700420348709, 61.26902534932685], [8.130343813005267, 61.26693508663925], [8.121846992430378, 61.26445081248799], [8.11016258346219, 61.26011986682485], [8.098900497597763, 61.25681179112492], [8.09293556590335, 61.25509391660015], [8.070915292830792, 61.249285234163075], [8.067370518679677, 61.248310076616114], [8.067368189949743, 61.24830707280052], [8.067131731810006, 61.24803643061829], [8.065454323495755, 61.24643208598806], [8.06544874925943, 61.24642684235881], [8.061805516316598, 61.24294060087048], [8.058871937219209, 61.24014004804528], [8.054627452231989, 61.23608183637801], [8.051171043720617, 61.23277627247203], [8.043803738089432, 61.233279998778414], [8.039855208917512, 61.233545182625114], [8.034901000206634, 61.2338754330503], [8.031010009632118, 61.23413413911547], [8.022125330544565, 61.23472967917309], [8.01797983021219, 61.23478556780474], [8.013156782963097, 61.23486051191964], [8.006721867119778, 61.23495929207653], [8.00656364903986, 61.23357197903971], [8.006652114185208, 61.23191802307062], [8.006902966933552, 61.231128795747885], [8.007115877603828, 61.230508774119905], [8.007762055471492, 61.2298752417401], [8.009348526443638, 61.22896593367562], [8.010507797554368, 61.22829587893512], [8.011637023673712, 61.22775955624623], [8.013464607807325, 61.22702494406174], [8.017324639859153, 61.225728504568984], [8.021445306830705, 61.22476984971064], [8.024977912358551, 61.22393399681221], [8.03138476489848, 61.22244444235336], [8.032552905927053, 61.22223428217863], [8.034206971010384, 61.22194122209805], [8.035556772063325, 61.22183965582548], [8.037212163964492, 61.22170878167943], [8.038636369631526, 61.221692146691794], [8.041224611367525, 61.22165442508006], [8.044186236198522, 61.22161796969442], [8.045489134237792, 61.221559044287766], [8.049760621942154, 61.22084151615552], [8.053218145407563, 61.22025347050361], [8.053041936190828, 61.21961346425044], [8.05246689585753, 61.21748374589014], [8.051927623315612, 61.21544599823881], [8.051382121689764, 61.21343496527533], [8.051148979640542, 61.21254857094077], [8.05093265657747, 61.21175335594342], [8.051111895452781, 61.21136591369517], [8.05200325726676, 61.20936580987627], [8.05285111731251, 61.207561666410385], [8.053800317888685, 61.20546376990861], [8.054832815829553, 61.20316610072174], [8.055883053826186, 61.20086772059893], [8.060572985387166, 61.1933160489797], [8.044128863838958, 61.180691834816464], [8.044005785933175, 61.178987090323325], [8.045976462131343, 61.176852658401096], [8.04744675252478, 61.175260144376125], [8.048222167998132, 61.17441278204575], [8.048253997572429, 61.174377739667], [8.048569781361998, 61.17426901386186], [8.04875656161245, 61.17426251441039], [8.04911959758731, 61.17431819428515], [8.049521648030217, 61.17445403085666], [8.050009279460646, 61.174641779843945], [8.050518274986409, 61.174880652449296], [8.051168179344504, 61.17513228656298], [8.051998810002829, 61.175402338120044], [8.052859613602509, 61.175645727803534], [8.053572094072443, 61.17579259557461], [8.053979306300597, 61.17587568541661], [8.054680081314904, 61.17596407842542], [8.05534139861671, 61.17608829013662], [8.055492740460712, 61.176146743167784], [8.055685082000657, 61.176289960229326], [8.055851263644003, 61.17653467039005], [8.05597487311918, 61.176651902441755], [8.05611282139267, 61.176720300193416], [8.056257872027647, 61.17675571465139], [8.056525324294665, 61.17679473112405], [8.056770722391333, 61.17680430924287], [8.057086076022323, 61.17678197851835], [8.057393489612066, 61.17679051402028], [8.057682474112307, 61.17680558050503], [8.05807768329698, 61.176807911088275], [8.058507041593177, 61.176823806697676], [8.058860374848217, 61.176796848322724], [8.059114023631793, 61.176737805733474], [8.059425357013456, 61.17664577059273], [8.05958797897335, 61.176611783078265], [8.05972936003502, 61.17660635506295], [8.05986058821046, 61.17661140020845], [8.060037277170167, 61.17665655156394], [8.060218332361448, 61.17674870609622], [8.060454834504432, 61.17693042246904], [8.06066041331554, 61.17710594940097], [8.060819441977852, 61.17721418409177], [8.060984409755067, 61.17732173288263], [8.061222878942768, 61.17744216892614], [8.061511849101638, 61.17752834035049], [8.061753565238286, 61.177600271189995], [8.061968411934078, 61.17765017814531], [8.062065458419426, 61.17765787782872], [8.062157797467917, 61.17764631726943], [8.062246496970966, 61.17761573171792], [8.062397897416618, 61.17756493934204], [8.062588380581728, 61.177546803402805], [8.062761497121922, 61.17758365509466], [8.062945422228218, 61.17765441167759], [8.063064087549366, 61.17774344074681], [8.063129858920693, 61.1778513789465], [8.063153239602338, 61.17798138078464], [8.06313368585627, 61.178154509176615], [8.06314422912352, 61.17829277334315], [8.06318520677494, 61.17836167011672], [8.063239542254625, 61.17842755896055], [8.063335955146286, 61.178490565986024], [8.063646153659409, 61.17857196625741], [8.064026314650974, 61.17861126932358], [8.064402187058999, 61.178623491333305], [8.064748205193602, 61.178645803094696], [8.065079563167473, 61.17870070835632], [8.065467974496292, 61.178784686374655], [8.065859250254631, 61.1788480802952], [8.066262609796777, 61.178905785454845], [8.066645598322248, 61.17898136905933], [8.067075524775323, 61.1790278198959], [8.067610931442767, 61.17904715718844], [8.06797253472649, 61.17907585016007], [8.06854143380254, 61.17909906940698], [8.069180427306442, 61.17912525973269], [8.069519158462477, 61.17911293432161], [8.069897264337394, 61.17908289386939], [8.070276063395635, 61.17905901693839], [8.070551809063108, 61.179060575522115], [8.070885070755514, 61.1790984389298], [8.071241426454918, 61.17917633515854], [8.071539666753404, 61.179236731907444], [8.071713895051376, 61.17927624231795], [8.071894566538877, 61.179303465340254], [8.072139255242972, 61.179319737909054], [8.072304867268459, 61.17933906595863], [8.0727525756783, 61.17938280690581], [8.073166929648796, 61.17943474656298], [8.07337622434974, 61.17947524565856], [8.07351336461318, 61.17949671421788], [8.073845919116517, 61.1795047904955], [8.074393299852725, 61.17950795134653], [8.074727432611324, 61.17953088796187], [8.075006829320133, 61.17957264286465], [8.075140888417357, 61.17959115735498], [8.075449798334839, 61.17967687911941], [8.075600945030818, 61.179722048347784], [8.075623973428184, 61.17966753068173], [8.075747048025875, 61.179375881651524], [8.07580745933087, 61.17922711510335], [8.07586979440101, 61.17907808685592], [8.078773635776363, 61.17214065034378], [8.079771781187805, 61.169763623901424], [8.080702538834457, 61.16738935452268], [8.082963594342536, 61.16216083435733], [8.100958135370592, 61.145947774405236], [8.11385302362118, 61.13430358488904], [8.126721414648404, 61.12268193949717], [8.136176820502422, 61.11570063522217], [8.133876692601378, 61.10967117698494], [8.14393325385266, 61.10958902786328], [8.170174495957095, 61.102713284253696], [8.18588933559421, 61.09875153621114], [8.195004610326395, 61.09645537342047], [8.20040677148169, 61.093934823516726], [8.21317400648578, 61.09186689991701], [8.215329423485608, 61.091191595869084], [8.217314817248253, 61.09061582828222], [8.221206643469847, 61.08947816737561], [8.222234661130008, 61.089025403673446], [8.222833713480936, 61.08874918898574], [8.223838840641903, 61.08814197599706], [8.224372174391723, 61.08756506623889], [8.224568781061935, 61.087169540511674], [8.224738574616147, 61.08620476022602], [8.225161819333437, 61.08466708736163], [8.230262913891307, 61.08240058440944], [8.232949371313978, 61.08106688971505], [8.233418618420636, 61.080874220622626], [8.23550635289708, 61.07998805856215], [8.236605940866308, 61.07945751966038], [8.237287347999496, 61.079230448966975], [8.23875132665436, 61.078736416568624], [8.24019811201304, 61.07832242756415], [8.24217406442823, 61.07778190801215], [8.24269286245244, 61.07761882366075], [8.243462213452723, 61.077414165067815], [8.245590530954475, 61.07694433142644], [8.246645095918211, 61.076708921118], [8.24769124262899, 61.0761666977997], [8.248190544355085, 61.07592142407177], [8.248966888478574, 61.07550973899148], [8.249368040121817, 61.07528665914827], [8.250745090842232, 61.07449960691137], [8.251701164792863, 61.0739438264345], [8.269965678104503, 61.08145536906049], [8.309203758335077, 61.09172049799245], [8.356204995658192, 61.05737722148316], [8.359873323784036, 61.05469327498217], [8.365348498987201, 61.04924204253388], [8.366334632918687, 61.04826346288633], [8.424632036115877, 61.029043918167936], [8.42581099063156, 61.02891230174938], [8.428074656594896, 61.02865380044689], [8.430509357051262, 61.02837632383399], [8.4311530739555, 61.02822759834408], [8.432723787133991, 61.02781784925656], [8.433343456153365, 61.02751468892674], [8.43582949500725, 61.02627580500221], [8.4364625271326, 61.025820215718426], [8.436913445563986, 61.02543681505774], [8.439261628471153, 61.02351535439445], [8.44080919523285, 61.022230306845685], [8.442263111764888, 61.021039958427934], [8.44327069868931, 61.02074695057373], [8.444537606269627, 61.020367123809166], [8.446543223083241, 61.01991547267859], [8.447802644052572, 61.01975165494948], [8.45043523498933, 61.01941151100656], [8.452208991186879, 61.01918244845891], [8.454223656710877, 61.01913663383918], [8.455157782040791, 61.0191099695605], [8.456161166290709, 61.01910478000768], [8.456811464450398, 61.019100409269], [8.459028648364349, 61.019154295135394], [8.460395847150979, 61.01900470772919], [8.463511488825178, 61.0186607034851], [8.465182500997697, 61.018480711025255], [8.466004007109692, 61.018637866493115], [8.467981375133585, 61.018589763289725], [8.472582026575035, 61.019957461597045], [8.4759752467617, 61.020969081622646], [8.47740897172418, 61.02139912509224], [8.479651559621447, 61.02159803977934], [8.480712203046261, 61.021676522674994], [8.4919192733721, 61.01963407571698], [8.498556268061408, 61.01841464509077], [8.503357783103935, 61.01843415678677], [8.50949221497513, 61.01840797366824], [8.509585544685688, 61.01785781747319], [8.509685822342124, 61.01682657370434], [8.510528558705309, 61.01597550602173], [8.510480461120206, 61.0156668888492], [8.510349356710908, 61.01503886970084], [8.510757786317669, 61.013680359663425], [8.511475919498533, 61.013075334299266], [8.512579935688912, 61.01266929016129], [8.515004139301192, 61.01288531398602], [8.515904566761687, 61.01283868120031], [8.52163332202276, 61.013142115139374], [8.523427616939722, 61.01244486676876], [8.52447314528242, 61.01223400899449], [8.525944704166575, 61.01193547845357], [8.527300478717425, 61.011658470891234], [8.528935873095845, 61.011466984759096], [8.53011723565896, 61.011316677706276], [8.531599905116444, 61.01114492188267], [8.53274086256017, 61.01101057427839], [8.533503471238344, 61.010912240525336], [8.534359436552672, 61.01080929632448], [8.535748554210379, 61.010641912901505], [8.536966594259175, 61.01049340222854], [8.538166447916012, 61.01034391619874], [8.539689263445394, 61.010155897764584], [8.54107669145907, 61.00999738819821], [8.542162421503598, 61.00986039851836], [8.543250339381357, 61.0097371981819], [8.54677455676173, 61.00808204798051], [8.548656236912068, 61.00731671115561], [8.550133803395527, 61.006712027649485], [8.551091946345158, 61.006289589576994], [8.552088998826543, 61.005860004571524], [8.553307578248932, 61.00534195188421], [8.553775593566964, 61.00504902893375], [8.555407861178596, 61.00459575815847], [8.556687723843906, 61.00423375749286], [8.558182178411029, 61.0038190675455], [8.559301916881196, 61.00351242370065], [8.560103310082216, 61.00294729125098], [8.56079303789914, 61.002475892917765], [8.561830758238857, 61.00175092366422], [8.56289259219301, 61.00100016900382], [8.56386442255823, 61.000325988882665], [8.564580544464924, 60.99954055452648], [8.565419479985936, 60.99860786195614], [8.566069554949143, 60.99787321732292], [8.56656949678583, 60.997329649265346], [8.5674081283948, 60.99639693367607], [8.568127673250984, 60.99559372416342], [8.56896822327704, 60.99465199561607], [8.580620497856467, 60.99379779571965], [8.585095482210338, 60.991713380576165], [8.592480063588102, 60.9886815898593], [8.598667309279136, 60.98610636279496], [8.601804871803386, 60.984811289885], [8.602735533436782, 60.984427934016], [8.607492561797361, 60.98246394141667], [8.607940220046556, 60.98227681023537], [8.608153780581924, 60.981303151354275], [8.608333768211484, 60.9803874357165], [8.608630749075289, 60.979261913936675], [8.610087666192847, 60.978509564201055], [8.614248881370626, 60.976311468141596], [8.617678247640729, 60.97454453289268], [8.621367303366608, 60.973181870093], [8.626432410191374, 60.97134480008123], [8.627161147164784, 60.96979244191984], [8.628347954624571, 60.967633727020186], [8.62742918892012, 60.966393919862604], [8.631744759475762, 60.96256766007145], [8.632785599000881, 60.961644763435345], [8.63273304256403, 60.96163245245056], [8.632676081511676, 60.961612546385346], [8.632623288024773, 60.96158572205723], [8.632542665376858, 60.96156370277579], [8.632495194290371, 60.961548210058865], [8.63243852441586, 60.96153516338551], [8.632367378225497, 60.96152224068508], [8.632306102341474, 60.96150906554362], [8.632230108520153, 60.961491679298916], [8.632173063041781, 60.9614694270489], [8.632087302493751, 60.961436084537375], [8.632020874858702, 60.961416269554704], [8.631949738322863, 60.961394069358626], [8.631883105088521, 60.96136974080208], [8.63181164652998, 60.961345453526256], [8.631711983241047, 60.96131676564217], [8.631616921906987, 60.96128361209866], [8.63154549956756, 60.961259146236195], [8.63149782799985, 60.96124373369906], [8.631450456492045, 60.96122590335448], [8.631374562419905, 60.96120617936975], [8.631283960125163, 60.96117296688969], [8.631226415347918, 60.96113474723387], [8.631158709985689, 60.961089920390435], [8.631077298589984, 60.961045073754256], [8.631019574982997, 60.961011439335145], [8.630971591364036, 60.960984662332635], [8.630909910048313, 60.96096705358763], [8.630852495204527, 60.96094018936292], [8.630818826492487, 60.96091778456513], [8.630779957051137, 60.960886215569644], [8.630727349904232, 60.96085939924399], [8.630636749279645, 60.960826186351035], [8.630560870437364, 60.960801778677336], [8.630494547892376, 60.96078421972638], [8.630427921202545, 60.96076448450689], [8.630366070885321, 60.960742183564726], [8.63031848142155, 60.960724522582765], [8.630270829173934, 60.96070902040499], [8.630223052184597, 60.96068675665804], [8.630170276131608, 60.960655248167825], [8.630117093222095, 60.96061930666737], [8.63005015067828, 60.96058361295973], [8.629983663269675, 60.960565955833374], [8.629922269599081, 60.96055061211676], [8.629841945875945, 60.96054004478867], [8.629761886514308, 60.96052723807771], [8.629686013104712, 60.96050742395302], [8.62959147398867, 60.96049014683194], [8.629491627917597, 60.96045685463571], [8.62940092704578, 60.96042138419068], [8.629361747502271, 60.960378450530044], [8.629321845134438, 60.960315125561706], [8.629278438868187, 60.96028586285127], [8.629193286823492, 60.96027074234934], [8.629075561857233, 60.96025821932594], [8.628995217332323, 60.96024314670941], [8.628929084290192, 60.9602301897466], [8.628839206082473, 60.96021277296771], [8.6288051686163, 60.96018575625422], [8.62876607101114, 60.960140574392064], [8.62874565083836, 60.9601066376568], [8.628725820989573, 60.960077142621834], [8.62871040574838, 60.96003857936704], [8.628703411508141, 60.959988525870294], [8.628664545286734, 60.95995695630822], [8.628588446836785, 60.95992812328987], [8.62852658540679, 60.95991050478825], [8.628441780007169, 60.95989089645488], [8.628374906169896, 60.95986871634847], [8.62829929962051, 60.95984666214385], [8.628237523228341, 60.95983138949185], [8.628147253964224, 60.9598048560338], [8.628024167407549, 60.95977199072276], [8.627896585445262, 60.959750441532634], [8.62780687478536, 60.95973312202697], [8.627749468570057, 60.95971085056449], [8.627697071123452, 60.959688546622466], [8.627630052341123, 60.95965509981664], [8.627591477428277, 60.9596303894492], [8.627552983508561, 60.95960343103025], [8.627489550016952, 60.95954475310081], [8.627478884429241, 60.95951299062804], [8.627472570675799, 60.95947431879806], [8.627479807319997, 60.95942629188796], [8.62749734055945, 60.95939433682531], [8.627529410339797, 60.95937117863653], [8.627570561851943, 60.95934800120009], [8.62764871437722, 60.95930847513725], [8.627740590059185, 60.959268879893166], [8.62781055177252, 60.95925445623062], [8.627875794705362, 60.959246924479416], [8.627950468468375, 60.95923948007828], [8.628034662641316, 60.95923167688749], [8.628099990185015, 60.95922649100419], [8.628174887024443, 60.95922347075896], [8.628254322807448, 60.95921814381838], [8.62837599865981, 60.95921004785261], [8.62847418037084, 60.95919993585226], [8.628618653394124, 60.95918256310993], [8.628697982453184, 60.95917038512942], [8.628772093600483, 60.95914913207006], [8.62881344927588, 60.95913046774265], [8.628882030419653, 60.959088775307194], [8.62894124349027, 60.959044836704166], [8.62897744395132, 60.95901493847876], [8.629012979280287, 60.958968975292365], [8.629034487181636, 60.95892090512504], [8.629047211422284, 60.958888901825446], [8.629078310348936, 60.958847502053466], [8.629127748033515, 60.95879688424482], [8.629168299367391, 60.95876007654354], [8.629200246672326, 60.95873475039958], [8.629241017177096, 60.958697772933526], [8.629263211617557, 60.958670272470165], [8.629285504735835, 60.95864043473333], [8.629321927724927, 60.95861496068557], [8.629367321509491, 60.958578022463264], [8.629403619725887, 60.95854578683932], [8.629444683994835, 60.95852026281388], [8.629485748197338, 60.95849473877485], [8.629536363611669, 60.95847146951874], [8.629592112121275, 60.95845492926512], [8.629647372910702, 60.95843620404076], [8.629703125353313, 60.95842425776317], [8.62977781065458, 60.958412129063106], [8.629894760875018, 60.95840632967119], [8.629979211050024, 60.95841015718469], [8.630035749586064, 60.95841644324874], [8.630134736711812, 60.958429067273855], [8.630261260309725, 60.95843002711654], [8.630298035527371, 60.958409253455734], [8.630291946073907, 60.95837960001715], [8.63027199093487, 60.95834334364836], [8.630256229542578, 60.95830926793554], [8.63023619787852, 60.95827985363328], [8.630196416813003, 60.958218696458694], [8.630175970055536, 60.95817566110814], [8.630145806527816, 60.95813027307012], [8.63008804910802, 60.95809222276177], [8.630035263536058, 60.95806539752789], [8.629953365395519, 60.958009177343634], [8.62990521739752, 60.95797770807632], [8.629866606810136, 60.9579531768136], [8.629813821654288, 60.95792635149856], [8.62975659660989, 60.95789949560263], [8.629641556423262, 60.95784134204115], [8.629540683132833, 60.95777629441086], [8.629487505570479, 60.957740352735364], [8.629447922138155, 60.95769298614756], [8.629451193062579, 60.95765639072543], [8.629449996258383, 60.95762913122919], [8.629477273750108, 60.957605835312265], [8.629588552392299, 60.9575775185503], [8.629672415680966, 60.95756303322636], [8.629741987855429, 60.95754868029719], [8.629797904280682, 60.957536831890515], [8.629863241915986, 60.957526961845524], [8.629918684409258, 60.95750824519156], [8.629977709490795, 60.95746429735593], [8.630018151195591, 60.95742063857775], [8.630044896371853, 60.957386147991606], [8.630061782212902, 60.95734263238297], [8.630064931697543, 60.957303869405536], [8.630063568768051, 60.957276511973255], [8.63006188932441, 60.957233196229055], [8.630055157540191, 60.95718090343535], [8.630030297813901, 60.95714693634689], [8.629996244531304, 60.957120009188316], [8.629947601918632, 60.95707716695838], [8.629909314423633, 60.957054722734185], [8.629865915961739, 60.95703005428914], [8.629822947414445, 60.95700324442814], [8.629788952264489, 60.956980643570574], [8.629731608245804, 60.95695162015871], [8.62966451209044, 60.95692042245982], [8.629597599567605, 60.95688923343823], [8.62952597903032, 60.956855659130234], [8.62946416385841, 60.95683137751765], [8.629411497463211, 60.9568021255799], [8.629372432818366, 60.95677063677881], [8.629337817949654, 60.95672990126836], [8.629307701843162, 60.95668244348117], [8.62927374435671, 60.95664858486186], [8.629239607441761, 60.956619311548934], [8.629190966591255, 60.95657646906975], [8.62914762823267, 60.956545047567076], [8.629104227068082, 60.95651578487088], [8.629036838309874, 60.95647313337076], [8.628979397162137, 60.95644644692935], [8.628931747928323, 60.95642635035255], [8.628893260514701, 60.95640398637494], [8.62885002535891, 60.956374821537416], [8.628805740390222, 60.956329663540735], [8.628776237528244, 60.95629115215037], [8.62869977663088, 60.95625770787221], [8.628638395729311, 60.95624695771701], [8.628562720518353, 60.95623174584364], [8.628510823424662, 60.95622081528245], [8.628439958957864, 60.95621024538338], [8.628350279645467, 60.95619743117407], [8.628274600834876, 60.95617762512064], [8.628212912344031, 60.95616010451461], [8.62813704637103, 60.956135695654226], [8.628055846612705, 60.95610463819457], [8.62795923051509, 60.95603042335871], [8.627943843422596, 60.95600095886574], [8.62791870071648, 60.95596472596575], [8.62791721146723, 60.955926012966785], [8.62791087589558, 60.95588283635599], [8.627904307977019, 60.95583712660585], [8.62790300986263, 60.95580761035956], [8.627891782967778, 60.955762039729], [8.627862267604195, 60.95572821140596], [8.627799130726993, 60.95567639319863], [8.627765469565139, 60.95565398774109], [8.627722441641895, 60.955629336076356], [8.627650521904284, 60.955593584596116], [8.627564272590881, 60.95555354973849], [8.62749766898009, 60.95552453598077], [8.627412218998103, 60.9554980502631], [8.627298163585758, 60.955462730083525], [8.627240948763555, 60.955440467227206], [8.627159747939672, 60.95540481524392], [8.627082898579385, 60.95536225386157], [8.627020526636072, 60.955324162997925], [8.62695739191824, 60.955272344425424], [8.626928079392169, 60.95523843540502], [8.626879242302193, 60.95519567267371], [8.626849933593178, 60.955166357657134], [8.62680129812176, 60.95512351438836], [8.626766769212797, 60.95508053024487], [8.626746449338517, 60.95503966199004], [8.626707096130877, 60.95499671897755], [8.626668099370741, 60.95496307064211], [8.626629424536926, 60.954931509313425], [8.626581016292192, 60.95489768427414], [8.6265275986566, 60.95484821844594], [8.626493091934954, 60.95480973903474], [8.626449263973587, 60.95476694374139], [8.62640114576289, 60.954739978127684], [8.626362948134293, 60.954719878945006], [8.626258464511807, 60.954686723716165], [8.626172816415846, 60.95466031776794], [8.62609229675552, 60.95463604688796], [8.626039912216324, 60.95461833644867], [8.625945286550731, 60.95459420626925], [8.625879495317, 60.95459252304167], [8.625762785012236, 60.954607337432], [8.625683917940098, 60.95462187723761], [8.625595232937924, 60.954631807248624], [8.62551125192358, 60.95463952857106], [8.625412794196855, 60.95464277911655], [8.625304765257992, 60.95463926972223], [8.625158642041077, 60.95461791748211], [8.625111166962323, 60.95460251157781], [8.625044387531464, 60.954578081964314], [8.624973048381875, 60.95455145407786], [8.624910991151355, 60.954524726566625], [8.624801082179145, 60.954468793544294], [8.62473863699513, 60.95443754373682], [8.624686536071193, 60.95441750423907], [8.62462922595657, 60.954397577584885], [8.624542606732748, 60.95434374141364], [8.62448962393533, 60.95430780663425], [8.624403089629507, 60.954256316356705], [8.624340846659937, 60.954224985867334], [8.624283530502353, 60.95419587104615], [8.624206687919774, 60.95415330811427], [8.624149152682982, 60.95412436297164], [8.624110975158345, 60.95410417395534], [8.624053274539369, 60.95407513083375], [8.624014994797827, 60.954052685039194], [8.62394809060133, 60.95401689935443], [8.62389560597965, 60.9539969313581], [8.6238190534388, 60.953961227700475], [8.62375660698481, 60.953925383451484], [8.623690404838912, 60.95391007815099], [8.623609190800401, 60.953869919345266], [8.623509251419629, 60.953834455555906], [8.623438204199726, 60.95381468637795], [8.62339040005923, 60.95379908401223], [8.623338265187492, 60.9537792224666], [8.623276024203689, 60.953747891511924], [8.623204420581422, 60.95371890804003], [8.623133066991604, 60.953692368449786], [8.623061358224671, 60.95365653414149], [8.623013205607455, 60.95362515181573], [8.622950574126397, 60.953584704485465], [8.622907249071707, 60.95355787512468], [8.622868685025649, 60.95353316355351], [8.622806237385417, 60.953492724878885], [8.622753381218166, 60.953463551001384], [8.622681330808987, 60.9534211246944], [8.622628390563367, 60.95338960479473], [8.622590112649277, 60.953367158619955], [8.62251836936762, 60.95333150248856], [8.622475471859183, 60.95331361078386], [8.622422887108128, 60.95329138548946], [8.622347201077977, 60.95327166547259], [8.622285746946954, 60.95326316056253], [8.622215008412455, 60.95325016102348], [8.62216310053009, 60.95323931733521], [8.622096632859856, 60.953221656585974], [8.622024995649422, 60.95319285096519], [8.62199599681741, 60.953165711225736], [8.62199472208076, 60.95313610577524], [8.62199287003882, 60.95309278136372], [8.621977264479359, 60.95305429799359], [8.621961779076337, 60.953017982150534], [8.62194619449241, 60.95298400356314], [8.621916146521885, 60.95293627664954], [8.621901034130556, 60.95290916625757], [8.621890189531932, 60.9528728007142], [8.6218645600903, 60.95282059981711], [8.621849363537573, 60.952791143444585], [8.621823920656537, 60.952743545269605], [8.621783981693714, 60.95268697121059], [8.621754577747366, 60.952655398428064], [8.621715315428315, 60.952610206055674], [8.621680898173878, 60.95256947749076], [8.62162685438502, 60.9525130437326], [8.621587592413373, 60.952467851327704], [8.621524183545656, 60.952409170924845], [8.621470897938345, 60.95236187078275], [8.621421886118341, 60.95231450350379], [8.621392398636601, 60.95228058467573], [8.621372646407751, 60.95225352391191], [8.621333982954377, 60.95222655518659], [8.621300080199948, 60.95220170430498], [8.621275504071113, 60.95217468448335], [8.621250943029784, 60.95214298142611], [8.62122114945952, 60.9521022923088], [8.621186529080328, 60.952057050129085], [8.621151725326818, 60.95201179922174], [8.62113141731398, 60.951975524251715], [8.6211114791488, 60.95194386072718], [8.621085628430789, 60.95190290858815], [8.62136376521351, 60.95180461396229], [8.631069876124757, 60.948371350634446], [8.638746980274004, 60.94567114058981], [8.643175677809092, 60.944092764026685], [8.648245898503422, 60.94229575088163], [8.649594935474425, 60.94183762643224], [8.65376971855216, 60.94037995547899], [8.657227797958441, 60.939159588016864], [8.656314435781296, 60.93826639445986], [8.654052216200045, 60.93594651210192], [8.6723967394916, 60.93105717648395], [8.693490926067431, 60.9254301448179], [8.712729589976988, 60.92256973813009], [8.73261569052114, 60.919609580386286], [8.735736162106253, 60.91888630641845], [8.738125036176248, 60.9183318186124], [8.741493704996971, 60.917550205315344], [8.745170994545566, 60.916696893441284], [8.748350011428363, 60.91595968259108], [8.753374660365669, 60.91479293615894], [8.757821658501026, 60.913760703247874], [8.762242596410454, 60.91273432498733], [8.764213129962616, 60.9122763953322], [8.770635355128123, 60.91078476422595], [8.780416375834854, 60.90851219743046], [8.782660125307663, 60.9079904922476], [8.785137088193968, 60.907414355677425], [8.789650077937782, 60.90636518777718], [8.793741945120658, 60.905413286408894], [8.797278840147632, 60.904592122996064], [8.797581781575706, 60.90452165893627], [8.799275036066598, 60.90412787219754], [8.801388487545797, 60.90363470098786], [8.805587990472326, 60.90265789621801], [8.80903052316718, 60.90185648887647], [8.814491234424946, 60.90058560566111], [8.81915680142166, 60.90037530578207], [8.829110455630538, 60.89995324471991], [8.835341310364118, 60.899763889096484], [8.842927160536226, 60.899145666015485], [8.846463597302629, 60.89886636742421], [8.85129133087185, 60.8985082305615], [8.854540150418153, 60.89824318123751], [8.858710257695343, 60.89787085199368], [8.861954640301812, 60.89762514533036], [8.863637319720572, 60.89750196935907], [8.863897758247207, 60.89748101774191], [8.865905690767608, 60.897329471337876], [8.868990009211437, 60.89710311125127], [8.87062385119671, 60.89697689582191], [8.872845579861211, 60.896949206675174], [8.879698272701821, 60.89684340907643], [8.88670576423558, 60.896674169324235], [8.889453731365032, 60.8966308431196], [8.88964458476463, 60.89663422692519], [8.890404465846323, 60.89664786862038], [8.890585181489481, 60.89662125241072], [8.89205603952273, 60.896025931835304], [8.892894739609728, 60.89568654828794], [8.89353376741433, 60.89531069177122], [8.893830629212285, 60.89509773248026], [8.89425615565737, 60.89485479117227], [8.894678579504502, 60.8946530407567], [8.8953495985849, 60.89434626160285], [8.895701259454942, 60.89421656912097], [8.89583624783368, 60.894136265656726], [8.896136954940879, 60.89381829798912], [8.896191815611722, 60.893670050545026], [8.895780537951888, 60.8930640175927], [8.895138120585619, 60.892501039426556], [8.894788463464714, 60.89229853383079], [8.894788535398712, 60.89196282787416], [8.894895474310907, 60.89171555501992], [8.894936528766676, 60.891167124233384], [8.894435718771097, 60.889797700397935], [8.894444364878222, 60.889636993268766], [8.89463186731991, 60.88926929955514], [8.895104393889987, 60.88862759265102], [8.896006101875152, 60.88765764962157], [8.896323210044404, 60.8872239047801], [8.896474218261636, 60.8868776911658], [8.896715762876719, 60.88583842754544], [8.896932962301191, 60.885493876361735], [8.897758673749893, 60.88449642292568], [8.897856829068639, 60.88418094143372], [8.897834816014786, 60.88383108390377], [8.89768437766008, 60.88352562867299], [8.897434926096658, 60.88323934921353], [8.89742279560794, 60.88305005113934], [8.897554866963274, 60.88291045162058], [8.898038793837804, 60.882653863717344], [8.899676786544765, 60.882022867790795], [8.900669742339522, 60.88158565093633], [8.900968545458943, 60.881405007704394], [8.901135683477767, 60.8812490808162], [8.901388144174213, 60.881035441206606], [8.90148350285907, 60.880787368919165], [8.901522300712687, 60.880566439989046], [8.901470826431638, 60.88034320520222], [8.901401193483839, 60.88012796915457], [8.90127994870405, 60.879913086399824], [8.900676008297776, 60.87922526963696], [8.900643071979335, 60.87912039332599], [8.900744944401628, 60.87904281285213], [8.900793215324562, 60.87895378838092], [8.900976355362069, 60.878883057261895], [8.901296321913547, 60.87886573752758], [8.903103415046143, 60.87891624561151], [8.904424450568316, 60.87886637377499], [8.905219546636314, 60.87873044230448], [8.905522393719544, 60.878667399356985], [8.905890378195013, 60.878543922104065], [8.906395104344337, 60.87832562444144], [8.906731251778366, 60.87817539384339], [8.906870661013842, 60.87802414402085], [8.90730516408044, 60.87778464135897], [8.907975255739558, 60.877561247820616], [8.908598397403367, 60.87739010753701], [8.909196705725632, 60.87716524726739], [8.910678668610036, 60.87658332329579], [8.91149937348821, 60.87622114619361], [8.911614497074149, 60.876053751053036], [8.911646987593748, 60.87592339477686], [8.911775970490899, 60.8754872918642], [8.911910619933026, 60.87503118525226], [8.912139442803758, 60.8747385629931], [8.912237739165548, 60.87404928871046], [8.912342828335657, 60.8733118765743], [8.912543756427965, 60.87288579500954], [8.914167553127283, 60.87154936846716], [8.914859054802827, 60.87118293005053], [8.9149632128399, 60.87112786660899], [8.918997595955155, 60.86898700177978], [8.918993251292422, 60.865156498834196], [8.918991014081522, 60.86337604719589], [8.933981224353309, 60.861574196253045], [8.93489485758468, 60.8614089839229], [8.937625406943933, 60.86074805717063], [8.938304490023066, 60.860545107010026], [8.942932921511117, 60.85906954441093], [8.951754587169741, 60.856375405310075], [8.96432964278699, 60.852455887832114], [8.991992398268152, 60.84342177910984], [8.998918284868866, 60.84320647283365], [9.00133931099823, 60.84189774880845], [9.009777629704772, 60.84002812722476], [9.014075758052158, 60.84032768649791], [9.016110735173031, 60.84000136280095], [9.016112412040608, 60.839337302718356], [9.015963015851074, 60.839214116923564], [9.01579751864346, 60.83913054953739], [9.015314848142461, 60.83889766115951], [9.015306256150106, 60.838737906364805], [9.016232187228908, 60.838513745277936], [9.016330991008342, 60.83848565463949], [9.016369411141204, 60.8384745852607], [9.01743923542316, 60.838170676020454], [9.017998848329992, 60.83801189805776], [9.018445097402608, 60.83788506187549], [9.018799865246411, 60.83778367237438], [9.023634074347724, 60.83583049353734], [9.024120658358855, 60.83560027388559], [9.02471209555193, 60.835389316781956], [9.025312373119704, 60.83524637108277], [9.025971916483114, 60.83512479442307], [9.027322839685839, 60.83500712525112], [9.029808291794568, 60.83452322853652], [9.031699291151442, 60.834107610739636], [9.032287319065476, 60.83390556450982], [9.032584946763297, 60.833616025727565], [9.033612207231876, 60.83304565751346], [9.033998924749357, 60.832892171281664], [9.03469913806892, 60.83278740212852], [9.036413749997651, 60.83265441979114], [9.036981451294327, 60.8326417902825], [9.037445340795932, 60.83266550418972], [9.038123950741852, 60.83276810394706], [9.039575834449783, 60.833088702400595], [9.039869958391314, 60.83309800968787], [9.040073485455064, 60.833062047560055], [9.04024509083086, 60.8330073774342], [9.040426718846566, 60.83289606906304], [9.040505891524107, 60.83280595253645], [9.040677318437131, 60.83246675436959], [9.040677085954988, 60.831276713751244], [9.040677759905895, 60.83122470186184], [9.041315254043223, 60.83101788745409], [9.04494405405874, 60.829838899591444], [9.048945553832198, 60.828554653160325], [9.051214079145812, 60.827850508248204], [9.054248419847312, 60.82690850986146], [9.061383753021953, 60.8247692880323], [9.063142441764457, 60.8242344833848], [9.06345307902881, 60.82413967142897], [9.065939249103032, 60.82340280789787], [9.069400270469163, 60.82235857181828], [9.069482288759549, 60.82233393314659], [9.070570888671606, 60.822005342751304], [9.088818841853985, 60.8164662563284], [9.090544505656451, 60.81630194995024], [9.092657000911943, 60.81609526714043], [9.094754928704672, 60.81589043023315], [9.096076915634308, 60.81576145952265], [9.097166115532868, 60.8156551657027], [9.098675222156569, 60.815508039491746], [9.100297926642082, 60.81534960621923], [9.102544241626699, 60.81513120111187], [9.104651093350139, 60.814926155673284], [9.10679841895089, 60.81471637697849], [9.109400258508051, 60.8144637194742], [9.11278858902908, 60.81413305718829], [9.113728120695283, 60.81404102818658], [9.113756687133089, 60.814038052563276], [9.113800693283915, 60.81403431519583], [9.114296016445543, 60.81398613534995], [9.114337877664417, 60.81398203342698], [9.116686544056698, 60.81375214023326], [9.118661196861014, 60.81355916677088], [9.12010969484648, 60.81341661487639], [9.146906768097105, 60.80683104012408], [9.16238015780912, 60.8001630983032], [9.165573261375771, 60.798676241063404], [9.180717833939367, 60.79373128720222], [9.181151274945647, 60.794335389466845], [9.183318492387176, 60.793750886726485], [9.184778858895342, 60.79317147191969], [9.185442972410327, 60.79292691742815], [9.184887409738751, 60.792520982663234], [9.18465969399557, 60.7924432994922], [9.185765604434906, 60.79208767231911], [9.190171473229771, 60.7910849049823], [9.190209037226527, 60.79111435334844], [9.190685826996123, 60.79131338906094], [9.190814032754528, 60.791370088014354], [9.191082448738275, 60.79138903018905], [9.191362497644246, 60.79135509189341], [9.19169568025485, 60.791305453940154], [9.192462992540122, 60.79107830946845], [9.192876547140626, 60.790872092078544], [9.193017935751971, 60.7906594664763], [9.192977982869161, 60.79045148613618], [9.193965621266644, 60.79022390075173], [9.19389845870893, 60.78989491752515], [9.194203676360992, 60.7888052656053], [9.19437456278569, 60.78793907914986], [9.194521673176745, 60.78670672124094], [9.19464847183648, 60.78568459021855], [9.195867584368907, 60.78480670672646], [9.196924393395983, 60.784052671454404], [9.20185728785576, 60.78049475743064], [9.216258959405163, 60.77057337138888], [9.242152581333343, 60.76735866073775], [9.257783249036805, 60.76747011645081], [9.291303548760583, 60.761863009171485], [9.294041419279838, 60.75838168630539], [9.294075028462085, 60.75833865191696], [9.300025074894764, 60.750770404317116], [9.30232515842709, 60.747839835932275], [9.304644539368095, 60.745099274742415], [9.309165976516388, 60.74260868668539], [9.324131593416013, 60.73429143434187], [9.327118478622504, 60.73274188044031], [9.332110104619753, 60.72990421485112], [9.33200594855568, 60.728993095175476], [9.331376804076179, 60.72346858472433], [9.33132752737785, 60.72303209062042], [9.331308734463617, 60.722898253915154], [9.33129938030722, 60.72282953708717], [9.33063338171652, 60.71796055044518], [9.330563671974742, 60.71748277272177], [9.330496192560387, 60.717005899634906], [9.330323805085762, 60.71590843414573], [9.330225153969556, 60.71526596378483], [9.32995200290472, 60.71359632739689], [9.329641980526741, 60.71212297467515], [9.328937177528244, 60.70877282731056], [9.328846318581478, 60.70834113681864], [9.324329486145238, 60.704459326817364], [9.32240012357948, 60.702911295480604], [9.322286905066393, 60.702820430717004], [9.320793003037993, 60.701468383752996], [9.31895493504429, 60.69982560755417], [9.318031204234698, 60.69899482665772], [9.318033724918786, 60.69895568757763], [9.318176728890238, 60.69669736712933], [9.318177737611817, 60.69668336778449], [9.318197638264115, 60.69625241507707], [9.318198283279681, 60.69624047059469], [9.318209219517469, 60.69600437787212], [9.31820965896726, 60.695993594833936], [9.318211851171098, 60.69594697059579], [9.318260642761333, 60.6952469334713], [9.31825191720598, 60.69462600300984], [9.318377359281968, 60.693710671251885], [9.31829844501322, 60.692880442359716], [9.31844569843313, 60.69174217274207], [9.318539550701525, 60.6909834728484], [9.31868968256876, 60.68975099083112], [9.318723625212927, 60.688826546757326], [9.31879850077736, 60.68852782344899], [9.318851118011448, 60.68825425753793], [9.318936572024878, 60.687346767031656], [9.318983517251658, 60.68651685123101], [9.319075844716183, 60.686260546971155], [9.319132429898568, 60.68593026084137], [9.31913639236066, 60.685254061640485], [9.31914333459016, 60.68513697823699], [9.31917466854906, 60.68460074543885], [9.319266756559443, 60.68352899125626], [9.319288991535483, 60.68330571136424], [9.319318999712335, 60.68300318945953], [9.319385999922115, 60.68232958179397], [9.319403297026266, 60.682154969663145], [9.319451343661484, 60.68190299300831], [9.319482332131814, 60.681914572782595], [9.319573415966753, 60.681904944986194], [9.319645233344879, 60.6818506606641], [9.319698171238342, 60.68178378140201], [9.319780664187409, 60.68172932100559], [9.319839276149784, 60.68160336363194], [9.319848394018846, 60.68154038139642], [9.31985141197037, 60.681507744563206], [9.319873484770543, 60.6814908605786], [9.319901561481723, 60.681475312130864], [9.319952190710522, 60.681452621628196], [9.31998586401723, 60.68143137026453], [9.32000473628547, 60.68139625726507], [9.320012331292624, 60.681362644923546], [9.320017260015641, 60.68133477010465], [9.32002241828124, 60.68130663500613], [9.320032874998542, 60.68127863525177], [9.320058132643297, 60.681264497118256], [9.320115027020801, 60.68126034593509], [9.320213313272733, 60.68124526318401], [9.320251605015635, 60.68124356125742], [9.320285152536167, 60.68122509492214], [9.320304320099892, 60.681195575335764], [9.320309025375664, 60.681164810554996], [9.320333648272323, 60.68113246250192], [9.320361724443774, 60.68111691394997], [9.320439729235963, 60.681105469177076], [9.32047639180565, 60.68110882871367], [9.32056774058431, 60.68109561101252], [9.32065916070842, 60.68109859884415], [9.320863206968296, 60.681192249830744], [9.320992778959306, 60.68124519751053], [9.321084623918855, 60.68125720452142], [9.321176032954323, 60.68125299037841], [9.321256029954178, 60.6812344287106], [9.321392752867899, 60.6811472579771], [9.321555221952496, 60.68107432396022], [9.32177157435536, 60.68102672451261], [9.321874747297832, 60.680985024155646], [9.321919680059509, 60.68096236080186], [9.321964310030154, 60.68092168173862], [9.321987331681619, 60.68089007547848], [9.321998375446682, 60.6808379768037], [9.322011709395765, 60.68078849589896], [9.322019163500682, 60.68073282406183], [9.322023617248597, 60.68069412733464], [9.322015480338072, 60.680599986668206], [9.321963307698027, 60.68050163328486], [9.32192678351256, 60.68046011404154], [9.321904483869641, 60.680434682034765], [9.32185488766276, 60.68042870261174], [9.321748942297411, 60.68043625967669], [9.321727021433958, 60.68043775796623], [9.321561317457785, 60.68040649818414], [9.321498291930986, 60.68037474361995], [9.321430428788439, 60.68029975654629], [9.32140281708939, 60.680231701887635], [9.321420228938067, 60.68021002877445], [9.321370735594106, 60.68014221380586], [9.321270920739373, 60.68010367386345], [9.321076035287675, 60.68007243267907], [9.321012989839048, 60.680045987842185], [9.321011747332554, 60.680001107937116], [9.321091128385234, 60.67996109688703], [9.321145141543916, 60.679933779179414], [9.321144657100303, 60.67991575574271], [9.321151164737698, 60.67984987206478], [9.321201998516905, 60.67976994087309], [9.321263925536979, 60.67970200322354], [9.321284773507166, 60.67964843121177], [9.321288981179418, 60.67957686885284], [9.321301535297348, 60.6795193435793], [9.321317192583498, 60.67948994467231], [9.321344126529363, 60.67947461743877], [9.321452817431148, 60.679438012950655], [9.32170796134856, 60.679400344782465], [9.321718830159215, 60.67939180553186], [9.321789007645313, 60.67935401319213], [9.32186057632571, 60.67929692693958], [9.321913841231456, 60.67923645196176], [9.321972317773715, 60.67917763879393], [9.322053314622835, 60.67912950468587], [9.322143643138036, 60.679086718083816], [9.322260606171932, 60.67901886978018], [9.322398421173952, 60.67890987138307], [9.322499323203758, 60.6788570924957], [9.32257560733522, 60.678838732430705], [9.322694264864637, 60.678829825031805], [9.322967972993505, 60.67880545584298], [9.323095658894314, 60.67878387988376], [9.323210188729416, 60.678758864079626], [9.323230006434917, 60.67875160529184], [9.32335554987485, 60.67875046120805], [9.32345050100882, 60.67874900670338], [9.323550240167434, 60.67874226481105], [9.323649878528604, 60.678739209133525], [9.323751559343673, 60.678734980005494], [9.32382761690936, 60.67873659272156], [9.32391381037189, 60.67873692596488], [9.323985532740368, 60.678732953482246], [9.32403611142864, 60.678730242585786], [9.324103310386226, 60.67872382742466], [9.32415193025427, 60.67871662254366], [9.324193208318626, 60.67870838547956], [9.3242238974912, 60.67869879819841], [9.32432421780586, 60.67868460928251], [9.324373322155326, 60.67867985529146], [9.324434132564596, 60.67867739909293], [9.32446944955864, 60.67867277918701], [9.324492800689795, 60.67866837081539], [9.324521421697105, 60.67865698530495], [9.324563127820863, 60.67863697450384], [9.324579646848662, 60.67862345438412], [9.324598016316212, 60.678605692241106], [9.32463162117488, 60.67857336526303], [9.324695111985857, 60.67852664602436], [9.324749987708994, 60.678494412911874], [9.324810685477505, 60.67845207561766], [9.32485954820044, 60.678404014517795], [9.324899783492773, 60.67836323792789], [9.324936708494963, 60.67832250067394], [9.324982528927945, 60.67827296003911], [9.32501074362847, 60.678233742888445], [9.32502674536551, 60.678204448315455], [9.325037404388286, 60.67817942738005], [9.325048262641925, 60.67815639521607], [9.325054654720041, 60.67813371333194], [9.32507137302286, 60.67808581634043], [9.325081831994257, 60.67804530451869], [9.32509618438794, 60.67801287937753], [9.325111102208666, 60.67797309712894], [9.325127790097868, 60.67792744918901], [9.325141614801153, 60.677862686647806], [9.32514550448054, 60.67780326278012], [9.325144108771921, 60.67775090541877], [9.32514888232172, 60.67771141217477], [9.32515936272179, 60.67766766076538], [9.32517972819643, 60.67763963180026], [9.32520792894947, 60.67760464468904], [9.325266303883298, 60.677561938498336], [9.325333723948217, 60.67752204704523], [9.325415796729446, 60.67748646880852], [9.32547741769599, 60.67745551226553], [9.325519783021557, 60.67742967834266], [9.325577110352972, 60.67738458716017], [9.32562626107159, 60.67734526943791], [9.325671446079706, 60.6773086636242], [9.32571488984566, 60.67727360405491], [9.325796440169334, 60.677216040046936], [9.325857128568412, 60.67716542071978], [9.325915910675073, 60.67711832091936], [9.325978913359199, 60.67707122041071], [9.326044154657243, 60.67702079447602], [9.32608471958678, 60.67696877990772], [9.32608878505959, 60.676914584334895], [9.326091304543866, 60.67685771267198], [9.326109198262012, 60.676794833259464], [9.32613726701453, 60.6767429178051], [9.326169728333635, 60.676699380243875], [9.326213965166021, 60.676668134827885], [9.326279920683808, 60.67663340155388], [9.326367340841763, 60.67660597124822], [9.326477969628437, 60.67657700660767], [9.326596708295407, 60.6765499166848], [9.326665230263359, 60.67652870432717], [9.326698523883579, 60.67651058589673], [9.326736330675217, 60.67646898560014], [9.326762661412879, 60.67643625914516], [9.326794973897067, 60.67640810748744], [9.326839318753265, 60.676385597813045], [9.326907936309702, 60.67636591963976], [9.326964640479801, 60.67635239630692], [9.327017667558529, 60.67634618786826], [9.327105159796286, 60.676344324070584], [9.327198675512328, 60.67634991720792], [9.32728188694694, 60.67635255214267], [9.327360727149447, 60.67635500132608], [9.327427071745959, 60.67635754972558], [9.327495092777228, 60.67635683880313], [9.327587307766267, 60.67635940595812], [9.327671581684758, 60.676352904390974], [9.327744052444448, 60.676340500564905], [9.327794719853904, 60.676323750003654], [9.327845348121258, 60.67629682622171], [9.327877834529938, 60.676269761884896], [9.327903465871376, 60.67624618692399], [9.327921375340013, 60.676210222124205], [9.327944108831629, 60.67616564090241], [9.327960992579884, 60.676124051684965], [9.327968561050751, 60.676067664595585], [9.32796431007422, 60.67602625778514], [9.327960532717896, 60.675993602413875], [9.32795989333957, 60.675963960773025], [9.327958567728679, 60.67591637727167], [9.327950275733478, 60.67588226993592], [9.327948604674699, 60.67583872237297], [9.32793506498616, 60.67579692099215], [9.327917865849974, 60.67576441559192], [9.327896402952033, 60.67572695834764], [9.32788660971903, 60.675697197901705], [9.327879535732487, 60.67567178360539], [9.327879086118097, 60.675652501589894], [9.327874792069471, 60.67560614219235], [9.32787390602681, 60.67557477981152], [9.327872801769354, 60.675537377247956], [9.3278685982636, 60.67549570240433], [9.327872987512489, 60.675444851127935], [9.327893248440056, 60.67540907624528], [9.327931429789635, 60.675374692693275], [9.327987381477275, 60.67532072090947], [9.328047031523274, 60.67526762631516], [9.328070706806187, 60.67523433680303], [9.32807595139535, 60.67520566521183], [9.3280748184057, 60.67517258208929], [9.32807234080333, 60.67512008892375], [9.328070583068161, 60.67506663618667], [9.328077911899276, 60.675018880231065], [9.328094641200458, 60.6750051886778], [9.328173843850847, 60.67497749831364], [9.32828298336662, 60.674936137263586], [9.328414018095872, 60.67489651626608], [9.328475016805557, 60.67488047439012], [9.328523704098057, 60.67486660997242], [9.328558618996025, 60.674860081758766], [9.32867035618574, 60.674841424156924], [9.328749874852306, 60.67483481007154], [9.32882626342033, 60.67481474099127], [9.328939579387363, 60.67475906464828], [9.329000213208808, 60.674722213922934], [9.329085933039638, 60.67468669863486], [9.329150445816152, 60.67466945551293], [9.329215161227534, 60.67465834188695], [9.329261404608413, 60.67464896411617], [9.329310390796625, 60.67463340186849], [9.3293530749086, 60.674608840653406], [9.329389625891595, 60.674588879691775], [9.329432309883513, 60.674564318449704], [9.329472004204662, 60.67454422091954], [9.329536069112901, 60.674511836338546], [9.329590847121205, 60.6744811276545], [9.329648838584385, 60.674448845159276], [9.329750937898869, 60.6744109646076], [9.329805400218492, 60.67438204270984], [9.329855414262246, 60.674355452273346], [9.329883013942817, 60.67434150203153], [9.329903150247931, 60.67432201407357], [9.329988814549743, 60.67426912331013], [9.330038247047483, 60.6742385475278], [9.330093238168352, 60.67419830628899], [9.33015082323646, 60.67414440312168], [9.33015856202383, 60.67413798072591], [9.330165398904885, 60.67413251018001], [9.33022420759397, 60.67408414976623], [9.330298769931035, 60.674031777566334], [9.330303589321998, 60.67402838167024], [9.330306161854176, 60.67402732073052], [9.330368534805341, 60.67400035477905], [9.330435413737183, 60.673964488774885], [9.33048965370366, 60.673946178779254], [9.33052739364177, 60.67393922996349], [9.330676046295109, 60.673936990459566], [9.330709639322132, 60.67393274594741], [9.330744449474349, 60.67392576268949], [9.330773298557439, 60.6739203265924], [9.330832376761242, 60.673902671956704], [9.330914416222923, 60.67389319324777], [9.331051216776451, 60.67388324905157], [9.331131165329891, 60.673863779969956], [9.331175076247431, 60.6738509720638], [9.33121149206024, 60.67384216657829], [9.331267568316893, 60.67383320562068], [9.331345973792518, 60.67382456252123], [9.331363021494763, 60.67382465617575], [9.331376924089984, 60.673822816038545], [9.33138581481634, 60.673821303205955], [9.331407315769413, 60.67381591507283], [9.331420628219963, 60.673809099143625], [9.33142642462344, 60.673800163862246], [9.331429026885663, 60.673787492443914], [9.33143800166863, 60.673773021256004], [9.335088643723084, 60.6725010673022], [9.335093131635947, 60.672499547464525], [9.33567556258419, 60.67230552557778], [9.338877299619819, 60.6713000428664], [9.338882927067818, 60.67129830118915], [9.34025769025098, 60.670871055663106], [9.340261568434876, 60.67086986986933], [9.344668522835724, 60.66952243727773], [9.347626091537103, 60.668638735521654], [9.349649829376993, 60.668013303930394], [9.349924352434408, 60.6679324797509], [9.351680433323674, 60.66741513789639], [9.351832902693415, 60.66737010162638], [9.352647038818297, 60.66711740470066], [9.353269459332445, 60.66589671131737], [9.353748073842771, 60.66501512857573], [9.354396964408515, 60.663673496286165], [9.354924386438777, 60.66277993347145], [9.355019425802732, 60.66259069780137], [9.355512650686812, 60.66160963669529], [9.355520311402897, 60.66159420862265], [9.355881357282575, 60.66083726688312], [9.356315039920725, 60.659957919871644], [9.35665908414591, 60.65928612904721], [9.357152476339149, 60.658264836820166], [9.357595231609624, 60.65747759261659], [9.358473424657642, 60.655510613826415], [9.359093109022249, 60.65493426990551], [9.3591772266825, 60.65485510468665], [9.360269187091673, 60.653828407103255], [9.360269858491174, 60.65382771538479], [9.360359642789122, 60.653743388367744], [9.360390832008067, 60.653714012477174], [9.36183224721543, 60.65235858837258], [9.362961725552685, 60.65120573325327], [9.363626640991715, 60.65052201035797], [9.36427412264358, 60.649856000962], [9.364579792329172, 60.64955126074485], [9.364620027957535, 60.649511014752704], [9.364867261252371, 60.64926456371152], [9.364902568798948, 60.64922942019933], [9.364963880809231, 60.64916828147451], [9.364976508336081, 60.64915585311817], [9.365027439109834, 60.649106877530244], [9.3656387722573, 60.64852025635086], [9.365828308730688, 60.6482357238861], [9.365914358782273, 60.64810659111606], [9.365959269775896, 60.648039629046984], [9.366002488288947, 60.64800535935438], [9.366017113341806, 60.64799931599018], [9.366170036218094, 60.64793637361673], [9.366103647675512, 60.647875784235616], [9.366096146783947, 60.64787150711645], [9.365962461778587, 60.64779529516662], [9.365858664228746, 60.647721154942325], [9.365801367323657, 60.64764843774159], [9.365767473746125, 60.647567707508614], [9.365746950453085, 60.64747449020811], [9.365720864542746, 60.64738895898224], [9.365702600533298, 60.647310058721786], [9.365688971282603, 60.64724656591877], [9.365674305922717, 60.64716700748774], [9.365655047835734, 60.64705296112224], [9.365641372605067, 60.64687668312288], [9.36561100388813, 60.64678944085239], [9.365524004498829, 60.64666965402634], [9.365397863653328, 60.646531562531706], [9.365323259905686, 60.646414279137026], [9.365318412667385, 60.646407413688266], [9.365290611684955, 60.646305517985645], [9.365267689357678, 60.64621030902941], [9.365251931786672, 60.646097220446514], [9.365235165062526, 60.646030714740604], [9.365218700179499, 60.64597295280418], [9.365178006302445, 60.645896525730805], [9.365125315707482, 60.64581428145306], [9.365037210219562, 60.645717580204], [9.364963472072391, 60.64563723742178], [9.36487585553282, 60.645559728949074], [9.36481213776689, 60.645514283266856], [9.36474534628143, 60.6454706879857], [9.36472609522554, 60.645440351556765], [9.363816679821554, 60.64398355644902], [9.363816108483775, 60.643982632210545], [9.363388690110071, 60.643297959227944], [9.36338363632671, 60.64329018485104], [9.361488133079828, 60.64025315611771], [9.361293711757758, 60.6400740094888], [9.36110238044241, 60.64000066594434], [9.361089834635086, 60.63999590523703], [9.36103205313595, 60.63997420099945], [9.360992144503106, 60.63995928280179], [9.360898230204471, 60.63989797683884], [9.360837730244802, 60.63981648035153], [9.360739849848027, 60.63969622947399], [9.360700250189442, 60.63958960305049], [9.360683129242755, 60.639504269133695], [9.36066487905601, 60.639376222282245], [9.360640483026389, 60.639287430491905], [9.360573380781409, 60.6392237469961], [9.360500894457507, 60.63914372392904], [9.36046024796936, 60.63907863822525], [9.360449913815314, 60.63897549889426], [9.360470157589756, 60.63892900874106], [9.360533086310628, 60.638850208543346], [9.360611103503684, 60.63879616898818], [9.360675225792528, 60.6387565739623], [9.360792554844771, 60.638690514153765], [9.360968860006516, 60.638613175086945], [9.3611396993509, 60.63855342698344], [9.361328986284782, 60.63851705102077], [9.36150673278897, 60.638480637171384], [9.36164242716746, 60.63844154596166], [9.361778253738127, 60.63841425163556], [9.361884704855127, 60.6383872460744], [9.361990796380985, 60.63834555346687], [9.362037061388383, 60.63830430318516], [9.362070957572676, 60.6382426378485], [9.362074288013524, 60.63815771830934], [9.36205781569317, 60.638005894030236], [9.36203712787355, 60.63790951833268], [9.361993230650855, 60.63783682487747], [9.361907633021449, 60.63775840881818], [9.361833757459033, 60.63768003797841], [9.361745965358105, 60.637564984638054], [9.361743966662232, 60.63750630308748], [9.36173783617192, 60.63745446778473], [9.361737189539998, 60.637434097997875], [9.361717697727643, 60.637393669517536], [9.361647179033065, 60.63734217362895], [9.36159068028622, 60.63729748092248], [9.361534070415209, 60.63724819293512], [9.361491044599953, 60.63719668864484], [9.361466232981428, 60.63714478393447], [9.361441174381596, 60.63706604552661], [9.361419728172029, 60.63696459700017], [9.361412305390001, 60.63687202211576], [9.361420082540798, 60.63673139368894], [9.361439305849599, 60.63661330166513], [9.36146300762181, 60.63647487641836], [9.36148367415552, 60.636397710343516], [9.361509160613263, 60.63631813764568], [9.361525628420365, 60.63625447578677], [9.361542373706538, 60.636195506221405], [9.361558968312586, 60.63613635026601], [9.361580562282786, 60.63608631666536], [9.36162574472304, 60.63604286059332], [9.361716672409505, 60.6360081785162], [9.361835077869006, 60.635962056034614], [9.361977015091727, 60.635913417431595], [9.362126929295558, 60.63585062402092], [9.362265489643693, 60.635789870999375], [9.362347938536129, 60.635738718314634], [9.36243006470029, 60.63567162003171], [9.36248863340304, 60.63559776561937], [9.362525588499416, 60.635427586454924], [9.362550127203876, 60.63531259935309], [9.36256583782082, 60.63520930068232], [9.362581855218757, 60.63512203690193], [9.362602860332137, 60.63504605520267], [9.362634224695956, 60.63496115009266], [9.362664814204491, 60.63488485327824], [9.362704552056005, 60.6347992218393], [9.362735710282251, 60.63474374154554], [9.362771713459674, 60.63469512675988], [9.362821934962778, 60.63464171207813], [9.362876526063726, 60.634590552255], [9.362908518957214, 60.63456274051666], [9.362950219561855, 60.63453704914308], [9.363005534041937, 60.63450896260436], [9.363075103944123, 60.634483188551435], [9.363159533646535, 60.63445732220652], [9.363255177048279, 60.63442706900187], [9.36339964226387, 60.63437754582861], [9.363597535352454, 60.63431488784249], [9.363748802793634, 60.634274652765974], [9.363882796433444, 60.634237828295575], [9.364040480617232, 60.63419129320072], [9.364174626364328, 60.634159875523835], [9.364366968832993, 60.63412785566743], [9.36444954079917, 60.634111541231036], [9.364533432975257, 60.63409501247952], [9.364570035082659, 60.63408377703165], [9.364743885475555, 60.63403072315814], [9.36494940822968, 60.63396946569414], [9.36507715763452, 60.63393165627635], [9.365140952859353, 60.63391058791315], [9.365345310705752, 60.633828758264784], [9.365549412504391, 60.63373791646093], [9.365739563142277, 60.63364720528784], [9.365879388846757, 60.63357075056895], [9.366054234459053, 60.63344392851029], [9.366146792745461, 60.63332866317769], [9.366201493652666, 60.63320144794635], [9.36619632130634, 60.633022648630394], [9.366143705428547, 60.63283851544105], [9.3661595380635, 60.632584724250194], [9.366317048298122, 60.63199361577703], [9.366387980876034, 60.63161343635139], [9.366573635216284, 60.63051171659335], [9.366674451258024, 60.63028113641023], [9.366861952615956, 60.63003369420749], [9.367159269549148, 60.62975551461501], [9.367532805217195, 60.62952654792498], [9.367891061115186, 60.629368133470756], [9.368383198706812, 60.62920582898105], [9.368990453794853, 60.629044241602365], [9.369355637846683, 60.62894147233778], [9.369775574495284, 60.628818960481254], [9.370155037866123, 60.628665936061104], [9.37037841664544, 60.62854106778462], [9.37050825446857, 60.628416752298584], [9.370629099318515, 60.62826946466458], [9.3706817202968, 60.62818437535002], [9.370741217990355, 60.62807986398317], [9.370713445262217, 60.627945296939366], [9.370709226257544, 60.62780281282206], [9.37076177580272, 60.62772546136371], [9.370954706605819, 60.62762379026636], [9.37115599568107, 60.62754137373822], [9.37132745672707, 60.62750171330443], [9.371608591566225, 60.62746875035574], [9.371921313876468, 60.62743954978801], [9.372185313739356, 60.627410273218395], [9.372365967783706, 60.62736307845777], [9.372624448600458, 60.62729828428947], [9.372945424016152, 60.62718725042804], [9.37315629407097, 60.62710028470658], [9.373514826069417, 60.626930527099404], [9.373755338534908, 60.626785044207395], [9.373972350929531, 60.62663982995858], [9.374149599182628, 60.62649464858414], [9.374233585248053, 60.626400889918116], [9.374325260095729, 60.62629143371453], [9.374474391245307, 60.62602823340899], [9.374548981188967, 60.625867651072035], [9.374646335301385, 60.62568372604831], [9.374745200486277, 60.62554252937526], [9.374821406453789, 60.6254366510786], [9.375981065840566, 60.623953583065166], [9.376723567988085, 60.623078579326865], [9.378823590029182, 60.62131370908746], [9.381137994182506, 60.61982841202413], [9.384125631071925, 60.61853866680831], [9.386241628030257, 60.61778454261483], [9.388980784469059, 60.61688324917567], [9.39281487562097, 60.61572380408369], [9.39604590483156, 60.614997418879796], [9.399776234700413, 60.61437716437589], [9.403262537294022, 60.61414764257205], [9.406152984952293, 60.61392166204934], [9.410634835258149, 60.613716512221224], [9.413711855746223, 60.61364535044664], [9.416755725737723, 60.61355400880383], [9.418305999565282, 60.61347948102004], [9.419793728538354, 60.613326173165035], [9.421348137167962, 60.61301083713913], [9.422524789224338, 60.612485723047826], [9.423338148792563, 60.611798428970445], [9.423680316596746, 60.61100430348657], [9.424920413670229, 60.6090948345591], [9.425166643335414, 60.60663653909575], [9.425054391131956, 60.606033397438345], [9.425540206564543, 60.60536498348039], [9.426167907509502, 60.6047747739799], [9.429003590357071, 60.603235826800685], [9.43139717307971, 60.602307770820104], [9.433298507787969, 60.601445710118334], [9.43414142597933, 60.600674273786986], [9.434163802308602, 60.60065387666764], [9.434215574137495, 60.600606355031836], [9.434216014769655, 60.60060592340017], [9.434390149475073, 60.600446592977185], [9.435144329028704, 60.599564341516185], [9.435185419469269, 60.599100460600766], [9.435010264931428, 60.59832738708229], [9.434733467024598, 60.598005315794865], [9.43440483905122, 60.59785839012943], [9.434286414116695, 60.59780538370211], [9.434269767048894, 60.59779154800933], [9.434052919270176, 60.59761103554337], [9.433861800098361, 60.59746597877131], [9.433671289533747, 60.597330127609524], [9.433311381346119, 60.59714076055753], [9.433101501350698, 60.596986728704174], [9.43300528338521, 60.59688676548905], [9.43298347699781, 60.59678621918085], [9.432961230313563, 60.596676563954944], [9.432991101445824, 60.596447397989074], [9.433002267213245, 60.59621844100456], [9.433034234785335, 60.59605344628482], [9.433067889801634, 60.59594333518756], [9.433083554557562, 60.595851553972324], [9.43306247835489, 60.59577857974052], [9.432967449585195, 60.59571520815692], [9.43285397533557, 60.59566114681897], [9.432682913370385, 60.59555265750339], [9.432510682814135, 60.5954074870037], [9.43224813211468, 60.59510175501821], [9.431948456521525, 60.59489338760565], [9.431910129233016, 60.59486415519237], [9.431867120872074, 60.59482599673975], [9.431794738554794, 60.594767170254535], [9.431731099868589, 60.59472553991706], [9.43160546408174, 60.5946921206375], [9.431417925351985, 60.59467060638864], [9.431167679541689, 60.5946381019644], [9.431026878099434, 60.59461619932805], [9.430884949605291, 60.594563737637536], [9.430678436963913, 60.594467715278235], [9.430527696912852, 60.59439634394728], [9.430391178176073, 60.59432952681014], [9.430197694672067, 60.594251328998354], [9.430031782602976, 60.59417986318972], [9.42988971622343, 60.59411974411319], [9.429771328983666, 60.59407087488874], [9.429645185832438, 60.594018171259876], [9.42953467432815, 60.593969270864854], [9.429431533396814, 60.59391266786865], [9.429365433988886, 60.59387471367073], [9.42928415724216, 60.59383774531538], [9.429214163982174, 60.59380961892932], [9.429099957932051, 60.59377469461116], [9.428893608536523, 60.59370108738265], [9.428676569220837, 60.59363639362996], [9.428474248151913, 60.59358608547833], [9.428268657120421, 60.59353564033234], [9.428133076300687, 60.59350792226424], [9.427971161660233, 60.593466322571054], [9.427768909847751, 60.59340503549552], [9.427490669403507, 60.5933206804462], [9.427221374531937, 60.59324704937962], [9.426976365029253, 60.59314833134664], [9.426801943461586, 60.593066874793536], [9.426621145953252, 60.59299478203079], [9.426361720449204, 60.5928746687282], [9.426192332048597, 60.59279693195122], [9.426093037762884, 60.59275200766259], [9.426005291321312, 60.5927090962408], [9.425900768869523, 60.59265207242717], [9.425811108188714, 60.592602240381964], [9.425703323186147, 60.59256515125933], [9.425606968114733, 60.59254240089011], [9.425510885255692, 60.5925286624096], [9.425414859907942, 60.592511416036196], [9.425321820047092, 60.59247584324827], [9.425224978980161, 60.592431560873734], [9.425127458900263, 60.59236897884267], [9.425041062629953, 60.592317212605536], [9.424962510298275, 60.5922655943367], [9.424902128012622, 60.592218966194345], [9.424837685073133, 60.59215983739259], [9.424721299219934, 60.5920793648928], [9.424575145883615, 60.59198477642962], [9.424498277777639, 60.59194141881864], [9.424242455067162, 60.59178256905726], [9.424053839915405, 60.5916890840635], [9.423770859063978, 60.59154655843028], [9.423521177949237, 60.59142630653527], [9.423229265656806, 60.59129735691336], [9.42299745097491, 60.591170110854755], [9.422845558098338, 60.591069609724265], [9.422667031100467, 60.59095593322307], [9.42262427053722, 60.59086458812825], [9.422629830002254, 60.5906218944779], [9.422596357608683, 60.590412310035354], [9.422535395461251, 60.59017016325758], [9.422446182064183, 60.58999190869518], [9.42237926638513, 60.58982439770841], [9.42236978006353, 60.589817880361004], [9.422258435275696, 60.58970305389679], [9.42218734263313, 60.58965597610758], [9.421978806698188, 60.58954446290447], [9.42172338114715, 60.58944061774426], [9.421543558909212, 60.58937998876567], [9.421378507517243, 60.58933023839829], [9.421192069869456, 60.58929516380898], [9.421057479250143, 60.58925973876229], [9.420937635317477, 60.58922052048359], [9.42082460980353, 60.58916304620471], [9.42074147970134, 60.58911258351877], [9.420672516255635, 60.58905110294394], [9.420618171635965, 60.58897493317538], [9.420533839667698, 60.58888805752784], [9.420426756554946, 60.58878672855381], [9.420304923970301, 60.58868181186233], [9.42016776616682, 60.58857346331886], [9.420030385086033, 60.58844314373968], [9.419921921319208, 60.588305393952496], [9.419803095599427, 60.588177830996614], [9.419706615581159, 60.5880765851716], [9.419618527815155, 60.58795750933905], [9.419565346666445, 60.587904249318115], [9.41949848680985, 60.58784015587668], [9.419439767048932, 60.587794584464405], [9.419325934450685, 60.587694231908074], [9.419278536164946, 60.58765831505872], [9.419166858215286, 60.58752754041283], [9.419112840495712, 60.5874463431871], [9.419049005696214, 60.58735843444592], [9.418947227887221, 60.587241305011], [9.418695215268786, 60.58705974065418], [9.418352950018738, 60.58682453282205], [9.418015238771453, 60.586591584829634], [9.417643678029322, 60.586308974721774], [9.417376253002583, 60.58609813989302], [9.417276013566903, 60.58600600511276], [9.417099116016397, 60.58587366667717], [9.416893025260809, 60.58568484113924], [9.41664415053276, 60.58547154135397], [9.416471496067443, 60.58532317849548], [9.41625825982891, 60.58515664407173], [9.416113037869616, 60.58507495465711], [9.415851464253315, 60.58499424080712], [9.415454507512628, 60.5849272053918], [9.415057275221605, 60.58485331669474], [9.414704212598663, 60.584802249267604], [9.414440486129488, 60.58478048664821], [9.414029620439111, 60.58474202611012], [9.413677346870152, 60.5847033198712], [9.413311576280279, 60.584654866243866], [9.412997476007773, 60.58458697589761], [9.412727256595087, 60.58447385072251], [9.41261416270371, 60.58439476406766], [9.412439924086978, 60.584215546530395], [9.41229161628457, 60.584085209483256], [9.412005633425968, 60.583867733853005], [9.411780721340833, 60.58367901012358], [9.411570554317889, 60.583510795730824], [9.411547269443034, 60.58351107948616], [9.411400263144852, 60.583410228086834], [9.411219613940904, 60.58328708414337], [9.41099609997012, 60.583118849046535], [9.410811000581177, 60.583000288208225], [9.410677405918088, 60.58289702808278], [9.410588242936688, 60.58275485802517], [9.41058609152872, 60.58258672474144], [9.410653808445023, 60.58242926222038], [9.410718223879392, 60.58231513459998], [9.410739082814798, 60.58228027660231], [9.410766309471542, 60.58223506482485], [9.410803989578621, 60.58217598032313], [9.410820043370967, 60.58217413337752], [9.410858772423621, 60.58209421123731], [9.410896452370778, 60.581991833359915], [9.410882210710703, 60.58185334543275], [9.410881509712755, 60.58171695547436], [9.410885570292205, 60.58157842502115], [9.410921149745977, 60.581423755025895], [9.411016109956877, 60.58123890273127], [9.411108281777457, 60.58110181716533], [9.411290743495519, 60.5809229743461], [9.411414541581712, 60.580776504037665], [9.411507689444207, 60.58066439112757], [9.411555668212591, 60.58059124724605], [9.411581477377295, 60.58054786608048], [9.411604775004424, 60.5804249934985], [9.411705278850986, 60.580280966482135], [9.411797871035688, 60.58015514908911], [9.411916373928465, 60.57999063506332], [9.411980146697445, 60.57984002736189], [9.412016706337152, 60.57970817011768], [9.412038864052706, 60.57955806764913], [9.41204584592677, 60.57937834664137], [9.412064428118148, 60.579264727054635], [9.412078414924077, 60.57913750375875], [9.412072370948113, 60.578971727685236], [9.412066532517443, 60.578819551266726], [9.412074747373461, 60.5786696742417], [9.41210153794754, 60.57851499568471], [9.412132259556532, 60.578353461423816], [9.412104071744562, 60.578215199018885], [9.412052729170854, 60.578083886296994], [9.412046898988452, 60.57792955004992], [9.412054144949703, 60.577875039694334], [9.412069394407165, 60.577781711945526], [9.412104236342087, 60.57761116977617], [9.412128062929808, 60.57738382141634], [9.41210695528321, 60.577190951673735], [9.412025377112398, 60.57698285527988], [9.411992185111934, 60.57683547228125], [9.411992594116148, 60.576652505433245], [9.411965793801054, 60.5765199715534], [9.411870147524704, 60.576338197122965], [9.411739785921046, 60.5761234643766], [9.411629573511828, 60.575836760846265], [9.41151155457135, 60.57566061831161], [9.41128194116434, 60.575513098033085], [9.410878711515007, 60.57535838548994], [9.410779311302383, 60.575293371620674], [9.41054937030597, 60.57519317984966], [9.410400683929709, 60.57505157252039], [9.410238310503678, 60.57490768071143], [9.410095010108028, 60.57477511958445], [9.40990783055132, 60.574592833764626], [9.409809417487812, 60.57443029280294], [9.409720721523485, 60.57428346059747], [9.409673602335248, 60.57413630241807], [9.409721054612765, 60.57404504584431], [9.409833485910701, 60.57395984552629], [9.409964222702046, 60.57387244283073], [9.409982275195409, 60.57386536953463], [9.410139289645887, 60.573741356108684], [9.410250385662, 60.573629007370165], [9.41034720244107, 60.57349877822384], [9.410401480495345, 60.57334381283071], [9.41041414905079, 60.5732294953008], [9.41045835197716, 60.573140082411655], [9.410522996525096, 60.57306358792829], [9.41059429236529, 60.57297720163266], [9.410737380897414, 60.57282056105145], [9.410867171000636, 60.57270584584608], [9.41093791639041, 60.572604675182795], [9.410914779770419, 60.57250910739182], [9.410872904327192, 60.572449926470085], [9.41086431416242, 60.57239709208377], [9.410875738780033, 60.57233429638774], [9.410880859660969, 60.572281497074854], [9.410865108921, 60.57220559056813], [9.410808201813337, 60.572115986786706], [9.410594037178159, 60.57192905940236], [9.410542694238941, 60.57178199438644], [9.410463957031533, 60.571592466956055], [9.41038627595472, 60.57148660027687], [9.410233638434377, 60.57138901994773], [9.410154272155832, 60.571304504075805], [9.41010019919539, 60.57121861906803], [9.410063429083792, 60.571107807922694], [9.410067756565642, 60.57093922626403], [9.410067604178037, 60.57072365299987], [9.41006338194711, 60.57059809605151], [9.410000698094038, 60.57046162577379], [9.409976183773267, 60.57037509060673], [9.409975418208836, 60.570349946520786], [9.409985404747943, 60.57025216780221], [9.409992497375649, 60.570072901299454], [9.410021175944081, 60.56984080620873], [9.410099353076989, 60.56967136251865], [9.41014646734147, 60.56952815777018], [9.410164994359342, 60.56940112504673], [9.410177770472218, 60.56929779292674], [9.410157932555483, 60.569175811184536], [9.4100079198054, 60.56900084430966], [9.409944490189407, 60.568917266768075], [9.409829131169444, 60.56879352744457], [9.409783245979641, 60.56871635634813], [9.409765015637273, 60.56865267651705], [9.4098254199484, 60.5685710542836], [9.409993843290875, 60.56849927447991], [9.410116809522714, 60.56849039242812], [9.410214200655853, 60.56850563926399], [9.410416942569462, 60.56854402722859], [9.410493193547556, 60.56853984552927], [9.410588438645, 60.568534750476125], [9.410711060478917, 60.568513072434904], [9.410788369869517, 60.56849327375407], [9.410967286730072, 60.56845064521348], [9.41115782248853, 60.56837682137167], [9.411318344156657, 60.568280946720996], [9.411438623007475, 60.56817879357849], [9.411533931726886, 60.568093054343414], [9.41160438538972, 60.56797765034149], [9.412083840733487, 60.56660148280686], [9.412051126291042, 60.565926409149235], [9.412015946839917, 60.565239171126784], [9.411992161845214, 60.56447977541161], [9.411942846860008, 60.5637580117696], [9.411770723417689, 60.561951103698576], [9.41191649188905, 60.56149872312599], [9.411996521717661, 60.561250780867795], [9.412644059396387, 60.560605590250084], [9.412845216917162, 60.559945006365645], [9.412890847222362, 60.559842962276726], [9.413004903077114, 60.5597321771196], [9.413131500517347, 60.559673581784956], [9.413196071622966, 60.55964379739929], [9.413412695035118, 60.559613279233716], [9.413776345679606, 60.559558234062486], [9.41392093517573, 60.55951398354798], [9.41405367324423, 60.55943467333849], [9.414020888635084, 60.55933357111791], [9.413929263943928, 60.559218570642116], [9.413765005010447, 60.559040489656944], [9.41368540718124, 60.558954255438564], [9.413641262838112, 60.558853306740474], [9.413578282061206, 60.55872069575371], [9.413544901046816, 60.558593466375235], [9.413478668286297, 60.558367651923106], [9.413505119724801, 60.55824752211282], [9.413623517331022, 60.55812638793849], [9.413711663517347, 60.55802054628741], [9.413793182075656, 60.55789066487356], [9.41385646795276, 60.55777000957672], [9.4138801480858, 60.55762573172611], [9.413867412110626, 60.55740558116069], [9.41385308642115, 60.55714918120743], [9.413833268708103, 60.557039711970745], [9.413768177040298, 60.55691403299633], [9.41359312939904, 60.55673603902381], [9.41344553282834, 60.55649448118714], [9.413352261146132, 60.55622738947316], [9.413418780391302, 60.555904174753714], [9.413585248062276, 60.555671018356065], [9.413841702601085, 60.555489339297154], [9.414168211427276, 60.55532958903562], [9.414441380682453, 60.555236186460824], [9.41476920769918, 60.55511951335207], [9.414945336741566, 60.555011149974455], [9.415078622835084, 60.55487146785398], [9.415004295043849, 60.55473577151871], [9.414768933940248, 60.5546063737851], [9.414592659875252, 60.55447144270482], [9.414548605265018, 60.55428121132704], [9.414649680023892, 60.554139638885054], [9.41490388522009, 60.55402581901013], [9.414921902376932, 60.554016763763265], [9.415066838466382, 60.553944985252706], [9.415150574416248, 60.553832837732514], [9.415156516572997, 60.553750910812], [9.415153245981736, 60.55366940766493], [9.415132891675444, 60.55361058993], [9.415088903289806, 60.55355420146222], [9.415025794438616, 60.553461458609775], [9.414971982110236, 60.553382606532324], [9.414900075598657, 60.553317486777594], [9.414809802896773, 60.55324547638037], [9.414715059193911, 60.55317606863339], [9.414628857337386, 60.55309954844667], [9.414549778531802, 60.55296176231337], [9.414532913758654, 60.55274854926892], [9.41456758933065, 60.55257341024692], [9.414632643692373, 60.552461469760935], [9.414812558347796, 60.55234381500617], [9.415081827543489, 60.55225060837406], [9.415476534270713, 60.55219938341775], [9.415761672943471, 60.5521581446465], [9.415963051710818, 60.552112943651785], [9.416086156654439, 60.55207328148242], [9.416230233018908, 60.55198103449306], [9.416401154836475, 60.551863540863536], [9.416571242561082, 60.55172126028578], [9.416655071207513, 60.55161379635665], [9.416706139712606, 60.55150657921238], [9.41673204057251, 60.55145402107959], [9.416789006990982, 60.55137189295718], [9.416769704362391, 60.551226623331495], [9.41672832081072, 60.55110652995932], [9.416699378359764, 60.55095464575697], [9.416778814216098, 60.55086094868159], [9.417061713082209, 60.550774430352746], [9.417322202249885, 60.55069912301936], [9.417488769640427, 60.550590896457685], [9.417533294336264, 60.55041788013199], [9.417494604204167, 60.5502546968386], [9.417433055179893, 60.55008947530271], [9.417287305685543, 60.54989327235086], [9.417197328558242, 60.54971911847246], [9.417144978098241, 60.54954933195626], [9.41712908408939, 60.549376933310285], [9.417138344955683, 60.54924510196896], [9.417151508881835, 60.549108663895595], [9.41718733068423, 60.5489585045506], [9.417219522600695, 60.54883780518175], [9.417233589023796, 60.54871517593842], [9.417200649797794, 60.54857689530316], [9.417189405236345, 60.548520349900336], [9.417191120976092, 60.54843851591384], [9.417220661437014, 60.548247500350485], [9.417143633543175, 60.548043916946504], [9.417069311151728, 60.54790822178196], [9.417128637638092, 60.547769038523676], [9.417290993788798, 60.547658655942826], [9.41759702912344, 60.547580847724014], [9.418242620997146, 60.54756119382213], [9.418634181871097, 60.547539441527206], [9.419029644975346, 60.5475130812843], [9.419195715602836, 60.54750914973911], [9.41941308745978, 60.54751186798519], [9.419553240204099, 60.54752467120589], [9.419570338034404, 60.547526197692285], [9.419819805666759, 60.54753143021515], [9.41991460954357, 60.547530632115006], [9.420069617659276, 60.54754630736597], [9.420231570738796, 60.54756092330937], [9.420441365170584, 60.547564132449196], [9.420707460325026, 60.547571500004494], [9.421023646487622, 60.54755972392015], [9.421034100362581, 60.547558451722466], [9.421244451975317, 60.54753621118808], [9.421401760137309, 60.54750364790719], [9.427863031139943, 60.5461587172155], [9.42905870209771, 60.54592252133886], [9.430052354742314, 60.54583618574317], [9.43043207867912, 60.54578114248794], [9.430514543624493, 60.54576920031534], [9.43078865154329, 60.545678057213024], [9.430929001478182, 60.545622902712985], [9.431075565753837, 60.54555819735337], [9.431331741849203, 60.545508515896536], [9.431704459818823, 60.54546757708214], [9.432070593892362, 60.54542348181346], [9.432470955136344, 60.54542995935728], [9.43288983608102, 60.545432889618446], [9.433192698262147, 60.54540918768709], [9.433494693773598, 60.545342786390165], [9.433833357142328, 60.54527143664311], [9.434155044518421, 60.54522754820008], [9.43432547232223, 60.54522369024669], [9.434413322458221, 60.54522502154033], [9.43451961372771, 60.54522856352845], [9.434600038438385, 60.54524011498124], [9.434715749784372, 60.545223979339696], [9.435203270953204, 60.545064971526976], [9.436236405805552, 60.5447278667761], [9.43684250502805, 60.54471106484646], [9.445337674574107, 60.54447469755326], [9.445546432385134, 60.54445298318333], [9.445969466936036, 60.54440933363033], [9.4469117743156, 60.54431173290212], [9.448645745691996, 60.54384247052846], [9.44940452321748, 60.5435823954405], [9.453207732829801, 60.542278748399944], [9.457569699835286, 60.540608723922844], [9.46011565403388, 60.53933878645095], [9.461199351921556, 60.53880199718042], [9.466256554107892, 60.536297955042585], [9.477293120004326, 60.53082567478133], [9.478694766405765, 60.5301455245434], [9.478984120078923, 60.53007040223068], [9.480348808854284, 60.529716489369655], [9.480356627365078, 60.52972311361524], [9.480497006317766, 60.52976205392572], [9.480590041425907, 60.529776621020964], [9.480706031503765, 60.529784039524074], [9.480789355087817, 60.529784883663275], [9.480876343258798, 60.529781379589124], [9.480986872640466, 60.52977264121966], [9.481109888820962, 60.529752810181115], [9.48112346537751, 60.529750312911176], [9.481143045460351, 60.5297458144627], [9.481219082641115, 60.52972835601141], [9.481259830921061, 60.5297186149014], [9.481341518997407, 60.52969266048194], [9.481431410509057, 60.52965930592644], [9.481625418594321, 60.52959057621732], [9.481770298294393, 60.52954537040214], [9.481864738165196, 60.52951211409453], [9.481991476363856, 60.52946939619763], [9.482077263237644, 60.529440821196474], [9.482226316042619, 60.52938399769919], [9.482348746672871, 60.529350461105366], [9.482470977111426, 60.529319166142955], [9.482620464623448, 60.529273700421406], [9.482738212984058, 60.52923762941838], [9.482873911702267, 60.52919483206484], [9.48305400892784, 60.52912624398635], [9.48320157466, 60.529051357607564], [9.483317094246727, 60.52897910326964], [9.483418840676459, 60.5289094281916], [9.483521044700627, 60.52884670210497], [9.483650120293758, 60.52877419919898], [9.483825486328495, 60.52870334412721], [9.483907347943926, 60.528679555481325], [9.484067535832384, 60.52866126197212], [9.484209546422637, 60.52864995529643], [9.484384272042035, 60.5286427938489], [9.48463343302105, 60.52864573589495], [9.484827934415621, 60.528654333301695], [9.48504550890609, 60.528666856229535], [9.485355453935016, 60.528682844920475], [9.48562747975802, 60.52868772219075], [9.485696524208183, 60.528684461858816], [9.485761130592106, 60.52868794775822], [9.485863394674986, 60.528695513342306], [9.485987837549454, 60.528698327346575], [9.48619020682504, 60.528690778408965], [9.486429116792198, 60.52867565232917], [9.486676995237548, 60.52865612716886], [9.486923922361164, 60.528625042034946], [9.487229776661481, 60.52857290622019], [9.487516828631362, 60.52852071122845], [9.487956053483034, 60.52846185581655], [9.488222558844656, 60.52844660906651], [9.488535678411214, 60.52843968156349], [9.488869056569035, 60.528461762190396], [9.489109027433907, 60.52846503546003], [9.489271315734204, 60.52847832301726], [9.489443358266852, 60.52849867416339], [9.489614902658214, 60.5285187344608], [9.48981380321816, 60.528527236632854], [9.49005727213985, 60.5285142728159], [9.490211932784394, 60.528478013132066], [9.490334183125494, 60.52844653207083], [9.490465957837468, 60.52841274502801], [9.490563600578884, 60.528347755182956], [9.490640242160474, 60.52824202590989], [9.490714112915775, 60.52817506224441], [9.490807284270396, 60.52811915729348], [9.491024409032685, 60.52804534122584], [9.491476640139032, 60.52798188269385], [9.49194970792506, 60.52794511490049], [9.492354565497346, 60.52793459386762], [9.49265979289396, 60.52795037046322], [9.492835951817174, 60.52796584749016], [9.493049076453085, 60.52798303332151], [9.493337282386738, 60.52801511436023], [9.493669827129143, 60.528025988452406], [9.493959091131316, 60.52800789163322], [9.494265780026454, 60.527964684673876], [9.494410484488954, 60.52791927854134], [9.494568259805419, 60.527862532721606], [9.494644852495464, 60.527838519865405], [9.494839215564213, 60.52776960665368], [9.495142738587772, 60.52769026672178], [9.495520682494064, 60.52760716308847], [9.495721570234272, 60.52757928857733], [9.495855232320261, 60.527579414589944], [9.495887290746198, 60.52757668995784], [9.495910716723799, 60.5275763984413], [9.495915401433434, 60.52757677211875], [9.497599388584007, 60.52767563135241], [9.501588571091707, 60.52760878234009], [9.50569722902297, 60.52791016275077], [9.50724612532623, 60.528202402125736], [9.507556238964888, 60.52826685549285], [9.508021608339556, 60.528363452327916], [9.508474693539563, 60.528418411097576], [9.508714985281806, 60.52852516133576], [9.508802380200178, 60.52851598599394], [9.508991932934821, 60.528460174320266], [9.5091172942879, 60.528491984281935], [9.509288938643527, 60.528517962923786], [9.509409093337517, 60.52856107777125], [9.509522893917218, 60.52859214056966], [9.50968230369052, 60.528608434223784], [9.509847160493333, 60.528616312374794], [9.509968848322712, 60.528651479978826], [9.510269666235715, 60.52870942348945], [9.510560248101326, 60.52875236439172], [9.510700641475934, 60.52875266287757], [9.511101674177443, 60.528662457752425], [9.511477048491823, 60.52867820262687], [9.51183934154054, 60.52865911757807], [9.51205086874269, 60.528670716748564], [9.512340893266172, 60.5285921320904], [9.512513873298955, 60.52856506213689], [9.512939922119143, 60.52840811353335], [9.51331870226331, 60.528334894704095], [9.513549092794047, 60.52821164055603], [9.513967334973197, 60.52791873894078], [9.514315128970061, 60.527755771832915], [9.514726408040275, 60.52787630579697], [9.514910219193915, 60.527960827637706], [9.515176769773486, 60.528033457994795], [9.515731008723451, 60.52805088953573], [9.515901604108425, 60.52815520522747], [9.51596249215728, 60.528553167565086], [9.515938758764108, 60.528681248135285], [9.516302313939219, 60.528886209703664], [9.516375310699946, 60.529108362984324], [9.516557189012435, 60.52924311187349], [9.516597288119065, 60.52930281247857], [9.516512358856698, 60.52939975318901], [9.51650473677334, 60.52959329639638], [9.51642221097818, 60.529718055655245], [9.51643890350453, 60.52979731198251], [9.516389214274401, 60.52993521344453], [9.516410659907365, 60.53003059529796], [9.51661825962133, 60.53024524211163], [9.516675445077967, 60.53044865418394], [9.516844790990607, 60.530668115018905], [9.516838608611401, 60.53076271898274], [9.516892020027532, 60.53086670698418], [9.516947403752225, 60.53092460687863], [9.517037187621915, 60.530986443299305], [9.517132802345516, 60.531024670125674], [9.517235610601794, 60.53122618056807], [9.517313130770225, 60.53130218153985], [9.517450921286608, 60.53139866389562], [9.51827479354736, 60.531568033069746], [9.518753397446092, 60.5316925845016], [9.519423168032654, 60.531859562252116], [9.520016433643635, 60.531980098568816], [9.520539496553234, 60.53208811330666], [9.520679580201818, 60.53210863772548], [9.520869967351343, 60.53213303194573], [9.521115694963541, 60.53215205318513], [9.52154696195103, 60.532186357893394], [9.52204224065355, 60.53223310449547], [9.52204638222911, 60.53223345487972], [9.522219496938206, 60.53224876668143], [9.52267441717166, 60.532300870402246], [9.522912430806793, 60.532344950414526], [9.52297805949651, 60.532357549776286], [9.523062427809114, 60.53238351966332], [9.528905999558685, 60.53260989399996], [9.53595626281386, 60.532887871438895], [9.545206162981783, 60.53322931904481], [9.549094494282478, 60.53338287718445], [9.551442489506709, 60.53348797205782], [9.5569186327846, 60.53373280786053], [9.571502086802703, 60.53423973978159], [9.57886638991252, 60.5344133914645], [9.582686468430941, 60.534768275652745], [9.588310972276506, 60.53550020426889], [9.597302344153235, 60.537162073117926], [9.602171750183928, 60.53806506248083], [9.603831268351673, 60.53837277131648], [9.604893687638372, 60.5385040957036], [9.605780019126588, 60.53861352080877], [9.607069571663576, 60.53885508725316], [9.607101186378383, 60.538795893047805], [9.607105556091238, 60.53878941060879], [9.607158673591353, 60.53870534949309], [9.607170383365068, 60.53866910706832], [9.6071829606314, 60.53862219076772], [9.607197096338464, 60.53856921814164], [9.607203988855888, 60.53856184794653], [9.607257381520258, 60.5385056953492], [9.60729071804311, 60.53842632272485], [9.607555335947536, 60.53777964868584], [9.607713434816835, 60.537630184609306], [9.607733399006797, 60.537496275551014], [9.607928980839283, 60.537310442476006], [9.607995728714107, 60.53710850412611], [9.60807632157269, 60.536885978291366], [9.608174470077785, 60.53674326576661], [9.608328231123393, 60.53659128577312], [9.608394448867925, 60.53641659329993], [9.60850682111216, 60.53628057587682], [9.608708492040648, 60.53592454458652], [9.608769884313656, 60.5357951923664], [9.60891559370618, 60.535520587510945], [9.609009797487737, 60.535336858761994], [9.609135177394027, 60.535219185857166], [9.609243920446799, 60.53495811294935], [9.609469643185363, 60.53452017244197], [9.609582562840385, 60.53428221627273], [9.60992447748995, 60.53376735620751], [9.610197416885294, 60.53324547428173], [9.61041761772981, 60.53286679364275], [9.610572815473066, 60.532558105035946], [9.610685740685536, 60.53235398530956], [9.610765240949226, 60.53224300371967], [9.610793770748584, 60.53214525784144], [9.610959982191261, 60.531693748498824], [9.610954384074935, 60.53167912333198], [9.61094613851971, 60.531657371699644], [9.610964853637398, 60.53163932090343], [9.610979037938959, 60.53161667717035], [9.61103949992135, 60.53158483732194], [9.611145874888418, 60.53153064780878], [9.611229468337253, 60.53146959688078], [9.611285491001412, 60.53141507945813], [9.611295704134742, 60.53131983199295], [9.611296253565873, 60.53122887301232], [9.611237365713292, 60.53114936740609], [9.611044570905749, 60.53106462268127], [9.610897479738426, 60.53098946656543], [9.610833749472054, 60.53092587321623], [9.610848040113803, 60.530859857978186], [9.610973094143526, 60.53079877535704], [9.611139896980161, 60.53071292471991], [9.611233190275819, 60.53061995950736], [9.611330899756098, 60.530515834052004], [9.611392272115017, 60.53041824730651], [9.611471535355859, 60.53031850480944], [9.611541799698596, 60.53019824007635], [9.611584817630018, 60.53008695178968], [9.611575569709764, 60.530007655199505], [9.611576887473092, 60.52990988799137], [9.611596512331037, 60.52980089276357], [9.611662054586002, 60.529703474692504], [9.61185218653974, 60.52959264991428], [9.612047140988553, 60.529470411161604], [9.612131167634343, 60.52933657446651], [9.612100235024583, 60.52922301376456], [9.612092288188112, 60.52911398277836], [9.612111504287032, 60.52901181032964], [9.612158792636016, 60.528886926086315], [9.612261210975154, 60.528789560065725], [9.61233094422126, 60.52872614805622], [9.612432897892878, 60.52864910114754], [9.612544777965645, 60.52855850715971], [9.612651790489325, 60.528486164354625], [9.612703534429802, 60.52837945850785], [9.612713700535323, 60.52826144139231], [9.61269163277821, 60.5281637180069], [9.612669676530029, 60.52804998069021], [9.612661905957548, 60.527909190014924], [9.612653891487733, 60.52777972836152], [9.61265527225801, 60.52766621531839], [9.612610165328793, 60.52754785165396], [9.612528073234499, 60.52744104022905], [9.612404673947768, 60.52735199546584], [9.612331840097315, 60.52725428764739], [9.612291528389576, 60.527124688967], [9.612301589158482, 60.52702484581777], [9.612413426665933, 60.52690707300842], [9.612556968843533, 60.52683683844132], [9.612761321727449, 60.52672163879312], [9.61283610857251, 60.52660812605541], [9.612851047511741, 60.526483372739634], [9.612810887351666, 60.52636052971747], [9.612738156121434, 60.52624905758924], [9.612725280328789, 60.52614000722676], [9.612795768615856, 60.526006252581645], [9.612851826280819, 60.52594048734408], [9.612936370654369, 60.52577715431258], [9.61299780611774, 60.5256319644139], [9.61307322056175, 60.52546862190974], [9.61311577278486, 60.525339226367954], [9.613154315624428, 60.52517799171362], [9.613188652739842, 60.524984999999035], [9.61324975648703, 60.52483520708416], [9.613297524825489, 60.524683254794226], [9.613294023231088, 60.52455847535983], [9.613332056598384, 60.52445400451483], [9.613402869882313, 60.5243018146753], [9.613417465515656, 60.524204314812174], [9.61341382550452, 60.524108866909145], [9.613419317437492, 60.52400901892968], [9.613457096652564, 60.52391812645911], [9.613490019492168, 60.52384323591637], [9.61351441516471, 60.52375486167817], [9.613533437326264, 60.52365709094598], [9.613548385451073, 60.52356185512572], [9.613549369991727, 60.52348468255044], [9.613553652183493, 60.52346883737019], [9.613578088403115, 60.523420780807], [9.613600805529122, 60.523362215719544], [9.613679862770102, 60.523298640662986], [9.613773709253802, 60.52325699177326], [9.613832861376055, 60.52322851782919], [9.613984166586272, 60.52317623456536], [9.61407826078511, 60.52311335760029], [9.614207946566744, 60.52306370918091], [9.614346993397833, 60.52300499024893], [9.614476783184465, 60.52293716759963], [9.614527824763199, 60.52288721740127], [9.614556127783109, 60.52282140889867], [9.614575454800189, 60.52272617019922], [9.614580899680155, 60.52263315969288], [9.614568182707917, 60.522535184959594], [9.61455518188791, 60.52244439802706], [9.61456090900397, 60.52233763030291], [9.61459434735479, 60.52223549315726], [9.614627121788693, 60.52215159734058], [9.614646548959522, 60.52204259406419], [9.614689581413318, 60.52192230683151], [9.614736113395232, 60.52182924845706], [9.61479703717033, 60.52173857202952], [9.614853357854248, 60.52165031913497], [9.614881840355592, 60.52158451786949], [9.614933094005016, 60.521529986625], [9.61501177060266, 60.52149168305641], [9.615155568423788, 60.52140327864816], [9.615340813395465, 60.52130827128047], [9.61555402363, 60.5211999061567], [9.61573957956297, 60.521079983370846], [9.615902187127611, 60.52095094312433], [9.616004569936374, 60.52086014311433], [9.616102114947578, 60.520751239199996], [9.616177341297002, 60.52064260256001], [9.616196828864716, 60.52052442258851], [9.616201715087062, 60.52043363933273], [9.61619863850553, 60.52033146517771], [9.616102843242539, 60.520206103421884], [9.615919678006902, 60.520062719645296], [9.615737230467525, 60.519921614372045], [9.615687699364125, 60.51977607552053], [9.6156198298142, 60.51964419350746], [9.6154968754685, 60.51950324419926], [9.61528123704408, 60.51936853495367], [9.615033668805072, 60.51928526852252], [9.61479883965791, 60.51919018813158], [9.614555449294272, 60.51911473897988], [9.614412986196777, 60.519071269562865], [9.614297859954325, 60.519034665331354], [9.614215029979887, 60.51900035746924], [9.614041063815128, 60.5188796606361], [9.61396833435597, 60.51877043866771], [9.613946697816154, 60.51866355375033], [9.613961217073527, 60.51857963950284], [9.613971092371925, 60.51851155579077], [9.614004346650505, 60.51840941139677], [9.61403747148244, 60.51832777973858], [9.614043266208972, 60.51821183564249], [9.6140535323672, 60.518107411332394], [9.614031174102088, 60.51802569473777], [9.613999361957813, 60.517975542497986], [9.613954031410662, 60.5178914566035], [9.613955023904186, 60.517782427510795], [9.61396095149234, 60.51767116832574], [9.613851272091285, 60.51754596267574], [9.613778464722204, 60.51748218287514], [9.613769505668413, 60.51745266325788], [9.61374652372098, 60.517386759789126], [9.613688369702306, 60.51727992710028], [9.613629109235777, 60.517177549164124], [9.613537975793959, 60.5170659623116], [9.61344216534489, 60.516974794109515], [9.613345957559304, 60.51688162993956], [9.613281933292368, 60.51680677631826], [9.613281615290656, 60.516806493476864], [9.61326421851397, 60.516785991460274], [9.613228371451846, 60.51667457168043], [9.613165032047334, 60.51654737082357], [9.613092229321694, 60.51645398363069], [9.61306918201565, 60.51643343290538], [9.612991347445904, 60.516351630867966], [9.612833416971352, 60.516298084360386], [9.612648976086975, 60.51621628742652], [9.612619932150645, 60.51617803562771], [9.612556278925354, 60.51610535637705], [9.612538546636866, 60.51601671729483], [9.612585466485296, 60.515916926081125], [9.612637134028615, 60.515848913922625], [9.612641964822023, 60.51583525077676], [9.613141443436705, 60.515434845061264], [9.612822390206913, 60.51471991206616], [9.612884374251365, 60.5141283885229], [9.613277251461154, 60.513631337902076], [9.613278232415494, 60.513630927642836], [9.614209919455941, 60.513183215242336], [9.614923717275937, 60.51295112003541], [9.616033878436866, 60.512860951103846], [9.61729722216459, 60.51294822016942], [9.61845375599121, 60.5126889239044], [9.619094200643035, 60.51202179624486], [9.618988696766552, 60.51155866837758], [9.618844715103116, 60.51088682604249], [9.61895528242183, 60.51044143218444], [9.619242091647255, 60.50981418254487], [9.61942370733012, 60.50938047981198], [9.61972000348004, 60.50891559641059], [9.61985713348158, 60.50830920281216], [9.619982732384905, 60.50777433564609], [9.619877521995548, 60.507419209109486], [9.619369965444777, 60.50684974778822], [9.618510983987939, 60.50652704824248], [9.617581239635726, 60.50608458281065], [9.616809685229017, 60.50567532595807], [9.615531871100613, 60.505020785440806], [9.614835703260662, 60.504488848140696], [9.614011070276039, 60.50396034676701], [9.612864522635775, 60.50328418216255], [9.611954228214518, 60.502833280856926], [9.610087172471523, 60.50144389158882], [9.610485222802712, 60.50120875674947], [9.61109882897017, 60.50084601298605], [9.611785085361031, 60.500342672227134], [9.612772480817721, 60.50032874346177], [9.613671123102051, 60.50030212594686], [9.616309321299857, 60.49979694413604], [9.616814698254911, 60.49961049968748], [9.61829073367998, 60.499292149507866], [9.635014041339604, 60.49570181321328], [9.635080058679776, 60.49567000891371], [9.636461477634754, 60.495004252260294], [9.638945886929154, 60.493439569304705], [9.648151122409573, 60.4909394971268], [9.670357375706978, 60.484893111824675], [9.675398686092045, 60.483519578385575], [9.676945774581707, 60.4830954725836], [9.678905475323594, 60.48259804774723], [9.685533386236498, 60.48109926149361], [9.692503239114334, 60.47951473053835], [9.716791112420918, 60.47402079764405], [9.717662323908305, 60.473821441245526], [9.717162894608004, 60.47330669837707], [9.717246773950361, 60.47290501456559], [9.717980352982712, 60.472430330701044], [9.717331325082403, 60.47216142063952], [9.717212036305002, 60.47166195431704], [9.71795094769384, 60.47126846812669], [9.718540916814488, 60.470778810985884], [9.719589213704742, 60.47072145098184], [9.720320064352677, 60.47082254025512], [9.72174232149254, 60.47126591532966], [9.722338873678748, 60.47129858544182], [9.723021862577738, 60.47202746079055], [9.723429042730157, 60.4724397189869], [9.787567557756661, 60.45717518062978], [9.798387789367851, 60.4547774391487], [9.800896298017445, 60.45423283456454], [9.804430724912468, 60.45447949148209], [9.811993814475112, 60.455017985184114], [9.814601941605869, 60.455195743566826], [9.818618044455116, 60.455778683816945], [9.819278754863975, 60.45587469695486], [9.819845403986163, 60.45595741524509], [9.820600202141629, 60.456066624113305], [9.821329724826866, 60.45617214499155], [9.822116966151448, 60.456287017200026], [9.82281799882368, 60.456298295617074], [9.823662604501417, 60.456311739915066], [9.824420297793782, 60.456324135644195], [9.825399368362042, 60.45633974290587], [9.826511202708026, 60.456357898679684], [9.827264915842195, 60.4563701232817], [9.828438429262182, 60.456388772549225], [9.829206880944884, 60.45640110938156], [9.830369281965067, 60.456419759321065], [9.830483787326957, 60.45642142135584], [9.830500167630513, 60.456421518262566], [9.830505973939243, 60.45641823494734], [9.830513082871253, 60.45640906391862], [9.830520185948712, 60.45639764328696], [9.830527091169273, 60.45639089366392], [9.830538746519508, 60.45638405876747], [9.830557318780777, 60.456374973450366], [9.830578085429842, 60.456371551882796], [9.830594280458829, 60.45637281125142], [9.830601194833156, 60.45637514945584], [9.830624493687152, 60.45637641503915], [9.830638319116717, 60.456374253215515], [9.830656888014852, 60.45635832965503], [9.83066398683547, 60.45634807852673], [9.83066870765814, 60.45633674523558], [9.830680549873838, 60.456332166966654], [9.830694198421561, 60.45632882858717], [9.830710591259077, 60.456325416931726], [9.83073589675884, 60.45631866274911], [9.830747130418738, 60.45631676006882], [9.83075444797151, 60.45631542496291], [9.830770497130803, 60.456310740291336], [9.830791424651464, 60.45630516554571], [9.83080542103303, 60.45630193065107], [9.830819621091816, 60.45629627434763], [9.830830895803535, 60.456290684282], [9.830838006299478, 60.456284932349156], [9.830845105046164, 60.4562746812102], [9.83084510586328, 60.45626667346862], [9.830838713662597, 60.45625076935184], [9.830831787551478, 60.45624393195423], [9.830827039944513, 60.45623942861126], [9.830820488509259, 60.456229096752544], [9.830827593120661, 60.45622109521723], [9.830834508299743, 60.45621542566778], [9.83084179983016, 60.45620968077212], [9.83085999305295, 60.45620525938297], [9.830869639943849, 60.45620302508972], [9.83087856681111, 60.45619959313335], [9.830888032646866, 60.456197351801144], [9.830904033103534, 60.45619068577288], [9.830913511490968, 60.45618493590276], [9.830922774445806, 60.45617710823368], [9.830929866466144, 60.45617261522849], [9.830936800050269, 60.456165686740206], [9.83094844347097, 60.456154352599754], [9.8309531901747, 60.45614742908155], [9.830965014634772, 60.45613610197697], [9.83096755602884, 60.45613044236261], [9.830969902905743, 60.45611685738977], [9.830965170331346, 60.45610425688849], [9.830961157783557, 60.456092854049025], [9.830959129225539, 60.456075859903905], [9.830956786407631, 60.45606884076543], [9.830956772945767, 60.456060922444465], [9.830968419719273, 60.45605642653167], [9.830980255125272, 60.45605760637331], [9.830993915295672, 60.45605876716719], [9.831005374351871, 60.45606002235286], [9.831016837590377, 60.456060108025504], [9.83102849612912, 60.45606011131339], [9.831040342373289, 60.45605436349837], [9.831045060544692, 60.45604761881865], [9.831047248174807, 60.45603960610354], [9.831047257299495, 60.45602925933701], [9.831047414797968, 60.45602026796218], [9.831033561815667, 60.45601460093051], [9.831022286301017, 60.45600876415763], [9.831006260714025, 60.45600301267447], [9.83099243206164, 60.455998336308525], [9.83098094701149, 60.45599267133713], [9.830971658892866, 60.45598808148415], [9.830962939028828, 60.45597649567066], [9.830958179676221, 60.45596749312654], [9.83095160393528, 60.45595617060441], [9.830951621456013, 60.455943484814064], [9.830951797411567, 60.45593323450643], [9.830954150158686, 60.455921899136534], [9.830954692397565, 60.455910493391755], [9.830954687300862, 60.455900236046574], [9.830957410511342, 60.45588657572741], [9.830959599849706, 60.455881982128815], [9.830966704346862, 60.45587398058447], [9.830969235651784, 60.455867240878746], [9.830973781123307, 60.455858150139676], [9.830976133076495, 60.45585482251143], [9.830976148104664, 60.455846725348], [9.83097868606801, 60.455834227502784], [9.830976495813522, 60.45582739424435], [9.830960637907177, 60.45581373147313], [9.83095152500917, 60.455806899053826], [9.830937702328443, 60.45580447228622], [9.830923851152251, 60.45580222435945], [9.830905648898673, 60.45579755792738], [9.8308845372942, 60.45579628742796], [9.830870887301085, 60.455796206715185], [9.830857027760208, 60.4557962978056], [9.830838670468076, 60.45579603411167], [9.83083193305969, 60.45579487247046], [9.830810819776099, 60.455790182844474], [9.830797329032283, 60.45578452986517], [9.830781110804148, 60.455774272113196], [9.830765273124777, 60.45576276950173], [9.830746882321082, 60.45575242729309], [9.830735576772677, 60.45574335022492], [9.830724124546265, 60.45573633687876], [9.830724109461594, 60.45572499944345], [9.830733573490814, 60.45571933900569], [9.830758884376412, 60.45571483441532], [9.830770717969404, 60.45571259515913], [9.830788912601841, 60.455711592891035], [9.830802922973785, 60.45570826857221], [9.830816951779784, 60.455703685318745], [9.830819488974095, 60.455699195218926], [9.830822048791967, 60.4556922766739], [9.830812754907067, 60.45568543720816], [9.830810179972348, 60.45568101831727], [9.830801272501393, 60.455675183595915], [9.830787444016885, 60.455670507210606], [9.83077595660854, 60.455669430850115], [9.83076194038134, 60.4556705055634], [9.830736647970909, 60.455673751221745], [9.830722627549546, 60.45567599544282], [9.830708979282477, 60.455679333828876], [9.83068348569754, 60.455680412257415], [9.830664719433399, 60.45568157223984], [9.830646529008813, 60.45568140497916], [9.830628147480361, 60.45568015058725], [9.83061886116477, 60.455678979825976], [9.830602650566812, 60.45567439077092], [9.830588989784527, 60.45566180308316], [9.830578058998466, 60.45564923154269], [9.830573324099463, 60.4556412196562], [9.830562028690256, 60.455633222665114], [9.830543450237078, 60.45562863153036], [9.83052272096007, 60.455629535232724], [9.830501763684513, 60.45563186966881], [9.8304899301039, 60.45563410890123], [9.830483202792363, 60.45563402733373], [9.830471729658239, 60.45563286152622], [9.830464811248536, 60.45563169282886], [9.83045352427129, 60.45562135680524], [9.830453512574463, 60.45561685759994], [9.8304560624133, 60.45560885897197], [9.830460964236309, 60.455597532725186], [9.830463519920752, 60.45559178369968], [9.83047952435699, 60.45558394820763], [9.830500294702397, 60.455579357133864], [9.8305190382655, 60.45558062561879], [9.83053724873617, 60.45558295307783], [9.830555646113876, 60.45558753717516], [9.830569458619388, 60.455588883890144], [9.83058785434327, 60.45559004886843], [9.830596963779147, 60.455590043081706], [9.830613327750234, 60.45558681027565], [9.830620438123624, 60.45558105835263], [9.83062280100926, 60.45557080308021], [9.8306228203164, 60.455561536405774], [9.83062314139087, 60.455545803262005], [9.83061841235456, 60.45554004097992], [9.830616421685546, 60.455531955821456], [9.830614227329956, 60.455526292070005], [9.830618952230436, 60.45551378926659], [9.830619125752866, 60.455508127586945], [9.830612219948353, 60.455503450361704], [9.830601097233382, 60.45549779943608], [9.83058707775099, 60.45549203590241], [9.830584708212664, 60.4554886147154], [9.830587260540838, 60.45547602745766], [9.830589612503601, 60.45547269983628], [9.830591992964898, 60.455469193372714], [9.830605997390572, 60.45546361947067], [9.830622222996672, 60.45546011136154], [9.83064022805524, 60.45546144109808], [9.83065462221027, 60.45546371016596], [9.83067279239962, 60.455461717242265], [9.830682089559742, 60.45545596034825], [9.83069831934583, 60.45545128271772], [9.83070994749061, 60.455448045758125], [9.830726150447877, 60.45544696608118], [9.83074472127714, 60.4554458884717], [9.83077019791994, 60.45544948807717], [9.830795344339414, 60.45545973299028], [9.830806813237965, 60.45546206828133], [9.830820468964507, 60.45546439860192], [9.830850869110412, 60.45546225122685], [9.830864507208142, 60.45545783273391], [9.830876355747566, 60.455447496303655], [9.830880720132209, 60.45543839852945], [9.830883448406869, 60.455434995556416], [9.83090420853753, 60.45542932432673], [9.830925125395256, 60.45542266946131], [9.830939129745037, 60.45541709552329], [9.830948583579096, 60.45541035497756], [9.830955325874198, 60.45540233935731], [9.830957878050556, 60.455389752090504], [9.830957867060398, 60.455377245141726], [9.830962589325164, 60.45536933095137], [9.830972244321236, 60.455364757623116], [9.830981152513349, 60.45536258458988], [9.830994995914951, 60.45535916379008], [9.83100683942979, 60.455358004602004], [9.831023023905924, 60.4553581838215], [9.831029950638404, 60.455357013465076], [9.831043795743927, 60.45535701177545], [9.831057616531695, 60.4553560194145], [9.83106451894451, 60.45535385838635], [9.831074198240213, 60.45535027572034], [9.831078535774028, 60.45534477589641], [9.831078912864918, 60.45533669280685], [9.831074354752642, 60.455329857486454], [9.831067267870543, 60.45532517324712], [9.83106034361139, 60.455321754978065], [9.831049040584547, 60.455308089309405], [9.831044496730499, 60.45530116456696], [9.831040130503224, 60.455287408630994], [9.831042658318053, 60.45527383069203], [9.83105685349087, 60.45524990926753], [9.831056866025829, 60.45524640073099], [9.831059217923057, 60.455243073100426], [9.831061392950984, 60.455238568920365], [9.83106650575872, 60.455230489957955], [9.831071407306059, 60.4552191636849], [9.831078493197124, 60.455212421065305], [9.831085404676443, 60.4551999132682], [9.831083212719177, 60.455189660895954], [9.831078674766252, 60.45518498575797], [9.831065196754203, 60.45517582427146], [9.831060459333102, 60.455172401028946], [9.831046786790113, 60.455155314181596], [9.831044600738336, 60.455147311412055], [9.83103804525723, 60.455138149077115], [9.831035676450668, 60.45512672015476], [9.831038382830831, 60.455117737880464], [9.831045501380025, 60.45510964690791], [9.83105913758755, 60.45510180927729], [9.831070965042649, 60.45509732038798], [9.831082619802531, 60.4550904854359], [9.831094073368908, 60.45508148326337], [9.83110119017721, 60.45506997317202], [9.831110996629818, 60.45505415885298], [9.831113174092371, 60.45504506604398], [9.831117894546425, 60.45503373273127], [9.831122800218237, 60.45502123694333], [9.831132079477637, 60.45500873120517], [9.831136995212539, 60.454997315507605], [9.831141554750902, 60.454988135338866], [9.831146639727292, 60.454972227471345], [9.831146639455753, 60.45495279286884], [9.831142256525819, 60.45494371498484], [9.831144812759309, 60.454929958200346], [9.831144972660258, 60.45491637819624], [9.83114312681721, 60.45490281020459], [9.831140959904467, 60.45488554075949], [9.831130011455029, 60.454866220454015], [9.831122741895566, 60.454858110065835], [9.831118173763683, 60.45485019465627], [9.831109250488144, 60.4548410302628], [9.83110923697437, 60.454833111940545], [9.831113979261158, 60.45482735792519], [9.831125796534325, 60.45482178893845], [9.831132707176888, 60.454817288880676], [9.831132884774577, 60.454810457686634], [9.831126343579191, 60.454801205935134], [9.83111722747526, 60.45478753529841], [9.831107936230977, 60.454776107227325], [9.83109865752066, 60.45476117061889], [9.831092097920514, 60.4547531777993], [9.831083152816396, 60.454738434106666], [9.831078966940273, 60.45473269295264], [9.831060565558703, 60.45470984384237], [9.831051449506402, 60.45469617320171], [9.831042877341316, 60.45467451592901], [9.831040526984145, 60.45466182807328], [9.831034119001501, 60.454642594271895], [9.831031762007164, 60.454635664556086], [9.831027208174005, 60.454627659722746], [9.831022835386452, 60.45461966192659], [9.831022820178154, 60.45460832448887], [9.83103209688564, 60.45460040738403], [9.831043761540071, 60.45459465252404], [9.831059949813245, 60.4545936622221], [9.831074163314403, 60.454587916459644], [9.831081072193335, 60.45457999728832], [9.831081072930926, 60.45457198954478], [9.8310650286288, 60.45455607015093], [9.831056288204962, 60.454550331907704], [9.831037892081184, 60.454537740142165], [9.831024418518329, 60.454527409142244], [9.831012751214477, 60.45451831802638], [9.831008199867679, 60.454505724564804], [9.83100621161849, 60.4544930507832], [9.83101092023793, 60.454477218266554], [9.83101365505715, 60.45446805714934], [9.831013633958305, 60.45445447010819], [9.83101618012757, 60.45443963323465], [9.831018733899192, 60.454430465079945], [9.831014003231335, 60.45442128369688], [9.831009606155158, 60.4544122952306], [9.831005231686099, 60.45440087831853], [9.831000857219916, 60.45438946140636], [9.83098738030725, 60.454372292172295], [9.830966808387142, 60.45435277771923], [9.830959872565503, 60.45434486024071], [9.830955498121897, 60.45433344332728], [9.830946406527099, 60.45432076335076], [9.830937282262614, 60.454309431728184], [9.830923992342061, 60.45429451912911], [9.830914691232365, 60.454282010955566], [9.83091251192118, 60.45426825004441], [9.830917417541004, 60.454255754262725], [9.830922141342793, 60.45425125918663], [9.830931599009379, 60.45424334912499], [9.830940881516788, 60.45423768162854], [9.83092941210159, 60.45422391949518], [9.830922677489784, 60.45421816923466], [9.830913391578026, 60.454216998498815], [9.830904285005603, 60.45421241568427], [9.830895182617859, 60.45420666335692], [9.830888248544232, 60.454202164990654], [9.830888800812456, 60.454191839335415], [9.830888801592604, 60.45418383159218], [9.83089335100895, 60.45417357133963], [9.830886781505614, 60.45416449842052], [9.830875112666359, 60.45415198817891], [9.830866016182204, 60.45414848545308], [9.830852188327114, 60.45414380908181], [9.830831594912373, 60.45413814991428], [9.830806302817006, 60.45412996874279], [9.830785723667477, 60.45412422014726], [9.830762605770088, 60.454119542534116], [9.83073730114423, 60.454114869886325], [9.830721453379638, 60.45411029492992], [9.83070963125629, 60.45410560653758], [9.830696151275076, 60.45410103364708], [9.830687024647624, 60.45409429063635], [9.830680119953874, 60.45408160567501], [9.830684844590527, 60.4540691028647], [9.830696488990425, 60.45406118785121], [9.830721983804674, 60.45405552077678], [9.83073617450005, 60.45405220349333], [9.830756748531774, 60.45404769474982], [9.830771255177236, 60.45403782157039], [9.830772962462241, 60.45403167966347], [9.830775676374204, 60.45402836611205], [9.830780033894605, 60.45402502647773], [9.830784934534343, 60.45402170795598], [9.83079676999556, 60.45401488006185], [9.830812960475397, 60.45400930115873], [9.830820405733009, 60.45400716125227], [9.83082713689351, 60.454006073286386], [9.830836392549411, 60.45400400375425], [9.830836576076667, 60.45399942216406], [9.830838956395382, 60.453995915693916], [9.83083693476335, 60.45399259800809], [9.83082821126351, 60.45398218170317], [9.830819302544942, 60.45397292787238], [9.830806010317797, 60.4539626038911], [9.830798919578466, 60.4539590891533], [9.830794567054907, 60.4539532515331], [9.83078345738164, 60.453944092091604], [9.830779281716616, 60.453939431020714], [9.8307679910127, 60.45393026454043], [9.830761423279556, 60.45392461073142], [9.83075453033919, 60.453916424980264], [9.830750330372124, 60.45391077323861], [9.830745792637112, 60.45390609809156], [9.830741417507546, 60.45390268891527], [9.830734697241473, 60.45389684922519], [9.830734699742345, 60.45389226059761], [9.830730667388098, 60.453878697571255], [9.830735769985102, 60.45386953852787], [9.830740674791997, 60.453865050495324], [9.830747945666891, 60.45385714541515], [9.83076192923338, 60.45384941130482], [9.830773951550318, 60.45384484005273], [9.830778490084374, 60.453841507455685], [9.830790302860974, 60.453837108006724], [9.830799572718373, 60.453834949055405], [9.830820329337348, 60.453833866453216], [9.830834149479987, 60.453832874107384], [9.830841576264055, 60.453831993132525], [9.830848502674181, 60.45383082278143], [9.830857581421943, 60.453827576697435], [9.83086723178051, 60.45382417288289], [9.830871774484349, 60.453819670770244], [9.830871952120795, 60.453812839576514], [9.830872312497343, 60.453809434535856], [9.83087231079599, 60.45380601542025], [9.830870495303369, 60.45379568769894], [9.830868492109545, 60.453791111080285], [9.830864106916378, 60.453786621816924], [9.830861931050109, 60.45377969913622], [9.830859926158118, 60.45377170340185], [9.830853376869948, 60.45376479066413], [9.83084898580024, 60.45375805179697], [9.830844641658764, 60.45374987515407], [9.83084027072204, 60.453745296468895], [9.83083390915074, 60.45373263262773], [9.830829347114982, 60.45372696681364], [9.830825711191084, 60.45371548862577], [9.830823154828757, 60.45370981080289], [9.830823692853489, 60.453699574568745], [9.830831164836374, 60.45369383670288], [9.830835512239947, 60.45368941697492], [9.83084279899719, 60.453684841583105], [9.8308524107534, 60.45368053652025], [9.830859150209378, 60.45367710952735], [9.83086642689487, 60.45367145404304], [9.830873343203768, 60.453669203599084], [9.83088060981888, 60.45366246802283], [9.830883513088153, 60.45365682248145], [9.830888401889753, 60.45364900474819], [9.830888596244838, 60.4536374955052], [9.830884576396297, 60.453620423945964], [9.830883117097889, 60.453607860696195], [9.830883115394323, 60.45360444158053], [9.830885835915836, 60.453595369885896], [9.830885832507988, 60.45358853165453], [9.830884196353516, 60.45357479185509], [9.830884895259384, 60.45356240247542], [9.830885256403548, 60.4535509896909], [9.830888166318744, 60.45353958600897], [9.830888349832719, 60.4535350044184], [9.830888366556813, 60.453530326369275], [9.830891258040262, 60.453520181620654], [9.830891252925568, 60.45350992427354], [9.830896704946781, 60.45350428783407], [9.830903971518458, 60.45349755225592], [9.830911055342789, 60.45348739052422], [9.830920527027502, 60.45347939103894], [9.830930149540464, 60.453468158316795], [9.830935233584587, 60.45346025819739], [9.830942504316983, 60.45345235310459], [9.83095686226789, 60.453441124508444], [9.830961775333273, 60.45343429744174], [9.830969054408943, 60.45342405332264], [9.830971772424954, 60.453419570253814], [9.830976685483746, 60.45341274318645], [9.830983585766838, 60.453407163041206], [9.830986132812612, 60.45340375302597], [9.830990854759028, 60.453395838829564], [9.830991213400184, 60.45338901467231], [9.830998659245168, 60.45337886700975], [9.831001377253004, 60.45337438394019], [9.831006290298298, 60.45336755687155], [9.831010837092263, 60.45336188524062], [9.831013761190295, 60.45335039213383], [9.831013940507992, 60.45334698005513], [9.831016650896771, 60.45333682826571], [9.83102172900237, 60.45332667853881], [9.83102408492981, 60.45332218139424], [9.831024457809454, 60.45331526781564], [9.831024450193768, 60.453309599096094], [9.831027355858732, 60.4532993649224], [9.831029896994787, 60.453293705302514], [9.831032800935319, 60.45328005201265], [9.831032980250265, 60.45327663993388], [9.831030629236766, 60.453271959822004], [9.831028781045427, 60.45326298045685], [9.831029514273688, 60.45325266183655], [9.831034415500172, 60.453241335559326], [9.831037312804659, 60.45323344040998], [9.831044420844925, 60.45322426933974], [9.831049507271693, 60.45321178058658], [9.831054230896179, 60.45320728550328], [9.831056948880851, 60.45320280243224], [9.831059304793586, 60.45319830528683], [9.831059321490407, 60.45319362723726], [9.83106440128296, 60.453186896624175], [9.831069300037875, 60.45318015897377], [9.83106983551953, 60.45317451136551], [9.831072399231543, 60.45316642329854], [9.831074926101378, 60.45316085309867], [9.831077459590777, 60.453149524757876], [9.83108001077856, 60.453144945227955], [9.831077641346566, 60.45314152405049], [9.831078176825786, 60.45313587644213], [9.83107276491078, 60.45312639865019], [9.8310738970307, 60.453113576236404], [9.831082347685305, 60.45310283780517], [9.831088684629254, 60.453095076359446], [9.831098798983502, 60.45308647202232], [9.831115231135875, 60.4530793729155], [9.831120164259424, 60.45307470602417], [9.831122343290076, 60.45306903232786], [9.831127433831144, 60.45305537405843], [9.83113033109422, 60.45304747890644], [9.831130873171876, 60.45303607315664], [9.831130863802478, 60.453026985320584], [9.831129404423622, 60.453014422072], [9.831127582976645, 60.45300184474931], [9.831127787306675, 60.45299141559545], [9.831128671301434, 60.45297786373714], [9.83113396371318, 60.45295836494188], [9.831139007319196, 60.452946144447615], [9.831149560483185, 60.45291992207156], [9.831152631119586, 60.4529063652358], [9.831160075756639, 60.45288479070052], [9.831165147832895, 60.45287239136253], [9.831168080162827, 60.452858559225625], [9.831173319711745, 60.45283824860035], [9.83117638859021, 60.45282127264743], [9.831182205627956, 60.452803053893895], [9.83118238144328, 60.45279280358195], [9.831185658097567, 60.45277223670686], [9.831186373530706, 60.45275516927306], [9.831189265527868, 60.45273701677006], [9.831194716306637, 60.45271995345419], [9.831197255621811, 60.45271087471356], [9.831200145181324, 60.452697310839], [9.831203063230566, 60.452683568121955], [9.831206142153093, 60.452667672259075], [9.831216127058767, 60.4526484458397], [9.83122103994169, 60.452641618760794], [9.83123302975687, 60.45263038806994], [9.831235412346134, 60.45262229296153], [9.831238837317779, 60.45260308147604], [9.83123247229969, 60.45258357942062], [9.831226287644187, 60.45257209214728], [9.83121336691496, 60.45255143551421], [9.83119789334094, 60.45253193929697], [9.831184608153764, 60.45251585721653], [9.831175852252871, 60.45250678929149], [9.831169317384305, 60.452499787149655], [9.831156028054451, 60.452484874579184], [9.831147105384236, 60.45247571019427], [9.83113638734738, 60.45245837827237], [9.831123114030083, 60.452446795394124], [9.83111418130361, 60.452436550915856], [9.831100887852582, 60.45242280785294], [9.831089803622715, 60.45240663136619], [9.831085778906846, 60.45239873706931], [9.83107887784439, 60.452392890361864], [9.831075044949625, 60.45237807544802], [9.831075582851577, 60.45236783921032], [9.83107812807, 60.452361010075556], [9.831078490842199, 60.45235301640459], [9.831081394658097, 60.45233936311121], [9.83108884856062, 60.45232687641426], [9.831091027539866, 60.452321202717535], [9.83109883932442, 60.45230989960655], [9.831105932885764, 60.452300817950714], [9.831111012519644, 60.452294087333506], [9.831111357566696, 60.45227934485074], [9.831107186226717, 60.452273514278986], [9.83110245337987, 60.45226892152977], [9.831082608511055, 60.45225285437103], [9.831071352677624, 60.45224575868276], [9.831062421749445, 60.45223893331806], [9.831053690274038, 60.45223085605621], [9.831053859501539, 60.45222636388567], [9.831056775830822, 60.45220920205518], [9.8310616626255, 60.45219796519498], [9.831064588309994, 60.45218989120068], [9.831066948312996, 60.4521842245413], [9.83106930414327, 60.452179727394366], [9.831067665510444, 60.45217057622419], [9.83106331143133, 60.45216131949789], [9.831054549753649, 60.45215000196232], [9.831038903053763, 60.45213616741248], [9.831028003428568, 60.45212683619147], [9.83101234077929, 60.452109671943646], [9.831005983602452, 60.45209583859955], [9.831015796753933, 60.45208569299282], [9.831027605394784, 60.45207445528112], [9.831039616932003, 60.452068803904346], [9.831048890435207, 60.452065475416354], [9.831067783517012, 60.45205550281726], [9.83107978496526, 60.45204877134533], [9.831089052554287, 60.45204319325052], [9.831103415712807, 60.45203421423268], [9.831115063427394, 60.45202512965823], [9.83111831917328, 60.45201041034575], [9.831114673928857, 60.45198984432828], [9.831110130489089, 60.45198291959159], [9.831103759046337, 60.45196917567296], [9.831109010275753, 60.45195336425514], [9.831116105488197, 60.45194770171397], [9.831124086381784, 60.451931906428996], [9.831128830646918, 60.451921563777226], [9.831136086723145, 60.451913748089105], [9.831145527642386, 60.45190250830617], [9.831143699632495, 60.45189568912482], [9.831139705881345, 60.451883027358335], [9.83112859157203, 60.45186361060191], [9.831122052666846, 60.45185777797166], [9.831117692008197, 60.451854279388826], [9.831097501300196, 60.45184152785613], [9.831088594794885, 60.45183569316442], [9.83107731477885, 60.451827606807996], [9.83106602642584, 60.45182185947577], [9.831054376021052, 60.4518160980685], [9.83104128401215, 60.451804522222105], [9.831032550924524, 60.451793025843656], [9.831042358069416, 60.45178063062955], [9.831049614132993, 60.45177281494589], [9.831061270107565, 60.451761391349855], [9.831070899670246, 60.45175582732929], [9.831082890928453, 60.451748015764146], [9.83109705868049, 60.45173911912934], [9.831104163922495, 60.451734536679524], [9.831116175317959, 60.45172888529394], [9.831123075204873, 60.451723305135914], [9.831127794423447, 60.45171997955917], [9.831137792613534, 60.45170867146557], [9.83114034192855, 60.451700672815804], [9.831142875255358, 60.451689344470566], [9.83113924183931, 60.45167327766141], [9.83113251012434, 60.45166293878711], [9.831121582132111, 60.4516537864174], [9.831112665595546, 60.451646871636406], [9.831105945708009, 60.45164103196884], [9.831090295050144, 60.45162836693977], [9.831074455036424, 60.45161803389712], [9.83105899550324, 60.45160645599304], [9.831054453857178, 60.45160295037152], [9.831045535617228, 60.45159261646983], [9.83103680258124, 60.45158112009214], [9.831037161173303, 60.45157429593328], [9.831037515593337, 60.451568641287004], [9.831037707404539, 60.45156172066988], [9.831038065995989, 60.45155489651102], [9.83104060524713, 60.45154581777182], [9.831043146228101, 60.45154015814907], [9.831048213941292, 60.451528928324564], [9.831053330292315, 60.451519679840175], [9.831060395190514, 60.45151077702655], [9.831070214043981, 60.451502881016864], [9.831081834813507, 60.45149739440163], [9.831086387221974, 60.45149397236769], [9.831100037840377, 60.4514894644068], [9.831116715513101, 60.451479675615715], [9.831125192451998, 60.45146533921568], [9.831129054780318, 60.45144452518552], [9.831137640443385, 60.45141921606483], [9.831150126667477, 60.45140143651597], [9.831149792044833, 60.45138981673701], [9.83114993101408, 60.45138208429153], [9.831146898741894, 60.45137710777113], [9.831147078024165, 60.45137369569135], [9.831140172991272, 60.451369018501715], [9.831126873348008, 60.451361033587325], [9.831117780030684, 60.45135294225789], [9.831111241225663, 60.45134710962814], [9.831104511320907, 60.4513401898697], [9.83109576408147, 60.45132878291739], [9.831089032446304, 60.451318444041604], [9.831085026267377, 60.45130929081178], [9.831076297458258, 60.451296624924545], [9.831069547419611, 60.451287544981724], [9.831060832867786, 60.45127478967238], [9.831048445718126, 60.451253074048246], [9.831044075775408, 60.45124048762675], [9.831042256159012, 60.45123132941911], [9.831040232931086, 60.45122459262083], [9.831040414661143, 60.45121659191206], [9.831040791661312, 60.45120850881912], [9.83104115441539, 60.45120051514737], [9.831039145435073, 60.45119368892788], [9.831039860868216, 60.45117662149296], [9.831040213546888, 60.451167547729774], [9.831045117885115, 60.45116305967933], [9.831059293724305, 60.451151824019774], [9.83108057223159, 60.451140594537534], [9.83110403309006, 60.45113052958655], [9.831122939842222, 60.4511204675506], [9.831135114293785, 60.45110807438476], [9.83114219923119, 60.45110133174798], [9.831147454446997, 60.451084350812756], [9.831154908011653, 60.4510718641068], [9.831155103956096, 60.451063773976195], [9.831158359565325, 60.45104905466], [9.831154355816933, 60.45103531280277], [9.831147805242544, 60.45102498096709], [9.831136865629178, 60.451011329392486], [9.831137226610808, 60.45099991660321], [9.831139977041621, 60.45099408517206], [9.83114485943662, 60.450984017817625], [9.831147404517267, 60.45097718867913], [9.831154849722447, 60.450967040998165], [9.831159935709195, 60.450954552233306], [9.83115813031731, 60.45094530460562], [9.831149556523059, 60.450928235973386], [9.831140638426916, 60.45091790207938], [9.831130081731823, 60.45089841701493], [9.83112590289888, 60.45088691772428], [9.83112171399072, 60.45087433834201], [9.831119719255511, 60.45086742270238], [9.831115322581125, 60.45085843424229], [9.831108784555543, 60.45084459386711], [9.83110677557919, 60.45083776764851], [9.831107311679006, 60.45082411229203], [9.831098945026524, 60.45081146048107], [9.831094763786764, 60.45080454981908], [9.831092561975554, 60.4507932173551], [9.831088928662192, 60.45077715054486], [9.83108692386192, 60.45076915481335], [9.831080548472443, 60.45075658040785], [9.831076351258604, 60.45074634004982], [9.831071812156518, 60.450738245800615], [9.831070336874363, 60.45072235285477], [9.831068709062405, 60.450706274029514], [9.831071413263995, 60.45069387262946], [9.831077048897031, 60.450675646836075], [9.831087039114975, 60.450658670020466], [9.831096664853247, 60.450646267759666], [9.831108487162956, 60.45063494061128], [9.8311232058045, 60.45062372605199], [9.83113466779995, 60.45061580394417], [9.831146845542541, 60.45061024900813], [9.831163008163164, 60.45060026025166], [9.83117719553732, 60.450593523783944], [9.831186824724046, 60.45058795974985], [9.831196112027051, 60.45058454182448], [9.831210295223862, 60.450578974865785], [9.831220087666367, 60.45056666905309], [9.83122063379, 60.45055409378669], [9.831216288187054, 60.450542498040676], [9.83120299542695, 60.45052875499469], [9.831198795789305, 60.45052310326997], [9.831180607157629, 60.4505115092543], [9.831164962907026, 60.450501093843364], [9.831146603358393, 60.45049057287798], [9.831133678601912, 60.4504790935036], [9.831113667991058, 60.450462929902244], [9.831088916472615, 60.450444512576354], [9.831077632754011, 60.450437595737625], [9.831061823535842, 60.45043050297407], [9.831048365848426, 60.45042008257259], [9.831037434111193, 60.450412099713155], [9.831021432083752, 60.45040050069976], [9.831012540219875, 60.45039457658606], [9.831005977298014, 60.450387753282996], [9.830996875929593, 60.4503820009737], [9.83098613601976, 60.45036709749255], [9.830984115288183, 60.45035577206424], [9.83098704741323, 60.45034193992635], [9.830987210723745, 60.450335198150995], [9.830985751468546, 60.45032263489996], [9.830986285867791, 60.45030556042707], [9.830984456232516, 60.45029532212727], [9.830980086424704, 60.45028273570445], [9.830978643859082, 60.45026549440268], [9.830976620694393, 60.450258757603756], [9.830972627177516, 60.45024609583367], [9.830968428325237, 60.45023243635617], [9.83096205724862, 60.4502186924336], [9.830950955367342, 60.45020377487612], [9.8309447486322, 60.45019471604061], [9.830938206626342, 60.45018204517143], [9.830932026662705, 60.45016938837623], [9.830930739098159, 60.45014774432417], [9.830928372330911, 60.450139734516554], [9.830924176961448, 60.450132913271524], [9.830922716009571, 60.450116930903185], [9.83092307459377, 60.45011010674385], [9.83092308121356, 60.45010434860174], [9.830926168309846, 60.450086113714946], [9.830929240438246, 60.45007597599552], [9.83093414950881, 60.45006231068788], [9.830936702896377, 60.45005314252717], [9.830941951405913, 60.45004191973988], [9.830952122500024, 60.45002494996897], [9.830963947062527, 60.45000903420103], [9.830974115695357, 60.44999665305776], [9.83098375794975, 60.44997957275162], [9.830995921928816, 60.449966099501104], [9.831003194255247, 60.44995360576291], [9.831010657668859, 60.44994219915278], [9.83102044407525, 60.44992764374836], [9.83103007968407, 60.44991632158068], [9.831035173180448, 60.44990950153925], [9.831044982146866, 60.449892517686045], [9.831052429544641, 60.44987778137732], [9.831057877412714, 60.44986530668738], [9.831057882264501, 60.44985612942778], [9.83106532547986, 60.44984256263086], [9.831073495179496, 60.44982443535119], [9.831078573340633, 60.44980627786495], [9.831078936052188, 60.44979828419178], [9.83108472402685, 60.44978024427395], [9.831086929557651, 60.44977097261431], [9.831092373226271, 60.44975966743526], [9.83109017738034, 60.449750584575426], [9.831090534175512, 60.44974034129778], [9.831086893296833, 60.449718605765945], [9.831087260170625, 60.44970944257986], [9.831087800402203, 60.44969461770916], [9.831090876603263, 60.44968331047178], [9.831093419832786, 60.44967306221525], [9.831096125665736, 60.449664079929526], [9.831105946347003, 60.44965159527886], [9.831115756941012, 60.449638030535816], [9.831123020811939, 60.44962787581485], [9.831132868209536, 60.4496117932022], [9.83114520291693, 60.4495972468803], [9.831147931300684, 60.44958583614632], [9.831150283406895, 60.449574500759915], [9.831155722853556, 60.44956436509022], [9.83115864824417, 60.44955629108872], [9.831163536966491, 60.44954046558659], [9.831171348007812, 60.44952916245988], [9.83117588060788, 60.44951557248807], [9.831186611744018, 60.44948593800619], [9.831187133514648, 60.449472372068286], [9.831189861870985, 60.44946096133299], [9.83119549126813, 60.44944048592459], [9.831196033198268, 60.4494290801698], [9.831199104054685, 60.44940751557673], [9.831204539936106, 60.4493905416696], [9.83120507769985, 60.44938030542752], [9.831207832768865, 60.44936529673172], [9.831210518374245, 60.44935415425943], [9.831218340072514, 60.449335923472944], [9.831221424509476, 60.4493222772054], [9.831223947496776, 60.4493098687619], [9.831226695990948, 60.449300618208675], [9.831229049806886, 60.449292701937395], [9.8312386827479, 60.44928596838113], [9.831255758048895, 60.44927367576105], [9.831262671613096, 60.449268006166506], [9.831277019213951, 60.44925911653312], [9.831284103699334, 60.449252373882295], [9.831298663176232, 60.44923872380994], [9.831310480721568, 60.44922856614786], [9.831317912976257, 60.44922192698937], [9.83132973050927, 60.44921176932543], [9.831332462945634, 60.449199189073106], [9.831330816641332, 60.4491843691824], [9.83132881424234, 60.449171784823314], [9.831324798142404, 60.44916155150972], [9.83132534594795, 60.44915239535812], [9.831323502008185, 60.44914224648268], [9.831316597407561, 60.44913756930682], [9.831316784961619, 60.44913181819983], [9.83132405280565, 60.4491204939523], [9.83133405008169, 60.44910918583053], [9.831341317914282, 60.449097861581876], [9.831353320561302, 60.449086541438604], [9.831367491197444, 60.449076475244524], [9.831374760789952, 60.449068570111486], [9.831384571084142, 60.44905500534429], [9.831387461943475, 60.44904486057393], [9.831388353947116, 60.44902896968041], [9.83139274572213, 60.44901969302914], [9.831395988510277, 60.44900848223957], [9.831398360657596, 60.448999307030064], [9.831396530944758, 60.44898906873404], [9.831394708950663, 60.44898449916047], [9.831392700599523, 60.4489696651972], [9.83139089522279, 60.44896041757156], [9.831391054274, 60.44895484530673], [9.831389244744358, 60.44894676719409], [9.831385061881099, 60.44893643742452], [9.831389949794403, 60.44892861965919], [9.83139468696268, 60.448924035132485], [9.831413938303259, 60.448910657412426], [9.831425751535868, 60.448901669250915], [9.83143759324859, 60.44889250224571], [9.831454306237788, 60.44888019552354], [9.831468466657569, 60.44886904922528], [9.831473551585683, 60.44886456818934], [9.831483195004727, 60.44885090695578], [9.831486089962247, 60.44883959266942], [9.831483729078935, 60.448833832475046], [9.831479902278645, 60.448821267175866], [9.831475717609159, 60.448807518290984], [9.831478073114429, 60.44880302113169], [9.831483184724565, 60.448794942134754], [9.831490413850178, 60.448782716626916], [9.83149788274767, 60.44877355958764], [9.831514780811002, 60.44876009037988], [9.831526575567539, 60.44875236114267], [9.831538598206599, 60.448743201163516], [9.831548395884244, 60.44873314492111], [9.831553111009915, 60.44872298108638], [9.831558578661399, 60.44871266655346], [9.831561119851225, 60.448698999166304], [9.83156147646948, 60.44868875588445], [9.831561844984135, 60.44868301181248], [9.831557466841963, 60.448672764432956], [9.8315534530705, 60.44865794249452], [9.831551633417776, 60.448648784291734], [9.831549638703258, 60.44864186865772], [9.831545449875643, 60.44862928928782], [9.831550505014958, 60.448613560223556], [9.831558154864497, 60.44860441021622], [9.831563048631162, 60.448598842048135], [9.83157741838231, 60.448587523929554], [9.831594145399318, 60.44857512776556], [9.831603397637336, 60.448569639041075], [9.831610662908066, 60.448562903405815], [9.831622677689648, 60.448548074694564], [9.83162557851966, 60.44853901000893], [9.83162338439773, 60.44853334627426], [9.831609740320529, 60.448520669294226], [9.831601021563264, 60.4485170912863], [9.831578105087031, 60.44850774284406], [9.831560096074043, 60.44850074455787], [9.831544090616326, 60.44849031512784], [9.83154245613026, 60.448479994448], [9.831542454330084, 60.4484765753299], [9.831545340932161, 60.44846760006745], [9.831550446520309, 60.44845727146183], [9.83156006074957, 60.4484517968123], [9.831564602569097, 60.44844729466334], [9.831564975224977, 60.44844038107805], [9.831558608354314, 60.44842546766988], [9.831554233847205, 60.448422058526745], [9.831549678331907, 60.44841864234731], [9.831543125769455, 60.44841289916491], [9.831536382105057, 60.448406068854226], [9.831532404602537, 60.44839673679576], [9.831534758267498, 60.448388820516726], [9.83153967219442, 60.448385412532716], [9.831546947530597, 60.44837975699231], [9.831549103593257, 60.448376511729414], [9.831563603774924, 60.448359800187816], [9.832081708584147, 60.44797703117733], [9.832092563410898, 60.447967195944436], [9.83209510988556, 60.44796378589953], [9.83209492701773, 60.44796035974517], [9.832100009850283, 60.44795245956314], [9.83210254847264, 60.44794338079354], [9.832105459221413, 60.44793539618668], [9.832111263147072, 60.44790467040463], [9.832107082433703, 60.44788975202314], [9.832105240163282, 60.44788302227422], [9.832098881392083, 60.44786576986252], [9.832094887682741, 60.44785310812162], [9.832095225742485, 60.44784412377022], [9.83209139920553, 60.44782355073454], [9.832091932512357, 60.44781448399713], [9.832089756718725, 60.4478075613345], [9.832090298278521, 60.44779615557016], [9.832093017894922, 60.44778708383587], [9.832095550113522, 60.447783763212115], [9.832097915566765, 60.44778034613155], [9.832103002494184, 60.44777127643544], [9.832108079303554, 60.447761126646995], [9.832110453005091, 60.447755370539205], [9.832112979229606, 60.44774980030949], [9.832115882101645, 60.44773614697736], [9.832120794001394, 60.447729319850644], [9.832125699908339, 60.447720243118084], [9.832130611803466, 60.44771341599091], [9.832135519571775, 60.44770775837704], [9.832138066020233, 60.44770434833095], [9.832138613551166, 60.44769519217163], [9.832134046088733, 60.447687276801275], [9.832129860870658, 60.44768153568564], [9.832116408054683, 60.44766994588599], [9.832109682780919, 60.447661856669406], [9.832105298198682, 60.44765736745263], [9.832096561645447, 60.447647040662346], [9.832092014428977, 60.44764128547491], [9.832088012492989, 60.44763096276088], [9.83208836066382, 60.447623058501414], [9.832093097534926, 60.44761847394571], [9.832104905968764, 60.4476106552282], [9.832121634131457, 60.44760167810717], [9.832126171624399, 60.44759834544976], [9.832126719155374, 60.44758918929046], [9.832122336838996, 60.44758011144165], [9.832120352172355, 60.44757427590693], [9.832109423350168, 60.447561704509496], [9.832104890383341, 60.44755585990117], [9.83210525465345, 60.447551285339266], [9.832096685289393, 60.447533047254275], [9.832096868555903, 60.44752846565701], [9.832099763158963, 60.44751715135183], [9.832107219596937, 60.44750349506034], [9.832109764166129, 60.44749666589541], [9.832110659860653, 60.44747960547639], [9.83211065613002, 60.44747276723809], [9.832111362568712, 60.44745803881075], [9.832109555183624, 60.44744537207294], [9.832107900322109, 60.447432891213246], [9.832106068583093, 60.44741923380467], [9.832104063696871, 60.44741123808554], [9.832104609363157, 60.447398662807046], [9.832098248413145, 60.44738599902843], [9.832089501815785, 60.44737459214626], [9.83208514575457, 60.447369924086416], [9.832074041995831, 60.44735959525711], [9.832055681603936, 60.44735366306521], [9.832035120697526, 60.44734782528852], [9.83201693719457, 60.44734306964034], [9.831996376302026, 60.44733723185783], [9.831968908813684, 60.44733130556554], [9.83194147394868, 60.447324030911524], [9.83192108995364, 60.44731936966666], [9.831902735589695, 60.44731568705974], [9.831882003840834, 60.44731092231646], [9.831868554942872, 60.44730617073215], [9.831863985303245, 60.44730284398602], [9.831864349602592, 60.447298269425026], [9.8318599977176, 60.4472924318449], [9.831864889383484, 60.44728344454305], [9.831871798268219, 60.44727894442271], [9.831883602493804, 60.44727229523715], [9.831893065630217, 60.44727005379847], [9.831907062099965, 60.44726564922223], [9.83191887826927, 60.4472634992444], [9.831927975263914, 60.44726241324548], [9.831935071117217, 60.44726016976275], [9.831944337153914, 60.447254591587175], [9.831946883584306, 60.44725118154441], [9.831947421044497, 60.44724094529403], [9.831940689917172, 60.44723060646467], [9.831922854695188, 60.44721794654561], [9.831904860547773, 60.447210858891886], [9.83189358187285, 60.447202772618674], [9.831882293095102, 60.44719360625255], [9.831869202566697, 60.44718203050224], [9.831862298288467, 60.447177353358086], [9.83185354769345, 60.44716711597536], [9.831849175612177, 60.44715911821089], [9.8318469875053, 60.44715570408537], [9.831844813640139, 60.447152200538405], [9.831840636806213, 60.44714412038804], [9.83183880886689, 60.44713730121481], [9.831843539725352, 60.44713046706189], [9.831846065941317, 60.447124896836876], [9.831848610531456, 60.447118067677046], [9.831851330148679, 60.447108995947275], [9.831860970558962, 60.4470999233081], [9.831875329409792, 60.44708752505421], [9.8318871519366, 60.447079616932506], [9.831894412668078, 60.44707405078945], [9.831906220944221, 60.44706623208732], [9.831918039324375, 60.44705949347614], [9.831927484458276, 60.44705050321752], [9.831934765396811, 60.44704709725625], [9.831941670089748, 60.44704376664489], [9.831958037845034, 60.44703819458893], [9.83197476161531, 60.447030386996246], [9.831988932987455, 60.44702373983976], [9.831998384075291, 60.447016999181315], [9.832017457127344, 60.44700244480554], [9.832026922443607, 60.446995614723505], [9.832036552656415, 60.44698546197834], [9.832050716146565, 60.446973146089945], [9.832055629798523, 60.446969738083084], [9.832079445557342, 60.446952848747415], [9.832088886489764, 60.44694502798987], [9.832100894037353, 60.44693595736956], [9.832114898581539, 60.44692921374202], [9.832126517503246, 60.446923727010784], [9.832138512663231, 60.4469181649276], [9.832150141694662, 60.4469137582864], [9.832167172269548, 60.4469097415436], [9.832178329492441, 60.44690486668709], [9.832187416259327, 60.44690270057686], [9.832199232278052, 60.446900550572195], [9.83221105241565, 60.446897231052844], [9.832224869560303, 60.44689623852479], [9.832243415204546, 60.44689300045964], [9.832255221095071, 60.4468897703577], [9.832266689343177, 60.44688751685533], [9.832280866597527, 60.446883119271995], [9.832294677729198, 60.446879877130705], [9.832317951850131, 60.44687439351716], [9.832336863590436, 60.44686999999506], [9.832353041960191, 60.446866759880876], [9.832380845193807, 60.4468602826164], [9.832401772290781, 60.44685695713981], [9.832413407278827, 60.44685480008083], [9.832445955113764, 60.44684940695864], [9.832469391838682, 60.44684518928806], [9.832483208954578, 60.44684419673282], [9.832496849179067, 60.44684202762758], [9.832516065921704, 60.44683800583481], [9.832541387939841, 60.446832241877594], [9.83256466198674, 60.44682675821995], [9.832587740786398, 60.446821356944994], [9.832599556750578, 60.44681920690406], [9.832613744064579, 60.446815889376666], [9.83262992238117, 60.44681264922815], [9.832639204332741, 60.446810400699434], [9.832653029638061, 60.44680706909862], [9.832683378834268, 60.446805189465636], [9.832708666048365, 60.44680536246677], [9.832724661182146, 60.446806703906056], [9.83274755871267, 60.44680930332261], [9.832761572982621, 60.44681164747127], [9.832786481803863, 60.446816484444476], [9.83280029674189, 60.446820080490156], [9.832807199142259, 60.446821338466265], [9.832818665175038, 60.446823673549716], [9.832825840049866, 60.44682665163649], [9.832834676506323, 60.44682834467472], [9.832850671657345, 60.446829686099115], [9.832869052391477, 60.44682977061], [9.832883044445229, 60.44682653544087], [9.832903768043499, 60.4468256312996], [9.83291104064068, 60.44682456431089], [9.832924861831138, 60.44682240219551], [9.832931752138112, 60.44681916095237], [9.832939026870989, 60.44681350532771], [9.832950849040428, 60.446805597106845], [9.832953383226334, 60.44679768783002], [9.832956108556022, 60.44679086567973], [9.83295647073426, 60.44678287199313], [9.83295937510391, 60.44677263775639], [9.83296446179523, 60.446755560266666], [9.832966997932633, 60.446751070109904], [9.832969717202676, 60.44674199835275], [9.832972790458678, 60.44672727193674], [9.832966244193322, 60.44671577067618], [9.83296442831503, 60.446705442973524], [9.832964774291932, 60.44669411958784], [9.832962944177064, 60.44668388130671], [9.832961132394031, 60.44667238408999], [9.832956758139842, 60.446660967238564], [9.832952751939423, 60.44665181406175], [9.832946390788093, 60.44663915032054], [9.832937646214598, 60.44662315485768], [9.83293327179357, 60.44661974576054], [9.832922361287904, 60.44660591549337], [9.832920173101646, 60.44660250138436], [9.832913637021454, 60.44659208021409], [9.83291160954941, 60.4465865129542], [9.832909793693672, 60.446576185250976], [9.832903066479329, 60.446564676953614], [9.832901431626327, 60.446554356284494], [9.83289722007309, 60.44654420540117], [9.832893055331478, 60.44653261673913], [9.832895760362703, 60.446523634404855], [9.832901028040562, 60.446506563951296], [9.832901740126246, 60.446494085120186], [9.832901917217361, 60.44648725391343], [9.832907547067801, 60.44646218977286], [9.832910280564008, 60.446453028595045], [9.832913158576494, 60.44643838456739], [9.832920604260027, 60.44642364812917], [9.832928070224945, 60.44641107187541], [9.832932963409645, 60.44640550364881], [9.832935867746881, 60.44639526941192], [9.83294094210207, 60.446381700463995], [9.832943504727606, 60.44637361234362], [9.832951121234103, 60.44635780284489], [9.832953840470049, 60.44634873108734], [9.83296147120278, 60.44633283216631], [9.832968916837892, 60.44631809572467], [9.83297165030266, 60.4463089345451], [9.832974528271462, 60.44629429051546], [9.832979443850332, 60.446286293837126], [9.832994166026232, 60.44626932088521], [9.833001249475949, 60.44626257812863], [9.83301342130402, 60.44625018475403], [9.833020504745402, 60.44624344199629], [9.833032493440752, 60.446235630220514], [9.833034862764631, 60.446231043606105], [9.83304196043468, 60.446224211425566], [9.833051581915337, 60.44621639762767], [9.833066293871264, 60.44619834457424], [9.83307611677455, 60.44618469023777], [9.833078821721454, 60.44617570789849], [9.833079011033297, 60.446165368148485], [9.833081913324767, 60.446151714786566], [9.83308971070361, 60.446135912312], [9.83309208409863, 60.446130156182214], [9.833097532596101, 60.44611309275209], [9.833100060620257, 60.44610293386416], [9.833103149956404, 60.44609153714212], [9.83310550502167, 60.44608703994767], [9.83311295250806, 60.44607572261702], [9.833118034776666, 60.44606782238801], [9.833125474208808, 60.44605083632886], [9.833128221840322, 60.446041585723506], [9.833130926758944, 60.44603260338274], [9.833131286895764, 60.44602119057354], [9.833134010133996, 60.446010949296955], [9.833136725199775, 60.44600304704857], [9.833136898148277, 60.44599738535474], [9.833134907314477, 60.44598930022649], [9.833132904225364, 60.445984723640706], [9.833121798600434, 60.44597097577839], [9.833101968666647, 60.445951400404624], [9.833093047141976, 60.44594223616022], [9.833077237634619, 60.445931724534084], [9.833070681190085, 60.445927150942644], [9.833059392500129, 60.44591798467668], [9.833052677478724, 60.44591097560066], [9.83305167086755, 60.44590814726096], [9.833050668344741, 60.44590414940709], [9.833050847367677, 60.44590073732022], [9.833051203440645, 60.44589049402558], [9.833051575723239, 60.445883580430234], [9.8330613700564, 60.445870104936446], [9.833075719713513, 60.4458600455675], [9.833089723585177, 60.445853301828436], [9.833101366340165, 60.44584880567576], [9.833115724020663, 60.445844415029924], [9.83312735661727, 60.44583883878228], [9.833148630851708, 60.44582760891187], [9.83315807725814, 60.44582203767722], [9.833170059690925, 60.44581197627957], [9.833179520325874, 60.44580631562173], [9.833188974886792, 60.44579840535628], [9.833210603000767, 60.44578152081491], [9.833217497135815, 60.44577711003935], [9.833227305603033, 60.44576354511042], [9.833239658143938, 60.445751158744855], [9.833246749586516, 60.445742076944335], [9.833256562110753, 60.44572734249866], [9.833269101784046, 60.44570920501398], [9.833274000961383, 60.44569787862274], [9.833279066893068, 60.445686648686475], [9.833284348448542, 60.44566948879068], [9.833289436766401, 60.44565583040376], [9.833295055904983, 60.44563769390345], [9.83329794588967, 60.44561954132053], [9.833303229423263, 60.445605800544854], [9.833306296315156, 60.445588824509464], [9.833309023533468, 60.44557741371343], [9.833311915505218, 60.44556268025122], [9.833317168547351, 60.445545699196664], [9.833315716666364, 60.44553079692865], [9.833316418466534, 60.44550923024239], [9.833314958430908, 60.44549666700297], [9.833313142562933, 60.445478331546504], [9.833309128308148, 60.44546350965169], [9.833300760064345, 60.445447438858245], [9.83329200544847, 60.445430363326096], [9.833285461307192, 60.44542228120301], [9.833272710708437, 60.44539713259529], [9.833262176747109, 60.44537521924655], [9.833257973374078, 60.44536272934546], [9.833245049897501, 60.4453432424301], [9.83323431258092, 60.445323750495994], [9.833225584416443, 60.44531108475247], [9.83321720001991, 60.44529168425491], [9.83320627557312, 60.44527794343498], [9.833197187438365, 60.44526868274367], [9.833188638303618, 60.44525260491049], [9.83318226914172, 60.44524228020976], [9.83317589590132, 60.44523312502302], [9.833162073527141, 60.44522386029555], [9.833146422923292, 60.445215784164844], [9.833139685616516, 60.4452112035444], [9.833128252679854, 60.44520752013769], [9.83311715734037, 60.44520286012655], [9.833103332892676, 60.445198184028676], [9.833098958638326, 60.4451947749387], [9.833094598744726, 60.445183268670576], [9.833094777755209, 60.44517985658332], [9.833092943575092, 60.44517078781733], [9.83309075954508, 60.44516620419743], [9.833098023714193, 60.445159468465626], [9.833107492334966, 60.44515146878186], [9.83311475241279, 60.4451459025633], [9.833124198620702, 60.445140331328304], [9.833135841110458, 60.44513583516908], [9.833147835426297, 60.445130272983675], [9.833168741019078, 60.44512478718574], [9.833178016374678, 60.44512028900569], [9.833187448327909, 60.44511480718755], [9.833201809748909, 60.44510924701365], [9.833215809182725, 60.44510367277083], [9.833227626562191, 60.44509693402992], [9.833237091052599, 60.445090103850575], [9.833244349096985, 60.44508111850311], [9.833244534252444, 60.4450719482654], [9.833244892239472, 60.44506512408996], [9.833238673614863, 60.44505156614748], [9.833236688878202, 60.445045730627484], [9.833221229575644, 60.44503073387569], [9.83319849203282, 60.445014554525365], [9.833185214705239, 60.445008730023545], [9.83316229411178, 60.44499713226927], [9.833142297855188, 60.444985468208316], [9.833119558283826, 60.44497387748081], [9.83310155703503, 60.44496112127151], [9.833085910654953, 60.444951875621015], [9.83307716431946, 60.44494046880512], [9.833065890193042, 60.44493121312155], [9.833059533257666, 60.44492538762976], [9.83304625612305, 60.44491155535825], [9.833044249150802, 60.44490014052938], [9.83304677496905, 60.44489457027578], [9.83304696215414, 60.44488881916002], [9.833054224288858, 60.44487866430862], [9.833059137509343, 60.44487525625884], [9.833066578647037, 60.44486168931934], [9.83307147973212, 60.444853782055176], [9.833076397032155, 60.44484920449044], [9.833085847242472, 60.444842463742766], [9.833090555076094, 60.44483805798675], [9.83309565546207, 60.44482889881956], [9.833096196565936, 60.44481749304304], [9.833096550494176, 60.444811838382456], [9.833094547593063, 60.44479925403986], [9.833095092780727, 60.44478667874902], [9.833095627815656, 60.44477302336547], [9.833103062844348, 60.444757206816384], [9.83310850897006, 60.4447447320163], [9.83311341002591, 60.44473682475016], [9.833120861259399, 60.44472433789953], [9.833123409452238, 60.444716339193846], [9.833124284157433, 60.444697118570765], [9.833119926298984, 60.44468903142494], [9.833115735195072, 60.44468104073441], [9.83311373836129, 60.44467070599893], [9.83310773958607, 60.44465004857788], [9.83310100239815, 60.44464546795678], [9.833094619137213, 60.44463523267467], [9.83308133801521, 60.4446225699219], [9.833072416842377, 60.4446134056796], [9.83306132183386, 60.4446007379094], [9.833052598002924, 60.44458690264269], [9.833032575667161, 60.44457082877607], [9.8330236707351, 60.44456499423049], [9.833016943726035, 60.44456149369815], [9.833010029667868, 60.44455573652462], [9.8330011124819, 60.44455341052037], [9.832989653430511, 60.44454531731231], [9.832974017425592, 60.44453715174385], [9.832958379458344, 60.444525567052516], [9.832944917445033, 60.44451289725324], [9.83292473451296, 60.44449897652287], [9.83290909854647, 60.44449081094724], [9.83289347273357, 60.44448372546251], [9.832879642566366, 60.44447679973846], [9.832865993392609, 60.4444698810471], [9.832838894379908, 60.44445479175883], [9.832823453680604, 60.44444654378623], [9.83281197833488, 60.44444312862049], [9.832739507772219, 60.444374450384835], [9.832803698767112, 60.44430640492893], [9.832815515931719, 60.444299666221596], [9.832822619254973, 60.44429508365374], [9.832841692242367, 60.444283948252895], [9.83285314937835, 60.444280614594845], [9.832871868390198, 60.44427513384922], [9.832885692580449, 60.44427180220977], [9.832906778641894, 60.44426632348031], [9.832923301416416, 60.44425976764769], [9.832942038730163, 60.44425302795607], [9.832946937627698, 60.44424970933078], [9.832958758830278, 60.44424180109578], [9.832963299839923, 60.444237298887664], [9.83296365377982, 60.44423164422734], [9.832966572114659, 60.444221320563685], [9.832964725889935, 60.44420775258234], [9.832960189116992, 60.44420307751954], [9.832944353968811, 60.444196163851394], [9.832928352077953, 60.44418915372583], [9.832917096416388, 60.44418664685366], [9.832903449319458, 60.44418314728859], [9.832884915605597, 60.44417945780268], [9.83287127866071, 60.444177038327055], [9.832850532374044, 60.444176951813304], [9.83283435344539, 60.44417677288493], [9.832823083558885, 60.444174355426476], [9.832806906769344, 60.44416958785948], [9.832802351693806, 60.444166171727396], [9.832788897886786, 60.44415917064241], [9.832784523800342, 60.44415576154393], [9.832780347078568, 60.44414768142275], [9.832777972026333, 60.444142010671825], [9.832778698110301, 60.444137450173436], [9.832776880441052, 60.444123703347316], [9.832776687359905, 60.444119197099425], [9.832779752205674, 60.44410680971081], [9.832779951709634, 60.444097550053], [9.83278505205569, 60.44408839089671], [9.832792318173793, 60.44407706654347], [9.83279739413291, 60.444066916715514], [9.832807198127869, 60.44405452132541], [9.832809746336705, 60.44404652262556], [9.832812640320196, 60.4440352082944], [9.83281517838218, 60.44402612950175], [9.832820077257022, 60.44402281088078], [9.832832069245168, 60.44401382959771], [9.832846233045892, 60.444004932722635], [9.8328488116754, 60.44400017429994], [9.832853684199119, 60.44399244588532], [9.832856063513532, 60.44398893936411], [9.832858436773503, 60.44398318323596], [9.832861320587945, 60.443970788810695], [9.832857143868388, 60.443962708691856], [9.832852938677542, 60.44395480741602], [9.832846213940666, 60.443946718241214], [9.83283747399548, 60.44393756101986], [9.83282622269352, 60.44392587687033], [9.832808543515888, 60.443908814326306], [9.832804197933209, 60.4439052263857], [9.832793103258286, 60.44389255859662], [9.832788714969118, 60.4438892389202], [9.832775273559268, 60.44387872929246], [9.83276854476233, 60.44387180962834], [9.832757807985686, 60.4438603254192], [9.832751093432979, 60.44385331633274], [9.832746518122626, 60.443847740013936], [9.83272871694117, 60.44383373186095], [9.832719606898388, 60.443826899592416], [9.832710881256787, 60.44381765294196], [9.832690855450577, 60.44380274854498], [9.832675032844998, 60.443792326305115], [9.832661583314893, 60.44378415569509], [9.832647938570837, 60.44377606747099], [9.83263685607764, 60.44376789888362], [9.832627945392147, 60.44375981470796], [9.83261920145733, 60.44375182698763], [9.832612301872928, 60.44374598037454], [9.832603372862103, 60.44373915513301], [9.832599013086973, 60.44373565660773], [9.832585553462586, 60.44372640589791], [9.832571922998643, 60.44371822824496], [9.832560993052532, 60.443710245529225], [9.832551722366645, 60.44370556640076], [9.832545166430886, 60.443700992789005], [9.832533892870645, 60.44369173706656], [9.832529541314466, 60.443685899510925], [9.832525169490605, 60.44367790176995], [9.832520992889167, 60.44366982164186], [9.83251659452286, 60.44366542186448], [9.8325126172485, 60.44365608983505], [9.832512613392751, 60.44364925159339], [9.832510594354236, 60.443641345300826], [9.83251076737833, 60.44363568360779], [9.832515865545956, 60.443631113096494], [9.832522938355847, 60.44362329026522], [9.832539147651206, 60.44361870175001], [9.832548571057409, 60.44361555900063], [9.832572019652236, 60.44361125186009], [9.832590398562717, 60.44361133638689], [9.83259947617101, 60.44361150926441], [9.832618044263175, 60.44360926179344], [9.832643499832978, 60.443608361717786], [9.832652929267322, 60.443607468567706], [9.832659849319905, 60.44360746760757], [9.832673846031247, 60.44360648204938], [9.83269200943997, 60.443604488763945], [9.832703828312757, 60.44360116918433], [9.832717827166176, 60.443595594986135], [9.832729444767512, 60.44359010818454], [9.832748907798365, 60.44357880801692], [9.832758176709916, 60.4435720602538], [9.832763258641391, 60.44356416003279], [9.83277034365806, 60.44355282864465], [9.832775425583348, 60.44354492842307], [9.832785253798944, 60.44353352370331], [9.83279686940797, 60.443524617774166], [9.832804322419781, 60.44351555005918], [9.832811590353042, 60.4435076448239], [9.832819216324973, 60.443492915413785], [9.83282868859815, 60.443483746229205], [9.8328384721033, 60.44346919064836], [9.832841217432978, 60.443464528680664], [9.83284573396264, 60.44345903580389], [9.832855558035869, 60.443448800592535], [9.832865007868975, 60.4434420598552], [9.83287227168049, 60.44343532413047], [9.832874825873903, 60.4434295750352], [9.832877345536787, 60.44342175517595], [9.832877703565096, 60.44341493100122], [9.832877890758251, 60.44340917988522], [9.83287408424216, 60.44339877480675], [9.832862776158548, 60.44338744834814], [9.83285605758521, 60.443381608781905], [9.83285150261073, 60.44337819265256], [9.832847151036082, 60.44337235510697], [9.832840768085553, 60.443362119815596], [9.832838787599325, 60.44335511477669], [9.832836776677615, 60.44334486945948], [9.832839302396732, 60.44333929920796], [9.832844754574305, 60.443321066265426], [9.832838385870081, 60.44331074155248], [9.832836391150652, 60.44330382593507], [9.83283873588528, 60.44329824864945], [9.832838912938046, 60.443291417440754], [9.832841637959993, 60.44328459528731], [9.832844181999835, 60.44327776609971], [9.832844348905333, 60.443269854798245], [9.83285214760162, 60.44325747144775], [9.832852145635899, 60.443254052326346], [9.832854528982384, 60.44324937628998], [9.832859596599944, 60.44324156548567], [9.832867238685244, 60.44323016577129], [9.832885574824742, 60.443222510762084], [9.832904683645722, 60.44321686522853], [9.832916154629565, 60.44321344213841], [9.832929960034843, 60.44321136942428], [9.832953408287988, 60.44320706221213], [9.832962481700488, 60.44320840457791], [9.832976484296351, 60.44320966859278], [9.832987943014817, 60.4432097540395], [9.833013396281338, 60.443205434767414], [9.833029922568102, 60.44319770939954], [9.833044116406025, 60.44319205277616], [9.833065010598093, 60.44318548688546], [9.833079194270953, 60.44317875016532], [9.833102648651309, 60.443168684775664], [9.833109723208418, 60.443164281031656], [9.833121545958212, 60.44315979189783], [9.833135538472229, 60.44315196804483], [9.83314281231634, 60.44314631239653], [9.833149903179965, 60.44313723059233], [9.833154970708181, 60.44312941977561], [9.833157528903946, 60.44312250115937], [9.83316242152563, 60.443116932916034], [9.833165315287378, 60.44310561857368], [9.833165671248786, 60.443095375275355], [9.833158936443766, 60.4430862060241], [9.83315040000192, 60.44307462740741], [9.833148220168804, 60.443068874274765], [9.83315310262719, 60.44306222593881], [9.833160390682647, 60.4430564808676], [9.833165283293328, 60.44305091262399], [9.833174747178532, 60.44304408244058], [9.833191084209181, 60.443038689046496], [9.833200369109276, 60.443035270949515], [9.833219083260094, 60.44303095965931], [9.833233073625111, 60.44302772443151], [9.833256350887185, 60.44302449022313], [9.833281799899947, 60.44302134041196], [9.833300361522543, 60.44301684323337], [9.833319075650058, 60.44301253192881], [9.833344510413191, 60.44300947152705], [9.833358506848809, 60.443008485893294], [9.833374514386191, 60.44300973781045], [9.833385783916427, 60.443012155217936], [9.833393061733032, 60.44301333779929], [9.833415789919039, 60.44301584061427], [9.833434162391569, 60.443021683171814], [9.833452343724762, 60.44302643860072], [9.833475088191848, 60.44303227110637], [9.833491240123696, 60.44303604791545], [9.83350707280275, 60.443039542391375], [9.83353235711012, 60.443047722959], [9.833543636835147, 60.44305122044643], [9.83356197477721, 60.44305499222245], [9.833586899170157, 60.443058570076815], [9.833605625503482, 60.443058757947234], [9.833624166795289, 60.44306010829675], [9.833637992438367, 60.44306019569386], [9.833649099321761, 60.443061347110124], [9.833667803302783, 60.443063963422965], [9.833688349613915, 60.44306530170401], [9.83370906673203, 60.443065566921696], [9.83372742705277, 60.44306691022407], [9.833748168582305, 60.44306816610706], [9.833762160976194, 60.4430683499458], [9.833785068147229, 60.44306744060867], [9.833808536546014, 60.44306529342925], [9.833819956573977, 60.443064477553996], [9.833835972268188, 60.44306339038658], [9.833849972768705, 60.443061235186406], [9.833866326007056, 60.44305917140923], [9.833873225585428, 60.4430570101983], [9.83388031019558, 60.44305368650477], [9.833887409037564, 60.44305027338913], [9.833896693870246, 60.44304685524269], [9.83390632029794, 60.44304129097448], [9.833913585881165, 60.443037974311686], [9.833920483372575, 60.44303239397534], [9.833929932862981, 60.44302565315789], [9.83394174931953, 60.44301891434105], [9.83395138996423, 60.44301326064765], [9.833958486706363, 60.44300642840514], [9.833965575346333, 60.443001935191916], [9.833975201748775, 60.44299637091838], [9.833987186894003, 60.44298513991363], [9.833994265340843, 60.442979566605615], [9.833999001235835, 60.442974981968405], [9.834003889643201, 60.44297058320689], [9.834006254521107, 60.442967166084095], [9.834013353330828, 60.44296375296131], [9.83402515146709, 60.44295827307319], [9.834032065246344, 60.44295602243186], [9.83404861153989, 60.44295045711908], [9.834062435044936, 60.442947125348454], [9.83407406447071, 60.4429461376397], [9.834088243787662, 60.4429405703229], [9.834108966821587, 60.44293507732436], [9.834120960143355, 60.44292951503795], [9.834130405518385, 60.44292394372027], [9.83413512715339, 60.44291944849955], [9.834146748316826, 60.44291279205294], [9.834156567768474, 60.442903726252815], [9.83416148865074, 60.442897979126634], [9.834171299838603, 60.44288324459389], [9.834173817206546, 60.442880013343505], [9.834174185141427, 60.44287426925472], [9.834170180944255, 60.44286052747477], [9.834163082004274, 60.442855932845006], [9.83415199327852, 60.44284551477414], [9.834143263430947, 60.44283743773001], [9.834131981609126, 60.44283052117026], [9.834125431602134, 60.44282018948235], [9.834118883700587, 60.44281327691726], [9.834109966746468, 60.442802943230646], [9.834103394430715, 60.44279503999343], [9.834106338617026, 60.442781118330686], [9.83411576147125, 60.44276996770384], [9.834134843291972, 60.4427599121927], [9.834155753327785, 60.442756675825734], [9.834169743484981, 60.44275344049672], [9.834197553004342, 60.44274804289528], [9.83422319288772, 60.442745980025556], [9.834241731916988, 60.44274391116379], [9.834255557430444, 60.44274399849508], [9.834276282428666, 60.44274192459186], [9.834286734356262, 60.44273918159332], [9.83429264355537, 60.44273752172973], [9.834302076733229, 60.44273545894389], [9.83432298865069, 60.44272763391172], [9.83434915083568, 60.4427154241647], [9.834363149026077, 60.4427098497847], [9.83437022734703, 60.442704276455004], [9.834382051661878, 60.442695198566064], [9.834396434092621, 60.44268720979418], [9.8344104016667, 60.44267839512893], [9.834422417137779, 60.44267040436132], [9.83443201276425, 60.442661599772364], [9.834444018023857, 60.44265252890932], [9.83446526926964, 60.44263913860693], [9.834479810090118, 60.442625577546785], [9.834484179877704, 60.44262214834226], [9.83450364171399, 60.44261084790219], [9.83452705229045, 60.44259304275303], [9.834539238475163, 60.44258397891242], [9.834546334996872, 60.442577146635585], [9.83455832381255, 60.442564746059354], [9.834565410121895, 60.44255683368798], [9.834570668122476, 60.44254210217376], [9.834573370426982, 60.44253770843132], [9.834571216683479, 60.44252835735156], [9.83456936797108, 60.44251937802231], [9.834563185740206, 60.442503302263724], [9.834558823760444, 60.44249638467789], [9.834552450628122, 60.442487229556676], [9.834548627286633, 60.442473494817925], [9.834546622040616, 60.442465499128375], [9.834542432722383, 60.442452919841315], [9.83453370046382, 60.44243341593594], [9.834533865062271, 60.44243009326563], [9.834539133256973, 60.4424164418458], [9.834546743938093, 60.44240180174415], [9.834556564995253, 60.442388147271714], [9.834566377715483, 60.44236882406592], [9.834574004754877, 60.44235751366441], [9.834578717912205, 60.442347349693414], [9.83458434989827, 60.442329123695416], [9.834591803996762, 60.442315467230515], [9.834599252192566, 60.4423075689196], [9.834613412594795, 60.44229525271583], [9.834625407457606, 60.44228510174038], [9.834629943927526, 60.44228176898356], [9.834642290524728, 60.442270551976115], [9.834651570732802, 60.44226029552495], [9.834659193692227, 60.44225015463306], [9.834668978146642, 60.44223901802521], [9.83467627781356, 60.442229764319045], [9.834683520553808, 60.4422208682997], [9.834692977687672, 60.44221178839204], [9.834702786557985, 60.442201642453085], [9.834714771147736, 60.44219041137519], [9.83472203428768, 60.442183675540484], [9.834747681413043, 60.44217126576926], [9.83476656964907, 60.442164711674835], [9.834796749492881, 60.44215814641087], [9.834808400881277, 60.44215473018148], [9.834817837874343, 60.44215149784109], [9.834834377424484, 60.44214368281451], [9.83485308465218, 60.4421371216761], [9.834864922849805, 60.44212795431769], [9.834872181929184, 60.44212238798958], [9.834876903340724, 60.4421178927395], [9.834884180660497, 60.44211106747344], [9.834889068813665, 60.44210666867595], [9.83489616515335, 60.44209983637794], [9.834898873215407, 60.44208968447245], [9.834903966422077, 60.44207827561302], [9.834911052536008, 60.44207036322049], [9.834913569763943, 60.442067131954175], [9.834930316491219, 60.44205572597775], [9.834937215785052, 60.44205356470792], [9.834949210828482, 60.44205142146508], [9.834955931339062, 60.44205267228762], [9.834973939418568, 60.442055081443016], [9.834987927378892, 60.442056434662994], [9.835001762824968, 60.4420576020067], [9.83500868255351, 60.44205760092031], [9.835025010767401, 60.442054546321586], [9.835043561381141, 60.442048968795966], [9.835055198475441, 60.442045641966], [9.835062473937915, 60.44204340532958], [9.835071733906917, 60.442038996423975], [9.835085542690384, 60.44203575396256], [9.835097563968224, 60.44203001273767], [9.835109162368903, 60.44202578465298], [9.835120978211851, 60.44201904572327], [9.835128247446237, 60.44201455947391], [9.835137716831092, 60.44200997875056], [9.83514225320947, 60.44200664597507], [9.835151891125776, 60.441997573063084], [9.835168576812983, 60.441987694258295], [9.835187320349448, 60.4419786151959], [9.83519895518456, 60.44197186922805], [9.835213312634178, 60.441962889689094], [9.835225128432448, 60.44195615074952], [9.835239303115866, 60.44195175281735], [9.835250744952605, 60.44194850836079], [9.835271658360172, 60.44194410229473], [9.835288010951057, 60.44194203833446], [9.835302010875871, 60.441939882974104], [9.835311102270044, 60.441939966239076], [9.835332182409841, 60.44193565661588], [9.835348339790222, 60.441933675039465], [9.83536016801818, 60.44193143530617], [9.835367095714826, 60.441929095169456], [9.835392541439605, 60.441922525815926], [9.835411244433507, 60.44191713411163], [9.835437233062406, 60.441910585840695], [9.835451041756073, 60.44190734334017], [9.83546706082654, 60.44190508645281], [9.835492874704293, 60.44190078074987], [9.835511396695575, 60.441895382000745], [9.835530146330033, 60.441888552497645], [9.835544327190787, 60.441886404141606], [9.835567379761747, 60.44188343075119], [9.835586125388788, 60.441877770755745], [9.835604657591409, 60.441873452087066], [9.83562574163862, 60.44186797290053], [9.835639546309057, 60.44186589989574], [9.835651360265604, 60.44186374955797], [9.835669896437903, 60.44185826136422], [9.835686267175488, 60.44185493841632], [9.835704628621416, 60.44185169279718], [9.835723366238847, 60.44184837181353], [9.835746805187073, 60.44184640312343], [9.835762805998503, 60.441845405137656], [9.835788054680163, 60.441843506740106], [9.835809496644766, 60.441839211099584], [9.83582295983828, 60.44183928420341], [9.835839322591799, 60.44183830026816], [9.835860053189577, 60.44183847571943], [9.835887323319193, 60.441839894913066], [9.835901500159226, 60.44183891603431], [9.835926958256747, 60.441836845796026], [9.835950230439245, 60.44183478061803], [9.835970936557668, 60.4418339653801], [9.836008027595835, 60.44182973772883], [9.83603348568036, 60.44182766746999], [9.83604948250322, 60.441827838965494], [9.836072740445978, 60.44182586318796], [9.8360865513569, 60.441826039746196], [9.836111649803183, 60.441827374539244], [9.836141829743973, 60.441828816730876], [9.836167294110819, 60.44182899605639], [9.836188024707011, 60.44182917145649], [9.836210926989231, 60.44182943120595], [9.836234170698662, 60.441827544822125], [9.836252733574081, 60.441826466343855], [9.836262190854459, 60.44182539408605], [9.83627706475232, 60.441820033486024], [9.836359973066704, 60.44180022024025], [9.836421926452482, 60.44175188086867], [9.836491326486861, 60.441687635271634], [9.83655058063595, 60.441655116516834], [9.836611470531171, 60.441632918373706], [9.836718701206204, 60.441609011001624], [9.836827596108181, 60.44159524533467], [9.836893946766105, 60.44160511015249], [9.837186019398812, 60.44174592643584], [9.837259206266344, 60.44187194376141], [9.837299402100772, 60.44190085698285], [9.837340669182526, 60.441909297594485], [9.837515379342637, 60.4419202208905], [9.837549570352481, 60.44192964630006], [9.837562315222623, 60.44195713356337], [9.837545613137562, 60.441976279388975], [9.83750326061522, 60.44198840086237], [9.837412915819653, 60.442004596979594], [9.837402392279827, 60.44203298017354], [9.837426938225766, 60.44205381773158], [9.83754769947852, 60.44208909848845], [9.837703505979619, 60.442115842759065], [9.837894051230982, 60.44213826732151], [9.837989523217834, 60.442171126104476], [9.838004281049212, 60.44220885859031], [9.837981936192389, 60.44224173141581], [9.83792854522309, 60.442307229176244], [9.837932020555451, 60.442338045422574], [9.83798033644318, 60.44250826372946], [9.838035420990545, 60.44251112233888], [9.83828118205714, 60.4424852144848], [9.838414265489968, 60.442500278677024], [9.838810128505738, 60.442580518937305], [9.839242828379748, 60.442607753404104], [9.83934824778876, 60.44256775812258], [9.839532872926638, 60.44245678834398], [9.83981207224364, 60.4423980753627], [9.839840013292221, 60.442343735666135], [9.839827816514623, 60.442301334206704], [9.839776281477965, 60.44220971943694], [9.839784955149414, 60.44216317945918], [9.839967001973147, 60.442000823719226], [9.840069653044855, 60.44192095183124], [9.840149045865083, 60.441843056354365], [9.840168250326636, 60.441769212995005], [9.840206579072621, 60.441735430669475], [9.840320720681252, 60.44170926939431], [9.840499756255152, 60.441674649688174], [9.84067354679033, 60.44165584162474], [9.84084896576847, 60.44165428162306], [9.841016217274255, 60.44162964095367], [9.841086190768918, 60.441613281766976], [9.841249399757682, 60.44157282842212], [9.841356475368917, 60.44154414274764], [9.841557465153711, 60.44148365121463], [9.841685981183925, 60.44145066868438], [9.841837022045528, 60.44142260883626], [9.841884439932736, 60.44138890881643], [9.841893294211985, 60.4413457948129], [9.841885407863858, 60.44125677425381], [9.841917360881087, 60.44120465930519], [9.842020579080224, 60.44116700600547], [9.842330001409064, 60.44116092597759], [9.84242340537989, 60.44113575793193], [9.84246718785836, 60.44108482160062], [9.842544363054824, 60.44100135043787], [9.842645241481135, 60.440963515943416], [9.842785167416853, 60.44092287739481], [9.842826764574587, 60.440862768803285], [9.842760878012164, 60.4407858042457], [9.842717379743101, 60.440726083469], [9.842766751476397, 60.440642253405755], [9.842827624852761, 60.44061897224313], [9.842897772526145, 60.44060378860355], [9.842976306945255, 60.44059999708456], [9.843140288395736, 60.44059016277765], [9.8432431511576, 60.440558163197416], [9.84334416636798, 60.44051601477792], [9.843411025238533, 60.440466513150504], [9.843420824677725, 60.440449528255236], [9.843400226991564, 60.44039006618306], [9.843378868433488, 60.440289546399946], [9.843391923991684, 60.44025550275527], [9.843430246958047, 60.44022630808837], [9.843453156242107, 60.44021963888284], [9.843613877286042, 60.4402452173441], [9.8436856865816, 60.44024134452934], [9.84370930350302, 60.440222196330275], [9.843697265951361, 60.440176472470725], [9.84366957014789, 60.44012501275138], [9.843696442970316, 60.44008880579313], [9.843842890367178, 60.44000937046195], [9.844014775842476, 60.43992453343526], [9.844048923002775, 60.439881500601004], [9.844058889197301, 60.43986002343644], [9.844077030292796, 60.43981115131865], [9.844079523671327, 60.439757623484795], [9.844070023943296, 60.43970165107846], [9.844052848479057, 60.4396206381055], [9.844041337180812, 60.439562428299425], [9.84402487408693, 60.439458589536315], [9.844000983223394, 60.43936597936169], [9.84394418057263, 60.43928684842765], [9.843920329954031, 60.439247864334746], [9.843954287627957, 60.439211752193195], [9.844023143895557, 60.439163407509945], [9.84402020003767, 60.43912118547119], [9.843981558979177, 60.43899993128691], [9.844037677123149, 60.438977904823275], [9.844281961804468, 60.43892898604887], [9.84434755735177, 60.4389034581439], [9.844378802519484, 60.438875248405935], [9.844409671051023, 60.43885170270497], [9.844450009900818, 60.43882699471869], [9.844501083971325, 60.438819528195914], [9.844570697428445, 60.438813410453335], [9.844730876948802, 60.43883662739874], [9.844785387588955, 60.43880752032827], [9.84479353035554, 60.4387722963686], [9.844779483711696, 60.438723165681196], [9.84473325120768, 60.43867377653861], [9.844650487608305, 60.43861136402948], [9.844610463542269, 60.43857562173176], [9.844602255663618, 60.438547051578354], [9.844606742166352, 60.43849243139147], [9.844654511480742, 60.43845532518429], [9.84474112730843, 60.43836736057081], [9.844697450660643, 60.43831105254408], [9.844619582005318, 60.43823731314349], [9.844496628631704, 60.43814823912813], [9.844444419446294, 60.438127319778076], [9.844255541293244, 60.438116305498546], [9.844184810722926, 60.43809736692464], [9.844012387803835, 60.437971283854566], [9.844008728655915, 60.43794846846576], [9.844088795688013, 60.437853592182336], [9.844103084286596, 60.43778540619242], [9.844123165781635, 60.43769450149792], [9.844157071043572, 60.43759909441587], [9.844120465031471, 60.43753496271579], [9.844092618044819, 60.43748331722705], [9.844098226843943, 60.43745717236946], [9.84416726367274, 60.437407665053215], [9.844201920034724, 60.43735223558177], [9.844134929853224, 60.437242118338354], [9.844143421029349, 60.437202409219054], [9.844366371991855, 60.43711577383937], [9.844453399127643, 60.43707335229819], [9.844457170973378, 60.43703355011171], [9.844358294684902, 60.437027915824125], [9.844187072042862, 60.43703989959819], [9.844048737801913, 60.43703624366334], [9.843936917342026, 60.437007793428855], [9.843973783948227, 60.43695334948774], [9.844081883216548, 60.436907786657734], [9.844239405472024, 60.436834179282734], [9.844352596618558, 60.43677603742839], [9.844458698774778, 60.43671438148534], [9.844470089076305, 60.43666443778355], [9.844447138758524, 60.43660947328647], [9.844533442565966, 60.43658420871721], [9.844682301131275, 60.43655597167962], [9.84480096934358, 60.43653097239018], [9.845054302813264, 60.43648456300672], [9.845212285421702, 60.436512373118866], [9.845274405691649, 60.436532776813394], [9.845312119325412, 60.43655439342767], [9.845338158694085, 60.436596791192386], [9.845316591096317, 60.4366386025232], [9.845298608334918, 60.436660128770356], [9.845261737350828, 60.43671232349325], [9.845269593778147, 60.436746548336494], [9.845314516866324, 60.43677321312909], [9.845417777332544, 60.436787924146294], [9.845543367832397, 60.436766341696156], [9.845655121190397, 60.43674017377382], [9.845757447007323, 60.43671948852579], [9.845857398717646, 60.43670572911752], [9.845942298521551, 60.436715678996805], [9.846034450936015, 60.4367166427037], [9.846269260145515, 60.4366687929978], [9.846309412557762, 60.436585594289596], [9.846388985437061, 60.43653046618476], [9.846493567873148, 60.43647261869681], [9.846591710007656, 60.43642666793355], [9.846717799098219, 60.43638701901062], [9.846644438382478, 60.436359432203446], [9.84663908454367, 60.43635760511851], [9.846464579706813, 60.43629280671683], [9.846288266115717, 60.436227937941375], [9.843074895635395, 60.435045219443865], [9.841974241361813, 60.43464045804474], [9.841192319475308, 60.43400692625576], [9.84089202652945, 60.4337634975345], [9.840595306389254, 60.43352281594951], [9.840209842504548, 60.433268971466894], [9.839824398809595, 60.43301503651354], [9.83946763833359, 60.43278110852781], [9.838843446781663, 60.43255074150853], [9.838575874970243, 60.43245208656207], [9.838160654637715, 60.4322985711112], [9.83752758573159, 60.43206461357388], [9.837090798426273, 60.4319036887031], [9.836197546730673, 60.43149388440316], [9.835144915581735, 60.4310093195487], [9.83462724269592, 60.430748249919574], [9.83416329117505, 60.43051454895355], [9.83319784422129, 60.430026967357776], [9.832809176229349, 60.42983046814421], [9.832279759802079, 60.4295633533497], [9.832230564344139, 60.42953849692495], [9.832205459505701, 60.42952582405005], [9.83187949878799, 60.42936199158517], [9.831438568569236, 60.42915085920157], [9.831123186335187, 60.429000662387196], [9.830893754782402, 60.42889141720449], [9.83051775706092, 60.42869324392874], [9.830292442352874, 60.428574170487096], [9.829925384669528, 60.42838048193986], [9.82945776473595, 60.42814850949755], [9.828868458902107, 60.42785547615093], [9.828169929951649, 60.42750888315569], [9.8273695456399, 60.42710136745984], [9.826457549524884, 60.426722792504826], [9.825702133427098, 60.426407981364925], [9.822707787142091, 60.42522029507914], [9.818888634424937, 60.42325582987024], [9.817830435484511, 60.42289488357505], [9.81598703258641, 60.42211172292937], [9.812130157676764, 60.42004398754482], [9.810566904700774, 60.419287067100214], [9.807088889669613, 60.41784031709718], [9.806050347761676, 60.41757451264621], [9.806294858766236, 60.417326646477186], [9.806452337246743, 60.41709049423031], [9.807164115714167, 60.416043360710745], [9.807275813927635, 60.4159774542468], [9.807804263660817, 60.41548631814052], [9.80797007312324, 60.41531176434917], [9.808022968215951, 60.41465052263467], [9.808212029377842, 60.41420856662686], [9.808138230650718, 60.413412177793035], [9.808263190942618, 60.41282933274272], [9.809162898487354, 60.412026084858844], [9.810196737030626, 60.41094311583179], [9.810379177282881, 60.41081797694817], [9.811933283229479, 60.40973912315569], [9.812607816580623, 60.40896872181125], [9.813426902517234, 60.40832048095659], [9.81385026858886, 60.40802137215898], [9.813896203837498, 60.40798429562183], [9.814465809227364, 60.40752443782019], [9.816770731132369, 60.40558506714411], [9.817715027876094, 60.40383543388082], [9.817812596168189, 60.4027601572046], [9.81949898904479, 60.40043725604592], [9.819788567089383, 60.399658471186385], [9.819932907258515, 60.398426031663824], [9.820262203369479, 60.39799475288971], [9.82157594152751, 60.39595728142161], [9.822141607749227, 60.39477321028474], [9.823111595307507, 60.393741122235895], [9.823925833774297, 60.39301436420728], [9.824522387504453, 60.39208774083611], [9.824987132149388, 60.391215723147084], [9.825294837606666, 60.39040956573799], [9.82629083991431, 60.38929470693824], [9.825024899300079, 60.388999206823605], [9.824788756400373, 60.38878773905406], [9.820981244161688, 60.38730198751574], [9.817257451505931, 60.38551760504552], [9.816090070389121, 60.385066962393346], [9.80955074195089, 60.38304048910673], [9.807352710494637, 60.382135756244054], [9.80693143427436, 60.38196236008842], [9.805141306822433, 60.38128363691529], [9.803965367834353, 60.38081337901806], [9.801056412074594, 60.37966539269351], [9.799937835587313, 60.37918717474139], [9.797630798250221, 60.37818532003397], [9.792519355086224, 60.37602385356724], [9.79010822111301, 60.375113059263086], [9.789905232547017, 60.3750233925337], [9.78752478779766, 60.37404212899933], [9.785778552073936, 60.37333038360857], [9.78374763564983, 60.372457702281174], [9.780877937621536, 60.371294580619825], [9.777672952621284, 60.37007977924759], [9.775807408934593, 60.3693826323933], [9.772469377119496, 60.36809911278295], [9.770763906734276, 60.36745867193539], [9.770349005661734, 60.36728746992122], [9.76831249605025, 60.36651535782329], [9.767354972939332, 60.3662038023115], [9.76385887545031, 60.364815827740514], [9.763680302919115, 60.364761542864436], [9.763173265912691, 60.36458191232298], [9.762792414809544, 60.36445359900611], [9.761983215750517, 60.36417268918594], [9.761332111489303, 60.363937875848556], [9.757655872093542, 60.3625220076246], [9.750941204440688, 60.35987929501328], [9.749868829158594, 60.359413601667406], [9.74871097019758, 60.35891950125932], [9.7479632056156, 60.35858694117037], [9.74544067023264, 60.357790622299504], [9.743919471239856, 60.3572470855678], [9.741874233408277, 60.356489214644704], [9.742894940630746, 60.356015771848085], [9.74536556219752, 60.35478550436763], [9.7480732443684, 60.35373050483578], [9.75504022627012, 60.351908990554975], [9.758470945181088, 60.35056078307606], [9.76002213849155, 60.349858390100145], [9.76315152752261, 60.34867291287348], [9.763769049766948, 60.34843814293173], [9.76543937118091, 60.348029229887736], [9.767236443629015, 60.34737803133179], [9.768829096362818, 60.34682231698297], [9.76895064915904, 60.3467799603162], [9.768993154679148, 60.34676966894395], [9.77042186382112, 60.3472417894357], [9.77064322664569, 60.34730837173905], [9.771911246134422, 60.3477445378869], [9.774930461940981, 60.34879413415768], [9.77687143798835, 60.34950500278222], [9.784122518160432, 60.35199734079321], [9.786562721332222, 60.352792194748844], [9.789853741052573, 60.35397834408027], [9.790513316991523, 60.35420444194014], [9.79275878300396, 60.35497425214286], [9.79508539255594, 60.35580290052008], [9.797441722995202, 60.35656671645197], [9.799219283234196, 60.357122632445595], [9.800936328642953, 60.35769504742307], [9.80214903602572, 60.35834378140115], [9.80278954068792, 60.35922194174865], [9.804247505022946, 60.36049255317876], [9.80503778379553, 60.360911831668126], [9.806128425539706, 60.36136589416459], [9.807379478405055, 60.36198863151322], [9.808629810416548, 60.362480591212034], [9.81179340672359, 60.36420696209642], [9.814250100533123, 60.36561842690785], [9.817201532475964, 60.367315129033415], [9.817658306329777, 60.367637892953425], [9.818122239144248, 60.36797623048035], [9.818682432725502, 60.36838445608757], [9.819544394734045, 60.36885106418107], [9.81993823423647, 60.369109459381505], [9.820810033196416, 60.36964122480648], [9.821235092560388, 60.36989993397554], [9.821607836727194, 60.370118630928026], [9.824760818416651, 60.37191586064875], [9.824781383648729, 60.37192251081104], [9.825174220955748, 60.37214539888823], [9.826336425642932, 60.371742800891724], [9.82686378604156, 60.371040399951774], [9.8280713646226, 60.37094763236745], [9.829014467114593, 60.37050435501643], [9.829214298035058, 60.370395891054144], [9.829471386199534, 60.37028497836015], [9.83002363959012, 60.37025466237903], [9.83052286420698, 60.370236765032686], [9.831210683937284, 60.370179962243924], [9.83170494261573, 60.370134964561274], [9.831955099033745, 60.370012710503886], [9.83212689817047, 60.36985069564084], [9.832218008631719, 60.36969336717737], [9.832322967960042, 60.36956896885019], [9.832552585107317, 60.369467328308524], [9.83279387308091, 60.36941004954769], [9.832975567104475, 60.369364216847444], [9.83309711087782, 60.369321890983386], [9.833416085959351, 60.36918836706253], [9.833809506261227, 60.36915815191562], [9.83426945328395, 60.36911972758229], [9.834593383102794, 60.3690190547273], [9.834893628045315, 60.36890504298934], [9.834710801736554, 60.368757657947995], [9.834351076550645, 60.368465636945054], [9.834324825556902, 60.36842268703582], [9.834209029806752, 60.36835897715517], [9.83309112236479, 60.367889794977486], [9.832821001359111, 60.36776366207923], [9.832785315545982, 60.36774697713922], [9.832698075083742, 60.3677151488748], [9.832178452112467, 60.36752531642983], [9.83086186339372, 60.3672551414774], [9.829566221176874, 60.367119742039186], [9.828324555251415, 60.36681044083683], [9.826166793789557, 60.36639335135218], [9.825832457039489, 60.366328582722495], [9.825354668028057, 60.36610337267242], [9.824138372138803, 60.365936641010066], [9.821161806262683, 60.36536507759294], [9.820973687450284, 60.36532912506205], [9.820880828660812, 60.36539325360506], [9.820865957172284, 60.36539195350742], [9.820859053768862, 60.36539195406179], [9.820849827352921, 60.36539285370614], [9.82083387696207, 60.365390341818234], [9.820817708839913, 60.36539034075893], [9.820801545088354, 60.365389170180805], [9.820790493509673, 60.36538783917876], [9.820771806495065, 60.36538540044941], [9.820758032512373, 60.36538405318936], [9.820737355129747, 60.365382706475955], [9.820723733246236, 60.365381545099304], [9.82071685829446, 60.36538136680448], [9.820691444060374, 60.365380105172555], [9.820670941754583, 60.36537651588136], [9.820661705489304, 60.36537633541674], [9.82064354152714, 60.36537517674293], [9.82062051268884, 60.36537490793988], [9.82060418263269, 60.365373640871766], [9.820558285813984, 60.36537095010177], [9.820546664166425, 60.36536977678527], [9.820526167348568, 60.365368437084584], [9.820516921242476, 60.365367176514106], [9.820496239501036, 60.36536699928011], [9.820468668588108, 60.36536673315618], [9.820450324094203, 60.36536556741059], [9.82043874074531, 60.36536529533882], [9.820409154314316, 60.36536171141427], [9.820386125489563, 60.36536144257075], [9.820367809453122, 60.36536009797215], [9.820340404868116, 60.36535992828813], [9.82029866608345, 60.36535964909152], [9.820278012801163, 60.36535929298193], [9.820250432063254, 60.36535794671706], [9.82022990681565, 60.36535678581255], [9.820193088778074, 60.365351839911796], [9.820176768585899, 60.36535165288719], [9.820149012753019, 60.36535254916777], [9.8201352344189, 60.36535237136017], [9.820117075928662, 60.36535346222698], [9.82008715794779, 60.36535310442643], [9.820064299850298, 60.36535176247754], [9.820043441977209, 60.36535040861069], [9.82002273619826, 60.36534924062826], [9.820011319179278, 60.365349064986226], [9.819988456688817, 60.36534889254083], [9.819960705255692, 60.36534861926556], [9.819951635323205, 60.3653485352187], [9.819919148060405, 60.36535176612459], [9.819886855563405, 60.36535491464793], [9.819864026943035, 60.36535681295155], [9.819842969899868, 60.36535671094414], [9.81981773728224, 60.36535887532042], [9.819799246143873, 60.3653597732093], [9.819782917138511, 60.36536192516905], [9.819766787310858, 60.36536282523605], [9.81975336024753, 60.36536158138611], [9.819746471080668, 60.36536149246195], [9.819736840874862, 60.36536264619808], [9.819700205452504, 60.365364545464466], [9.81967263014567, 60.36536544869172], [9.819645045022083, 60.36536527181767], [9.81963561399676, 60.36536517365599], [9.819603145330936, 60.36536714554695], [9.819573579610145, 60.365369140756506], [9.81955469450024, 60.36537137287551], [9.819536398122233, 60.36537218835364], [9.819506262302628, 60.36537434124929], [9.819487947276594, 60.36537641565764], [9.819469456121514, 60.36537731350039], [9.819445315575395, 60.36537718105408], [9.81813122450486, 60.36501024768401], [9.817457979435796, 60.36484701776032], [9.81624717527499, 60.364523057281225], [9.815449701753185, 60.36377335757151], [9.81551477307862, 60.36362024034201], [9.815307165612126, 60.363179704155414], [9.815298625495538, 60.36316146524569], [9.814464495662993, 60.36201604943968], [9.813750006671775, 60.36132644423832], [9.813192304014079, 60.3607520135895], [9.812000301578417, 60.359904180300184], [9.810798903766315, 60.357178963229835], [9.809665968648147, 60.35355457016745], [9.809107139313166, 60.35192176507856], [9.808928825460471, 60.35149891621032], [9.80866207420271, 60.35110004988368], [9.808176986810777, 60.35005218417898], [9.807923277497249, 60.34974821191838], [9.807696444779832, 60.34965502708912], [9.807486278201612, 60.34929436269498], [9.8070713983202, 60.348465993373686], [9.806653654447878, 60.34759989967074], [9.805956719392123, 60.34623357900654], [9.805924424172758, 60.34615826353319], [9.805858360148969, 60.345934873365856], [9.805589584418016, 60.3452416941536], [9.805391713109321, 60.3448770975336], [9.805183690888553, 60.34450445496849], [9.804952072994528, 60.34400312040514], [9.80467038941932, 60.34347310140719], [9.804304092589547, 60.342690440908996], [9.803937233353619, 60.34190685711355], [9.803165290117606, 60.34023705307965], [9.802417565417022, 60.338715214321915], [9.801250540339408, 60.336274283028246], [9.800270462765642, 60.33397428216524], [9.800077078707734, 60.33350493618477], [9.799492944010993, 60.33217780928862], [9.79848259963853, 60.330104245093295], [9.797419201488102, 60.32806143033283], [9.795742062382475, 60.32572881515383], [9.79481085546685, 60.32574139638136], [9.79424163851571, 60.32570168754972], [9.793924952332485, 60.32568727629768], [9.792087983494348, 60.32590757875574], [9.791493781641721, 60.32585275034932], [9.791316947889555, 60.32585111376398], [9.790314323759162, 60.32587453517245], [9.789316769179045, 60.32589346934571], [9.788983710981809, 60.32587363413091], [9.786760972304728, 60.32538991904856], [9.784904884764533, 60.32465955613916], [9.784519781266528, 60.32451142240233], [9.784106048381723, 60.32435172385711], [9.781784789482074, 60.32348235485905], [9.781395861811273, 60.32332200362254], [9.779376118777499, 60.322622547477], [9.776892246786685, 60.32249252204699], [9.776314725212742, 60.32235783869445], [9.775316404497346, 60.32226092108164], [9.773394010782088, 60.32200691368127], [9.771908410189821, 60.3217027050089], [9.771823498789516, 60.32169026922533], [9.76995637680186, 60.32142003366166], [9.768825834482499, 60.321216803260256], [9.768080761566168, 60.32109094887475], [9.767104428547759, 60.32086751351857], [9.76629267139429, 60.32071976128002], [9.765073609859014, 60.3204240132639], [9.76318906585255, 60.32008109676302], [9.758274621457545, 60.31907231604931], [9.757397050325112, 60.318855949308976], [9.754007818942423, 60.31810138824719], [9.752383017731232, 60.31777029764376], [9.75089328496672, 60.31745794084383], [9.749264070297935, 60.31710054094175], [9.747336852415513, 60.316685603627356], [9.745597586280937, 60.31676074713308], [9.744409101727738, 60.316728668206295], [9.74377180466819, 60.31673327829819], [9.74316080863628, 60.31678067969244], [9.741893454240769, 60.316739332219946], [9.74148706065361, 60.316726093919584], [9.74068798848403, 60.3167023171651], [9.73921058799766, 60.31656298940801], [9.73756565597912, 60.31617467322597], [9.736860724558053, 60.31596663662811], [9.73659080241626, 60.315903641380004], [9.736468451723669, 60.31587493872856], [9.736134428959309, 60.315796620163525], [9.736036831236156, 60.3157617912614], [9.735856845835091, 60.31573052972446], [9.734986125568676, 60.31556188073815], [9.734523611665397, 60.31546036872253], [9.733723162653376, 60.31530934903129], [9.732979812979975, 60.31517211050635], [9.73221100549539, 60.31513976562725], [9.73159177840925, 60.315084296005956], [9.729839297593118, 60.315112274954664], [9.729318530742416, 60.315060438552315], [9.726748781552121, 60.31491820905503], [9.726418096868048, 60.31491144438244], [9.726112377016472, 60.31492978744235], [9.722276311450125, 60.31499381248446], [9.720839498478618, 60.31487352804019], [9.720812982427825, 60.31487148234866], [9.7169439248645, 60.31452191373593], [9.715150846490792, 60.31434921562579], [9.714396296792337, 60.31428053124472], [9.71373350658479, 60.314210912192436], [9.707820835806945, 60.31370344112942], [9.706681206217036, 60.3135934235138], [9.703351970786594, 60.31339629067292], [9.702367671274217, 60.313350841356396], [9.701811707572388, 60.31331728496527], [9.700805804314284, 60.313230647249476], [9.69878771945768, 60.3132713518885], [9.69779100674669, 60.31326325563599], [9.69644630098934, 60.31328577305864], [9.69644538534511, 60.313285826412226], [9.693913384871122, 60.31334108034181], [9.693909765898399, 60.31334102547564], [9.691901684255672, 60.31336690836856], [9.691881929440225, 60.3133679170796], [9.691854585129128, 60.313367632053726], [9.691824857532199, 60.31336527190869], [9.691817980036621, 60.31336517649497], [9.691788080309058, 60.31336721874413], [9.69174693090073, 60.313371510095585], [9.691700880762344, 60.31337470534169], [9.691624945415633, 60.313379853380646], [9.69154014686855, 60.31338707607477], [9.691534035451093, 60.313395649943416], [9.691466349818873, 60.31339914855758], [9.691395108167967, 60.3134088937185], [9.691312274123456, 60.313418534564725], [9.691229448941632, 60.31342700590188], [9.69112631127303, 60.313433223971835], [9.691057244307798, 60.31343963658933], [9.691018271928218, 60.313443924917564], [9.690988369742568, 60.31344263742115], [9.690940781964963, 60.31342741375101], [9.690914241650644, 60.313399895070575], [9.69085316143171, 60.31336280440944], [9.690758144985459, 60.31332246489035], [9.690710389503606, 60.3133038149569], [9.690669667296243, 60.31329210563086], [9.690633245924944, 60.3132874074554], [9.690573458735763, 60.31328807244666], [9.690523074400412, 60.31329226350822], [9.690467578009816, 60.3133066881465], [9.690444276183763, 60.31332726145003], [9.690358089984748, 60.3133708720282], [9.690281714760076, 60.313395438600374], [9.690187459392805, 60.31340615104824], [9.690154022281028, 60.31340652148888], [9.690102484725923, 60.31340553701861], [9.689980843549158, 60.31341956169669], [9.689863023841554, 60.31343796867016], [9.689768748085445, 60.31344769016691], [9.689633980907436, 60.31344094194738], [9.689550002734338, 60.313415261450594], [9.689452249586386, 60.313388399179736], [9.68936806794579, 60.31336397021025], [9.689267162506638, 60.31335758826156], [9.689179793417894, 60.31336722608089], [9.689085543380717, 60.31337901779517], [9.689000693849623, 60.313391006083826], [9.688901317878514, 60.31340754153152], [9.68881159113829, 60.31341717464431], [9.688706544821267, 60.31341728532083], [9.688585357601081, 60.31340289139314], [9.688498977931811, 60.31338305305279], [9.688418757752745, 60.313375519553034], [9.688361670244714, 60.31337854136654], [9.688319967283928, 60.31338622894898], [9.688310746941236, 60.313386039479646], [9.688214513497636, 60.31338884251054], [9.688118099820988, 60.31339163825009], [9.688040203091413, 60.31339211637712], [9.687898338720329, 60.31338328227114], [9.687751742053637, 60.313385686588035], [9.687618556447198, 60.31339150771916], [9.687446366955715, 60.31339846523544], [9.687308682838063, 60.313399606484175], [9.687153238797878, 60.313398416082286], [9.686992304697966, 60.31340420434433], [9.686840771379229, 60.313419097828614], [9.686693767062904, 60.31343291286322], [9.686530453758984, 60.31345219309805], [9.68639231644217, 60.313470592550715], [9.686273043728596, 60.31348119935093], [9.686107774744858, 60.31348798261429], [9.685981833706494, 60.31348941323989], [9.685853338637179, 60.31349650047105], [9.685736097248212, 60.31350799809834], [9.685607181507507, 60.31352100731118], [9.685492273702305, 60.31353376809612], [9.685370277063479, 60.31355218367285], [9.68524826765061, 60.31356510947664], [9.685149481127086, 60.31357689654191], [9.68505302457407, 60.31359219642243], [9.68493340887142, 60.31360044864899], [9.684859807581354, 60.3136101857378], [9.684802517200183, 60.31361778719539], [9.6846876199378, 60.31362379876175], [9.684575092947485, 60.313626395808605], [9.68437811167966, 60.31362740608753], [9.684274839583571, 60.31363109386933], [9.6841622888231, 60.31363494942028], [9.684022183799964, 60.31364759842325], [9.683916118216601, 60.31366620160341], [9.683789581832226, 60.31368686333952], [9.683672483220539, 60.31369413555098], [9.68357393491867, 60.31369666243879], [9.683440928396195, 60.313693577966426], [9.68331717836632, 60.31369491397927], [9.683195357121457, 60.313706675652924], [9.683091849261727, 60.31371737199506], [9.682988742437185, 60.31372115540017], [9.68287638990942, 60.313722678177996], [9.6827665881006, 60.313720793704626], [9.682665714627085, 60.31370864887867], [9.682570119070224, 60.31369194640444], [9.682477082111754, 60.31366733770793], [9.682397417526929, 60.31364749470198], [9.682315207621999, 60.31363213884642], [9.682233211052923, 60.31361436186465], [9.682121298131667, 60.31359538474284], [9.682080537936683, 60.313590600125224], [9.681998119342401, 60.31358765380858], [9.681951882570594, 60.3135897583746], [9.6819290505064, 60.31359406164633], [9.681793275513362, 60.313607961850295], [9.681671271364785, 60.31362529394485], [9.681533909816006, 60.31363112145181], [9.681370828457027, 60.31363114764928], [9.681210826762166, 60.31363453671787], [9.68105205081501, 60.31364598356544], [9.680919060764056, 60.31364613671949], [9.680814182336809, 60.31364075871841], [9.68070164457125, 60.31364119237596], [9.680577718547482, 60.31364026910263], [9.680470253544538, 60.31363406714502], [9.680317207711758, 60.313625946029205], [9.680172632261272, 60.313618164647956], [9.680063029915383, 60.31361394627414], [9.67994836567348, 60.31360628515439], [9.679841147576008, 60.313595233317216], [9.67973372663217, 60.31358876256255], [9.67963103279094, 60.31357555247398], [9.679523824243363, 60.313563330932524], [9.67944575402228, 60.313555968225614], [9.679395398988913, 60.313551067637796], [9.679322643276544, 60.3135311400683], [9.679229608192108, 60.31350319958338], [9.679145826815494, 60.31347302083988], [9.679102768874753, 60.31345563493161], [9.679084492830013, 60.3134520217987], [9.679064921993314, 60.313450786329824], [9.67849325501774, 60.31345240576274], [9.678472616416412, 60.313447707851836], [9.678459031325554, 60.31344536277723], [9.678426999426492, 60.3134382277944], [9.678392974719376, 60.31342885312691], [9.678360924111692, 60.3134240570283], [9.678320192855443, 60.31341576291566], [9.678288131849513, 60.313408806702405], [9.678243082698959, 60.31339251039056], [9.678195329295294, 60.31337277599514], [9.678131615795905, 60.31335636027044], [9.678074392228902, 60.31334686406803], [9.678019692756148, 60.31334079867858], [9.677958097125774, 60.31333697603451], [9.677912267886505, 60.31333324641593], [9.677809170277229, 60.31333252680748], [9.67771311670867, 60.31333532944661], [9.677646461462002, 60.31333472301351], [9.677580159508427, 60.3133263918773], [9.67746611186578, 60.31330606519804], [9.677336282482397, 60.313282405157516], [9.677258582386854, 60.31327055665519], [9.677238314873073, 60.313268033124636], [9.677156514134092, 60.3132401822502], [9.677079249036606, 60.31321566297802], [9.67700174400294, 60.313203732163785], [9.676892152106443, 60.31319501219905], [9.676834518298893, 60.31319692728489], [9.676792998427311, 60.31320569849646], [9.676730583116148, 60.313231358006], [9.676651619657711, 60.31326616152696], [9.676588805955811, 60.31329648428869], [9.676518939672949, 60.313327783623905], [9.676470679466137, 60.313340063509315], [9.676389985399624, 60.31335212072663], [9.67630714326642, 60.31336400164507], [9.676224079609709, 60.3133861321095], [9.676173088449351, 60.313405141212584], [9.676130953554456, 60.31342990517656], [9.676077392800087, 60.31345798970239], [9.676021631532238, 60.3134906651469], [9.675972581150944, 60.313520010619044], [9.67593990399356, 60.31354128493511], [9.675914645700125, 60.31356600673868], [9.675867418928389, 60.31358417706685], [9.675849111283693, 60.31358965087763], [9.675837018578246, 60.31359483437311], [9.675760311336488, 60.31362135925387], [9.675660496206978, 60.313663873516056], [9.675548690165009, 60.313710945362224], [9.675451245752715, 60.31375004521388], [9.675363424155757, 60.3137824225498], [9.675281943596191, 60.31381262488518], [9.675215175886656, 60.313836039225286], [9.675157101641226, 60.31385620325489], [9.67508055814819, 60.313879494823745], [9.67500890454833, 60.31390172295525], [9.67494437362998, 60.31390920935454], [9.674905417107393, 60.31390782447605], [9.674828110519268, 60.31389356072506], [9.674797744777232, 60.31388622182338], [9.674764042451802, 60.31387820896107], [9.674730189112033, 60.3138700100496], [9.674718722980817, 60.31386801966939], [9.674698060598008, 60.31386458002358], [9.674650137660732, 60.313865894432844], [9.674668329232269, 60.31393447532765], [9.674619993811957, 60.31394387197953], [9.674619423965833, 60.313944029061744], [9.674610856590384, 60.313945394648314], [9.674603954970308, 60.313946557189716], [9.674592372066689, 60.313945282003345], [9.674569353541434, 60.31394849670565], [9.674560474594513, 60.31395065965468], [9.674537124812849, 60.3139536810706], [9.674534903803798, 60.31395395179556], [9.674496109112273, 60.31395824247371], [9.67444971601096, 60.31396240786572], [9.674392242601524, 60.3139699975482], [9.6743463901301, 60.31397418462362], [9.67429562794007, 60.31397844440176], [9.674238183026377, 60.313982525673815], [9.674185628138488, 60.31398554355996], [9.67413725192761, 60.313986299657216], [9.674118767385856, 60.313986186945954], [9.674089240606781, 60.31398482072307], [9.674074277332291, 60.31398313972234], [9.671253688964589, 60.313654271389034], [9.665076366557747, 60.31294048857943], [9.66064169171889, 60.31243321537748], [9.657051841225854, 60.31201923665396], [9.656936324032767, 60.31200576167613], [9.655663455152347, 60.31180443909056], [9.654602847881376, 60.311699312228875], [9.652549877783771, 60.311429153481335], [9.65129747276945, 60.31131239253221], [9.649971819616875, 60.31117556529264], [9.647292010895143, 60.31088344123057], [9.646142593365806, 60.31076161029294], [9.644736307602155, 60.310637760647886], [9.642844920855675, 60.310435978022504], [9.641251519017203, 60.31027537150416], [9.63902260291437, 60.31001624208703], [9.637949585928096, 60.30995079219319], [9.635740673020113, 60.3096871959709], [9.633631280038195, 60.30948590465084], [9.632715587239113, 60.30937719641507], [9.630859943562426, 60.30919045435454], [9.629833906861688, 60.30908994451464], [9.628556370167983, 60.308899773207564], [9.627779448365386, 60.308892493391], [9.627771803761418, 60.30889155361319], [9.625927505886946, 60.30867586380247], [9.62327635578795, 60.3084850136693], [9.619322937817518, 60.30817537588478], [9.614031135842488, 60.30785407362553], [9.608615274969745, 60.30690647652729], [9.603618504453674, 60.30644565352959], [9.603604030006817, 60.30644434424072], [9.60076817160184, 60.30613824273891], [9.59655109941526, 60.30565230297573], [9.595252571342876, 60.30553806923349], [9.591948742578415, 60.30517399213116], [9.588666856869864, 60.30484312411086], [9.588661901786962, 60.30484238182723], [9.587178745803776, 60.30461037635777], [9.585129084725393, 60.304399935110624], [9.58334522860427, 60.30418349688904], [9.580460893873065, 60.30382187170944], [9.580446661165263, 60.30382020973967], [9.568858750740434, 60.302463053574556], [9.56743017708665, 60.30229560341639], [9.562295611959934, 60.30178901748854], [9.558172165357885, 60.3014599178595], [9.556351687147735, 60.30165072370071], [9.553856274041127, 60.30181169827009], [9.55094865159757, 60.30210930066007], [9.550850763682009, 60.30212750455231], [9.550716904781572, 60.30213630951253], [9.548931640607151, 60.30221128820908], [9.548827000017804, 60.30221562340521], [9.542682436565634, 60.30284819589646], [9.542420474052516, 60.30284541717004], [9.539132525283852, 60.30317749989558], [9.537090804630957, 60.30333642986172], [9.5331618735638, 60.30356301370881], [9.531171821034418, 60.303834232653756], [9.526145240529779, 60.304142295298796], [9.5224376723942, 60.30391655687317], [9.50672121063368, 60.30244301764498], [9.499636694294404, 60.3018206324671], [9.49754600034893, 60.301524670288245], [9.486525041644029, 60.299727151124976], [9.466601615953543, 60.29720220408887], [9.461061729118324, 60.2968096989856], [9.459628777667605, 60.296708291910484], [9.458935719915601, 60.29665905689998], [9.452365034298024, 60.298626621300734], [9.440352773130611, 60.302222009121316], [9.430031687049997, 60.30530991432116], [9.423489120556415, 60.30726652459641], [9.419298218490088, 60.30851957346898], [9.4151894040976, 60.309747876184694], [9.414458049854957, 60.30996646083262], [9.414327857656684, 60.31002433807172], [9.411023020177044, 60.31149234345796], [9.41043882720994, 60.311751676907406], [9.410166235175522, 60.311872849726214], [9.403852715649823, 60.314676463275084], [9.395318329622597, 60.31819517377482], [9.372236883466961, 60.32901498774065], [9.360462398096978, 60.334530216017626], [9.352685699611248, 60.3361344328571], [9.328424784314175, 60.34114445841989], [9.324112189835692, 60.34203432228549], [9.304494047505585, 60.34430678402024], [9.283105074329713, 60.34678084564397], [9.281775323011125, 60.34635731638468], [9.281485289592597, 60.346264962888675], [9.277514811421684, 60.34500040088758], [9.27447559577764, 60.34585930635395], [9.273990414625404, 60.34799878923899], [9.273426737800378, 60.34820849420092], [9.268377433853756, 60.3496677402014], [9.267972226183812, 60.34978489282287], [9.267520687663719, 60.349914444397136], [9.264105380488159, 60.35090225477383], [9.262198891683298, 60.351065257755295], [9.261833501970811, 60.35109643705263], [9.261098824115127, 60.35115925410325], [9.257515146137777, 60.354172886238544], [9.247081467484202, 60.35778463674225], [9.246837607630395, 60.357868939759854], [9.245925569032792, 60.358184592957684], [9.23374031127867, 60.359845571812556], [9.220346532444216, 60.357339861045446], [9.218299087769276, 60.35781586671888], [9.21501321218413, 60.3585798237119], [9.207627723794095, 60.36031800320874], [9.202631546404023, 60.361481655955664], [9.202628682211378, 60.36148243099496], [9.20049378826244, 60.36198811319078], [9.197484629339495, 60.36267922700314], [9.194346077217928, 60.36337865616769], [9.19069754102432, 60.36425832450855], [9.187050882834654, 60.36433783659449], [9.18699561513306, 60.3643389253065], [9.186865002107401, 60.36434157305611], [9.18682319182944, 60.36434262134691], [9.181369122971114, 60.3644584300447], [9.181206654441814, 60.36446336576407], [9.174299125607499, 60.36467670714014], [9.173061098865645, 60.36459468380933], [9.164153286301165, 60.364005418189095], [9.148954878671132, 60.36394644010447], [9.14438886853305, 60.35982119887005], [9.138001870500458, 60.35381325040595], [9.134136880750365, 60.33417811312525], [9.13440612228877, 60.33202022712883], [9.134288155477625, 60.328716864212], [9.134005337030306, 60.32079831060599], [9.13431345511571, 60.31968235033547], [9.134378456509685, 60.319430084220194], [9.134677909477524, 60.31836514711777], [9.135814563807232, 60.31426762472091], [9.13707229395013, 60.309694793336746], [9.137421784018255, 60.30842311203557], [9.137462493052196, 60.30832183014533], [9.13769602505272, 60.307509297818754], [9.137957434757418, 60.306604188676], [9.138155926686395, 60.30581585395508], [9.138562342316543, 60.30565035891718], [9.138703489165225, 60.30558683197634], [9.139027038503157, 60.30546241337959], [9.142505033982617, 60.30404003139867], [9.142971041064534, 60.30384249825932], [9.149738224789528, 60.30107159166373], [9.153999821603014, 60.29910151461098], [9.15428855872461, 60.29896211162829], [9.15560162289386, 60.29834395057483], [9.156933082443082, 60.29772406875545], [9.158246554532717, 60.29709797999859], [9.15867007726388, 60.29677086443846], [9.161575769504791, 60.294526409625746], [9.163168527886404, 60.293295904839695], [9.164272382044517, 60.290738988958985], [9.164338502453843, 60.29057409234709], [9.165504540281013, 60.287855883025834], [9.166646919097296, 60.285196854901216], [9.169279839120364, 60.283011651272766], [9.169715540128172, 60.28073858049763], [9.170994039356673, 60.27448446763267], [9.17118026957547, 60.27165683385475], [9.171335761382222, 60.26929571473669], [9.17148499435343, 60.26702839814885], [9.171568664216192, 60.26573678220468], [9.171704738461408, 60.26366586469553], [9.171708880347499, 60.26362436485618], [9.171711204845517, 60.26360727217218], [9.171688544556106, 60.261939525136754], [9.17150090083077, 60.259699506219114], [9.171403543403086, 60.25904981885455], [9.171271854867184, 60.258200561020836], [9.171258189082883, 60.258112633456385], [9.17119864985921, 60.25773036947669], [9.171188983121471, 60.25766674512506], [9.171126238296585, 60.25726183325496], [9.171112509419858, 60.257174262979305], [9.170961030093537, 60.25619836566676], [9.170699235537588, 60.25451153056741], [9.170243416617158, 60.25153110735254], [9.170078842035863, 60.250442007318824], [9.168346334520185, 60.239251325571814], [9.16829724778676, 60.23895189349012], [9.16877923716204, 60.2377303230275], [9.168837745399864, 60.23736460317347], [9.168952358431191, 60.2360931678231], [9.168996075336175, 60.23594646098695], [9.17044460043175, 60.23205517217289], [9.17090156879614, 60.228931947700566], [9.171982381692224, 60.22170301640956], [9.171989912949693, 60.22166580732789], [9.172080092984599, 60.22120920680447], [9.172784672399587, 60.217683047302664], [9.173068047694436, 60.21631588237359], [9.173151323652608, 60.21591515415702], [9.17387269604196, 60.2122718014818], [9.173952723280456, 60.21192071470222], [9.173973844223552, 60.2118426924281], [9.17397721220036, 60.211826816175176], [9.17399666629314, 60.21173782727737], [9.173996713980312, 60.2117375593001], [9.17401266467519, 60.21156964308578], [9.178308175317985, 60.20628951743965], [9.179199873962782, 60.20522740763714], [9.179238410317273, 60.20518868289804], [9.179272399712762, 60.205154169202984], [9.179293042698248, 60.20511231590384], [9.179280371735551, 60.20500246668212], [9.17927522267181, 60.20489303868701], [9.179274328798096, 60.20481665746577], [9.179327352226688, 60.204724915250736], [9.179420886726472, 60.20464846064326], [9.179626723964777, 60.204521224737], [9.179749751903998, 60.20444876929173], [9.179827087114926, 60.20437898332216], [9.18000394282284, 60.20415324313306], [9.180440847951019, 60.20365798128918], [9.181020029576278, 60.20294922893914], [9.18120891804558, 60.20260680393928], [9.182313917614618, 60.200602318351585], [9.182559016089083, 60.20013263942525], [9.183637715339835, 60.19820297159452], [9.186223274636973, 60.193519099555374], [9.186254779618753, 60.19346178900054], [9.186686565212081, 60.19266380374342], [9.186830234682018, 60.19232586698417], [9.18700167677808, 60.19204028601748], [9.187962687011767, 60.19034695902103], [9.188182277827952, 60.18994574189173], [9.18824462912888, 60.18980111294428], [9.1887847280719, 60.188879061285185], [9.189020969772985, 60.18859893896374], [9.189639667568335, 60.18735057995074], [9.189723965474025, 60.18719935351834], [9.190210729646486, 60.186326807766], [9.190738162353023, 60.1853806980836], [9.191626194582575, 60.184147865111555], [9.193293985603331, 60.18179941239646], [9.194108530146051, 60.1806966652311], [9.195235091046639, 60.17910834720891], [9.195773953025219, 60.17836663261767], [9.195798431249802, 60.17830595119387], [9.196258247732587, 60.17702034642321], [9.196271397607825, 60.17698383401981], [9.197334397532718, 60.174065394458346], [9.19770963749223, 60.173160026781034], [9.197612213456146, 60.173123429140674], [9.197866301974788, 60.172466608724896], [9.198120887250639, 60.171756875687], [9.198744438492216, 60.17001438405047], [9.199056393070824, 60.16914350581975], [9.199223319288597, 60.168676768885916], [9.199602478773182, 60.167618800396575], [9.199690239723758, 60.16737589793942], [9.200888815915611, 60.16652747202502], [9.201662396002083, 60.16597969668602], [9.204065582498698, 60.164605985965466], [9.20519868100963, 60.163957207266684], [9.205765507329644, 60.163648536038046], [9.206468962266081, 60.16325556197964], [9.20759501081663, 60.1626911683237], [9.20826098038652, 60.162378283305436], [9.208597465711293, 60.16222091288369], [9.20830875920238, 60.16201965457532], [9.208666824964135, 60.16144327131657], [9.210561201472856, 60.158405575669775], [9.21306421896889, 60.15665386682381], [9.214700773429717, 60.15530203524605], [9.215635565112317, 60.15455186163813], [9.216805753492656, 60.15372917048789], [9.217847158079257, 60.15244711786586], [9.215305684383026, 60.151789465097394], [9.214989565781408, 60.15170404884975], [9.214280587243914, 60.151529131475584], [9.213137465567081, 60.151455906507266], [9.21175637582829, 60.15087981438015], [9.211198394913907, 60.15064956210849], [9.210378212029056, 60.150393857880466], [9.20946390634111, 60.150100622142915], [9.208309313523005, 60.1497478679604], [9.207220440523061, 60.14940959905325], [9.206124837621898, 60.149066614041445], [9.204871280913048, 60.14867752681637], [9.203705777163394, 60.148315518214076], [9.203280870026706, 60.148188026617056], [9.202946887264547, 60.14807631855446], [9.202246628978328, 60.14785994401423], [9.201051480900006, 60.147500479613164], [9.1996017793061, 60.147099123276696], [9.198066785581794, 60.14671164687412], [9.197019610282693, 60.14647972813893], [9.196287850044413, 60.14631018834405], [9.195776203329983, 60.14617831808867], [9.195109773173638, 60.14596510057245], [9.19469791071713, 60.14580808474297], [9.194250945011287, 60.14560865283167], [9.193722024276104, 60.145349980047094], [9.193404627928741, 60.1451744277457], [9.193015299729531, 60.14495952102633], [9.192582009682468, 60.14469514632227], [9.19213197584891, 60.14441013798923], [9.191801449148738, 60.14416603503607], [9.191491444200874, 60.143922293796145], [9.191302394787552, 60.14369593658869], [9.19098939386202, 60.14330388128039], [9.190782911890858, 60.142881222188805], [9.190001686860887, 60.14225934323843], [9.189882718438877, 60.142209365380346], [9.189682093905136, 60.1421301366916], [9.189481164508368, 60.14205773614626], [9.189355922973332, 60.14200343055865], [9.189299687992957, 60.1419723275977], [9.189297944392475, 60.1419658590863], [9.189295110607622, 60.14195025007349], [9.189288967684274, 60.14194619865986], [9.189251662145406, 60.1419264617259], [9.189215842196225, 60.141910571213636], [9.189178425928732, 60.14189452040609], [9.189171882563937, 60.14189171171082], [9.1890952052998, 60.14187717375508], [9.187363877824852, 60.14114863748131], [9.186119364941376, 60.14063687019607], [9.184945938555797, 60.14015405846408], [9.184054993640203, 60.13977550604419], [9.183041500019568, 60.13935823782437], [9.181720131273666, 60.138806218011005], [9.180018292410857, 60.138114705507036], [9.17955889901527, 60.13793042463856], [9.177951355477791, 60.13729192434915], [9.176304038728306, 60.13660933573256], [9.173804382091532, 60.13558553990142], [9.172844510814983, 60.13518279585673], [9.171801638046597, 60.13476377573774], [9.170063215349114, 60.13404980087993], [9.168079180829865, 60.1332558089338], [9.16582466275027, 60.132349269139695], [9.16458666289362, 60.13185116062245], [9.163907419035557, 60.13156644298092], [9.163813941897295, 60.131535931885935], [9.162497572628636, 60.1310302854348], [9.161008456239314, 60.130429656217885], [9.159615385768015, 60.12995596589891], [9.158895797641918, 60.129667184049914], [9.157802292627023, 60.12924049023988], [9.156750050908363, 60.12891878497201], [9.154973971485816, 60.12826468396657], [9.153451780937978, 60.12769616717872], [9.151757835926636, 60.12706591368827], [9.15103453147122, 60.12679060455219], [9.149031376017502, 60.12603785495869], [9.146971136350757, 60.1252454487798], [9.146807981022125, 60.125194008708185], [9.146796336487263, 60.12518746034845], [9.145750946886949, 60.12476072077075], [9.144824728338392, 60.1243964276295], [9.144498773535995, 60.12426834928577], [9.144224802171033, 60.124167514629804], [9.143898097453853, 60.124025446948046], [9.143286764176398, 60.123788730764275], [9.142427527134458, 60.1234629531428], [9.142224717870715, 60.123386069231785], [9.142154730900877, 60.12335964514702], [9.140946307068173, 60.12289771786602], [9.140084773824508, 60.12257191165848], [9.139829502803927, 60.122490803519085], [9.139665139888196, 60.12241895368439], [9.137579078263526, 60.1216260506517], [9.137528520730337, 60.12160705917575], [9.135883619540254, 60.12099442705763], [9.135596614510263, 60.12089614467693], [9.133164759322964, 60.11994429064029], [9.132688004734183, 60.119773103691074], [9.125473474799362, 60.11697574449218], [9.125274584072459, 60.116898556417325], [9.124922871080734, 60.116549064448364], [9.124021043933174, 60.11566136107309], [9.123294049667763, 60.11494520252388], [9.123281204915797, 60.114932296256555], [9.122896813670314, 60.11455595353146], [9.122856570614289, 60.11451670831189], [9.121250496915508, 60.11290473533888], [9.120219864692416, 60.111891159740814], [9.119125870885307, 60.11086511650338], [9.118759220276416, 60.110488919462895], [9.1185608028876, 60.110282366583185], [9.118415253164894, 60.110139211126956], [9.115289442228883, 60.107012680463356], [9.109256530150606, 60.10097654369214], [9.107879147312941, 60.09965710066334], [9.103945877780546, 60.096391078658975], [9.10129778306033, 60.09288079829945], [9.098201949907141, 60.08885100028689], [9.096895669662963, 60.08720462724019], [9.096826131342025, 60.087105989713116], [9.096814629795663, 60.087082696594265], [9.096742916062682, 60.086933903558766], [9.096461459453888, 60.08656081261636], [9.096445576044786, 60.08653984418003], [9.097211217579618, 60.08500773639281], [9.097225773304729, 60.08497381555122], [9.097284948827793, 60.08483583398023], [9.097293041016362, 60.084759578637474], [9.097309454653717, 60.08460779847664], [9.09732385120225, 60.084474294636415], [9.097126749413828, 60.08431520674253], [9.097118101747974, 60.08430815719963], [9.097004446938945, 60.084216367750855], [9.096996433374402, 60.084196742042394], [9.096979243280517, 60.08415392729177], [9.096957686731535, 60.084138466985884], [9.09681170638183, 60.0840329857097], [9.096634898291287, 60.08381304320879], [9.09641397288782, 60.08355574230537], [9.096193725212586, 60.08325048393839], [9.095712003293606, 60.082957194993284], [9.095107239710757, 60.082689815016955], [9.094923130540893, 60.08235700189194], [9.094670068547817, 60.082008765604236], [9.094469699216123, 60.08175355173277], [9.094241176820828, 60.081565861379], [9.09396363133204, 60.08132600641053], [9.093828505179665, 60.08104067184773], [9.093720639077064, 60.08074503407441], [9.093583217418358, 60.08036407155812], [9.09346106474194, 60.08004564535633], [9.093313998260497, 60.07965218589946], [9.093166305259915, 60.07940581165116], [9.09301747482504, 60.079204942797155], [9.09290463854518, 60.078991281211536], [9.092917345601947, 60.078852209697196], [9.092871211688001, 60.07857212136874], [9.092628384834663, 60.07817013848333], [9.092386706308382, 60.0777236401773], [9.092326511841813, 60.07751890912755], [9.092211581102246, 60.077301911603804], [9.091806704437715, 60.07672772446545], [9.09159655115885, 60.07644298549154], [9.091588764162942, 60.07632676415563], [9.09137579812383, 60.07610690239874], [9.090756109753645, 60.07612927501956], [9.090308981752102, 60.076129849544614], [9.08990326488724, 60.07614263285775], [9.089360627810859, 60.07614729544396], [9.088929536030202, 60.0761478640101], [9.089320080682306, 60.07509776250005], [9.088857325002765, 60.07474497124396], [9.088524288200976, 60.07448154588392], [9.088172815391317, 60.07420342763328], [9.088018462546941, 60.07395935801973], [9.088037064853383, 60.073615005037254], [9.088015726111966, 60.07330946576376], [9.087659027437008, 60.07318191690903], [9.086907738808097, 60.07296329048586], [9.086303353438492, 60.07287369519412], [9.085753817937139, 60.07279168982022], [9.0849785146135, 60.07270783475059], [9.084355597362514, 60.07260812520386], [9.083531965337327, 60.07249148112406], [9.083208676626192, 60.072430783338156], [9.082433389641787, 60.07243811764213], [9.081682239550643, 60.07248956718222], [9.081239766725687, 60.07248554662419], [9.079775735840478, 60.07249480091165], [9.078458961973686, 60.07254774805359], [9.07759293014476, 60.0725657430938], [9.074622509164048, 60.07260827036493], [9.074173507547638, 60.072613476231936], [9.07253180568421, 60.07263681142028], [9.071278816813274, 60.072645557386934], [9.069691008045481, 60.0725346985147], [9.067408325507573, 60.07234482986292], [9.064973015167181, 60.072155251635245], [9.064755920026665, 60.072139264307125], [9.063825851393789, 60.0720707326048], [9.062634130303657, 60.07197357223992], [9.058840926954025, 60.071604671013525], [9.056822718149979, 60.07141438033667], [9.054625962071615, 60.07119133489793], [9.052690190292466, 60.07099371324679], [9.049032285637571, 60.07118597170418], [9.04739333173657, 60.07126493835683], [9.041151387004211, 60.07155121499652], [9.040247462237687, 60.07170275689623], [9.039745989383995, 60.071786776178996], [9.038550285383913, 60.07194969296575], [9.037498636251478, 60.07211893557999], [9.036781646980225, 60.07225081886069], [9.035907295840444, 60.07237512816869], [9.033177319446464, 60.07278703071663], [9.031818037052762, 60.072999117353085], [9.027500838420828, 60.07363516594404], [9.02495814461875, 60.07409995895322], [9.02451191317176, 60.07417400119351], [9.023400887188258, 60.07437069673596], [9.022335460379997, 60.07454442043273], [9.021145744016852, 60.074851788337476], [9.019555796664719, 60.07525245665825], [9.015595031562336, 60.07621520665964], [9.013174197425494, 60.07680830913637], [9.012227767310252, 60.077051197386886], [9.010763201217877, 60.07710225498769], [9.004641050992998, 60.0773460952117], [8.99212015482525, 60.07783950222594], [8.987042095645503, 60.07799955364586], [8.970660542675272, 60.07851448743393], [8.972898704855767, 60.076382611284465], [8.974825451328215, 60.074479675107845], [8.976108145979657, 60.07327401649634], [8.97713893215806, 60.071949776798625], [8.978115011439927, 60.07010862026985], [8.978722365189759, 60.068624109455556], [8.978907538447835, 60.06738998639999], [8.979113807856846, 60.06537841228673], [8.97956635101789, 60.063816685653805], [8.97976624218721, 60.063049474039104], [8.979797667408999, 60.06292980297248], [8.980170571494716, 60.0615166091318], [8.98034043095117, 60.06086129855024], [8.980817208355324, 60.059802843175554], [8.980971209972013, 60.059113942715655], [8.98099950911852, 60.05899358856868], [8.981119119192288, 60.05845636874702], [8.981212168842493, 60.05799942375289], [8.98150627336976, 60.054908569099446], [8.981735054215026, 60.05334193385693], [8.981734705270632, 60.05329554629153], [8.981735187648882, 60.05322686628583], [8.981741480527072, 60.05236347095736], [8.982148104445717, 60.051699886854536], [8.983043677969452, 60.05020953871505], [8.982992072886896, 60.0495831015297], [8.98299452867388, 60.04949965482515], [8.983035160964654, 60.04811081379997], [8.983090543832699, 60.04664016826684], [8.983093297088217, 60.04656889081751], [8.983104882214231, 60.04625895559902], [8.98308911678513, 60.044585347633294], [8.982952666491288, 60.04365357452525], [8.983489771875478, 60.04165522771795], [8.983677228171697, 60.04095768194909], [8.983746278462894, 60.0398999632491], [8.983997489500153, 60.03846248486362], [8.98305227230566, 60.0369927752289], [8.98530175662345, 60.03344622185275], [8.985458174713349, 60.0329291428363], [8.985724974471825, 60.03235641663926], [8.987321080094606, 60.028247950239596], [8.987555452739596, 60.02479133432096], [8.987652547620923, 60.023037888274594], [8.987776125476605, 60.02080546075676], [8.987936717313094, 60.01790292479354], [8.987961748388019, 60.0174497187753], [8.988350783355935, 60.01648846315428], [8.988519549180504, 60.016071624176064], [8.988842288795935, 60.01527364727485], [8.988882907969275, 60.015170153549384], [8.989438684619307, 60.013756308669436], [8.989859632445247, 60.012685487454405], [8.990497080508906, 60.012077816671315], [8.991446903782693, 60.0111431458249], [8.992041254299695, 60.01061084749914], [8.992534256003475, 60.010092830558335], [8.992624536645605, 60.009989081438114], [8.99372740030488, 60.008847174550304], [8.994606011586326, 60.007937149859664], [8.995221514330071, 60.00729982748242], [8.996018313802521, 60.00648222719618], [8.997308372688124, 60.00515794989125], [8.998351375390875, 60.0040813548094], [8.99862857058875, 60.002905819140416], [8.998724945227162, 60.001814960649526], [8.998714786078525, 60.001797659852585], [8.998715445811946, 60.00175546093469], [8.998723521860503, 60.00168235611851], [8.998761645084578, 60.00163286135317], [8.998857134092567, 60.00152790610122], [8.998915766522028, 60.001463499306745], [8.998946821289993, 60.001415302944224], [8.998952737164613, 60.001356055914954], [8.99892160144927, 60.0012800827463], [8.998867300662205, 60.00120890596766], [8.998840875610881, 60.00115844893739], [8.998847079891824, 60.00111245101225], [8.99889202499599, 60.00106893983803], [8.998906220475458, 60.00102348635939], [8.998965826346312, 60.00095174063806], [8.998966527700533, 60.00093502508571], [8.998934422180017, 60.000911861459045], [8.998926322697786, 60.00089114300624], [8.998931503080621, 60.00085473272956], [8.998949857907876, 60.00083386987228], [8.999004719537796, 60.000803056331605], [8.999017887479907, 60.00078105656483], [8.999015530258118, 60.00074457273121], [8.999034534780229, 60.00071815697868], [8.999034057975646, 60.0006812186408], [8.998996688776305, 60.000641517697105], [8.998981767120474, 60.0006128347452], [8.998941571760268, 60.00059560508402], [8.998768891812366, 60.00059214345437], [8.998710722007067, 60.000567971377194], [8.998673704366086, 60.00054908571457], [8.998666016525725, 60.00050533563678], [8.998691883395228, 60.00045798327902], [8.998697726337939, 60.00042979690379], [8.998679711334331, 60.00039241900778], [8.998715991119202, 60.000320420155894], [8.99879637980682, 60.000236206155755], [8.998881356494646, 60.000147519211446], [8.998953523191057, 60.00007490562879], [8.998995462934534, 60.00005088625945], [8.999103265443328, 60.00000970085433], [8.999171871866118, 59.99997546216561], [8.999206893552287, 59.99993708099734], [8.999224717954476, 59.99989539459071], [8.999242493860823, 59.999852985648175], [8.999267574832206, 59.99983170911983], [8.999302688251468, 59.99981458166504], [8.999336245146676, 59.999799094003116], [8.999354856848841, 59.999784725739886], [8.999364180988314, 59.999769033618385], [8.999375825188196, 59.999744533271], [8.999392512850784, 59.99971008830012], [8.999447330420121, 59.99965081985448], [8.999457711390436, 59.99962139972459], [8.99946901485768, 59.99959778424217], [8.999503676322222, 59.99957127193263], [8.999540733675294, 59.99955729443033], [8.9995713290075, 59.999520512192674], [8.999587774534927, 59.999480473660356], [8.999607152286533, 59.99944705172406], [8.9996321207312, 59.9994194671823], [8.999635531864561, 59.99938882887422], [8.999638878303378, 59.999357557333695], [8.999655506850322, 59.999296727802914], [8.999667848535797, 59.9992683875026], [8.999669323420669, 59.999199933979085], [8.999693172215295, 59.99910728919878], [8.99970109117211, 59.99906866273176], [8.99971909063897, 59.99903589827529], [8.999712373111915, 59.99899669455034], [8.999689380450079, 59.99896395204858], [8.999626938800219, 59.99891779576548], [8.999603995899573, 59.998880823612936], [8.999586480447057, 59.99885454359681], [8.999586451912675, 59.99876963416608], [8.999640773891945, 59.99867252612289], [8.999695838398457, 59.99858715717566], [8.999731209288855, 59.99850134055032], [8.999795174581342, 59.99840359164159], [8.999832281027713, 59.99831020069452], [8.999901310291978, 59.998178647353626], [8.999938654013144, 59.99810867771637], [8.999978689695782, 59.998031807649554], [9.000032838789293, 59.997972238480756], [9.000092079982517, 59.99789948542415], [9.000118654851368, 59.99785612696633], [9.000148927619827, 59.9978013218799], [9.00021195840813, 59.99774035676071], [9.000266637203508, 59.997700620554575], [9.000337121750265, 59.99764710838262], [9.00040232046927, 59.99760190904699], [9.000529695575127, 59.99754594801335], [9.000610844550046, 59.997491121065536], [9.000639313235254, 59.99745514213298], [9.000639151572143, 59.997372927928176], [9.000591001769465, 59.997352004574815], [9.000581507536173, 59.99733401389943], [9.000582403005128, 59.997314245843604], [9.000622896859628, 59.99728331711951], [9.000671898297789, 59.99725997943756], [9.000757013348997, 59.99722487197774], [9.000896329026864, 59.99718233073038], [9.00105718427115, 59.997141941708186], [9.001164648827466, 59.99710947348564], [9.00121844619856, 59.99709139648481], [9.001287461758048, 59.997078605182836], [9.001331129381157, 59.99705889588907], [9.001376500459553, 59.99702980999704], [9.001428581918928, 59.996998418784365], [9.001462782282516, 59.996988272403264], [9.001528215616721, 59.99697540774687], [9.001575801969153, 59.99697469540968], [9.001600825550439, 59.99698240889871], [9.001648018325834, 59.99700860063426], [9.001663704373465, 59.99702714355138], [9.001666163023529, 59.9970561585359], [9.00165682374101, 59.99707689232787], [9.001637612659067, 59.99710446943924], [9.001607039585553, 59.997133239449454], [9.001576434010891, 59.997162188053295], [9.001544561737099, 59.99720503515846], [9.001508964023447, 59.99723375621308], [9.00150406586943, 59.99725280157668], [9.001519881037549, 59.99727459184495], [9.00150969761416, 59.997301950136105], [9.001485723469452, 59.99731616425597], [9.001460080881067, 59.997324719827866], [9.00144683723331, 59.9973342907377], [9.001420477054591, 59.997367574672076], [9.00141535168929, 59.99738787024222], [9.001421005904062, 59.997401273841774], [9.001418408293986, 59.99742546631873], [9.00141968662961, 59.997437229821564], [9.001454403281558, 59.9974430440901], [9.00148213709132, 59.997432873067865], [9.001510163608817, 59.99741713288473], [9.001536779852595, 59.99740222882025], [9.001598990655568, 59.99737742194984], [9.001653484829655, 59.99736144744999], [9.001735225240788, 59.99734194261468], [9.001800678549346, 59.997310170262544], [9.001859146763229, 59.99727429783447], [9.001918487795853, 59.99725242140106], [9.001924942267424, 59.99722975531052], [9.001920228294237, 59.99721414358473], [9.001928805160714, 59.997196616478405], [9.001952032798487, 59.99718651011422], [9.002000010540149, 59.99717275961869], [9.00203988631293, 59.997146214305346], [9.002079133276274, 59.997098390830665], [9.002085676682045, 59.99702476602266], [9.002104682526916, 59.9969597227722], [9.002101380734976, 59.996930399260506], [9.002116623652594, 59.9968821120766], [9.002145755088389, 59.99684346188224], [9.002164899011092, 59.99682713668065], [9.002199633679924, 59.99681800491324], [9.00223120606079, 59.9968203442058], [9.002263652743354, 59.996828756030034], [9.00229558066135, 59.99683804460582], [9.002346602142218, 59.99684217063798], [9.002391547799, 59.996832243606306], [9.002420027262573, 59.99681598365887], [9.002398780162, 59.99680727191071], [9.000768378842666, 59.99613635223901], [8.999185390749242, 59.99550854072208], [8.996777386518565, 59.994691987271125], [8.994614882149182, 59.993831754853396], [8.99369944659654, 59.993455203337916], [8.992552223138597, 59.99282045069932], [8.990569037406758, 59.99195977697161], [8.988423696671628, 59.990895462058326], [8.98756302874056, 59.99059204775683], [8.987488389594054, 59.99056567673914], [8.987557644070993, 59.99043404914085], [8.987560059283695, 59.990349700640614], [8.9875249386315, 59.99013784915025], [8.987466837272859, 59.98993179071684], [8.987487305549571, 59.98984502563082], [8.987512365590957, 59.989747845469914], [8.987677380539493, 59.9893715389126], [8.988117585261445, 59.98838580000137], [8.988218161966492, 59.9882390357776], [8.98832237229327, 59.98814142001956], [8.988622475701364, 59.987787042037375], [8.988963989136527, 59.987459856975676], [8.989186736604374, 59.98720855298037], [8.989935704179631, 59.986725929251364], [8.990481680597185, 59.98647588127715], [8.99076177942794, 59.986231246471505], [8.991013606744705, 59.98587132796281], [8.991266164546735, 59.985531071463036], [8.991642404122608, 59.984973160874866], [8.991709680821312, 59.984345405374185], [8.99196542913209, 59.98422067200524], [8.992054307338035, 59.98404320780493], [8.99200098064733, 59.98383944090551], [8.99208308369915, 59.9835915253679], [8.992146657308638, 59.98332988782487], [8.99209393139391, 59.98297460931302], [8.992010212756885, 59.982734428562786], [8.992028271313552, 59.98263512757337], [8.99203807039246, 59.98241722552335], [8.992092644860206, 59.982317701188926], [8.992234110880434, 59.98208519230642], [8.992794992119578, 59.98077135378109], [8.992941593822112, 59.98078822234818], [8.992963915307026, 59.98079293322783], [8.992979855046812, 59.98079519173113], [8.992986496971932, 59.98079522487731], [8.993021127775513, 59.980806350449434], [8.993078517693226, 59.98082175664786], [8.993153886792769, 59.980844016466186], [8.99325288714442, 59.98087761985558], [8.993355777092233, 59.98090761903189], [8.993463705807141, 59.980936587599025], [8.99355059362991, 59.98095874278545], [8.993626448494801, 59.98098327551381], [8.993690349593276, 59.98100339069695], [8.993777448790278, 59.98102438484178], [8.993877675694078, 59.981030491209076], [8.993979610843066, 59.98101731669442], [8.99405810881492, 59.98099271746517], [8.994129858753471, 59.98094791110757], [8.99417403462385, 59.9809075185214], [8.994209123847638, 59.98086274931748], [8.9942422805815, 59.98083058764957], [8.994289044316817, 59.98080066786836], [8.994329568973287, 59.98077640595835], [8.99439923715292, 59.98075194371949], [8.99449909606656, 59.98074326613873], [8.994572026289173, 59.98074731558215], [8.994669881720988, 59.98076943042081], [8.994738966289045, 59.98079167255323], [8.994805797950098, 59.980817413443084], [8.994881343715234, 59.980847603889565], [8.994969022508199, 59.980880238952025], [8.995099868646577, 59.980929430873694], [8.995274176316679, 59.98098861996458], [8.995427673230974, 59.981030831730834], [8.995560696655408, 59.98106409527435], [8.995704849428632, 59.98109840684881], [8.995844271365694, 59.98113502349232], [8.995958762739251, 59.9811684312961], [8.996107966568088, 59.98121647902014], [8.996232030720813, 59.981256536234596], [8.996369074232417, 59.981287461222394], [8.996506554063755, 59.981322908003115], [8.99662384637325, 59.981366617594574], [8.996633079120388, 59.981371180767816], [8.996655902540057, 59.981380055766074], [8.996717926102558, 59.98140359530774], [8.996821723901839, 59.981448399714054], [8.996931924635554, 59.98148071041891], [8.9970297556358, 59.98148814564797], [8.997160963759475, 59.981479005547286], [8.997272373476207, 59.981475985157466], [8.997365815256117, 59.98147988836805], [8.997534710540613, 59.98151055455972], [8.997669489235331, 59.98153813332994], [8.997786271425749, 59.98155894823667], [8.997895748293727, 59.98157645841742], [8.99806399170657, 59.981626542915784], [8.998075669883558, 59.981635449445506], [8.99811251990123, 59.98165810998467], [8.998138240362383, 59.98168071299008], [8.998170908263443, 59.98171353738502], [8.998196598077177, 59.98172938593864], [8.998210865548645, 59.981749755681804], [8.998231871536667, 59.98177358424399], [8.99827819460119, 59.98181432481896], [8.998329525118645, 59.981849261088925], [8.998382685237265, 59.98188896290403], [8.998417540917513, 59.98192062645776], [8.998478213959904, 59.98197831888454], [8.998556998146256, 59.98204115937985], [8.998631134267502, 59.98209892560908], [8.998693740652119, 59.982136086833144], [8.998765113006488, 59.98216752512384], [8.998854549943859, 59.98219546541999], [8.998904899372336, 59.982204154900515], [8.998991343491392, 59.982213950492195], [8.999080654941551, 59.98222477721417], [8.999182961135132, 59.982227372613735], [8.999251018724408, 59.98223254770208], [8.999346923479271, 59.98224565585202], [8.999473085121409, 59.982287065999266], [8.999592151916314, 59.98232500102106], [8.999699670672387, 59.98234935339764], [8.999797522781648, 59.98234877383482], [8.99989931397804, 59.9823363984713], [8.999971928043177, 59.98232242229347], [9.000049155741447, 59.98232657451386], [9.000127269779377, 59.98235552821035], [9.000198756967668, 59.982389311952225], [9.00027429531383, 59.98241859829511], [9.000391565074, 59.98245753108462], [9.00048965686191, 59.98247740108357], [9.000576377027201, 59.9824906297164], [9.00067916847876, 59.98250342060613], [9.0007840184312, 59.982510812818305], [9.00092028232559, 59.98251441500706], [9.00102746641671, 59.98251489030986], [9.001134358010898, 59.98252093468622], [9.001200438978662, 59.98253304175283], [9.001273857530322, 59.98255421724666], [9.001296602890832, 59.98255759535986], [9.001371773176308, 59.982566154987225], [9.001417346213662, 59.982564541183116], [9.001474211315386, 59.98256209160094], [9.00152375589969, 59.98254454163013], [9.001559497847067, 59.98252384121858], [9.0015944986913, 59.98247456425141], [9.001645682804535, 59.98243313828572], [9.001708319232218, 59.982401868738535], [9.001764426478548, 59.982371922216814], [9.001808499699603, 59.98231918709695], [9.001816879107924, 59.98229282717277], [9.001813369414617, 59.98225079845627], [9.001849128026361, 59.98222307560326], [9.001907420861205, 59.98220088209482], [9.001970880645827, 59.982185857219484], [9.002044985107936, 59.98216366417969], [9.002096603956351, 59.98213468343792], [9.00214222654601, 59.98212091623326], [9.002212391139068, 59.98212141370412], [9.002271749073548, 59.982128981865756], [9.002291662140179, 59.982108370045026], [9.002304979875476, 59.982101323748275], [9.00233443321211, 59.98209546322611], [9.002386744703648, 59.982096317257025], [9.002492174505, 59.982125254167805], [9.00255904760723, 59.98214982221287], [9.002615926332947, 59.98216312981022], [9.002702501830688, 59.98216725638785], [9.002779940124478, 59.98217222696415], [9.0028820368374, 59.98216706647718], [9.002963203544093, 59.98215050722357], [9.003005845864537, 59.98212741978882], [9.00303948059778, 59.982104462002816], [9.003077199090502, 59.982068904655264], [9.003103511884758, 59.982037779621365], [9.003159907868502, 59.982018110295385], [9.003271092891012, 59.98200940200929], [9.003329788908863, 59.98199289881374], [9.003399162745, 59.981957163496794], [9.003468067526924, 59.981911142198534], [9.003503696370675, 59.981865314976176], [9.003511799188672, 59.98183552085888], [9.003544641795534, 59.98178524471382], [9.003616848516641, 59.98176755639546], [9.003709807509974, 59.98175432542632], [9.00380488859228, 59.981742271590925], [9.003906564108275, 59.98171764250449], [9.003978981258975, 59.98169780262666], [9.004078146011326, 59.98166522550438], [9.004166067296582, 59.981636187711985], [9.004210943466486, 59.98161761369753], [9.004352425140285, 59.98154986840192], [9.004424242991606, 59.98151748542502], [9.00450775724943, 59.981485995589836], [9.004563616865923, 59.981466301272576], [9.00462462792416, 59.98144990304513], [9.004692313433043, 59.98143335874321], [9.004759561736476, 59.98141130204645], [9.004809103215972, 59.98138681772232], [9.004849200142495, 59.981356950809925], [9.004866988646134, 59.98134209444739], [9.004900038328396, 59.98131343707084], [9.004926526986639, 59.98128231975648], [9.004937220227992, 59.98125606515396], [9.00493851760504, 59.98122416008373], [9.00493505228668, 59.981188796548594], [9.00495031402141, 59.98116013896396], [9.004958398918902, 59.98113538622425], [9.00498739805805, 59.98111221677775], [9.005013480853162, 59.98109620767282], [9.005037554571548, 59.98108631977263], [9.005046513327617, 59.981083486559605], [9.005075673141423, 59.981092108523285], [9.00664319788818, 59.98155637014909], [9.008392390705582, 59.982000972840055], [9.009323425891669, 59.98224505822853], [9.009958883575502, 59.98241589353478], [9.010422324434062, 59.98256331784024], [9.011433796097764, 59.982804926445695], [9.013236902309883, 59.9830528377126], [9.015298900446203, 59.98330106481302], [9.018576053356218, 59.98386534928106], [9.018925647468809, 59.98394417884865], [9.019211169136176, 59.98403152989819], [9.020216291093446, 59.983613875674294], [9.02102897701118, 59.98325860035139], [9.02206291198836, 59.982817482161764], [9.02215995454152, 59.982779663206394], [9.022625214964282, 59.98254590228522], [9.022914929590389, 59.98243526114806], [9.023549132029931, 59.98215947086415], [9.024945620978132, 59.98155418366858], [9.027215661598664, 59.9806027298529], [9.027890838980113, 59.98029465651828], [9.029020189069767, 59.97981262128529], [9.030085778308518, 59.97937603442084], [9.030438936719678, 59.97908097843705], [9.030793061781278, 59.978765617006665], [9.031600224307482, 59.97808049456134], [9.032047289039479, 59.97772090647256], [9.032446702442845, 59.97737941414371], [9.033054777494657, 59.976903054839084], [9.03399506226958, 59.97616561413319], [9.034875933257535, 59.975475444732105], [9.035527983619895, 59.97495109936042], [9.035810430792365, 59.974536677556486], [9.03622825893543, 59.97442119443235], [9.03751958334061, 59.974063037164065], [9.038945534772735, 59.97366739067959], [9.039200998738028, 59.973596492626854], [9.039436982574674, 59.973531014048994], [9.041722799526301, 59.972903916544105], [9.04270885896627, 59.9726362374672], [9.042897908584129, 59.97258492425227], [9.044210829183509, 59.972228673945885], [9.044537656678859, 59.972138397982086], [9.044563756088449, 59.972131116130384], [9.044624422864429, 59.972114414750294], [9.044647106077969, 59.97210814870056], [9.04597314444847, 59.971741671404466], [9.050600394555838, 59.97046741314492], [9.054378266768145, 59.96941796810641], [9.055712502346925, 59.96784601061813], [9.056956449211839, 59.966340011659625], [9.056958954577048, 59.96633706364778], [9.05782367823774, 59.96530677912983], [9.057766346652723, 59.964390777987454], [9.057761234388984, 59.963514950941004], [9.05798042465862, 59.96303767123324], [9.058583701949791, 59.961978736442305], [9.059702575513123, 59.96193059761441], [9.060836202278383, 59.96187627288375], [9.062933639741594, 59.96176127925926], [9.064895107560874, 59.961708453338396], [9.066532264116223, 59.96161170634119], [9.067518283610974, 59.96151023969478], [9.069879274004574, 59.96128997929268], [9.07184226660395, 59.96111017096276], [9.073235448708033, 59.96099784302922], [9.075297767136831, 59.96080859477894], [9.079965286624308, 59.960415006009924], [9.079999169505728, 59.9604132899406], [9.081868906510023, 59.96027631484908], [9.083622307790213, 59.96016928340718], [9.08460788844267, 59.960076674881954], [9.092343450620726, 59.95934190452436], [9.096659867260273, 59.958963294239915], [9.103064920630466, 59.958951006798316], [9.103376870139416, 59.95894041456487], [9.104273779160376, 59.95892966593194], [9.106189556692692, 59.957860065755966], [9.108623361876761, 59.956224752545005], [9.108838928521878, 59.956079825136875], [9.108989805067417, 59.955981607000574], [9.109056764264606, 59.95593121775468], [9.109731083814916, 59.95557410650052], [9.109662527367718, 59.9541082068079], [9.111542642363943, 59.95146040876229], [9.112123957452596, 59.95045828248786], [9.121512781295623, 59.94757754596085], [9.124247647839663, 59.94642396456685], [9.12767387370558, 59.94497854330246], [9.13048793841685, 59.943266596915876], [9.131521546194916, 59.942853763440034], [9.132042561692572, 59.94258811242543], [9.132746023611121, 59.942277123815664], [9.133669073187283, 59.94182459015208], [9.134454964317001, 59.94135305767301], [9.135560833722376, 59.94092973496816], [9.136731467921305, 59.94047895221768], [9.137656779844962, 59.93995933284814], [9.139301872588, 59.93928795636581], [9.1419602554976, 59.93849192051535], [9.142967139252297, 59.93822636207187], [9.148192994144988, 59.936908242760516], [9.148756712186195, 59.93678028539048], [9.151876382473136, 59.93604645434213], [9.15383866363992, 59.93559464285658], [9.153906019499638, 59.935573870767016], [9.15473171213281, 59.935346804417165], [9.157348192463237, 59.93462243670286], [9.158329502890588, 59.934404785948225], [9.16132991474832, 59.93374439747046], [9.163384057325146, 59.93327969595966], [9.166253310999005, 59.932473656139166], [9.16696032784944, 59.93227573135567], [9.167149768638726, 59.932220668188904], [9.167220485400971, 59.93215628588264], [9.167362065890492, 59.93207047041347], [9.167780680253436, 59.9319027780045], [9.168483798625239, 59.931595470468], [9.168647940763726, 59.93156485060548], [9.168981748151786, 59.93151807946884], [9.169066675545167, 59.93151761529349], [9.169193954047929, 59.93151704897349], [9.169474771157981, 59.93156848579902], [9.169622448862745, 59.93153560405234], [9.16981659099833, 59.93150676345047], [9.170066645037839, 59.9314884145406], [9.17026178318965, 59.93149364745731], [9.170421500821943, 59.93145859798565], [9.170570141197038, 59.93146608972909], [9.170664047821536, 59.93150428391811], [9.170971666831795, 59.931410613134865], [9.17120091486732, 59.931372884131726], [9.171325518729246, 59.93136814598381], [9.171327152064034, 59.93136803835136], [9.171501292323178, 59.931373328705384], [9.17188874099687, 59.93127959425799], [9.17260251702606, 59.93110507723645], [9.175596231733698, 59.930373142509964], [9.17950787269025, 59.92905809244729], [9.180778875092606, 59.927689079161595], [9.180859892170135, 59.92760669132773], [9.181249502185516, 59.92717561131175], [9.184680111292684, 59.92344958944452], [9.185952354137916, 59.92240504427698], [9.188445548367941, 59.920325809438886], [9.19053654726644, 59.91857715460082], [9.191581047988612, 59.917661496662674], [9.192056333502501, 59.917277120412834], [9.192425296389464, 59.91695610302159], [9.192594396486365, 59.91681377448966], [9.191601289519578, 59.915823726776026], [9.18934009629036, 59.91371252235968], [9.189211777678787, 59.91361412284543], [9.188332886278708, 59.91276917383503], [9.188069262320454, 59.91252335977713], [9.186151133385087, 59.91062432522594], [9.174291605611986, 59.90001642179374], [9.183069802488632, 59.8981553820948], [9.183312272628562, 59.898091937185484], [9.187957227859952, 59.8970630947132], [9.188458606962492, 59.896937274749874], [9.188569854805058, 59.8969057360151], [9.18853301162064, 59.8968746680058], [9.1884816973319, 59.89666750119269], [9.188298620867762, 59.895524187332086], [9.188053995993833, 59.894408038028914], [9.187932238479252, 59.893926058692855], [9.18773318414076, 59.89296199607178], [9.187585176010854, 59.89237325524444], [9.187277777012287, 59.890967415539436], [9.187088001379129, 59.88988618875793], [9.186973782877873, 59.889432899173016], [9.186885384561554, 59.888979491783154], [9.186674716406273, 59.887735473921616], [9.18662725545556, 59.88682772087758], [9.186616740556385, 59.88638685272951], [9.186631247980898, 59.88591972448745], [9.18662783507169, 59.88544036987235], [9.186635004578653, 59.88499875405063], [9.186614238402067, 59.88412981295604], [9.186603219617167, 59.88389318940809], [9.18660069091987, 59.88362651318216], [9.186570068230543, 59.88208293780797], [9.186576922883777, 59.88142434758228], [9.186606616135366, 59.88122931727299], [9.185537872543662, 59.88048241777312], [9.18540069635215, 59.880344367262566], [9.185215783692316, 59.879920713550156], [9.184997557630192, 59.879398987255826], [9.182997230409741, 59.87467408872335], [9.182033604697319, 59.87290110737864], [9.180574930410302, 59.869964291167584], [9.179926130345965, 59.86829436591729], [9.178800327195674, 59.86562362666763], [9.179587110040112, 59.863611957330605], [9.182108693805038, 59.860415834601085], [9.183298512861821, 59.85702176071561], [9.183432016157521, 59.855278394303625], [9.183892826688684, 59.85080601119663], [9.184254291823558, 59.84937802343177], [9.184567939094652, 59.848352850259545], [9.184943397398632, 59.847744171606145], [9.185313053835019, 59.84714504796731], [9.188561154734911, 59.84187977202884], [9.188528221454348, 59.83859195364019], [9.18823107490778, 59.83657078636193], [9.187723025201052, 59.83311688959764], [9.1852570356348, 59.83079435236915], [9.186081355008483, 59.82701706077225], [9.18608850791082, 59.82698739941456], [9.186260316719302, 59.826981419818694], [9.186357252765195, 59.82695879821188], [9.186566824137884, 59.82686977811917], [9.186859306319592, 59.826815850501575], [9.186988086504394, 59.82677267344075], [9.18718031339502, 59.82668261380815], [9.187388519571892, 59.82659524249944], [9.18751547835521, 59.82656656831136], [9.18766683467392, 59.82654050541005], [9.187748466732995, 59.826492898022444], [9.187774577769401, 59.82644274066114], [9.18782852575969, 59.826418483478484], [9.187922681249708, 59.826392316649425], [9.187986602237936, 59.82638056460541], [9.18824976652355, 59.82635009201807], [9.188394493883616, 59.826324094741864], [9.188481506047676, 59.82630094199463], [9.188578811589823, 59.82626186065541], [9.188646338400659, 59.82622947228698], [9.188737177623318, 59.8261793013981], [9.188835355214383, 59.82613215627769], [9.188920130790397, 59.826104402941525], [9.189047477572798, 59.82609600014764], [9.18922484059722, 59.82610322642687], [9.189367351718532, 59.82610422744185], [9.189442416047687, 59.82609827976866], [9.189739124356306, 59.826024187635966], [9.190278599922346, 59.8258766734196], [9.190654621349685, 59.825740553851965], [9.190661892594116, 59.82573475417249], [9.19077215037236, 59.82564709140153], [9.190790996193732, 59.825632351683346], [9.193745753751031, 59.82391154129282], [9.199401195141181, 59.822418515780846], [9.201499433831852, 59.82165326598013], [9.202676913417147, 59.820535001702765], [9.204338681470666, 59.8200584814502], [9.204488337375059, 59.82002242263053], [9.206909685319951, 59.81944601538054], [9.208275274975119, 59.819097974009146], [9.210525925760576, 59.81839738643585], [9.21455051730314, 59.81734075012871], [9.21604569657882, 59.81696395988808], [9.219526215611994, 59.81615604517938], [9.227294524597536, 59.81417596915813], [9.235706335748192, 59.81187392089406], [9.241787844188046, 59.811333670665164], [9.245427154163972, 59.81222490838747], [9.247192667062462, 59.81279594119637], [9.251668477165909, 59.81401336773793], [9.25341082816425, 59.81381929783741], [9.254042239662276, 59.812559948439905], [9.254536857504947, 59.811460151167786], [9.257297399680917, 59.80874111776077], [9.263784239212288, 59.806640398430325], [9.263794655653943, 59.806636983229424], [9.266394084062078, 59.80624457045342], [9.26819538360914, 59.80598637159528], [9.271668584273213, 59.805569301248674], [9.274271921216668, 59.80530572385767], [9.278474287263714, 59.80485657855753], [9.284068454063798, 59.80406055373386], [9.290697286622073, 59.80338253095171], [9.293916922330558, 59.80270252044992], [9.2971017021719, 59.80196546867027], [9.30136506611365, 59.801097797509414], [9.305543380490029, 59.80009928850706], [9.308005185053563, 59.7995033281637], [9.310885894571376, 59.798767792197246], [9.312959860325215, 59.79832135500267], [9.321364201607308, 59.79625212523866], [9.324010803692865, 59.79549375622397], [9.329555712508695, 59.7940196184191], [9.331041120722826, 59.79332764263267], [9.33329979663517, 59.79226941334271], [9.336183708661904, 59.790922662654104], [9.340525471707332, 59.78889195451247], [9.342681721075504, 59.78788109646281], [9.347348924746685, 59.78570706591485], [9.349115343368805, 59.78488444271219], [9.351443695506074, 59.78382416580194], [9.353244420603792, 59.783554294339716], [9.356380790140864, 59.78308546079891], [9.356551105481227, 59.783059218289935], [9.359356059244664, 59.78263851674367], [9.3602256886846, 59.78250490959659], [9.362432002888186, 59.782165862988485], [9.365711836450528, 59.78166202768313], [9.366797379032812, 59.78150660412072], [9.367754845413122, 59.78133882845716], [9.36717259401778, 59.78098212119404], [9.3665858300201, 59.78063844867816], [9.366017527691419, 59.780318699464935], [9.365417242527053, 59.77997065945512], [9.364830467644275, 59.779631478131726], [9.364243813197819, 59.779294819326815], [9.363589061056372, 59.77889537207047], [9.36260721205363, 59.77834431724592], [9.360887281241629, 59.776096473029234], [9.358863134628752, 59.77414451673366], [9.355511381597136, 59.77059705267934], [9.353925806823563, 59.7690635424942], [9.353083319232674, 59.76829391708646], [9.352529057027999, 59.76777100720645], [9.351927604248262, 59.76707377750723], [9.3514269882539, 59.76651041810885], [9.350904510558403, 59.76589291672656], [9.350516348439461, 59.765282193221246], [9.350018655702659, 59.76449230210949], [9.349698880081991, 59.76402683313373], [9.349558357991079, 59.763789352514216], [9.349314627241247, 59.76340592194715], [9.3488573009154, 59.762284449676564], [9.348269385193909, 59.76175574506047], [9.34801117550962, 59.76147475095616], [9.347389635983987, 59.76094351115161], [9.346997189251912, 59.76054294809398], [9.346558647489267, 59.76010069931719], [9.346183317670494, 59.75970663255933], [9.3457503948357, 59.75929450707817], [9.34521168912997, 59.758712911574115], [9.344848459936788, 59.7582897481336], [9.344367502750597, 59.757655012785946], [9.344094733620153, 59.75729822002759], [9.343965988362477, 59.75680020285845], [9.343964078851009, 59.75639695337056], [9.343974651846866, 59.75599163235636], [9.343990861310282, 59.755455226079796], [9.343984496732126, 59.754737369780855], [9.343852071579004, 59.75415485135852], [9.343604706787003, 59.753317044931784], [9.343441883082441, 59.75276552790838], [9.34329934944111, 59.75225323203013], [9.343258299093785, 59.751934614577024], [9.343218677977188, 59.7516570146223], [9.343224343634452, 59.75144581918703], [9.343266173512584, 59.75111286770919], [9.343381670132134, 59.750859877878824], [9.343585246475662, 59.750502945632974], [9.343735016163473, 59.750221371123374], [9.343807606102176, 59.749879486269585], [9.343834406068044, 59.74959305259802], [9.343916907277574, 59.74924529477558], [9.344013137571983, 59.7488523132025], [9.344104629960734, 59.748458857032844], [9.344140269847614, 59.74819179773966], [9.34419491574066, 59.74775579500398], [9.344247680350529, 59.747158318253994], [9.344239159540436, 59.74670878689533], [9.344340799377003, 59.746117560909724], [9.344413473134015, 59.745776129827405], [9.344410822390259, 59.745177250838935], [9.344433448280393, 59.74484698091782], [9.344515651456534, 59.74445771449985], [9.34441393651772, 59.74403926458073], [9.344477400123651, 59.74364585867967], [9.344513005468913, 59.74332317016864], [9.34470965731611, 59.74274153722199], [9.344918468165229, 59.7421649297435], [9.344927847891555, 59.74212851950747], [9.344919970818237, 59.74203924691368], [9.344900866720014, 59.740857545865715], [9.34603390608163, 59.73863454085699], [9.345725837864462, 59.738284774955815], [9.345973144096453, 59.73666271242543], [9.346013459421519, 59.736257325851284], [9.346034096490095, 59.735075451310024], [9.345780094574005, 59.73413402543283], [9.344855647257228, 59.733311180817864], [9.345225066906679, 59.73231430969716], [9.345383421618424, 59.73172670366146], [9.345386949845793, 59.73168482009957], [9.345381008021308, 59.731618854315165], [9.344770662299382, 59.73135747620338], [9.344740260574468, 59.73133699065975], [9.34458865062285, 59.731272205345746], [9.344565710033008, 59.73125924297736], [9.343952192859332, 59.731000874161445], [9.3432187871485, 59.73067260440379], [9.342611949106724, 59.73042648891135], [9.34196468229741, 59.730134967346096], [9.341308261231148, 59.72984808741512], [9.34033795143014, 59.72943593224479], [9.339502570366518, 59.72911232364862], [9.339054129539461, 59.72894792769107], [9.339979391404148, 59.72832902691211], [9.34063908820415, 59.72788010990728], [9.34119568969968, 59.727507206570756], [9.341860468575137, 59.72701862822812], [9.343559853226877, 59.72577083823193], [9.343360887139918, 59.72553541107268], [9.343285485060505, 59.72544916196492], [9.342899118978691, 59.72503740425159], [9.342659560185774, 59.72478176939878], [9.341520850695222, 59.72368220561807], [9.339848562921924, 59.72213173303352], [9.33893352156394, 59.72131076965294], [9.339203618059459, 59.720516289857855], [9.339129619068407, 59.720120093168184], [9.338990427566015, 59.71963538514079], [9.33896002588928, 59.71950562189317], [9.33948752134097, 59.71946883987996], [9.340443265988961, 59.719409882274284], [9.341383131829575, 59.71935311192125], [9.342300673562296, 59.71929555025326], [9.342969558791415, 59.719241460750204], [9.343018324051238, 59.719237626903926], [9.344926447329527, 59.71908359345289], [9.345490084131926, 59.71907850284983], [9.346148588480796, 59.719011977346], [9.346779487970252, 59.71886846611687], [9.347677303895114, 59.71876302911451], [9.349351199868495, 59.71853743189046], [9.350967514214865, 59.718573155253296], [9.352094520425908, 59.718425279981055], [9.353478813270648, 59.71833763815166], [9.354786605028371, 59.718249203713036], [9.353606505951344, 59.71723005652648], [9.350910368038791, 59.71506795393577], [9.349985335292708, 59.714123322157], [9.347017381699766, 59.71120111952461], [9.345363407827339, 59.71068781338935], [9.343625816188862, 59.70736391301638], [9.343296763907635, 59.706886217515795], [9.342236044195237, 59.70543131204755], [9.34162312274846, 59.70462197472112], [9.341006229270477, 59.703979346021434], [9.340365160026275, 59.70281584304039], [9.339196540290814, 59.70115497025235], [9.33885358814589, 59.700611759306426], [9.3372429293165, 59.69829246863885], [9.33535952568201, 59.69553144191998], [9.333291500749114, 59.692776156438796], [9.351783850357688, 59.69152056453697], [9.356885969259682, 59.69085020062788], [9.357540144974497, 59.690755183863246], [9.362742588811663, 59.69003842742739], [9.369783560382212, 59.689120024885824], [9.370186148898435, 59.689070108269895], [9.375436498627767, 59.688392096833546], [9.38799779395649, 59.68673843057923], [9.39083558894176, 59.68635065654872], [9.39369910632262, 59.68596086451636], [9.394448144895675, 59.68585191125327], [9.394593880952948, 59.685835292206306], [9.396149539903705, 59.68562316797093], [9.400264076325762, 59.685192658126844], [9.401698075633245, 59.68501351666212], [9.404341869710754, 59.68466927211522], [9.404814268565556, 59.68460783585604], [9.405283923668852, 59.68453511961862], [9.405218621250917, 59.67932256887126], [9.405281874882784, 59.67566572465721], [9.405379733912941, 59.674380993740414], [9.405236788438941, 59.67292503007185], [9.40514982370528, 59.67148019094915], [9.40527206690586, 59.670373099087094], [9.40555689368963, 59.6685305742152], [9.405483954855766, 59.66411444818971], [9.405541956194197, 59.66042956784216], [9.405566010393091, 59.65882800281427], [9.409848444190184, 59.654147552248695], [9.410645598014787, 59.65332142290358], [9.410813735555905, 59.65312168174134], [9.411234519616912, 59.652676126525684], [9.412620787792966, 59.651228369723135], [9.413567708620782, 59.65023482137085], [9.415098355791972, 59.64861733785698], [9.416733228439673, 59.6470393039332], [9.418380056882585, 59.64539173869185], [9.41997121240044, 59.64397390923376], [9.421068364516852, 59.64303110343292], [9.422561939877575, 59.64150170659494], [9.422871636963905, 59.64119404394274], [9.423006082251687, 59.64100149419367], [9.4232341091911, 59.64039080449977], [9.423418402907418, 59.639773658831416], [9.42361312968977, 59.63918351009682], [9.423851931457094, 59.638645734982056], [9.423934245887033, 59.63845870172508], [9.424681092412701, 59.636548751040515], [9.425158496249038, 59.63536167194871], [9.425695384779132, 59.63375787799091], [9.426054513714142, 59.63260607686656], [9.426451588003633, 59.63171655230964], [9.427068848519632, 59.630343719481786], [9.427442884171423, 59.62947805289791], [9.427483350685602, 59.62939283188009], [9.427587663010161, 59.62877056411703], [9.427992731868825, 59.62777463048449], [9.431148690359262, 59.62224243299009], [9.435794482181821, 59.6148920611834], [9.436253112385836, 59.61391672913441], [9.436055460905106, 59.61383695486516], [9.410338254052043, 59.60345166119432], [9.400162726377722, 59.579391590625335], [9.459421636390509, 59.57934747210235], [9.45966220302574, 59.57934723836496], [9.460881248073925, 59.578015866140795], [9.461134856688178, 59.57778739307002], [9.461480168503044, 59.5766764502732], [9.462031514567974, 59.575162477750396], [9.462638751806294, 59.57349633790246], [9.46301609868977, 59.57194915352282], [9.4632579813571, 59.57095802834287], [9.463418498619006, 59.5701861221922], [9.46385887901294, 59.568690842459596], [9.464459700008337, 59.566755316532365], [9.467545681694697, 59.56326816558916], [9.468903497585446, 59.56166009895397], [9.469524442318415, 59.56110570543221], [9.470702112511114, 59.559296952718384], [9.470703028509623, 59.559295534365596], [9.471333759056268, 59.558492419811564], [9.471983680107256, 59.55735449386856], [9.473857332441781, 59.556494468092986], [9.477649704909023, 59.5548749834938], [9.478729070743551, 59.55441348030741], [9.482648646683266, 59.55176052640596], [9.486678118608571, 59.55006856650105], [9.515263540243708, 59.5381147569098], [9.50013035221584, 59.52403665686181], [9.498817057984585, 59.522814144782785], [9.491534628168605, 59.51603794819892], [9.490782483919556, 59.51513037238427], [9.489513624930295, 59.51359695760303], [9.489175159331376, 59.51318799799935], [9.487838486751189, 59.511573125493975], [9.486648701516343, 59.51013589971035], [9.48542993105897, 59.508662153649624], [9.484019806393473, 59.506958353487526], [9.48283104575706, 59.50591254764493], [9.479890753081582, 59.5033215003233], [9.479408767492993, 59.50289617298327], [9.478265768423917, 59.501891496152126], [9.476648776000614, 59.50062417164055], [9.476157141149288, 59.50023982263534], [9.475056178228453, 59.49937936808176], [9.474090877901592, 59.49862464588618], [9.471599164272835, 59.49667124943354], [9.468578967763907, 59.494307280552235], [9.468878085532962, 59.492901696428916], [9.469264967126206, 59.49108500980924], [9.46958760140245, 59.48958312961152], [9.469712555778269, 59.48900078752151], [9.46982571245648, 59.488473408632366], [9.470197223295242, 59.48673140270995], [9.470366455193375, 59.48620441173905], [9.471003144537356, 59.48434476953149], [9.471435666709581, 59.48308254853444], [9.471744273231904, 59.482211265685045], [9.472110832968708, 59.4822503933341], [9.473038029316797, 59.48232121470008], [9.473980648754928, 59.482388633100115], [9.474930666930144, 59.48246058833806], [9.475978458837385, 59.48252002978146], [9.476927269054647, 59.482570228327425], [9.477869859594643, 59.48262384648677], [9.479010002496898, 59.48269635606324], [9.479957316925011, 59.482757899234194], [9.480783127426578, 59.48281483053968], [9.48090486980297, 59.48282124556142], [9.481728710341594, 59.48289455783044], [9.482186763877992, 59.482927179769426], [9.483124793159904, 59.48298713644142], [9.483523485782253, 59.483015981068775], [9.483993094267799, 59.48304071536813], [9.484627295740214, 59.48308033284765], [9.485120045903923, 59.48311720253052], [9.48560559033379, 59.483146205279795], [9.485997185160455, 59.48317411191955], [9.486251263572901, 59.48319143019058], [9.486739271501728, 59.4832237729406], [9.487191286981847, 59.483254411569376], [9.487647754416553, 59.48328379684694], [9.488102584934259, 59.48331887141373], [9.488592248310523, 59.48334326693673], [9.488779013209152, 59.48335674393453], [9.48922003618546, 59.48338862067157], [9.489685648467352, 59.48342594549309], [9.490149222787647, 59.48345517230227], [9.490614985230799, 59.48349592016378], [9.491087555173852, 59.48353074390971], [9.491551090762657, 59.48356455410706], [9.492009851988234, 59.48359510081877], [9.492473713511307, 59.48363234151889], [9.492941526764863, 59.48366380738184], [9.49338039435031, 59.483701338842714], [9.493863953082366, 59.483736076567546], [9.494194656162383, 59.483755535844956], [9.494633497383509, 59.483793241897594], [9.495101356488407, 59.483820111735675], [9.495575396021067, 59.48384706086032], [9.496461772576216, 59.48390500878884], [9.49692728190823, 59.483938702876465], [9.497426943850247, 59.48397671705493], [9.497602218371659, 59.48398582607565], [9.49804999626637, 59.484018677584544], [9.49852684314218, 59.48405230440705], [9.498965437529563, 59.484079635046236], [9.499455596428755, 59.484111930189485], [9.499930512486962, 59.48414439030102], [9.500398787526702, 59.48418502857039], [9.500882361014295, 59.48421866043246], [9.501355103686848, 59.48425795365995], [9.501852003132619, 59.48428908396687], [9.502312951699428, 59.48431824607115], [9.502787995003395, 59.484355381016194], [9.5032375957876, 59.48438361122599], [9.503710206421507, 59.484416140121205], [9.504225482806206, 59.48445721620275], [9.504527238469704, 59.48448064844053], [9.504864311015556, 59.484499088750866], [9.505350223551243, 59.484533612376275], [9.505887714278511, 59.48456976811589], [9.506043437161365, 59.48458596160866], [9.506529199712496, 59.48461381438976], [9.507010339965463, 59.48464615058751], [9.507484878222561, 59.484679916810144], [9.507988867035596, 59.484714292094814], [9.508130153140982, 59.48471592469699], [9.508627570490022, 59.484752630627675], [9.50911973732887, 59.48478029340628], [9.509607806069281, 59.4848092216983], [9.51006906884322, 59.484844129211325], [9.510512422155095, 59.48487819084846], [9.51098470779236, 59.48490734923905], [9.51150215224655, 59.48494605734228], [9.511864110215916, 59.48496057706808], [9.512154992879175, 59.48499433360652], [9.512630183292416, 59.48503827827497], [9.513134295370314, 59.485080648549115], [9.513612130725551, 59.48513010090618], [9.513789403116933, 59.48513459191677], [9.514256985702625, 59.48515571030407], [9.514505571508604, 59.48515690142575], [9.51484207919177, 59.485169081777805], [9.515319616923037, 59.48518665521496], [9.515508055231617, 59.48519647368177], [9.516071744271217, 59.485237019027885], [9.51664181689561, 59.48527531042194], [9.517227948190929, 59.48531931471543], [9.517773418759878, 59.48535548630376], [9.518337100573527, 59.48539719138334], [9.518891594757426, 59.48543337767725], [9.519430484009117, 59.485473045481974], [9.519982857439555, 59.48550922789579], [9.52057973124811, 59.48554160850847], [9.520759767033368, 59.485561776038736], [9.521276162917381, 59.485598330627425], [9.521783428421836, 59.485629009456765], [9.52195149991, 59.48563787255562], [9.52249039519711, 59.4856764477598], [9.523046910448542, 59.48570568106328], [9.52347552708123, 59.48572818876372], [9.523751893002496, 59.48568471947396], [9.524270755708656, 59.48560148645945], [9.524578004020059, 59.4855476127917], [9.524967900886375, 59.48548163985256], [9.525468888359521, 59.485396211467325], [9.525994157969441, 59.48530397096377], [9.526499596600418, 59.485211795729654], [9.527015989924724, 59.485121878526904], [9.527320981974386, 59.48506331393573], [9.527728109829997, 59.48499139649532], [9.528209208599655, 59.48490413303782], [9.52871413394958, 59.48480958801177], [9.529286546721984, 59.48471238348642], [9.5298342024419, 59.484611797663064], [9.530446025751186, 59.48450283218491], [9.530982655730295, 59.48440690902335], [9.531463270921181, 59.48431160380693], [9.53214859697799, 59.48420319418082], [9.5330378580299, 59.484049334890344], [9.53464708367481, 59.48377077016455], [9.535736037153798, 59.483578916228254], [9.53743030242695, 59.48395808177772], [9.538409234346247, 59.484181167570014], [9.539532713824302, 59.48443388023931], [9.54041653234632, 59.48463478630402], [9.542598822595194, 59.48513025799446], [9.543717520215973, 59.48538336260172], [9.544484089227973, 59.4855568325687], [9.545107375850328, 59.4856983828448], [9.545660267937983, 59.48582447496047], [9.546211570317743, 59.48595166807772], [9.546730542112256, 59.486065446591006], [9.547272472977731, 59.486189363038214], [9.547834761383795, 59.48631871842546], [9.548381281946792, 59.486448221847276], [9.548950325367331, 59.48657524473715], [9.549467171197572, 59.48669243282973], [9.549979448671857, 59.48680177799492], [9.550494382790374, 59.486912222079205], [9.550977613986271, 59.487022868855654], [9.551149386796423, 59.48706802752681], [9.551585922974722, 59.487167630459226], [9.551591886814773, 59.48716904967697], [9.551893996588092, 59.48723657403126], [9.552031966622366, 59.48725439956322], [9.552331216567254, 59.48706360094531], [9.552648476655284, 59.48686644451291], [9.552993177052905, 59.486662604193725], [9.55333768307447, 59.486458844951045], [9.553666816957886, 59.486252732737974], [9.553993087826926, 59.486057749850126], [9.554319767633473, 59.485851443681646], [9.554655414463655, 59.485648751265494], [9.55499107167498, 59.485445968529845], [9.55530370089065, 59.48525428285359], [9.555641447396406, 59.485052755878876], [9.555953905325795, 59.48485989172443], [9.556268232355883, 59.484678444600505], [9.55659045960086, 59.48447104756491], [9.556942361675663, 59.484261739014364], [9.557287236069703, 59.48404880632031], [9.55763017290139, 59.48383579193766], [9.557972695073683, 59.48362860925944], [9.558308321144231, 59.483423567833526], [9.55844183589244, 59.48335597384542], [9.55882561970799, 59.48312765240765], [9.559197834580205, 59.482912886618585], [9.559584098236515, 59.48267899692515], [9.55990359317389, 59.48248389828279], [9.559923534209945, 59.48247105097469], [9.56023542326882, 59.482269334430214], [9.56062649402209, 59.482019803215685], [9.56100366794867, 59.481789490411316], [9.561351046814185, 59.481573862933836], [9.561764924096794, 59.48131664061944], [9.562174229242453, 59.48105481658871], [9.562532960968523, 59.48083561012622], [9.562924188350653, 59.480580499664576], [9.563271542361347, 59.48036486669489], [9.563358207002885, 59.48031889327106], [9.563705327544719, 59.48011674903395], [9.564013648552447, 59.47992810531597], [9.564315294345555, 59.47973585272408], [9.56463296789161, 59.479548407710666], [9.564916127119998, 59.4793720323754], [9.565213076128835, 59.47919569149278], [9.565494486381054, 59.47901366236058], [9.56580278448178, 59.478829423816066], [9.56610897886361, 59.47863735724449], [9.56641761570103, 59.47845097163706], [9.56676475247891, 59.478236401443645], [9.567070930431658, 59.478047662080904], [9.567356757064067, 59.47786554354679], [9.567660425613463, 59.4776824581465], [9.567946234531664, 59.47750150770041], [9.568233706949428, 59.477335475407216], [9.56856272416261, 59.477136615236894], [9.568683823236505, 59.477059045002164], [9.568979044686628, 59.47686570534745], [9.569309753991043, 59.47667825354992], [9.569606868087206, 59.476493991127406], [9.56991241687907, 59.47631664922822], [9.57020991505045, 59.476125561904446], [9.570559299055839, 59.47590990655969], [9.570881331231439, 59.47572019988327], [9.571189797519896, 59.4755235377476], [9.57142650565198, 59.47540236274259], [9.571996003811266, 59.47504980820012], [9.573188660753466, 59.474308858663534], [9.574019784758326, 59.47372600079299], [9.574408428409225, 59.473461663254255], [9.575900773037613, 59.472434561673815], [9.576055193399192, 59.472325523847566], [9.576316990923775, 59.472125019076834], [9.576593905032357, 59.47193828227138], [9.576841612993356, 59.47176157910356], [9.577088974746959, 59.47158261123947], [9.577347829698061, 59.47140034136928], [9.577565361458923, 59.47125288995289], [9.577736976963266, 59.471131426500136], [9.578011763412876, 59.470943518642365], [9.57827756699179, 59.47074875691508], [9.578577487064113, 59.470548574286646], [9.578895112805919, 59.47034273788438], [9.579181221125769, 59.47014701927887], [9.579487883112716, 59.469938925688], [9.579733071945865, 59.469766702808954], [9.580016872291333, 59.46957097663394], [9.580259566761177, 59.469403238932934], [9.580394455957983, 59.46931102355441], [9.580696876329199, 59.46909951129784], [9.580962608631255, 59.46891491140032], [9.581230672942208, 59.46872347836721], [9.581496634202624, 59.46852529777423], [9.581775151106637, 59.46835463730742], [9.5820453177773, 59.46816437019109], [9.58234981401347, 59.46795852065386], [9.58258596801253, 59.467785107627954], [9.582889872253856, 59.467588411904686], [9.583009026063488, 59.4675004898473], [9.583243296074224, 59.46731232828741], [9.583357589173605, 59.467238153167585], [9.58367573916765, 59.46702314901385], [9.58395945342042, 59.46683317158606], [9.584217638343738, 59.466665621377416], [9.584483120096477, 59.46648784453742], [9.584599515401555, 59.46641816559287], [9.584726643723785, 59.46614932360006], [9.584838307201327, 59.46591403701259], [9.584898235150767, 59.46581825271066], [9.584992153821378, 59.46561750672334], [9.584699008583117, 59.46554673844503], [9.584310078697758, 59.46545578970456], [9.583925929662628, 59.46536260857804], [9.58351976209843, 59.46525789163652], [9.583330670119498, 59.46521421381791], [9.58296512935005, 59.465107583953035], [9.582570019791701, 59.46500341355265], [9.582483334725572, 59.46498163077206], [9.582043845890231, 59.4648708439421], [9.581886602739399, 59.46481714868259], [9.581413118500752, 59.4647198853551], [9.581017317374158, 59.464629990480375], [9.580577182647758, 59.46453870056682], [9.580161586632162, 59.46445427940518], [9.579750029308778, 59.46436894490353], [9.579576823435547, 59.46432880199329], [9.579516900050704, 59.464107350567566], [9.579447587869776, 59.463892618178505], [9.579390180720347, 59.4636610118409], [9.57931411537638, 59.46345310804962], [9.579240792851431, 59.46322812916138], [9.579168712387624, 59.46303506025814], [9.579106099724024, 59.46282267616196], [9.57903843038591, 59.46262637082212], [9.57896468121757, 59.46241838306688], [9.578886745608965, 59.4621957318065], [9.578923672095826, 59.46209350330773], [9.579041750061497, 59.461903215543174], [9.579155450964118, 59.46170824584245], [9.579287169936883, 59.46151006584515], [9.579350106005114, 59.46142862829285], [9.579554591909952, 59.46119567713266], [9.57965482820158, 59.46109995192228], [9.579771277943811, 59.46101336065573], [9.579999558024095, 59.46078193869257], [9.580069958410256, 59.460692531785334], [9.580213989567662, 59.460434116362016], [9.580344832656317, 59.460170832521676], [9.580418325740247, 59.46000046831314], [9.580539380855418, 59.45987743996344], [9.580709844164167, 59.459627233190076], [9.580893071815092, 59.45940212585235], [9.581067681694579, 59.45916901031818], [9.58116674065186, 59.4590331873495], [9.581251956122207, 59.45884702121397], [9.581345896831118, 59.45861199048618], [9.581450141598106, 59.458396467234536], [9.581538646051373, 59.45819198874307], [9.581649224050073, 59.45804494518228], [9.581776087780854, 59.45782505266624], [9.581897066825423, 59.45758673632399], [9.58199132153711, 59.45745656285184], [9.582077929833464, 59.45730132268469], [9.582190110573137, 59.4570539107816], [9.582300365229944, 59.45680416885602], [9.582388290003296, 59.456599935916024], [9.582496463300327, 59.45634551760211], [9.582606537497771, 59.45609576803489], [9.582696496353936, 59.45590637877198], [9.582820471754989, 59.455761691504705], [9.583006793366648, 59.45551376200154], [9.583177017233263, 59.45527029275371], [9.58337006763143, 59.4550145430657], [9.583483953652902, 59.45484234733394], [9.583530152606437, 59.454683266700215], [9.58359595527758, 59.45442510646074], [9.583661566898996, 59.454167028266816], [9.583804240590407, 59.45412391221139], [9.584267912971656, 59.4539937952596], [9.584362565599125, 59.453919434067195], [9.584521291358442, 59.45374424181107], [9.584668335304972, 59.45363857999304], [9.584883152293482, 59.45340569214385], [9.585106756645079, 59.45317640906559], [9.585334385778928, 59.45295287264858], [9.585404303319368, 59.45288171258692], [9.585587647278656, 59.45265102560058], [9.585782183239898, 59.452412254017645], [9.585964059392598, 59.452159816853985], [9.586170711663222, 59.45189724971826], [9.586349690536432, 59.45165513118126], [9.586542630985596, 59.45141080276855], [9.586712843050384, 59.45116489977772], [9.586801758454039, 59.451067800051305], [9.586835602451693, 59.450634980924974], [9.587178903032608, 59.450492383968395], [9.587283627819257, 59.45044660796466], [9.587670680751177, 59.450273609477726], [9.588069288069555, 59.450088040693274], [9.588219752723381, 59.450032554799165], [9.588447700529397, 59.449910451413906], [9.588836890795053, 59.449732858840164], [9.589200036604156, 59.449542394179154], [9.589571570984061, 59.44935911659926], [9.589871415627162, 59.449212908518554], [9.590233211565115, 59.4490330045915], [9.590633052376562, 59.448852789630934], [9.590771664932781, 59.4487741302642], [9.591005792232231, 59.44868395756019], [9.591149582524904, 59.448634761057065], [9.591507347245717, 59.448502023702], [9.59188043143417, 59.44837514109676], [9.59226063679819, 59.44823577388605], [9.59259825316447, 59.44810408725917], [9.59297801870809, 59.44797846900932], [9.59334480431424, 59.44784007177587], [9.593729178441938, 59.44771212291604], [9.594089209701043, 59.447580552991724], [9.594462283420764, 59.44744808343323], [9.59481790562344, 59.44731641868535], [9.595186367365082, 59.447188435547424], [9.595535094144237, 59.44705675288273], [9.595894912726687, 59.44693083915278], [9.596258958943892, 59.44680168008828], [9.596630291138439, 59.44666562275801], [9.596767258387535, 59.44661919728788], [9.596788534879034, 59.446613240229595], [9.59699223533041, 59.44653520468019], [9.597343028230355, 59.44640819293615], [9.597704970963413, 59.446278852892476], [9.598087198761716, 59.44614531342905], [9.598467523246498, 59.446008184234195], [9.598872793163984, 59.44585759926365], [9.599257151015863, 59.44572504487186], [9.599657432995143, 59.44558019044862], [9.599869075872927, 59.44550544980486], [9.600053477757855, 59.44543749908202], [9.600453740737207, 59.445297141300486], [9.600827342464816, 59.44515882712114], [9.600985670706228, 59.445101403696974], [9.601225500369711, 59.445012800269964], [9.6015943050383, 59.444880134844134], [9.60198342191683, 59.444743090528604], [9.602340924007402, 59.44460923482585], [9.602625877690679, 59.44451466931826], [9.603012705868673, 59.44437419755042], [9.603388595432808, 59.44423138168028], [9.60374376830581, 59.44410318551693], [9.60396107291576, 59.4440183239779], [9.604038317980967, 59.44398831611558], [9.604234158663962, 59.44391723400619], [9.604438853296966, 59.44384381855262], [9.604729796888211, 59.443739327595786], [9.605004334873401, 59.443647925594156], [9.605178015999666, 59.443592753196285], [9.605339562060525, 59.44354274761519], [9.605496537597046, 59.44349480240689], [9.605649079632668, 59.443450273164274], [9.605845461817108, 59.44338461084064], [9.606049758491356, 59.44332692541966], [9.60633243194008, 59.443234327791], [9.60659170468112, 59.44314994002789], [9.606869989420789, 59.44306156927697], [9.607267849015686, 59.44293036186338], [9.607688179388683, 59.44279009426161], [9.608137809381942, 59.442647798440824], [9.608528790112244, 59.44251423284803], [9.60896247652546, 59.44238432348963], [9.609386788898894, 59.44225555472744], [9.609802643496563, 59.44212661466597], [9.61019588837274, 59.44199538792376], [9.61059989769744, 59.4418719848938], [9.611033775161886, 59.44173190774178], [9.611456130925902, 59.44160422162393], [9.611840156938744, 59.44148196815916], [9.61225583250896, 59.44134959361928], [9.612671300002738, 59.441220718961375], [9.613091356887546, 59.4410918528751], [9.613441422757033, 59.440983039373855], [9.613584062148792, 59.44093287230862], [9.613897533092054, 59.4408418928548], [9.614333465221057, 59.44070980975681], [9.61453229135288, 59.44064522617086], [9.614767317270653, 59.440570799831036], [9.615167071966582, 59.44044171805348], [9.61558730534657, 59.44030718216958], [9.616011952286861, 59.44017264746372], [9.616418572413698, 59.440040336153736], [9.61692834587188, 59.4398749397752], [9.617266739659412, 59.439771573788825], [9.617649870604208, 59.43964800740793], [9.618026086493517, 59.43952568412395], [9.618400216888565, 59.43940534349026], [9.618806121242699, 59.43927407555281], [9.619171237156587, 59.439153720400306], [9.619525026348308, 59.43903568617703], [9.619926168486966, 59.438904308254344], [9.620288961400632, 59.43878628402394], [9.620676657873531, 59.43866496771764], [9.621059735708998, 59.438544899475374], [9.621375057575191, 59.43843535113906], [9.6214489707496, 59.43804423650174], [9.621495314486662, 59.437835207982694], [9.621533445612204, 59.43761117156875], [9.621562058286054, 59.437513541417864], [9.621612080749111, 59.43727028770051], [9.62163342093381, 59.43718504617054], [9.621709110050913, 59.43691594457525], [9.621774628394245, 59.43668187999546], [9.62184724656555, 59.43643316983622], [9.621910452555358, 59.43619586002043], [9.621979656893053, 59.435923070900294], [9.622050724701994, 59.43566187774224], [9.622121222524227, 59.43541092016954], [9.622197876603629, 59.43516678622435], [9.622257433783615, 59.43491906657209], [9.622330811432619, 59.434652209233775], [9.62240360990376, 59.43440008671702], [9.622467607899809, 59.434142201281134], [9.622547850368042, 59.433877697175426], [9.622611078751717, 59.43363795840014], [9.622673894277696, 59.43341080149896], [9.622737693830597, 59.433158577355236], [9.622803172741603, 59.432925770893334], [9.622878438824468, 59.432668080663234], [9.622957546752202, 59.43242620770146], [9.623028228669186, 59.432170667977296], [9.623088737922373, 59.4319457556001], [9.623156146871427, 59.431714108675614], [9.623222021782865, 59.43146988947578], [9.62326687679634, 59.431305615541675], [9.623320500170964, 59.4311861598025], [9.623400178233, 59.430929551545105], [9.623476007559962, 59.430662705241566], [9.62353619151981, 59.43037316491184], [9.623599410864989, 59.43009562887385], [9.623686371985366, 59.42982429252533], [9.623755503865937, 59.42955509986414], [9.62382828840877, 59.429305136346684], [9.623892245079997, 59.42904958883009], [9.623960985741547, 59.42879171901649], [9.624021703419478, 59.42855763591503], [9.624098856124384, 59.42830794267061], [9.624167408574792, 59.42805123495683], [9.62424230613214, 59.427801268605236], [9.624313146331733, 59.42754015569759], [9.624381136800794, 59.427292513969505], [9.624451393480056, 59.427048385484476], [9.624513230186896, 59.426795000186985], [9.624577920761133, 59.42657808954485], [9.624577667539167, 59.42641861288174], [9.62458363217274, 59.42615671176574], [9.62459856477042, 59.42589950046969], [9.624595547496451, 59.42563965837714], [9.6246118379372, 59.4253983417674], [9.624615838768992, 59.42513878938095], [9.624620828683753, 59.424900785964184], [9.660119706994491, 59.40787093074441], [9.673972570411124, 59.409706632485424], [9.674876893291076, 59.4098221860246], [9.682578659763813, 59.41084276394459], [9.702689435580634, 59.41168508557467], [9.702788354036347, 59.41168920026202], [9.703827490760817, 59.41173264491459], [9.703963251893711, 59.411734837913244], [9.704010269069675, 59.41173558062296], [9.704115978656713, 59.4117369109919], [9.711878305477807, 59.411829615225926], [9.738130383550686, 59.412066881247526], [9.748643781570228, 59.412108724985664], [9.761249699344587, 59.412081766146635], [9.762522839824268, 59.41207458579315], [9.76842470286343, 59.412048385565285], [9.778087414594966, 59.41200210547976], [9.77797017243826, 59.412355709412715], [9.77789437241481, 59.41263980007987], [9.777805293242091, 59.412914989885394], [9.777720471574973, 59.41320375765237], [9.777626657086362, 59.413497023719856], [9.777530530710614, 59.41378695770371], [9.777447987205628, 59.41407122772274], [9.777358938569959, 59.414358746088055], [9.777280796025932, 59.414641932846], [9.77720971611678, 59.414915954814255], [9.777120984040598, 59.41518081049051], [9.777026462247578, 59.41549573355199], [9.776935273279168, 59.41577533757108], [9.776848313139803, 59.41605727074264], [9.776754304040159, 59.41635511781251], [9.776680924062761, 59.41663597599994], [9.776586213092928, 59.41696006946654], [9.776492036293723, 59.41726582811056], [9.776407190576734, 59.417554594600986], [9.776313514804256, 59.41784336678912], [9.776233419037489, 59.418116217086926], [9.776148408527403, 59.41840830622112], [9.776068650424756, 59.41866866259659], [9.775979715973522, 59.41893926865823], [9.77591108198951, 59.419206459938465], [9.775902510106514, 59.41923338047281], [9.775826909498564, 59.41946564937318], [9.775781282034057, 59.41957701573007], [9.775581608437363, 59.42023873802659], [9.77551080439157, 59.420468499833234], [9.775433689533221, 59.42071510494133], [9.77535724179944, 59.42094823956069], [9.775287345450565, 59.421191534971584], [9.775215147324861, 59.42143257846521], [9.775151770510956, 59.42166794708965], [9.77508203380731, 59.421903330488576], [9.77500279647562, 59.42214877056603], [9.774923542830793, 59.42240230831269], [9.774858061506826, 59.42263984199337], [9.774779317840633, 59.422870634822715], [9.774700245628138, 59.42311383191097], [9.774634553831246, 59.42335270683126], [9.774560230034519, 59.42359258512321], [9.77449015153138, 59.42383812261347], [9.774413192996661, 59.42408932282521], [9.774320522699167, 59.42434277200845], [9.774250591361117, 59.42457247858789], [9.77416744939952, 59.42481110314758], [9.774099454579998, 59.42504997554442], [9.7740314876834, 59.42529208838918], [9.773965996086956, 59.425536460106315], [9.773889191051905, 59.42577632867007], [9.773814850272355, 59.42601395657531], [9.773740161233961, 59.42626182839934], [9.773679969166524, 59.426559861837916], [9.773623459466947, 59.42679064676535], [9.77357117429362, 59.427044366573526], [9.773514491158013, 59.427285402443275], [9.773471372811963, 59.4275277924776], [9.773414505333605, 59.42777457977107], [9.773364516859983, 59.42801570431524], [9.773307991952473, 59.4282568365011], [9.773257823344807, 59.42850254287762], [9.773215489442114, 59.42870213309878], [9.773205539272732, 59.4287505038838], [9.773185134860267, 59.42889734503211], [9.77317107459178, 59.428999719864144], [9.773109787374755, 59.42924992904341], [9.773059456192906, 59.42950237751715], [9.773014054498558, 59.42974692545712], [9.772961575064986, 59.4300029769685], [9.772911406081843, 59.43025093286148], [9.772868466677695, 59.430489820783], [9.772811072192033, 59.430752513654355], [9.772770067494976, 59.430993728759944], [9.77271793745854, 59.43123035823219], [9.772661061464426, 59.43149082236017], [9.772599588300663, 59.431737604731296], [9.772549765284975, 59.43197414681396], [9.772495527653373, 59.432217530301266], [9.772447452217436, 59.432463320651166], [9.772384040171742, 59.43271119495205], [9.77233861310985, 59.43295241253333], [9.772283502081123, 59.43321969610102], [9.772228572993578, 59.43348122813582], [9.772171500250273, 59.43374519362444], [9.772123428309706, 59.434003491568305], [9.772068497474274, 59.43426844283279], [9.772017970401842, 59.43454031946899], [9.771945027152608, 59.434810936516136], [9.771874530804096, 59.43506572498276], [9.771830720655553, 59.43533184241496], [9.77176201590666, 59.43560586889345], [9.771705275566674, 59.435865348603706], [9.771650154598744, 59.436136051046944], [9.771601742318802, 59.43639649487828], [9.771540086451816, 59.43666603521406], [9.771478429488514, 59.43693557550046], [9.771404123531115, 59.437369094828185], [9.771223686546405, 59.43764133606648], [9.771068796698618, 59.43786718214363], [9.770922584302589, 59.438120280970466], [9.770771611111481, 59.43837444833217], [9.770625908286645, 59.43859796336224], [9.770468391991049, 59.43884871846698], [9.770324093166835, 59.43910423318819], [9.770168679850435, 59.43935849177984], [9.769997761574784, 59.439607898637114], [9.769851340079034, 59.439865667320475], [9.769693457806516, 59.44012441548176], [9.769535931288729, 59.44037399963965], [9.769367093181932, 59.440631587809], [9.76922261603126, 59.44088700457247], [9.769109462902358, 59.44107358299964], [9.768951036999248, 59.441308373518154], [9.768780018883746, 59.441593678056606], [9.768595415495339, 59.441891394335144], [9.768400932525065, 59.44220383068493], [9.76821455865988, 59.44248554868153], [9.76805236411723, 59.44277768560912], [9.76788836672333, 59.443056342680975], [9.767697382156857, 59.44334381381843], [9.767521585270643, 59.443643862338824], [9.767331320223361, 59.44396429543885], [9.767137526311833, 59.44425957159857], [9.766955013315242, 59.44455386094683], [9.766780969427943, 59.444861897630176], [9.766580441783843, 59.44515951222587], [9.766423660653082, 59.445434768648674], [9.76624340810651, 59.445728068332784], [9.766054334429857, 59.4460166943473], [9.76586756803411, 59.44630523289462], [9.765689796410076, 59.446597281985184], [9.765507262061517, 59.44689381864349], [9.765334390150812, 59.44716788784583], [9.765180074452537, 59.447436223704315], [9.765006878794987, 59.44771918784331], [9.764827140696774, 59.448002158902256], [9.764651287310784, 59.44829995298574], [9.764480199695974, 59.44859091979006], [9.764302042551863, 59.44888187231928], [9.764113483005895, 59.44916466819825], [9.763911667458512, 59.44949192233947], [9.763743390200782, 59.449769234132134], [9.763551821550916, 59.45006225648635], [9.763371692982613, 59.450352139112205], [9.763208171644012, 59.450623792715824], [9.763034743332128, 59.450916013900844], [9.762871572080586, 59.4511796728598], [9.762695678881549, 59.45147179467209], [9.762517300537565, 59.451769665291344], [9.76235146776148, 59.45204131524539], [9.762169394751142, 59.4523287790397], [9.761998277559814, 59.45261965247543], [9.76182552595314, 59.45289255355534], [9.761640443505112, 59.45319024384811], [9.761477046064885, 59.45345749182254], [9.761305740971485, 59.453751776425776], [9.761099819985494, 59.454067524761555], [9.760931666333246, 59.45433917016158], [9.760753440923843, 59.45463812508544], [9.760556869750388, 59.45494821991499], [9.760379350617233, 59.455227766663405], [9.760203047232894, 59.45553021769496], [9.76002712458184, 59.4558279148022], [9.75982594442587, 59.45613800351311], [9.759663768159239, 59.45642680488322], [9.759476866791609, 59.45671659145205], [9.759301278640724, 59.45700521310789], [9.759113851464601, 59.45730973532053], [9.758922725270658, 59.45758909341443], [9.758883797106407, 59.457626940213125], [9.758863186031201, 59.45765040659367], [9.758783564154568, 59.45780125463072], [9.758637958164648, 59.45804240089563], [9.75850196625256, 59.45827853477053], [9.758785503477402, 59.45822839022083], [9.758866890913072, 59.45821537657191], [9.75922974140491, 59.45817013049492], [9.759748037999316, 59.458092531578245], [9.760313462461164, 59.458014216011456], [9.760874108779298, 59.45794047503748], [9.76144393389856, 59.45786224162659], [9.761991164730345, 59.45778264773544], [9.762538739813682, 59.457700815886376], [9.76309957534818, 59.457628062997664], [9.763683323235856, 59.457536342303015], [9.76429336768276, 59.457455123702935], [9.764852064103517, 59.45737444907308], [9.765414969721398, 59.45729853027809], [9.765944358171069, 59.45722558209585], [9.76650746695801, 59.45714831713254], [9.767045666365526, 59.45707436870309], [9.767197160875028, 59.45705831630303], [9.767713936753971, 59.45705189127614], [9.76830033268096, 59.457054737848374], [9.76888038975101, 59.457050578683024], [9.769435559049606, 59.45705189672247], [9.770002183241745, 59.45705115261166], [9.770575879266822, 59.4570458307938], [9.771164563137189, 59.457044167194475], [9.771729082944521, 59.45703874206487], [9.772284768286571, 59.45703215026418], [9.77287099926337, 59.457036049400415], [9.773439920322557, 59.45703187317336], [9.774033552014819, 59.457033634377154], [9.774588725399482, 59.45703034153809], [9.775045481904888, 59.45703137880307], [9.775128367979812, 59.45703146262536], [9.775610686509985, 59.45717119439119], [9.776090923207091, 59.45730841131514], [9.77657996675274, 59.45744813890687], [9.777080139650002, 59.45758336161361], [9.777556331068247, 59.457713662095145], [9.77802792952603, 59.45784053737222], [9.778527781547277, 59.457985909233486], [9.779017367359621, 59.45811539100806], [9.779466743599802, 59.458238581098186], [9.779929171640454, 59.45837569952878], [9.7804539035772, 59.45851459168508], [9.780978301813523, 59.45866939490025], [9.781467753355054, 59.458796432082245], [9.78196371858954, 59.458932816207714], [9.78246660650185, 59.45906560630182], [9.78296877237673, 59.45921339226247], [9.783456287252006, 59.45933818449335], [9.783903217514323, 59.45946710926178], [9.784409825489934, 59.45961596693369], [9.78489276624816, 59.45974183016983], [9.785403767294383, 59.45989319903859], [9.785937557540365, 59.460033240129874], [9.786418059153206, 59.46016466860038], [9.786902952975304, 59.460297440632665], [9.787449475845994, 59.46045814014612], [9.787965606841285, 59.460589008004405], [9.788463607346001, 59.460735435208946], [9.788983998808101, 59.460876546994406], [9.789490651020111, 59.46102538551083], [9.789997979291673, 59.46115841240373], [9.790108401929864, 59.4611909003776], [9.790515928945652, 59.46131084762542], [9.791036353523594, 59.46144268409061], [9.79157002188648, 59.46159412345314], [9.792066256937051, 59.46172696847422], [9.792555090927369, 59.46187229299306], [9.793086655547297, 59.4620133839788], [9.793577961556599, 59.462157633446324], [9.794098586920864, 59.462294054018024], [9.794632114267065, 59.46244313499407], [9.795154673919777, 59.46258655683175], [9.79564176009583, 59.46272388103926], [9.795956665533135, 59.462811858110484], [9.796297504334458, 59.46290707838552], [9.796695466166518, 59.463017085395755], [9.797066244573541, 59.4631279855545], [9.797477813127449, 59.46322773560888], [9.79790475709831, 59.46334015527013], [9.798279966961035, 59.463454467917174], [9.79869594655136, 59.46356005869086], [9.799100466703623, 59.46367004971517], [9.79946259859083, 59.463775198845994], [9.799884967412767, 59.46388985856262], [9.800291621603765, 59.46400326006947], [9.80070957918248, 59.464116751206475], [9.801122936401175, 59.46422798790261], [9.801552029157296, 59.464349568599886], [9.801965405867866, 59.46446071327061], [9.802387628314957, 59.464585616252165], [9.802792169167482, 59.464692176767045], [9.802977601058352, 59.46474402031861], [9.803181160595667, 59.46480099534333], [9.803588023463934, 59.46491547404639], [9.804015002504615, 59.46502562448181], [9.804394988390278, 59.46513327041784], [9.804797095004009, 59.46524998498543], [9.805203943478634, 59.46535887905629], [9.805615233206334, 59.46547109805232], [9.806004246146797, 59.46557873884351], [9.806384261686999, 59.46568512011393], [9.806813380556383, 59.46580101482979], [9.807209201121855, 59.465903524290546], [9.807593557565102, 59.4660173630851], [9.808009455307035, 59.466126158490844], [9.808429574705732, 59.46623970957748], [9.80884955194703, 59.46636225148499], [9.809265432284047, 59.466475810859095], [9.809683272948002, 59.4665904366586], [9.810123388406765, 59.466713146243805], [9.811303678513482, 59.467029801316784], [9.811319688515031, 59.46703376782953], [9.81175537847535, 59.46715773509208], [9.812135096864722, 59.46727317467299], [9.812548894811044, 59.46737971172257], [9.812785990169862, 59.46744646348445], [9.812960049985158, 59.467495410045295], [9.813409360914775, 59.46761595440417], [9.813802508997398, 59.467733812746815], [9.814195811526552, 59.467844927568215], [9.814594062859479, 59.46794571048548], [9.81503333817571, 59.468072958031506], [9.815349743861164, 59.4681529371227], [9.815747143063131, 59.46825125301105], [9.816036507453521, 59.46833924273403], [9.816157108891264, 59.46837598120928], [9.816576238398607, 59.46849171465004], [9.816978074368757, 59.46859803114052], [9.817385915508195, 59.46871592237047], [9.817798342465247, 59.468828145952216], [9.818237979212963, 59.468943969170134], [9.818643714556062, 59.46905835334688], [9.8190537665977, 59.469172277903084], [9.819084497082862, 59.46917826812176], [9.819112470597158, 59.46918378884625], [9.819267928829358, 59.469086762066006], [9.819484836859116, 59.46897067239833], [9.819566983832122, 59.46895270210291], [9.819744292610432, 59.46886536104941], [9.819819503835346, 59.468781970651186], [9.820167601863238, 59.46864859864661], [9.820308733303241, 59.46860111939623], [9.820460602391204, 59.46857008279412], [9.820709479050015, 59.46853714176976], [9.820948317685769, 59.468518917819246], [9.821293125259116, 59.46853603586041], [9.82153615115465, 59.46849512271686], [9.821770411741944, 59.46845602041882], [9.82207383786991, 59.46841093722243], [9.822342913349711, 59.468394991550696], [9.822727371733725, 59.46841296089279], [9.822951337274912, 59.468431753469886], [9.82322994016734, 59.46841132553289], [9.823709301124154, 59.468281987558385], [9.824097659371736, 59.46815227377035], [9.824247899404753, 59.46810299264127], [9.824698429928322, 59.46799212172207], [9.824870514794915, 59.4679560341817], [9.825046834629502, 59.46793730034591], [9.825270734728681, 59.46794150994952], [9.825462087444732, 59.46795504457071], [9.825593096686998, 59.4679908375503], [9.825719722204663, 59.46800909063893], [9.826002861019889, 59.46802824728331], [9.826467889061364, 59.468061550574795], [9.826837785928882, 59.46809260653467], [9.827558302489935, 59.468254005677714], [9.827781105427011, 59.468280391884115], [9.828007896457292, 59.468273824104315], [9.828207816259916, 59.468251073563614], [9.828449473696354, 59.46822017099898], [9.828690794419408, 59.46820185152379], [9.8289169112252, 59.46820083405063], [9.829125756396772, 59.4681763667011], [9.829306888809672, 59.468157368140695], [9.82951481937901, 59.46810308128745], [9.829527520733983, 59.46809980601813], [9.829583938935576, 59.4680719912594], [9.829619752077068, 59.4680447988474], [9.8296581720064, 59.46800520292413], [9.829683440420968, 59.46798452053695], [9.829687323161771, 59.467969558289795], [9.82969462825442, 59.46791955051292], [9.829704433865087, 59.4678970851062], [9.829726326100344, 59.46781994277851], [9.829737292100015, 59.46776450158888], [9.829757911853523, 59.46772222012618], [9.82982994348775, 59.46766056311016], [9.829859413225122, 59.467641307020344], [9.829882168252439, 59.46762664339906], [9.829956663387827, 59.46760431429125], [9.83004661610319, 59.467599963892944], [9.830162002625611, 59.46760732948012], [9.830303307312553, 59.46760015672105], [9.83045433229731, 59.46759300938514], [9.83053468559665, 59.46758206950463], [9.830679518566436, 59.467574946285886], [9.830941155386823, 59.46756939546304], [9.83104884844445, 59.467584283234594], [9.831117356666836, 59.46760220599534], [9.831185116730722, 59.467650421494724], [9.831287515471853, 59.46768372448514], [9.83141421658732, 59.46771997049341], [9.8315436172291, 59.46772357157737], [9.831739691331597, 59.4677293661127], [9.831838214556821, 59.46773255247685], [9.831944543012305, 59.46772633064109], [9.832095358216309, 59.46771593388808], [9.832150168584127, 59.46767203834926], [9.832300354470885, 59.46758027675982], [9.832425919822901, 59.4675246097234], [9.83244487144572, 59.46751168443531], [9.832600801857009, 59.46740548393658], [9.83266443454081, 59.46736400742111], [9.832707762304588, 59.46733621235411], [9.832859001312213, 59.467272205001244], [9.832915088681446, 59.46723843727887], [9.833247995620296, 59.467038656376154], [9.833567849397516, 59.46684789497617], [9.833734067143032, 59.46675298828592], [9.833846540634845, 59.466697341010935], [9.833944903813016, 59.46665418115642], [9.834218635205726, 59.46657415212288], [9.834308292313334, 59.46654513335276], [9.834430976335666, 59.46652327184427], [9.834567279631703, 59.466512927150035], [9.834711869676584, 59.466502730729395], [9.83483279856235, 59.4664646033857], [9.834857295153578, 59.46645702621113], [9.8349191813565, 59.46642924603655], [9.834935034492691, 59.46641691746955], [9.834995359424937, 59.466370450094125], [9.835104991411063, 59.46632179743426], [9.835161887038671, 59.46630236725865], [9.83529162585465, 59.466243623881276], [9.83551826560252, 59.46612582549673], [9.835761388874298, 59.46596729026297], [9.835947212535512, 59.46583428759213], [9.83607820468858, 59.46565520361565], [9.836579142491336, 59.465309020443655], [9.836788911263184, 59.46523095158228], [9.837109071841764, 59.4651442981727], [9.837369943969213, 59.46503954983011], [9.837517112487209, 59.46495000278358], [9.837864649330498, 59.46456399826855], [9.838084955414612, 59.46446205100313], [9.838361860069696, 59.464446653202614], [9.838464037877246, 59.464442061518945], [9.838563273764745, 59.46442664599103], [9.838711640105782, 59.46440786714633], [9.838828153047992, 59.46439970385695], [9.839036038133917, 59.46439749768973], [9.83924976132216, 59.46438832417347], [9.839541501678518, 59.46427237711707], [9.839582261776208, 59.464262473754815], [9.83968242260734, 59.46421092326602], [9.839801260680694, 59.464137797816115], [9.839905476180771, 59.464070121857524], [9.840042215423306, 59.46398627780028], [9.840193560240406, 59.463873949227], [9.840428738340892, 59.46376367928924], [9.840714251482094, 59.46358198014603], [9.84083810171937, 59.46345866517843], [9.84101964981546, 59.46329093576762], [9.841150238026033, 59.46312118923441], [9.841215662279824, 59.463088687634674], [9.841324716390924, 59.4630425267206], [9.84143636910905, 59.46300249701766], [9.841559014623938, 59.462985396491035], [9.841877436885476, 59.4629584980238], [9.842042125494403, 59.46301450243408], [9.842087176053193, 59.463058664250646], [9.842106792506693, 59.46313277162047], [9.842115484732291, 59.46316613708018], [9.842135830109324, 59.46324936094638], [9.84230988481483, 59.46340030123032], [9.842478584903771, 59.463460152794404], [9.84264485721926, 59.463474559760385], [9.842798010363301, 59.463501943959564], [9.84287144203757, 59.463508448383806], [9.842956936843832, 59.46350310321961], [9.843049544226371, 59.46349632984171], [9.843126348598954, 59.463490010904046], [9.843745225855578, 59.463398784096945], [9.844108347262976, 59.46340217095], [9.844705604966443, 59.46352314922201], [9.845220554414457, 59.46358346455174], [9.84543446212459, 59.46354639560685], [9.845745732426357, 59.46335094858568], [9.84587246861868, 59.46323755089005], [9.846140415599233, 59.463065313456724], [9.8464551918479, 59.46294297455153], [9.846784871077526, 59.462823743482744], [9.847119532848797, 59.46275293601113], [9.847573976209128, 59.46257601167702], [9.847924788649209, 59.462391210692225], [9.848196968983963, 59.46219574292886], [9.848859048863412, 59.461866233368596], [9.849507022498189, 59.461503951831986], [9.849569960503414, 59.461472607743296], [9.850825312020252, 59.46046795527145], [9.850929696982922, 59.46030967197047], [9.850962609347976, 59.46025959575474], [9.851018437566445, 59.460175154140146], [9.851733325968189, 59.45985590569704], [9.851849153444883, 59.45950192573544], [9.851690906053276, 59.45915322568333], [9.851756750010619, 59.4589937794311], [9.852018105997722, 59.45884115590639], [9.852166075181126, 59.45874010865889], [9.852347927223782, 59.458660284225594], [9.852543982604836, 59.45858120046371], [9.852947279293087, 59.45832989872817], [9.853050441688561, 59.45834306029478], [9.853378602674665, 59.45836555659782], [9.853836460560936, 59.45841035856057], [9.85432394032089, 59.458438243197996], [9.854786381645745, 59.45847269552893], [9.855282530645729, 59.458508656698406], [9.855774096235951, 59.45854686439421], [9.856236879948911, 59.45858024529776], [9.856692939115716, 59.45860904032615], [9.857155385626044, 59.45864348432101], [9.857606531287702, 59.45868018004546], [9.858073889792696, 59.458711395452134], [9.85854975930088, 59.45874708378176], [9.859005513281398, 59.45878719549416], [9.859468138163747, 59.458823977549734], [9.859941865517868, 59.45885633709999], [9.860422312569698, 59.458887520272874], [9.860920617890708, 59.45892912315061], [9.861392238758636, 59.458962563971845], [9.86146392253983, 59.45896772950025], [9.86183702675829, 59.45900043375485], [9.86229062746974, 59.4590256929127], [9.862741985314564, 59.45906453833345], [9.863188888269786, 59.459098977743615], [9.863676065612498, 59.45913824184699], [9.864127405155967, 59.459171413216104], [9.864579048155028, 59.45919910646041], [9.865045942366482, 59.45923693635454], [9.865470769219678, 59.45926662913392], [9.865931165752885, 59.45929643587245], [9.822348629694801, 59.504385462705315], [9.834467460567765, 59.51132938545874], [9.854570965927115, 59.51157624000899], [9.858118144321201, 59.519334033414665], [9.921705527443287, 59.580033397011235], [9.921747581176273, 59.580073460005025], [9.92144195557304, 59.580222444209774], [9.920754858446205, 59.5805751426062], [9.92045822350591, 59.58071980024999], [9.919926203258406, 59.5808960622257], [9.919421001454435, 59.58108263205717], [9.918872916284625, 59.58127473006303], [9.918327098552359, 59.58145530782202], [9.917792265318564, 59.581640629339766], [9.91728019746761, 59.58184428885989], [9.916570362865857, 59.58208406828466], [9.915794868080475, 59.58234621120724], [9.915329270578255, 59.582484103343965], [9.915438334683515, 59.582539451413005], [9.915695100868023, 59.582547193939185], [9.916639446981728, 59.58252572641583], [9.917588211674376, 59.58249731623152], [9.91823165153294, 59.582480776776265], [9.918594618903642, 59.58250182115832], [9.919615297952877, 59.58250579359236], [9.920436406529115, 59.582506228207194], [9.920529863970241, 59.58250878182889], [9.92099306808718, 59.58252157015082], [9.921084585654805, 59.58252404796561], [9.92124767073579, 59.58253893449295], [9.921686670818401, 59.58276239136275], [9.921866307927717, 59.58284854764728], [9.922382103681393, 59.5830533935863], [9.923025266501979, 59.58337106152243], [9.923046776086643, 59.58338251386742], [9.923513420881765, 59.58362863116399], [9.923932940070266, 59.58384970337286], [9.924235735890056, 59.58406839918467], [9.924583655103227, 59.58426086601772], [9.92503073777283, 59.58451449473806], [9.925400555273946, 59.58475585406228], [9.925650386807064, 59.58491067926963], [9.92581729625688, 59.58496259625617], [9.928778237119728, 59.58588683056375], [9.929162934590044, 59.58593109043215], [9.929429328447046, 59.58601394428051], [9.92949084484506, 59.586033065904154], [9.929651412934547, 59.586097687366596], [9.929693268338545, 59.58614834537864], [9.92970510007994, 59.58620044752793], [9.92971353031508, 59.58625745603459], [9.929715753609505, 59.586306216324964], [9.92975829338768, 59.58632999969406], [9.929834319594093, 59.586338797719165], [9.92993351399857, 59.586341027094235], [9.930029673454662, 59.586331622421284], [9.930129471570808, 59.586308683349465], [9.93018256715735, 59.58629895727536], [9.93026193518904, 59.5862961885533], [9.93037432548268, 59.58630855640583], [9.93050296054511, 59.58632614288773], [9.930634500812753, 59.58636210593903], [9.930779067814273, 59.58639992376722], [9.930943770987938, 59.586439512240794], [9.931065284239772, 59.586473736302864], [9.931143482010452, 59.58649872248263], [9.931287537466899, 59.58649171463674], [9.931301660793238, 59.586491002896224], [9.93161816757316, 59.58647574888208], [9.931922171670209, 59.58645281156355], [9.931934015452395, 59.586451921372294], [9.932434349309565, 59.58645180238156], [9.935147472155341, 59.58645136751749], [9.935485073206008, 59.586476238720074], [9.941837949747793, 59.58691853030252], [9.938477139391082, 59.593381115450946], [9.938271000636341, 59.593860048494925], [9.936812366740268, 59.59707278438657], [9.936664543724232, 59.59741884023221], [9.936360631298605, 59.59787023161086], [9.934858176206173, 59.6000058444266], [9.934683706158985, 59.60025414836614], [9.93439190418811, 59.60070843495905], [9.933151902034574, 59.602933378898996], [9.933031022535536, 59.60327570816662], [9.93293366521331, 59.60374328801052], [9.932930804719582, 59.603872824170175], [9.933578220729533, 59.60390196780232], [9.933975203130489, 59.60392149255761], [9.934102430861413, 59.60392768293719], [9.934530420039115, 59.60394876753785], [9.935191636095517, 59.604186538563596], [9.935619506615277, 59.6045368151437], [9.935774388787994, 59.60461389195644], [9.936400576997096, 59.60492281503473], [9.9369558799677, 59.605307533018774], [9.937536140098464, 59.60569870300291], [9.93819896353807, 59.60616639251101], [9.938789196454987, 59.60655047483743], [9.939430352877663, 59.60693481607865], [9.93950632933437, 59.606978423571036], [9.939982026254608, 59.60725217155916], [9.940331474935201, 59.607453104188494], [9.940772150214213, 59.60783093787609], [9.941297965134844, 59.60822582981152], [9.942065854891261, 59.60856476760833], [9.94288104615041, 59.608878539456576], [9.943794272156259, 59.609187460451814], [9.943972793215732, 59.60924339826308], [9.944619062325252, 59.60941882007036], [9.945601299793333, 59.60961388603221], [9.946443749942333, 59.60982360393556], [9.947322784648124, 59.60999910229225], [9.948201652635822, 59.61018520441042], [9.949119527876263, 59.61031270807133], [9.949990334685449, 59.61038845414803], [9.95089099717455, 59.610538402163286], [9.951853887413357, 59.61072205577953], [9.952564335810587, 59.61083711639676], [9.95328387161077, 59.61105355875979], [9.95406918819439, 59.611297817029545], [9.95480216817039, 59.611493446837216], [9.955000054787488, 59.61154003961726], [9.955832717315817, 59.61173285225624], [9.956027943723067, 59.6117782611461], [9.956732843745158, 59.611924573075335], [9.957813818782972, 59.61217004588134], [9.958676095819914, 59.612359753183], [9.959546637502267, 59.61254887348501], [9.96024050062564, 59.61278308904051], [9.961020552198724, 59.6130629975508], [9.961198355012298, 59.6131382260367], [9.961859060995229, 59.61336755578763], [9.962649106869337, 59.613631914639555], [9.963432439347818, 59.613893760576985], [9.964217988515696, 59.6141657632994], [9.96497239447317, 59.614457254287544], [9.96586689625585, 59.61476304155496], [9.966574408030143, 59.61496364884047], [9.967409299309384, 59.61519821465121], [9.96828262961172, 59.61540267542681], [9.969062487145216, 59.615585180112475], [9.969672728415517, 59.615718239865394], [9.969917578998103, 59.615771653885126], [9.970802288350725, 59.615939468157606], [9.971680704557063, 59.6161066743251], [9.972582332272784, 59.61627782573803], [9.980273764364247, 59.61778311810506], [9.981073908481873, 59.61795184211472], [9.981004994268778, 59.618038624007674], [9.980663504547955, 59.618492264122594], [9.977144554351689, 59.623115138878596], [9.976801761881616, 59.623568451495096], [9.976463979891529, 59.6240190769633], [9.97622889957332, 59.62433293851469], [9.974874488272057, 59.62757136333998], [9.974754057729745, 59.628046891189655], [9.974713489773762, 59.62853592390111], [9.974575575088355, 59.63231320849686], [9.974604121738885, 59.632478405615714], [9.974638485392557, 59.63257868992406], [9.97470517180949, 59.632679046528935], [9.974821630553295, 59.6328076757695], [9.974951781621378, 59.63294096942447], [9.975055370662758, 59.63303455654949], [9.9751408161361, 59.633118809693286], [9.975289275885627, 59.633254425729774], [9.975625321696654, 59.63356098785335], [9.979309425377497, 59.635766476366626], [9.980024320747109, 59.63608378791693], [9.980880007259602, 59.6364576887052], [9.983437034984084, 59.63752840853613], [9.986111021885407, 59.638705669081986], [9.986569816573413, 59.63897066112724], [9.986795200130466, 59.63929939933554], [9.986817150652525, 59.639727850905466], [9.98650281198424, 59.640635890849545], [9.985783136561393, 59.64142259415678], [9.984232912220351, 59.64238338650768], [9.984192375875933, 59.64240846241611], [9.982897566351799, 59.643574981021544], [9.98367577051221, 59.64405960409608], [9.983836227634143, 59.644182083334506], [9.984005604317987, 59.64431147189193], [9.984080202717152, 59.644449551819804], [9.984141482883347, 59.644547175911896], [9.984247550288815, 59.64471012343124], [9.984404470474203, 59.644887165902404], [9.984573846230033, 59.645042733803535], [9.98463123202632, 59.64511888623519], [9.984676846575901, 59.645165618157236], [9.984713686917647, 59.64520328694808], [9.984714926619393, 59.6452045040369], [9.984733978554337, 59.64524347016618], [9.984767816086869, 59.64529883719928], [9.984813976414387, 59.645375188971826], [9.984831424640717, 59.64545457854163], [9.984861419698282, 59.64554038686218], [9.984914238863961, 59.64561024635196], [9.984938027355241, 59.64568646021126], [9.98499600849984, 59.64574914027642], [9.985018390180311, 59.64576466275783], [9.985135697729083, 59.645820440261645], [9.985288109442171, 59.64587441436959], [9.985374609519013, 59.645909218158124], [9.985613533437718, 59.645968217148265], [9.985711072274974, 59.64599219797753], [9.985857489222385, 59.64602803829419], [9.986029581710781, 59.64607520857546], [9.98617750793338, 59.646122352161356], [9.986287077205155, 59.646169285186375], [9.98638708526528, 59.646213602553686], [9.986462924578918, 59.64626266156141], [9.986562719784043, 59.64631434786979], [9.986743278728001, 59.646410693332875], [9.986899848288658, 59.646484437419666], [9.987080201301486, 59.646567909287356], [9.987260334285686, 59.64666117878593], [9.98746386139148, 59.646771538244195], [9.987596455026598, 59.64684994074482], [9.987767392202063, 59.64693341069999], [9.987938153510811, 59.647016873672555], [9.988032776745426, 59.64708059602826], [9.988121870432145, 59.64715634190103], [9.988192321090104, 59.64723434243971], [9.988252822262055, 59.647312321671194], [9.988294106116701, 59.64740233994757], [9.98833544172722, 59.64748012477319], [9.988329192691562, 59.6475480798436], [9.988318573302939, 59.647596524755365], [9.98834149563881, 59.64764292574102], [9.988397990435619, 59.64769421136018], [9.988425559325846, 59.64774519865865], [9.988467667284588, 59.64779404386778], [9.988576802196503, 59.64786533897085], [9.988652137351172, 59.64791662637528], [9.988727277107257, 59.64798230084686], [9.988802019921302, 59.648057766385314], [9.98889613481827, 59.648128485894645], [9.988995434034347, 59.64818473938786], [9.98911857297897, 59.648228950694964], [9.989237512254473, 59.64825131918087], [9.989399404641798, 59.64827884120139], [9.989546915690118, 59.64830626210675], [9.989646808770832, 59.64833833690076], [9.989722190139043, 59.64837981907472], [9.98978830001977, 59.64842625416782], [9.989834504696512, 59.648486951343976], [9.989857268798447, 59.648545131503624], [9.98985585517479, 59.648610482781564], [9.989830284582075, 59.64868048692245], [9.989829476382786, 59.64872157051694], [9.989886018699094, 59.64876305089419], [9.989937563454474, 59.64881180706863], [9.989998904460414, 59.648853291208745], [9.990112087735298, 59.64890467742228], [9.990212004004798, 59.648934233560574], [9.990336145012428, 59.64893727748486], [9.990479638809918, 59.64893332518024], [9.990599150683874, 59.64893880063233], [9.990722865197064, 59.648961350505886], [9.99088916844194, 59.64900577313141], [9.99104625849726, 59.64904048634888], [9.991198750974837, 59.649063147841154], [9.991365270693134, 59.64909066449748], [9.991484377961786, 59.64911312721947], [9.991635882368973, 59.64917452573137], [9.991792175573746, 59.64924789290823], [9.991981231266603, 59.64938036205737], [9.992131009709217, 59.64946760409172], [9.99226199985363, 59.64953784299166], [9.992393373408, 59.64959838009229], [9.992482483716115, 59.649637237145775], [9.992571966299739, 59.649656945625196], [9.992671238738785, 59.64966704247875], [9.992808143868738, 59.64968460715938], [9.992921251363573, 59.64970917800114], [9.992996142450156, 59.649752798524986], [9.993051657834526, 59.64981547005505], [9.99305957283422, 59.649885046726006], [9.992987023510914, 59.6499637796011], [9.992895492814629, 59.65003036038138], [9.992827767158927, 59.650087506014394], [9.992797863231315, 59.650156804976504], [9.99282458338868, 59.650233758807175], [9.992922729837955, 59.650296622354084], [9.993078084968738, 59.65034062298842], [9.993233619692317, 59.650375093910185], [9.993341922696475, 59.650406857680686], [9.993421465675677, 59.65044552785163], [9.993486766628916, 59.65049624824943], [9.993543817566184, 59.65054746263237], [9.9935613455536, 59.65061218903892], [9.993559539892885, 59.65068616189969], [9.99353905514514, 59.65076499793243], [9.993508993528323, 59.650841308341874], [9.993483728097464, 59.65092715872116], [9.993486702676382, 59.65099411721802], [9.99354723884069, 59.651046994353315], [9.9936544707519, 59.65110498686466], [9.993757465841886, 59.651143744402454], [9.993850856426105, 59.65118492332579], [9.993958443911904, 59.65123816097524], [9.994023605503404, 59.65128149850946], [9.994088034168046, 59.65135116796915], [9.994138623695463, 59.65142066779931], [9.994179610802295, 59.65148305280019], [9.994230004466763, 59.65155029594485], [9.994271708252498, 59.651600742865966], [9.994360299776613, 59.65165145409353], [9.994430256406357, 59.65168768759503], [9.99447605760493, 59.65174521855722], [9.994531433977706, 59.65181481135343], [9.994609886144447, 59.651891764400695], [9.99470835312817, 59.651990624991726], [9.99479058264844, 59.65210775719852], [9.994895893773384, 59.652239357083175], [9.99498751889237, 59.65235666859483], [9.995064767378237, 59.652476219061604], [9.995105425778373, 59.652562252127936], [9.995098842819036, 59.65264323945668], [9.995078941640362, 59.65270032625956], [9.99509209253153, 59.65274320317078], [9.995124057217595, 59.65279579627448], [9.995160097733397, 59.65286275986049], [9.995186914405643, 59.65292721145458], [9.995246404705775, 59.65300379861062], [9.995319922644404, 59.65309477698689], [9.995383513299283, 59.65319986011535], [9.995403281324574, 59.65327699713078], [9.995392999787585, 59.653326804803584], [9.995353419900647, 59.653412107980884], [9.995314366702052, 59.653480787624225], [9.995331619795326, 59.653542624242256], [9.995372657815079, 59.65360707990294], [9.9954087406286, 59.65366900691775], [9.995402730261397, 59.653740209874684], [9.995368998435012, 59.65378039397789], [9.99528322130338, 59.653829833220854], [9.995202426006886, 59.653881622137135], [9.995135311745852, 59.653945359942846], [9.99506375355796, 59.65399957130206], [9.995030190634838, 59.6540421908714], [9.995033764105138, 59.65408254226859], [9.995075160601644, 59.65412317079254], [9.995135369437323, 59.65415210355776], [9.995205539351272, 59.65416909196581], [9.9953130331744, 59.654198033853405], [9.99540147954117, 59.654231915004544], [9.995484810665346, 59.654279815049826], [9.995568477801324, 59.65431594237061], [9.995675939474946, 59.654342723531954], [9.995788031780679, 59.65436230449759], [9.995899959077814, 59.65439132545698], [9.996021444934145, 59.6544206218799], [9.996142780123225, 59.6544545006752], [9.99623124846611, 59.65448586302629], [9.996287013251763, 59.65451480521249], [9.996328249200326, 59.65455056899914], [9.99636965330458, 59.654598304640544], [9.996396672331521, 59.65465070822081], [9.996390609551863, 59.65472703721356], [9.996347000253593, 59.65480004121687], [9.996288805789906, 59.65489452909458], [9.996226332762586, 59.654965282326586], [9.996131042742459, 59.65504746579245], [9.99603161341454, 59.65509188523375], [9.995928079073638, 59.655131649337996], [9.995837886343038, 59.65518325926035], [9.995789805362472, 59.65524214742472], [9.995755399124844, 59.655315413258236], [9.995744456503727, 59.65540298129279], [9.995733161186456, 59.65548576765463], [9.99571758607732, 59.655554355688686], [9.995669324819602, 59.65562754148801], [9.99559333217049, 59.65567690539638], [9.99550794925125, 59.65573319737179], [9.995445645393794, 59.655792081296966], [9.99539740274096, 59.65586751687475], [9.995377024429702, 59.655950405681814], [9.995365562627779, 59.656042632077195], [9.995368812140853, 59.65610420298042], [9.99540526811101, 59.65614698148414], [9.995479745593421, 59.65617681954922], [9.995563080901535, 59.65619377135364], [9.995730088456188, 59.65621113398343], [9.995901883194392, 59.656223821310455], [9.996069391019025, 59.656224738900555], [9.996190497568419, 59.656211376736785], [9.996275005985325, 59.656178801824495], [9.996350408826245, 59.656127435719], [9.996406997709832, 59.65609253364009], [9.996481924749586, 59.65607173761406], [9.996551722262845, 59.656069818143884], [9.996639838472907, 59.6560797548008], [9.996732262425784, 59.65609894263507], [9.996848118972034, 59.656125503841274], [9.997033274646654, 59.656161821691065], [9.997204575977833, 59.65619805943665], [9.997371247965711, 59.65623672897519], [9.997532976498078, 59.65628231659746], [9.997671251047457, 59.656332585304106], [9.997767968491537, 59.656380185703135], [9.997869644577307, 59.656411241966715], [9.997985654974942, 59.65642368339616], [9.998092762472167, 59.65641716154178], [9.99819077564968, 59.656401295430946], [9.998321468828475, 59.65637849147863], [9.998428576655094, 59.6563672011917], [9.998544068490416, 59.65636405826186], [9.998695796756378, 59.65637660468144], [9.99897189103837, 59.65639921183653], [9.999257218663937, 59.656412365008016], [9.999547306376705, 59.65642102124007], [9.999694419440619, 59.656431140988694], [9.999767844779683, 59.65645256950421], [9.999808315545842, 59.6564994585173], [9.999839383997275, 59.65654859725003], [9.999846926579412, 59.6566255360359], [9.999822588321038, 59.65667903517959], [9.99975212108512, 59.65674858487339], [9.999667929456647, 59.6568064543905], [9.999569895467364, 59.65686892295014], [9.999490647525626, 59.65691033765941], [9.999434296236508, 59.65695676568955], [9.999410298036478, 59.657000831395465], [9.999409354015448, 59.6570428991759], [9.999454480569781, 59.65709671361632], [9.999540366745551, 59.65717880530159], [9.999612496623707, 59.657237520039764], [9.999712559828518, 59.657308007975054], [9.999825967572566, 59.657390341363055], [9.999921225502455, 59.657458486336644], [9.99997032815802, 59.65752855630291], [9.999987882584998, 59.65757771841153], [9.999954475065612, 59.65762646276148], [9.999893821245234, 59.65766121102995], [9.999819489018872, 59.65769111828716], [9.999698980878561, 59.65772070056313], [9.999593418924407, 59.657746625467205], [9.999501033912123, 59.6577878981121], [9.99944970450718, 59.65783163918338], [9.999388703549107, 59.65789849165811], [9.99935970215717, 59.657972504629605], [9.999353291165688, 59.65805358846091], [9.999347214279977, 59.65812766775045], [9.999345720701884, 59.65819724397475], [9.999366686723887, 59.65828549160726], [9.999395844661212, 59.65841534642783], [9.999417249822551, 59.6584803997274], [9.999452360324849, 59.658550115137935], [9.99947393597325, 59.65861283583476], [9.999491235733993, 59.658673233967185], [9.999476345246213, 59.65872178614034], [9.999448077020713, 59.658756332306304], [9.999378155829056, 59.65881384741117], [9.999294358703182, 59.65886903293972], [9.999210764351382, 59.658928814410935], [9.999136055415738, 59.65899100458797], [9.999023826900462, 59.659096113942546], [9.998921236106572, 59.65921526628602], [9.998808363052715, 59.65937828866312], [9.998663592477635, 59.65955250719265], [9.998570605793212, 59.65963945883604], [9.998474043401755, 59.65969199689142], [9.998409535513295, 59.65972155923405], [9.998390551200243, 59.65976059845367], [9.99837977740245, 59.65984349480048], [9.998354695302611, 59.65994005885783], [9.998307656555477, 59.6600181504971], [9.998247324946204, 59.66006856447406], [9.998182717691869, 59.66011188766261], [9.998141115092455, 59.66013926651177], [9.99812224839681, 59.66016679460714], [9.9981400986374, 59.660185380002915], [9.998203296933427, 59.66020866746893], [9.998307035823148, 59.660243850375586], [9.99840666924106, 59.66027437801218], [9.998483535225393, 59.660318070076436], [9.998559529734042, 59.66037117516749], [9.99865327734866, 59.660422079771024], [9.998774705693442, 59.66046621513136], [9.99891404426593, 59.660505906763724], [9.999080997789669, 59.660529739975416], [9.999193579580853, 59.660550955527775], [9.999324143764477, 59.660579155692176], [9.999409687120593, 59.66059331019238], [9.999504463831455, 59.66060754754211], [9.999589883167136, 59.66063087366042], [9.999657359549571, 59.66065648300894], [9.999715465616775, 59.660686502469126], [9.999746565307943, 59.660721157875535], [9.999785936834895, 59.660767105104924], [9.999812165455083, 59.66081533909651], [9.999820130576254, 59.66086800331875], [9.999818751222005, 59.66093443509273], [9.999812350149769, 59.66101902795577], [9.999788509726141, 59.661145418210566], [9.99976797232651, 59.66126158863596], [9.999751881015511, 59.66138251717249], [9.999757375725917, 59.661544664942106], [9.999750197352764, 59.66166782329198], [9.999766402682976, 59.66175462935942], [9.999755992981116, 59.661820806079014], [9.999713665074985, 59.66189592939776], [9.999602982545055, 59.6620025379526], [9.999570286646726, 59.66205481816439], [9.999559745753793, 59.662127827243154], [9.999567476025561, 59.6621939773281], [9.999574198909619, 59.662299043970876], [9.999586467017942, 59.662353851853055], [9.999573918513265, 59.66237955235484], [9.999510206529049, 59.66241328416521], [9.99941057357193, 59.6624446538275], [9.999311241516475, 59.66246685843596], [9.999261418214747, 59.66248258792652], [9.999206723126107, 59.66251189596667], [9.999169933367307, 59.662559431436485], [9.999123431729629, 59.662616042174974], [9.999081639126826, 59.662683988561966], [9.9990303439646, 59.6627679455534], [9.99897016182135, 59.66284949373432], [9.998923332716437, 59.662935690560474], [9.998876751673496, 59.66300831206176], [9.998835180185857, 59.66305809380838], [9.998798061840649, 59.66311020488628], [9.998752180516751, 59.66315550357465], [9.998715533589916, 59.663196117062], [9.99866058148483, 59.66324142895704], [9.998614641067661, 59.66327520975962], [9.998586853935999, 59.66331841092866], [9.998563081960853, 59.663372831293145], [9.998543789345169, 59.663434170248976], [9.998524758476906, 59.663481844444355], [9.998487913776433, 59.663524969360545], [9.998419352387454, 59.66357686837012], [9.998348727462893, 59.66361519365578], [9.998277877324782, 59.66366574561586], [9.99823935112116, 59.663705837349795], [9.998195884465693, 59.66376949117155], [9.998174535258313, 59.66381005941813], [9.998167758045382, 59.663823295244256], [9.99822403504252, 59.66383939066082], [9.998264446877661, 59.66384741259665], [9.998311350457273, 59.66385721202513], [9.998381689038771, 59.66387321499384], [9.998489078771957, 59.66388163728409], [9.998623196767625, 59.663892070501404], [9.998648167029042, 59.66389275481523], [9.998733841318137, 59.66391204258839], [9.998769262092926, 59.663924911708044], [9.998865732625328, 59.663938584255725], [9.999066773586911, 59.66396884763248], [9.999224884959913, 59.66398055687756], [9.999372055338501, 59.66397979251966], [9.99955313582439, 59.663951984473705], [9.999700471544852, 59.66392747518565], [9.999790355520936, 59.66391975351606], [9.999879620562245, 59.66393404967396], [10.000036866847895, 59.663962278523805], [10.000211512497884, 59.6640169019752], [10.000316229315066, 59.66405158049796], [10.000454471681692, 59.66406774721416], [10.000579727407086, 59.66407442116752], [10.000646787995123, 59.6640945260364], [10.000727787322276, 59.66410463734615], [10.000827112369272, 59.66410276347226], [10.000928830077468, 59.664086046661424], [10.001018430429646, 59.6640838011979], [10.001178394637465, 59.66409620857625], [10.001379099176763, 59.66410729285209], [10.001428689861427, 59.66410981659934], [10.001539477406647, 59.664116926669585], [10.001715588353782, 59.66414029605893], [10.001796404301334, 59.664167133240895], [10.001992631830118, 59.664220149345766], [10.002149621412054, 59.66422389521268], [10.002237380508427, 59.66422922564418], [10.002428548369553, 59.66424822091724], [10.002582952686002, 59.6642514177158], [10.002739121765805, 59.66424397584866], [10.002901953059753, 59.6642455147942], [10.003018939661159, 59.664237296290956], [10.003129377332426, 59.664221720399546], [10.003171415316844, 59.66421765755684], [10.003241833894217, 59.66423671970384], [10.003377333602387, 59.664277249100486], [10.003559072420629, 59.66433204873118], [10.003676710849108, 59.664356421917624], [10.003852502432846, 59.66441414286375], [10.00403113212205, 59.664437335306395], [10.00424345988981, 59.66445515635047], [10.004432778464313, 59.664468680134775], [10.00447617180247, 59.66447699382426], [10.004521716739609, 59.6644816110861], [10.004589780437403, 59.66448546845075], [10.004619344795682, 59.6644803892575], [10.004740410069077, 59.66444362600428], [10.00481039527194, 59.66439762595615], [10.004893351313088, 59.66435526969275], [10.004958292658785, 59.664319243130194], [10.005058841730149, 59.664261454456614], [10.005090899576924, 59.66423487870338], [10.005115228246607, 59.664216014861495], [10.005227549699809, 59.66419852988409], [10.005292118524816, 59.66418408057458], [10.005449800651668, 59.664205841915575], [10.005605903414935, 59.66406524582783], [10.005810415561116, 59.663969680057996], [10.005972548508662, 59.663873306603165], [10.006183525366376, 59.6638536475643], [10.006203470002939, 59.663778298163244], [10.006174889705498, 59.66368373399795], [10.006192755456935, 59.663604436781874], [10.006265630624332, 59.663511584578934], [10.006451396152135, 59.66344751011722], [10.006698377757667, 59.66328528006967], [10.00682978415754, 59.66311585138088], [10.007126911061944, 59.66292971380172], [10.007317211228715, 59.662837562231104], [10.007680306472249, 59.66262155270169], [10.007903313583855, 59.662476938925096], [10.00809138862967, 59.66239252841538], [10.008349034347743, 59.66225886140007], [10.008402868668485, 59.66218156563687], [10.008912489655023, 59.66207756989547], [10.009077660281886, 59.662015585483175], [10.009182665323657, 59.66185855278297], [10.009464176112756, 59.66179857538746], [10.00951663374611, 59.66169468713441], [10.010331879724347, 59.661378237683365], [10.010500166869956, 59.66135856390642], [10.01074092453426, 59.661393112539464], [10.011119969851686, 59.6612894386056], [10.011217779816205, 59.661153182024], [10.011525333032496, 59.661066304098135], [10.011623848154295, 59.66094320898856], [10.01180917018562, 59.6606586072575], [10.011894126801582, 59.66061821250968], [10.011973851991645, 59.66050546667995], [10.012044439283674, 59.660366912545285], [10.01228831017643, 59.66029928735137], [10.01236479902143, 59.66026918543714], [10.012498543573788, 59.66019007565725], [10.012803332092536, 59.66007987879975], [10.013134227573797, 59.65983725865323], [10.013107539041021, 59.65969283814918], [10.013449915205594, 59.65960719314159], [10.013753063575493, 59.65947570015559], [10.01407247587541, 59.6594726657204], [10.014441167911285, 59.659292568520144], [10.014528006878823, 59.65915463248172], [10.014758683898355, 59.65919112905968], [10.01491032923321, 59.65911710722115], [10.014952711035608, 59.65902821741075], [10.015169541453938, 59.65889964088275], [10.01525007375053, 59.65885187848502], [10.015623294014354, 59.658801409529524], [10.015824637560971, 59.65871596485265], [10.016045654146144, 59.65873013996824], [10.016478833510856, 59.6586913083983], [10.016583301805069, 59.65850888048234], [10.016752148579426, 59.658474556232754], [10.01689196508628, 59.65851469639461], [10.017389109489397, 59.65841631213857], [10.017725812837453, 59.65848463928215], [10.017980310165719, 59.65847570548599], [10.018242790197286, 59.65835686890243], [10.018435221966586, 59.65835402819147], [10.018750486300615, 59.65815875115654], [10.019123445840467, 59.65802621528572], [10.019376997592659, 59.657858546115214], [10.01979896712337, 59.657512229729775], [10.021829666582828, 59.65524863137405], [10.02173994349919, 59.655176485579446], [10.02234834813404, 59.654991633002], [10.022810113448227, 59.654825760562105], [10.023428558974256, 59.65449059565203], [10.024299790891446, 59.65414093002943], [10.024776259331391, 59.653940524363875], [10.02545861814988, 59.653409230746036], [10.025975411312492, 59.65295494709937], [10.026497865369015, 59.652494759382755], [10.02679756375714, 59.65221079937535], [10.02718974892082, 59.651849746236906], [10.02774776640597, 59.65144794282676], [10.028130414014996, 59.65117981714601], [10.028917637884627, 59.650240279773804], [10.029192196006102, 59.64996615576438], [10.029733352753068, 59.649430738663455], [10.030379054609941, 59.64878944518351], [10.032544440117201, 59.6470258944651], [10.032907711869862, 59.64667920310347], [10.033164040573766, 59.64615581169785], [10.033896033504286, 59.64469947432192], [10.034432386931046, 59.64414136853456], [10.034692479076755, 59.643901861837634], [10.035175235004509, 59.643556731376485], [10.035555222946916, 59.64334993148525], [10.035780321831137, 59.64311863120303], [10.036042229521401, 59.642794715802616], [10.036288521474962, 59.64260146364441], [10.037463449031975, 59.640532805121396], [10.03818132579569, 59.64062759663881], [10.038286255321971, 59.64064138227875], [10.044524444429559, 59.641464741994724], [10.047439220466732, 59.64328457979794], [10.052173826606195, 59.64386207112444], [10.060799009028832, 59.64370928391492], [10.069868550267302, 59.64346301213821], [10.077775817780783, 59.64322717865582], [10.088908534826345, 59.642568624454924], [10.091912628864723, 59.64723158669739], [10.094860152437198, 59.6512286193887], [10.098571094971984, 59.65606694045995], [10.101305402381913, 59.658064297399946], [10.106119673516202, 59.65905780890689], [10.108593187082672, 59.6595834239682], [10.110564202625829, 59.66019295143586], [10.1115124637924, 59.66072700949182], [10.11192271053277, 59.66142718134696], [10.112169492871153, 59.66196463047018], [10.112302953010204, 59.662498926773665], [10.112320577010713, 59.66258531480126], [10.11238377982656, 59.662934552675154], [10.11241359670451, 59.66302877252286], [10.112615262480743, 59.663524594289406], [10.112549550229236, 59.66363134955394], [10.112429366975197, 59.663753162851634], [10.112388553140672, 59.66381964703855], [10.11242236715998, 59.66386696812252], [10.112411112902382, 59.66404772314218], [10.112476622067655, 59.66428244059092], [10.112829808394718, 59.66475252404025], [10.112809836453057, 59.66514786295888], [10.112995093891827, 59.665874532633204], [10.112814642527903, 59.666016945657326], [10.113260282370065, 59.66680299267674], [10.113178078928952, 59.666898427722124], [10.11344540290103, 59.667394179576576], [10.112746242006075, 59.66782299522667], [10.114500575217031, 59.66829787885416], [10.114978688479157, 59.6690519357325], [10.115514598189074, 59.6706671528427], [10.123894080250961, 59.67120289663163], [10.128844952686583, 59.67110528144841], [10.136223327043128, 59.67169805770435], [10.143204602041402, 59.669109323709634], [10.143846078151622, 59.6690966888125], [10.145510948912028, 59.66887174786464], [10.146666487340669, 59.66868007863292], [10.147012503956857, 59.66848510882548], [10.150330188338287, 59.667848563729706], [10.152502705168219, 59.667477993507255], [10.15325342413018, 59.66733190692651], [10.153878447534877, 59.66721021858711], [10.154484679782312, 59.66710654248703], [10.155868113245797, 59.66655783257482], [10.156844759574987, 59.666049112046096], [10.157231978169099, 59.66582064916944], [10.157760787289575, 59.66632623777098], [10.158103200373384, 59.66669692383562], [10.157432561838915, 59.66766090168403], [10.157383173767046, 59.667731938225195], [10.15720361070689, 59.66799003311275], [10.158171656746212, 59.668273036897745], [10.158487841156898, 59.668355345419386], [10.158730022013257, 59.66858676020667], [10.158955293715035, 59.66877769917721], [10.159357259484121, 59.66890140833762], [10.159562691428892, 59.66900570568638], [10.160220638742047, 59.66901680799344], [10.160213037683434, 59.66914327324146], [10.161056072078901, 59.66897608692971], [10.16188507666585, 59.668708976999156], [10.162613504259976, 59.6684449822417], [10.16370859323653, 59.66820802309934], [10.164656108890645, 59.66806077627185], [10.165282658361413, 59.66797264346728], [10.16628623679537, 59.667821248774935], [10.170605188455474, 59.66826319497879], [10.17097835430384, 59.668353781433154], [10.17113969766344, 59.66839283596526], [10.171226985892652, 59.668413956518656], [10.17129775807452, 59.66843122947362], [10.171599637422492, 59.66850443219261], [10.172404353959788, 59.66871365781563], [10.173860336741322, 59.66916061911743], [10.174213811704293, 59.66942875849533], [10.174738565191177, 59.66923868833693], [10.175305825355503, 59.668988024694066], [10.175782689125162, 59.66877972419367], [10.176497779813506, 59.66872241655913], [10.177371655252928, 59.66847368617078], [10.177869425926744, 59.668264529555266], [10.178442288488913, 59.66813279834231], [10.179660339758406, 59.66810065364547], [10.17983480608547, 59.66800776890613], [10.180156831839248, 59.668065861481956], [10.180411982668003, 59.66811294566358], [10.181640110731065, 59.668256742532066], [10.18282997935541, 59.6683797798461], [10.183562231316262, 59.66847256782876], [10.184541903586998, 59.668597030998974], [10.184662818892162, 59.668620548660776], [10.18549719523753, 59.66882313658445], [10.185925741428099, 59.66861896066122], [10.186214992438565, 59.66862680828374], [10.186561580147826, 59.668856878502126], [10.18640851391303, 59.66901874313329], [10.18660924167265, 59.669313523393654], [10.186867388982213, 59.66955275439004], [10.186838009974402, 59.669660697338465], [10.18701009369473, 59.66984423126778], [10.187469582070822, 59.67021814613471], [10.187689308897294, 59.67033002871814], [10.187840590644198, 59.67050739954289], [10.188174848885945, 59.670596954827815], [10.188621984379209, 59.670579115944705], [10.18937289178277, 59.670861906164426], [10.189865860143591, 59.67093605968153], [10.190439867810786, 59.67089292151752], [10.190832998948478, 59.67092301485837], [10.191306337173044, 59.67093077627879], [10.191549485874734, 59.67110755854662], [10.191631000151439, 59.671256995339405], [10.19166244411736, 59.67147898404757], [10.191697165305383, 59.67156292575533], [10.192181569190467, 59.671807125970204], [10.192413985571827, 59.67185802830098], [10.192724203733315, 59.67188354182272], [10.192839049531282, 59.671899902281794], [10.192904643419674, 59.67182450166943], [10.19297575528317, 59.67174534571502], [10.193003828997231, 59.6717145332469], [10.193092600574076, 59.67164367160437], [10.19317405010865, 59.67160276515703], [10.193796645645604, 59.6714738721278], [10.19532819955528, 59.67135818736717], [10.196079658920393, 59.671336288709014], [10.196534397628945, 59.67135846056754], [10.196789045066119, 59.671258061223405], [10.197640798491355, 59.671000470044504], [10.198135340605097, 59.67080200425933], [10.1993583656836, 59.67031119032425], [10.20192348216069, 59.669297014108196], [10.202115174751532, 59.66923864423343], [10.202824082496097, 59.66895842567842], [10.203002559703672, 59.668916571262265], [10.203748831336092, 59.66882985440594], [10.205002899682677, 59.6686366099312], [10.20591634803133, 59.66851480599236], [10.20692217051456, 59.66835877800563], [10.209153716340236, 59.668192372794216], [10.209789696116646, 59.66813558777707], [10.210076933098366, 59.66801944564662], [10.210177146774681, 59.66796896137702], [10.210109136010278, 59.667577792553516], [10.210019527410816, 59.6671897013308], [10.210062394295047, 59.66695577667845], [10.210178583615674, 59.6667785956102], [10.210375762506626, 59.666587106915024], [10.210555976448143, 59.66650060036513], [10.21097530133872, 59.66650514652595], [10.211366865687651, 59.666620575486874], [10.211684040036594, 59.66674893387388], [10.211967656003253, 59.66688568887448], [10.212336472215434, 59.66700109231404], [10.212651950684238, 59.66706794937904], [10.21289825337156, 59.66708882965086], [10.21312301381496, 59.667056390189686], [10.213303051149444, 59.66698228678922], [10.213437333902627, 59.66687871530698], [10.213521873649794, 59.66677359486238], [10.213727683363768, 59.66630995468317], [10.21373923697862, 59.666283841462345], [10.214119320040858, 59.66595439305475], [10.214205802512438, 59.66587920711176], [10.214286824588727, 59.665836024054855], [10.214432049808607, 59.665781515376], [10.2145565472316, 59.6657463979237], [10.214699051028672, 59.66570222382911], [10.214859364020956, 59.66555201841669], [10.2149721792675, 59.665426882176796], [10.215220078568299, 59.665155115497825], [10.215200544025048, 59.664668125320155], [10.215317275524884, 59.66442214766606], [10.215578599670966, 59.66402017215817], [10.215668320542743, 59.66400069362321], [10.217951329922334, 59.66388981784639], [10.218784331196185, 59.66384207744614], [10.218963409728943, 59.66383179712105], [10.218977232443807, 59.66388195488931], [10.218996002265143, 59.66401207983381], [10.21906006457005, 59.66429578608662], [10.219724613386209, 59.66435711438387], [10.2202631724558, 59.664385594589035], [10.22028258984613, 59.664412749113175], [10.220399296949445, 59.66471510742412], [10.220375848581014, 59.665001644318465], [10.220374777697323, 59.66515623075563], [10.220495681909727, 59.665144993541176], [10.22092768857195, 59.665221302174665], [10.222159549028753, 59.66548628659667], [10.223168300405517, 59.665343377322394], [10.223216997828022, 59.66538716120441], [10.223355477962137, 59.665477127518955], [10.22340285954316, 59.66558751675328], [10.223332738465931, 59.6657064815763], [10.223351997159574, 59.66595427876499], [10.223579740789553, 59.666187644832185], [10.22367265142263, 59.6663328868413], [10.223625878139842, 59.666452703660084], [10.223605128041243, 59.6665109542223], [10.223488767534226, 59.666624993884945], [10.223355166479307, 59.66676143178421], [10.223292882598798, 59.666977559463774], [10.223384033526726, 59.66707029620804], [10.22330265356717, 59.66725199565734], [10.223074239070183, 59.66745729423838], [10.222840002956469, 59.66763980243127], [10.222653621912212, 59.667926870219944], [10.222567997061239, 59.66806721702424], [10.222570765798302, 59.66813882887435], [10.22258730538064, 59.66828470282345], [10.222620372077765, 59.66835831978772], [10.22270679398386, 59.66841814233082], [10.222861514341176, 59.668577603725055], [10.222964079467005, 59.66873372264873], [10.223023906113186, 59.6688104747132], [10.223015970324882, 59.66884742473501], [10.222959346512047, 59.66888538670201], [10.222963111809383, 59.66890387402952], [10.223052620341559, 59.66902686434177], [10.222980762430774, 59.669134252100456], [10.223072542155801, 59.66923258881706], [10.223044416912817, 59.66930388294996], [10.223173937163752, 59.66935952078984], [10.223564771453399, 59.66978863258369], [10.223808749146217, 59.67016525149281], [10.223794581223062, 59.67023219760269], [10.223960352532675, 59.67039655803272], [10.224129383443046, 59.67047819261441], [10.224141219329633, 59.67056605634452], [10.224167465636082, 59.67071624178882], [10.22412250843767, 59.670938039137944], [10.224017442025033, 59.671043856297864], [10.224503243342188, 59.67128726265494], [10.22511466198875, 59.67139798380923], [10.22517846806117, 59.67141569232712], [10.225179782956072, 59.67141520057723], [10.225703454984425, 59.671234517411094], [10.227201525882544, 59.67094210786122], [10.22808084893079, 59.670971011548495], [10.22927736579493, 59.67099401726767], [10.2305529517121, 59.67101872302386], [10.230680843636549, 59.67073868954733], [10.230991364333727, 59.670055135723764], [10.23100996661738, 59.669865748640696], [10.232328747307335, 59.66965535282282], [10.23318728372092, 59.66949394122994], [10.235331818768426, 59.668479563013896], [10.237382398225545, 59.66712577241842], [10.237448143554003, 59.66708228975724], [10.23825409110598, 59.66656336276286], [10.23861171985593, 59.66640897373667], [10.23877496966258, 59.666656515814395], [10.239554309583006, 59.667833873220815], [10.239704501100547, 59.66781549768282], [10.240030917135485, 59.6679922434793], [10.24049210556486, 59.66835180819323], [10.240578695264901, 59.66843069356299], [10.240701604327624, 59.66853554533466], [10.240761335867672, 59.668638280276], [10.240784139384814, 59.66871808491079], [10.240811681573117, 59.668902223351814], [10.240827170828355, 59.66935271394459], [10.240927526169042, 59.66944487221947], [10.24105255109511, 59.66954863110826], [10.241373809129213, 59.66977186926179], [10.241540811981984, 59.669879312134846], [10.242361784804595, 59.67047043206996], [10.242414804326376, 59.67071189399371], [10.242430123728408, 59.67088074602337], [10.24236787665564, 59.671082399457], [10.242371876793657, 59.67134096949642], [10.242741905571856, 59.67146388326875], [10.2430356445684, 59.67192745089384], [10.243107748393893, 59.67206211621636], [10.243474041318281, 59.67251950349004], [10.243878589493274, 59.672639889775276], [10.244018465413216, 59.67270181864301], [10.244375828152798, 59.67280636729372], [10.244810242351187, 59.672914342903155], [10.245205744497806, 59.673027110434596], [10.245402868711002, 59.67307789411307], [10.245905009241943, 59.67319489152744], [10.24596051524921, 59.67319348881246], [10.246173880914496, 59.67318999198743], [10.246404353663532, 59.67321131221354], [10.24660572479525, 59.673228427317376], [10.246871026023987, 59.67325245028662], [10.246913688565643, 59.673256337671525], [10.247150546663294, 59.673255221181535], [10.247477489998158, 59.673210780480076], [10.247647438786892, 59.673236288031895], [10.247964478973177, 59.673281705591016], [10.248260279527512, 59.67330134572834], [10.249173913928296, 59.6734323635391], [10.249598654261183, 59.673569834721235], [10.249880839848746, 59.67353752636631], [10.250153302668725, 59.67357754343041], [10.250327509660522, 59.67365582198201], [10.250158205911008, 59.67370976629932], [10.250024964191606, 59.67375269563413], [10.250010166494278, 59.67381566275396], [10.250140922740309, 59.67387554481709], [10.250321301749006, 59.67390403564797], [10.250664055661021, 59.67381833422482], [10.251007716216325, 59.674010966581136], [10.251177338375893, 59.67397610186375], [10.251409574337847, 59.67388468118114], [10.251583599643888, 59.67374347624834], [10.2518523068202, 59.673794956880464], [10.251907096932605, 59.67373838705125], [10.252052966835707, 59.67368538976648], [10.252483104096763, 59.67355275089662], [10.252532405429152, 59.673526114659516], [10.252649671608404, 59.673528117710966], [10.252740477138937, 59.673498488773205], [10.252912762984225, 59.6735376563431], [10.253025079656593, 59.673582115308015], [10.253292496929356, 59.67361132886435], [10.253423061351791, 59.67352827208756], [10.253731402674452, 59.6733904044533], [10.253754282883575, 59.6733782812211], [10.25383660101561, 59.67333449180241], [10.25388121094877, 59.6733108332394], [10.254220581738773, 59.67312839537427], [10.254329677083023, 59.673142873503664], [10.254448135539986, 59.67318917291414], [10.254553769335226, 59.67337244891544], [10.254798107099333, 59.67346540604498], [10.255105496102637, 59.67356019781551], [10.255644229252905, 59.67339901271949], [10.256040480678903, 59.673485418701844], [10.256218635745794, 59.673489444704806], [10.256326487030494, 59.67358806785648], [10.256218804477884, 59.673734380638614], [10.256482680637728, 59.67384639180264], [10.256811055192832, 59.67387969526387], [10.257079050219842, 59.673798105362714], [10.25758575226351, 59.673747558043694], [10.258002105764762, 59.673580221896856], [10.258363976478668, 59.673517590319335], [10.258405818732044, 59.6735235130228], [10.258944031598537, 59.67352042507832], [10.259551493228846, 59.67375559653542], [10.259864809476962, 59.673775934244894], [10.26074404218047, 59.67380857029804], [10.261353849038365, 59.67388020208125], [10.261582996240893, 59.67385440434575], [10.26174152222369, 59.673770912440034], [10.262291450009462, 59.67379063164418], [10.262786342026589, 59.67373549943273], [10.26309134823727, 59.67366998809695], [10.263482639043302, 59.67364069823332], [10.264087973104676, 59.673489893856136], [10.264425797059069, 59.673243781612484], [10.264781563886974, 59.67298140728464], [10.265074939976046, 59.672957836468164], [10.266288055416283, 59.6729104024559], [10.26708502373028, 59.67281148671822], [10.27001412180244, 59.67234769262571], [10.271411858339212, 59.671081525451754], [10.271962717377066, 59.67087259193273], [10.274066274693537, 59.67097129251181], [10.275097319454995, 59.67119415472773], [10.27683565571936, 59.67123483635994], [10.277790107203113, 59.671052580145286], [10.278969852145817, 59.67112642488614], [10.279568955094584, 59.671546490586], [10.280117674364284, 59.67165028227621], [10.28137901606828, 59.67160579754493], [10.281664457479765, 59.67161185644497], [10.282854032094619, 59.67163753835299], [10.283725751330767, 59.67165625800732], [10.284555659743923, 59.67135172666999], [10.285440000751423, 59.67098249991683], [10.28638849790089, 59.67047436111848], [10.287040352727068, 59.670244446980526], [10.2870727500839, 59.67023787772994], [10.288689463589014, 59.669901376557526], [10.2887292138775, 59.66989309267065], [10.288976623257318, 59.66984200062848], [10.290127475401722, 59.66974551643386], [10.291330976037726, 59.66970326441844], [10.293975031258036, 59.66966781365439], [10.295325181574158, 59.66966758389097], [10.295637080771101, 59.6696370558218], [10.297848139800385, 59.6694433145841], [10.299598963688728, 59.66906607566659], [10.300048163513356, 59.668955377642035], [10.301106063222905, 59.668694548777054], [10.30294368647903, 59.668241679593756], [10.303097267813088, 59.6683652364561], [10.30800554731832, 59.67231339583479], [10.3082911841544, 59.672770118784825], [10.308731669116128, 59.673333846898025], [10.307507533931592, 59.674884893320616], [10.308472370216169, 59.67632045090325], [10.310153598494663, 59.677433834344036], [10.31033036617437, 59.67755089257138], [10.310319327173987, 59.67784339341379], [10.310253835449817, 59.679578481518014], [10.309877784595734, 59.67969696371972], [10.309832473451143, 59.67988080769826], [10.309944829691972, 59.68023426812927], [10.311799073866283, 59.681002950484604], [10.311602931041342, 59.681505736831134], [10.311583673160156, 59.681734766826786], [10.311660942745785, 59.68182064211362], [10.311595265652548, 59.68202930181811], [10.31166201865189, 59.68216615917004], [10.311783605793416, 59.682298863134], [10.311835783651008, 59.682546190664944], [10.311891705889701, 59.682556283022286], [10.312189538069118, 59.68261003202374], [10.312261885523593, 59.68263960506472], [10.312426914284167, 59.6826335491982], [10.313428972798503, 59.682716901834105], [10.313633013323095, 59.68316547237644], [10.313903781013064, 59.6832173449023], [10.313907810261668, 59.68328668180427], [10.313912602102283, 59.683369127562486], [10.314326404650252, 59.683947166924284], [10.314652119147844, 59.68416704151659], [10.314516397836185, 59.68450388630294], [10.314903341997573, 59.68474897639922], [10.315329366342576, 59.68487657413553], [10.315443886802575, 59.68491087369301], [10.316053224514185, 59.68525628743526], [10.316113460888225, 59.68536232768162], [10.316564610597432, 59.685550434914354], [10.316789895297768, 59.68567074135149], [10.316952571545453, 59.68583423083076], [10.317178107872312, 59.68596929642754], [10.317310744871834, 59.68602323823091], [10.317379173357507, 59.68617886026987], [10.317741051934572, 59.686319788538206], [10.317916080773369, 59.68633647902008], [10.318240744278775, 59.6864789536987], [10.318480624787304, 59.686620915605], [10.318732755557901, 59.68671726328356], [10.319013878823965, 59.6867271306341], [10.319224409911705, 59.6868970942056], [10.319871690658445, 59.6872006709896], [10.320259644163624, 59.6873130217146], [10.320582039223313, 59.687464223616274], [10.321085352738047, 59.68778099906088], [10.321456074190353, 59.68795308304319], [10.321506130624478, 59.68810157014203], [10.321336744733058, 59.6881691842148], [10.32130887716801, 59.688218377713696], [10.321330400389602, 59.688317166023836], [10.321344860900828, 59.688383541565635], [10.321421947191068, 59.68850538127746], [10.321344634821688, 59.68864104402996], [10.32165256057803, 59.68880921210153], [10.322019202698236, 59.68900944400588], [10.32203205383308, 59.689241181133674], [10.322032092706111, 59.689241870595524], [10.322178544220886, 59.68929513105464], [10.322316753415857, 59.689317247020426], [10.322535983599552, 59.68935232804932], [10.322677244544215, 59.6894135623053], [10.322793987278988, 59.68946416736213], [10.32279596995774, 59.68948248693894], [10.322812552788276, 59.689635634336895], [10.322581207439418, 59.689834694824896], [10.32215400324051, 59.69008702322089], [10.322094199988896, 59.69013535792405], [10.32184151719413, 59.69033957989677], [10.3216715248548, 59.69040636348861], [10.321316799422393, 59.69043533799465], [10.320815264566185, 59.69052814453979], [10.32071038263589, 59.690766797878666], [10.320511343026185, 59.69087715481262], [10.320326102588808, 59.690923154575934], [10.320064018340085, 59.691121742605674], [10.319875749776966, 59.691130846337245], [10.319860068802116, 59.69128373119344], [10.320208540361602, 59.69226173391139], [10.323388701540805, 59.70188177756095], [10.32340729898958, 59.701938022345196], [10.363462922371115, 59.69773467650884], [10.391705098141518, 59.67931802595087], [10.403144794033008, 59.67171572079187], [10.410374906080747, 59.66706550016501], [10.410131823719324, 59.645521919538425], [10.424496810396512, 59.625269053123326], [10.41198219758429, 59.61796925544377], [10.410823773912432, 59.60916981435403], [10.423300449423788, 59.60040216763352], [10.42349761067452, 59.59815863010714], [10.411577328903766, 59.58511514700432], [10.417757557299545, 59.567176956123376], [10.398015286334918, 59.53043258165005], [10.393691113501388, 59.514689372268066], [10.45581384071709, 59.47988333295348], [10.543059665877221, 59.457326947237476], [10.536678568200804, 59.43277573127869], [10.542950316331265, 59.415312731301455], [10.54403173222158, 59.41230047723511], [10.561783916643822, 59.40379531264599], [10.584161857442865, 59.393063824987], [10.595274638552407, 59.37414062535737], [10.595149942494965, 59.37148232397331], [10.594528713761132, 59.35824789348541], [10.594432638090833, 59.35618768622196], [10.591573398347634, 59.35349479720248], [10.578244898818076, 59.34093554261112], [10.589500049286709, 59.30172962436032], [10.590794972153372, 59.297219665117375], [10.590331584882978, 59.26848324637824], [10.597164607690381, 59.260959115154556], [10.60501222974734, 59.25231602897484], [10.612435753865908, 59.242295980820366], [10.616377510991796, 59.236972457864105], [10.641570956379999, 59.202906965817355], [10.655050150613938, 59.191957592423556], [10.653582956828146, 59.17068288783395], [10.651374427416645, 59.13860939473586], [10.65097649441539, 59.1328153280494], [10.637569502244057, 59.12280345923108], [10.622716237888499, 59.11170321186474], [10.650924296877813, 59.075920391499565], [10.675019827765471, 59.04528794065126], [10.660437173268814, 59.02482155395956], [10.651383939938274, 59.00491247799918], [10.63081867896685, 58.95964055998037], [10.62852890298999, 58.95459286692963], [10.62646896039734, 58.94338801852373], [10.593095157750513, 58.76096038600344], [10.638923751075831, 58.892275787815535], [10.756455108126312, 58.91344427414275], [10.796117401468065, 58.920550134738164], [10.844435660106237, 58.929185884300715], [10.866264827047562, 58.93307835206274], [10.87849784518318, 58.93526013081369], [10.917908382843057, 58.942272181490615], [10.951647623651564, 58.95167353428009], [10.983193484196532, 58.96044953971707], [11.066417444811679, 58.9773944188773], [11.08435475095274, 58.987352060368536], [11.092381353897709, 58.99180535948193], [11.117148343714108, 59.015059341046246], [11.12656222041551, 59.03170462407714], [11.153506179673425, 59.07925679711825], [11.209763839764085, 59.08584806163165], [11.224859350276175, 59.08761213793833], [11.239098056483664, 59.09115495669863], [11.246126518307651, 59.092902898394144], [11.258289768602346, 59.09609923060312], [11.270992307393511, 59.097670656768344], [11.289042720143852, 59.09957688848956], [11.302502621999594, 59.10621258101262], [11.310744549933151, 59.108140275479215], [11.326241678380656, 59.11176283561087], [11.339912024905118, 59.11497927978826], [11.368410030367864, 59.098436628124574], [11.374526679609177, 59.09221639550076], [11.38933332576926, 59.07714796924844], [11.393752889118133, 59.070497611829175], [11.409448682338752, 59.046856475393334], [11.414198646577963, 59.03969514392031], [11.43117846110688, 59.02790398311513], [11.442606708758104, 59.01354716336465], [11.45611569854298, 58.99979435354174], [11.459755412899812, 58.996086736737965], [11.464598196505285, 58.99115205800778], [11.461614990905918, 58.98917999097919], [11.461604179609603, 58.98917284586204], [11.460700563165318, 58.98857556300677], [11.460068950880439, 58.98815801279689], [11.458910475641263, 58.98811399083912], [11.458122599923202, 58.98787003969598], [11.456446468723877, 58.986170477794786], [11.453874273638817, 58.985467270120076], [11.457116553292158, 58.98072440159197], [11.462324790152243, 58.97305657592548], [11.459682762632488, 58.952487519783], [11.461404330855755, 58.94449844877406], [11.462164371179279, 58.94104007028733], [11.463659675648026, 58.93326177406106], [11.459417985653142, 58.92373105864046], [11.456259879773945, 58.9166316009774], [11.456483539162884, 58.89503934750354], [11.456514688716045, 58.89497773001052], [11.45656257203038, 58.894883313079546], [11.456593893774535, 58.89478610459579], [11.45665687852348, 58.89462225894077], [11.456718823633759, 58.89451941877612], [11.456797036968998, 58.89432219299029], [11.456843660878675, 58.8942027525228], [11.456941134973901, 58.894127763670205], [11.457041132683106, 58.89404169786406], [11.457052983315425, 58.89396669676384], [11.45702915467854, 58.89388055937788], [11.45699562829358, 58.893780582798314], [11.456927141444243, 58.89364719735458], [11.456967295646098, 58.89357225374141], [11.457050801858724, 58.893486095015234], [11.457156043865849, 58.8933555885327], [11.457184191300966, 58.89329442787705], [11.45713002468753, 58.893211143553955], [11.457054080849145, 58.89311665489978], [11.456992210207321, 58.89306111433789], [11.45697799263633, 58.89300831945935], [11.456963914947563, 58.892938899111854], [11.456995876639626, 58.89118219330523], [11.456996620558426, 58.890962976527256], [11.456861418919726, 58.89075531046984], [11.456787499658429, 58.89069197838688], [11.456367910804484, 58.89035479909566], [11.456232514064054, 58.89020843065029], [11.455667894939655, 58.88959023290778], [11.455634536394184, 58.889412417198066], [11.45573778711735, 58.889241946913444], [11.45581257866293, 58.88918314555134], [11.457447609866351, 58.88843798795022], [11.460683666876793, 58.88965608616517], [11.482916675688344, 58.89145836555675], [11.489270860760922, 58.8907722319872], [11.491695883449113, 58.88911941978708], [11.497956958937852, 58.88891114079886], [11.499875113850523, 58.88932979615705], [11.500114851178834, 58.88938204649552], [11.512053678445177, 58.88347987690997], [11.51205845467739, 58.88346005130668], [11.512078911272184, 58.883405234327405], [11.51211035429631, 58.883367163230005], [11.512185982044345, 58.88332480271345], [11.512376291794327, 58.88325740583661], [11.512641676514306, 58.88313244230663], [11.512735470103717, 58.88308553855725], [11.512818925944915, 58.883065411126104], [11.513030660330141, 58.88304209666788], [11.513165850514428, 58.882992715210285], [11.513295653571095, 58.88296233378544], [11.513499027677025, 58.882935826572314], [11.51374073865223, 58.88288896144156], [11.513804647418894, 58.88286983363069], [11.513850062327544, 58.88284643123302], [11.513865557643461, 58.88283049043706], [11.513890900702075, 58.88276160322924], [11.51387667749778, 58.882694254368786], [11.513785283894352, 58.88254329547366], [11.513778672278644, 58.882488286689494], [11.51378676586539, 58.882430349206686], [11.513807104807068, 58.88238011299743], [11.513901524360843, 58.88222527267938], [11.514001116390748, 58.88203803335518], [11.514010953091379, 58.8819834686986], [11.513998757051281, 58.88193046639996], [11.5140209308571, 58.88188441444796], [11.514187611292938, 58.88176019854532], [11.514849256172315, 58.881572222716926], [11.515054163358842, 58.881452812863756], [11.515219261659285, 58.88136666451601], [11.51531802785671, 58.8813444320125], [11.515447030587879, 58.88138054230154], [11.515652228279489, 58.8813944397275], [11.515779198701793, 58.88141107953995], [11.515858290512192, 58.88147217891966], [11.51599948487466, 58.88155275146456], [11.516135086535185, 58.88158885934227], [11.516258701698519, 58.88157502680618], [11.516479928718924, 58.881505582076144], [11.5167633326857, 58.881394489666064], [11.516915338322328, 58.881305559080886], [11.517081052187464, 58.881166662240915], [11.517165874880064, 58.88106387430445], [11.517138658727749, 58.88099446755885], [11.51703779757768, 58.880880558202314], [11.516904257069235, 58.88077223887028], [11.516507276652742, 58.88041115431388], [11.516487534178726, 58.88034167939292], [11.516507308259435, 58.88026940563142], [11.516642718675643, 58.88005553615502], [11.516767468769723, 58.87995274714808], [11.516904204613772, 58.87983607948127], [11.517075856049125, 58.87972781413857], [11.517437972319254, 58.879591698552474], [11.517740802212142, 58.8794805889997], [11.517856919647018, 58.87945837325249], [11.51821086313627, 58.87945003210546], [11.51841135998802, 58.879413912099125], [11.518740380605927, 58.87934440447096], [11.519019181383424, 58.87928055302219], [11.519305522859062, 58.879205578725234], [11.519418324879975, 58.87916107051365], [11.51949216154543, 58.87911389379175], [11.519787317824953, 58.87904445934798], [11.520242040854663, 58.87891946157717], [11.520527259313848, 58.87885560018233], [11.52064144367389, 58.87881112820238], [11.520992708681074, 58.87867219379031], [11.521365003524654, 58.878527802803504], [11.521727476043079, 58.878386112372844], [11.521858670985203, 58.87832780590275], [11.521940025396333, 58.87832496410471], [11.522246092620556, 58.87834723155689], [11.522355604633924, 58.8783388560429], [11.522594383831239, 58.878299985762176], [11.522719231307017, 58.87823054146541], [11.522873422193271, 58.878211144529416], [11.523153280708577, 58.87816942469576], [11.523454565458264, 58.87820818926785], [11.523592345438535, 58.878203540159014], [11.523732265018698, 58.87822771180034], [11.523837856739096, 58.87822552144699], [11.523910798973297, 58.87820618267426], [11.523945571060558, 58.87813305348026], [11.524002004466603, 58.878100057021065], [11.524248035903222, 58.87801140281081], [11.52434699011924, 58.877954293241366], [11.524441071309505, 58.87787655857845], [11.52451570198554, 58.877845579857116], [11.524627370987611, 58.877829530389874], [11.524757138511744, 58.87782340597497], [11.524958673546578, 58.87779233758455], [11.52504495902392, 58.87776284079511], [11.52511605843138, 58.877706508945785], [11.525155201432092, 58.87761920537661], [11.525174002340398, 58.87751319745854], [11.525206804938126, 58.87745619430261], [11.525289840298909, 58.87739335236258], [11.525504045265714, 58.877339793345804], [11.52555507527781, 58.87730871818633], [11.525601434155217, 58.87725846163466], [11.525680975358913, 58.877221771897624], [11.525743519516952, 58.87717455755288], [11.525833294056437, 58.87715351349084], [11.52591810601449, 58.877142133306506], [11.525971526851041, 58.87712873982509], [11.52600770020166, 58.87707272605118], [11.526039762436904, 58.877043836846646], [11.526138896909307, 58.87700389891241], [11.52620491630285, 58.87694626131105], [11.526281695227595, 58.87690940701195], [11.526370985179392, 58.87689491116974], [11.526544253649284, 58.87689462952811], [11.526905451154407, 58.876943447357675], [11.5271053579605, 58.87694064574117], [11.527179154330844, 58.876957731646584], [11.527280654492715, 58.87699282068644], [11.527412235159085, 58.87702395487058], [11.52749178527501, 58.877023487995416], [11.527611548727686, 58.87699938431075], [11.527727991153588, 58.87696512406291], [11.527770113398327, 58.87696571768908], [11.527833520655399, 58.87698081596851], [11.527939521734332, 58.87695373516832], [11.528011044716704, 58.87692599667647], [11.528099736311438, 58.87692784264131], [11.528244825486686, 58.87696275489357], [11.528377472444035, 58.87698672595035], [11.528500630396334, 58.8770412722791], [11.528592181760727, 58.877095957328365], [11.528670476013204, 58.877116668826204], [11.528770350895503, 58.877107399628756], [11.528926767028254, 58.87705533727736], [11.52903143745885, 58.87704844394669], [11.52916415326038, 58.87708212361367], [11.529305176375479, 58.87714721657895], [11.529391671261415, 58.877214259111916], [11.529472183219838, 58.877349633123835], [11.529514779820724, 58.877489201152194], [11.529598520972645, 58.87758025867746], [11.529653264412387, 58.87762118978117], [11.529710614823136, 58.87764304543158], [11.52984007208391, 58.8776573114847], [11.529957470930373, 58.877694893042026], [11.530055201470612, 58.877734732277155], [11.53026485370771, 58.87777155724874], [11.530388977128013, 58.87782172325672], [11.530543079126268, 58.87785336952737], [11.530637622011936, 58.877886920573516], [11.530723066113387, 58.877922923585984], [11.530837275594024, 58.877952508727155], [11.530923276040424, 58.877950055794265], [11.530961773219461, 58.87793140545383], [11.530997821639291, 58.87788869002327], [11.53105459500507, 58.87786262087525], [11.53118782258139, 58.87786179630768], [11.531345902344102, 58.8779282440646], [11.531415447377288, 58.8779895265151], [11.531452400771213, 58.87803824824503], [11.531449710589234, 58.878125723879734], [11.531396900890215, 58.87819019067368], [11.53136467189677, 58.8782658168273], [11.531249117141634, 58.87838648363152], [11.531202757899699, 58.878476650990784], [11.531199549497739, 58.87853984377362], [11.531295049739152, 58.87854654442389], [11.53138811739598, 58.87851515832511], [11.53151655544892, 58.87845128525382], [11.53158974147665, 58.87843293748886], [11.531724574429258, 58.87845076163475], [11.531800320045388, 58.87847616657699], [11.531851125513237, 58.87851312583461], [11.531865700409398, 58.87853571894033], [11.532348574754723, 58.878716594750166], [11.532504751736589, 58.87879862983524], [11.532743845583097, 58.8789852704649], [11.53287293998236, 58.8791262612562], [11.5329285007543, 58.87914869652765], [11.533021106417204, 58.879137520932645], [11.533113146875268, 58.87910772393307], [11.533183969715868, 58.87909910924223], [11.533544267873356, 58.879011618385164], [11.533654108080041, 58.87897915297328], [11.53381666343078, 58.878949001642255], [11.533929851667223, 58.878907367757414], [11.534208303279996, 58.87876518499265], [11.53444015529474, 58.87856305600716], [11.535101823913893, 58.8784996499731], [11.536412263530334, 58.87735669480781], [11.537000790090207, 58.87739252728576], [11.537413095774811, 58.87741823765576], [11.537448839522975, 58.87748607052548], [11.537436124134484, 58.87763053367384], [11.537339483830188, 58.87798055918916], [11.537349159021803, 58.878138925805914], [11.537412244189088, 58.87823886174257], [11.537522747159267, 58.87833332803853], [11.537631415399208, 58.878402757092374], [11.537801670035677, 58.87847779258444], [11.538026477291586, 58.87854718983747], [11.538255335786795, 58.878619481735946], [11.538409141408815, 58.878702794125964], [11.53850920160528, 58.87884443857046], [11.538610023305822, 58.879072212779356], [11.53857533424983, 58.8791500216309], [11.538438646110238, 58.87924442087709], [11.538325835226296, 58.87933613448525], [11.538256460125012, 58.87945004567855], [11.538276874152013, 58.87955836469112], [11.538408285667579, 58.879752803094256], [11.538515638589885, 58.87986668889317], [11.5386892097877, 58.879969406535665], [11.538969117211604, 58.88020836330288], [11.538994258526445, 58.88032498837079], [11.53895613395339, 58.88045277092791], [11.538852000117242, 58.88064170309005], [11.538839954139466, 58.88081944148735], [11.538856407174015, 58.881033358410384], [11.538794497850347, 58.881216681161405], [11.538719807663806, 58.881375032877166], [11.538717552151718, 58.881472227511686], [11.53883692604418, 58.88156666058089], [11.538875918723798, 58.88163332162005], [11.53886386794982, 58.88185276631214], [11.53874031877936, 58.88228611338582], [11.538698823507275, 58.88246665765307], [11.53864920350918, 58.88268329745827], [11.538581977869741, 58.882744414387155], [11.538303005673306, 58.88282223546295], [11.538193421942058, 58.88291106946146], [11.538168277555444, 58.88301663885075], [11.538167294783007, 58.88318613481317], [11.538103296698182, 58.88330001042233], [11.537927518985212, 58.88338059767095], [11.537302521664373, 58.88359717781167], [11.536819732594157, 58.883794469172834], [11.536159980893434, 58.88408058138419], [11.535519671807752, 58.884352740659224], [11.534842779473385, 58.884600005789444], [11.534618092539322, 58.88469725309509], [11.534358681422534, 58.884836083474], [11.534152491758286, 58.884999981669914], [11.533961711335353, 58.885224965418], [11.533833635407971, 58.885472215842604], [11.533744518187849, 58.885749994235205], [11.533708935712742, 58.886072264562486], [11.533895317372956, 58.88608886308695], [11.534124519059054, 58.88604719693013], [11.534498591945178, 58.886036114488164], [11.534656114260502, 58.885988928157865], [11.534741731861976, 58.8859194080811], [11.534747257955434, 58.88585555847904], [11.534632151090236, 58.885758359938485], [11.534542992571723, 58.88564999293972], [11.534537718683396, 58.88559169598079], [11.534688657060068, 58.885447257447744], [11.534864489902438, 58.88536110294829], [11.535297138017357, 58.88533891654972], [11.53577923892643, 58.8853777389494], [11.535952830370753, 58.8854110694738], [11.536239204873603, 58.88546944709418], [11.53642358971252, 58.885538930483804], [11.536525616854137, 58.88559164315342], [11.536655793079362, 58.885694457438085], [11.536790350317306, 58.88577779423806], [11.536930358837488, 58.88585004151723], [11.537033418365834, 58.88597226224175], [11.53717107299218, 58.88611662343505], [11.537267712993048, 58.886155528532555], [11.537409946109376, 58.88616392696575], [11.537940643004104, 58.88616665225214], [11.538202028745712, 58.88619721019626], [11.538479696873226, 58.886219485310114], [11.538688096230194, 58.886227768549354], [11.538917293336622, 58.88624164247035], [11.539129812908287, 58.88631115689905], [11.539434784140628, 58.886425034965555], [11.539619185862605, 58.886536130553495], [11.53986672566433, 58.886672197893155], [11.540015176381416, 58.886816395677634], [11.539815984240944, 58.88712924893924], [11.539845210468044, 58.88761486893449], [11.540052257090215, 58.887855554765025], [11.540147586958325, 58.887994463843995], [11.540318874200816, 58.88809442070252], [11.540470849587877, 58.88819997205423], [11.540609766677992, 58.88833888002529], [11.54090718143156, 58.888358352895985], [11.541464648292763, 58.88827773833559], [11.541837995843881, 58.88809169983608], [11.542003092772894, 58.88805558342438], [11.542137497096254, 58.888069429549304], [11.5422744690972, 58.888102759309724], [11.542416376559215, 58.888180534058606], [11.542516369126169, 58.8882694105976], [11.542587805456478, 58.88834170280117], [11.542601979137501, 58.88839448487519], [11.542580349157907, 58.88846671203261], [11.542657184414185, 58.888566653350956], [11.542691190408533, 58.888697266938266], [11.542719099414834, 58.888833290096336], [11.542658398486967, 58.88897503035918], [11.542581384976902, 58.88910276129455], [11.542581357613233, 58.88919165616219], [11.542618290053653, 58.889327741170355], [11.542735515177243, 58.88952224351309], [11.542886465031213, 58.88962776431471], [11.543061097451496, 58.88970830190958], [11.543302999306558, 58.88980556081748], [11.543555911665806, 58.88989169866596], [11.543804104578433, 58.889983372388016], [11.543916160419004, 58.8900749974278], [11.544016964757686, 58.89023058847202], [11.544078812000294, 58.89041111336668], [11.544060303772017, 58.890725033136256], [11.544096032630186, 58.890902791652266], [11.544160337654782, 58.89105003519125], [11.544278374843577, 58.89118613283198], [11.544516090493042, 58.89150277446081], [11.544697191227435, 58.89179165451984], [11.544828658950063, 58.89208891377248], [11.544967435549578, 58.89222781267529], [11.545146396185942, 58.892327788022904], [11.545394995513112, 58.89245560260446], [11.54566075865019, 58.8925472030625], [11.545937454608532, 58.89262498356233], [11.546098077564519, 58.89271386068882], [11.546198016129766, 58.89278610394118], [11.546272718759164, 58.89292499539746], [11.546163299427663, 58.89305554690722], [11.545988681200008, 58.8931694337271], [11.545677214153567, 58.89331111927007], [11.545569688294032, 58.89337224052525], [11.545499188848424, 58.893427790630874], [11.545396099114566, 58.89360273388776], [11.545272244149448, 58.893863859788034], [11.545274408138917, 58.89393609466447], [11.545336419464324, 58.89401945827564], [11.545498091479187, 58.894136138320114], [11.54563062391666, 58.89421941074528], [11.545776966522295, 58.89427222215551], [11.545928939147005, 58.89432779061603], [11.546048128429362, 58.89439165026085], [11.546207863927778, 58.894513850363325], [11.546643849481319, 58.89486113701623], [11.546747004517602, 58.894977778571096], [11.546983629023144, 58.89533887814813], [11.547071424860125, 58.89541106552495], [11.547304736633425, 58.89557226355016], [11.547471657661518, 58.89564171230527], [11.547678069523206, 58.89568615015012], [11.547881459037685, 58.89568430647207], [11.548731951487456, 58.89542686959831], [11.54891653996399, 58.895409780894326], [11.548937283621798, 58.89551172436484], [11.548904771965026, 58.895700061360905], [11.54911863156784, 58.89588051058119], [11.549412384925457, 58.8960540158116], [11.549438681237316, 58.89611772707134], [11.54932509760251, 58.896366636991715], [11.54926859537745, 58.89641941719688], [11.549250377357929, 58.89650279215739], [11.549192696572279, 58.896563900052584], [11.549076591520691, 58.896622188403285], [11.549041976618879, 58.8966888562002], [11.549058103456945, 58.896736116679826], [11.549146141639719, 58.896783321233464], [11.549709138945605, 58.896827755598444], [11.550148679150865, 58.89688057458718], [11.550313697954063, 58.896922194509195], [11.550428625026772, 58.89698890212174], [11.550552284254346, 58.89707777452768], [11.550666112807363, 58.89718337229841], [11.550773532905197, 58.89731666280833], [11.550849718115519, 58.89744444506735], [11.551000609796958, 58.897730530445024], [11.551177160502135, 58.897994470296425], [11.551172978183619, 58.898041637526184], [11.551156728912597, 58.89808614553732], [11.551198864972717, 58.89818614299366], [11.551289101337384, 58.89823052838238], [11.551400818811336, 58.8982389045695], [11.551501699421289, 58.89823054255449], [11.551608037846648, 58.89823886481665], [11.551688404682082, 58.898202810003234], [11.551721952203346, 58.89816945997449], [11.551716657137433, 58.89811107386673], [11.551801120633089, 58.89807225208693], [11.551902198265342, 58.89803054812581], [11.551971727822306, 58.89799168706207], [11.552169231543328, 58.89793053570466], [11.552337205865397, 58.89788333671418], [11.552466324483428, 58.8978861543034], [11.552557462202866, 58.897924990057014], [11.553066639457638, 58.89808616990569], [11.552850601067354, 58.8981694786314], [11.552683339429523, 58.89825831352301], [11.552650887731577, 58.898341668430504], [11.552691043580953, 58.898424983959096], [11.552789685932016, 58.89848613124559], [11.552888386328416, 58.898508360319354], [11.553068651278906, 58.898527822622064], [11.553200088660521, 58.89856665483059], [11.553292199983817, 58.89861666158933], [11.553382212100606, 58.89872782310065], [11.55339301032031, 58.89887219494105], [11.553398529685671, 58.898931845283954], [11.55343278710924, 58.898938422163354], [11.553587729705304, 58.89896799398964], [11.553721212110224, 58.89896715158231], [11.555470527583074, 58.898815175283254], [11.555735096364916, 58.89881486069809], [11.555812444365099, 58.898796879360276], [11.555873493074996, 58.898745476019926], [11.555876586075529, 58.89866906751164], [11.555859822032085, 58.89861415096339], [11.555830618960059, 58.89848007472363], [11.55587384769602, 58.8984436561604], [11.555945917209687, 58.8984176242319], [11.556467712738376, 58.898345878729046], [11.55665239246338, 58.89830181611126], [11.55686672262064, 58.898186726706506], [11.556981725586859, 58.89816210846392], [11.557293817475013, 58.89816242849096], [11.557422770002688, 58.898142496120684], [11.557665732369937, 58.898060796393196], [11.557706754158882, 58.89803780096983], [11.557894597913876, 58.89777342643868], [11.557930640117352, 58.89772890594514], [11.558065327138415, 58.89767227353755], [11.558544665398726, 58.89752433560719], [11.558594579374793, 58.8974660728717], [11.558619286402514, 58.897329479058236], [11.558639543752648, 58.89730044716096], [11.558795747873429, 58.897200344456984], [11.55911836907592, 58.8970353753206], [11.559251361592922, 58.8969608097827], [11.55939055512862, 58.896895487552904], [11.559784874083853, 58.89680064849547], [11.5599945126052, 58.896732528187364], [11.560210462625673, 58.896637610612245], [11.560429489116325, 58.896569380138736], [11.56056890051964, 58.896505320870894], [11.560797807827683, 58.896372636852696], [11.56092950222802, 58.89628311446256], [11.561053738452744, 58.89619348323376], [11.561118283324923, 58.89612949714011], [11.561159189534004, 58.896065690530776], [11.561129272360029, 58.89589842976057], [11.56114214363511, 58.89584583114385], [11.561296170999597, 58.89577272258674], [11.561339847336514, 58.895724719292005], [11.561362864966137, 58.8955962595449], [11.561417677783448, 58.89551484646087], [11.561524288370821, 58.895417285215956], [11.561868041750387, 58.8952298621681], [11.561967879395771, 58.89515324288061], [11.56208041919016, 58.895002987616245], [11.562175859790589, 58.89493739667447], [11.562578916049642, 58.89470364266322], [11.562639757341183, 58.89464890518764], [11.562669406865927, 58.894591719571096], [11.562678508065845, 58.894479158156024], [11.562732528133843, 58.89443538462751], [11.563014409036025, 58.894332150583416], [11.563178945517281, 58.894216085736666], [11.563249017513794, 58.894148830218015], [11.563325001201095, 58.89402906033214], [11.563466518915664, 58.89391741605232], [11.563496220749366, 58.893856186916054], [11.56353430844666, 58.893740262190605], [11.563566665594893, 58.89368027218408], [11.563651169159256, 58.893598839395125], [11.563844794934209, 58.89344687542723], [11.563910593838852, 58.89337015802555], [11.563940377097133, 58.89329760566963], [11.564017832403298, 58.89320843493126], [11.564063108970519, 58.89308829707293], [11.56408410227389, 58.89296086174732], [11.564063969365613, 58.89283484893024], [11.56407000546696, 58.892684904340484], [11.564087676475976, 58.892594412557806], [11.564138688549422, 58.89249869578913], [11.564176674053913, 58.89246069706172], [11.564324984983665, 58.89246940674253], [11.564396717617916, 58.89243608088512], [11.56437168471071, 58.892408360017065], [11.564345850581045, 58.89236947229319], [11.564375079197466, 58.89234445338931], [11.564416094566445, 58.89233889320692], [11.564455216072899, 58.892361146461255], [11.564525820983256, 58.8923444189521], [11.564575910783544, 58.8923139327965], [11.564575866948257, 58.89229164056474], [11.564644099438414, 58.8922778160306], [11.564702767366013, 58.89223614284526], [11.564838351462692, 58.89221386317968], [11.565094099419364, 58.8920639994483], [11.565209219495127, 58.89190500187822], [11.565267637099897, 58.8918430980555], [11.565433417698632, 58.89173704077049], [11.565532915517323, 58.891602435240294], [11.565605046347295, 58.8915615691524], [11.565755353931255, 58.891515142014335], [11.565800712967096, 58.89147805801234], [11.565835814543107, 58.89140960159866], [11.56588853259482, 58.89137010665647], [11.566137012277926, 58.89124961933669], [11.566291762350167, 58.89118290623817], [11.566351413431907, 58.89113478691115], [11.566384270272504, 58.89106968624722], [11.566385358815237, 58.89101497628511], [11.566403818092766, 58.890974210690025], [11.56648609284511, 58.89091509791586], [11.566573603640576, 58.89088021302236], [11.566636552286829, 58.89083910226391], [11.566715441450182, 58.89064786084668], [11.566770972933561, 58.8906079909624], [11.566812417615553, 58.89059632941201], [11.566881639813518, 58.89061623629298], [11.566935757542565, 58.890613360651066], [11.567047362313978, 58.89055790355859], [11.567139290475668, 58.89049248555656], [11.567164351932416, 58.890423672047014], [11.567190870572457, 58.89038042410871], [11.567249287310977, 58.89034296769832], [11.567369354739226, 58.89028971274378], [11.567568221679286, 58.89013356865608], [11.567668025200918, 58.890072763920664], [11.567780925246842, 58.88993770414523], [11.567904796657396, 58.88984607982311], [11.568100015231137, 58.889742419695814], [11.568216168226021, 58.889677824575145], [11.568402712954601, 58.88960557238492], [11.568513273802239, 58.8895833431488], [11.56856892423335, 58.889600012230396], [11.56861663718413, 58.88959166260923], [11.56866964972914, 58.88956664564074], [11.56870562125056, 58.88951385135077], [11.568778287728312, 58.88949726630678], [11.568861664453426, 58.88944447324017], [11.569001707685484, 58.889413858891004], [11.569117869335207, 58.889321129805715], [11.569189209187687, 58.88928464511601], [11.569460295115912, 58.8891863243887], [11.569654420960402, 58.88909359875705], [11.569907851548304, 58.88893863116511], [11.570036274709105, 58.888841283449594], [11.57012513938214, 58.8887436039527], [11.570128002019175, 58.88869721041713], [11.570173632658198, 58.88865554818455], [11.57017023734995, 58.88862498762448], [11.570120596092039, 58.88860551268937], [11.570070536765648, 58.8885972620195], [11.570070543287025, 58.88856391555477], [11.570138891967815, 58.88852780034433], [11.570263645588309, 58.88849722800288], [11.570339702781276, 58.888463924044444], [11.570418934471109, 58.88843888371924], [11.570474116269407, 58.888397205415025], [11.57055451439682, 58.88839718349235], [11.57068037130093, 58.888402773067874], [11.570730293915384, 58.88838612225597], [11.570790057893687, 58.888347262006135], [11.570875643675725, 58.888319424011364], [11.570973373284213, 58.88832498541949], [11.57106001195011, 58.88827776051998], [11.571064503477299, 58.888216669412536], [11.57105919063492, 58.888138869349994], [11.571086133179312, 58.888100036240736], [11.571143568434055, 58.88809167424992], [11.571176068503311, 58.88811941229233], [11.57125330856223, 58.88812496872029], [11.571372579639188, 58.88811114778465], [11.571459371497875, 58.88811668806081], [11.571602848500568, 58.888091645052604], [11.571622223543784, 58.88805557706237], [11.571726320704908, 58.88803892609085], [11.571852198943509, 58.888025010487475], [11.571980346145224, 58.8880249969869], [11.572137512866107, 58.887972183434165], [11.572322996909024, 58.887947266056464], [11.572370915234018, 58.88790000120087], [11.572394738824569, 58.887861085054126], [11.572407194471845, 58.88782474340679], [11.572494820593692, 58.887825361574706], [11.572562961679784, 58.887850899385455], [11.572639407134691, 58.88790479096088], [11.572663249439437, 58.88796034231344], [11.572685915820326, 58.8880715899155], [11.572779878433552, 58.888288724457496], [11.57283925052236, 58.88832391649259], [11.572990029196298, 58.8883583885132], [11.573170902139159, 58.888378289010085], [11.573258126502658, 58.888409276422], [11.573315119625711, 58.8884614828606], [11.573334531772126, 58.88852320830685], [11.573337444244368, 58.888642829954875], [11.573356509804723, 58.88869402988885], [11.573487649693185, 58.88886019799253], [11.573515104423207, 58.8889196200899], [11.573496180635276, 58.888991473731295], [11.573399332081317, 58.889110245801334], [11.573393059445776, 58.889175334387076], [11.57346498037085, 58.88938190637373], [11.573533784915664, 58.8894744240153], [11.573526759826235, 58.88960321965488], [11.57355062780258, 58.889684837529316], [11.573558625722116, 58.88980396490296], [11.57359899523404, 58.88986274093464], [11.573677639969162, 58.88990500535394], [11.573862194613655, 58.88993866463084], [11.573922596522099, 58.88997577096012], [11.573929020435834, 58.890026635373594], [11.573905968585604, 58.890136669671506], [11.57391242833565, 58.890194186373115], [11.573980691187954, 58.89023257982297], [11.574082380374145, 58.890261343739795], [11.574220200937551, 58.89028998751392], [11.574311716534295, 58.89032153736718], [11.574433081973467, 58.8903901018074], [11.57449993105155, 58.890458568236745], [11.574587360868973, 58.89061207048487], [11.5746046135508, 58.89067283955701], [11.574615520218114, 58.89080121200098], [11.574679010032362, 58.89115092267608], [11.574737781754056, 58.89120452378024], [11.574867979751462, 58.89127161424306], [11.575090823876716, 58.891351857799094], [11.575194802705827, 58.89141366850386], [11.575162842620374, 58.89149443453684], [11.575230074873735, 58.89158888683095], [11.575261416502444, 58.891705577038366], [11.575211635894005, 58.89186110243674], [11.575214813597148, 58.892050030610484], [11.575247521086384, 58.89213889334567], [11.57536660461335, 58.892430575368884], [11.575481741026403, 58.89266390848545], [11.575555634363624, 58.892813905015416], [11.575588067643594, 58.89313888257715], [11.57556421929393, 58.89324997455612], [11.57558160980522, 58.893377799681105], [11.575638027340794, 58.89351663665822], [11.575778127698394, 58.893641693359335], [11.575779103318519, 58.893672189505786], [11.575735613599988, 58.89390275428115], [11.575743410788156, 58.894022235534194], [11.575806068426889, 58.894280512358485], [11.576001415398467, 58.89445278392991], [11.57601892703419, 58.89465836078129], [11.576127562548043, 58.89500836834999], [11.576144686894146, 58.895238922304586], [11.576128555590959, 58.895452775217386], [11.576128703483937, 58.89559164805292], [11.576143540377814, 58.89569441790095], [11.576165335298123, 58.895777777762774], [11.576261933715509, 58.89583885236274], [11.57634554535233, 58.895941647749076], [11.576375781319445, 58.89615556135816], [11.576443055964392, 58.89624444115919], [11.576539798936478, 58.89631109208162], [11.576672244689034, 58.89634165760605], [11.576704726335876, 58.89637496627017], [11.576708849665259, 58.89653335910445], [11.576684949776473, 58.89668885194761], [11.576687291720711, 58.896772235340904], [11.576748059107581, 58.89684440403122], [11.57689994175451, 58.89696114273622], [11.577118064217736, 58.89706669371446], [11.577419733965304, 58.89720555782043], [11.577583577782821, 58.89726113285542], [11.577694198876564, 58.89724725614547], [11.577752860521505, 58.89723892348897], [11.577865529238222, 58.89728334488297], [11.577861363502414, 58.897316670866765], [11.577791997129452, 58.897413883563814], [11.577787515694673, 58.897474974935975], [11.577822240464364, 58.89749441089819], [11.577923094066557, 58.89750553220414], [11.577948070630008, 58.897477791067786], [11.578008902857837, 58.89748614410066], [11.578107861152345, 58.89747780038273], [11.578228927016308, 58.897446133524596], [11.578323668469476, 58.89742949859741], [11.578534680711845, 58.897345386009604], [11.578622937970946, 58.89728543540948], [11.578743580339172, 58.89717726672225], [11.57890326301807, 58.897057188989734], [11.57896429759159, 58.89703363859884], [11.579059446761724, 58.89701989020066], [11.579213277204532, 58.89701165087295], [11.579417201663134, 58.89697984064286], [11.579508981316813, 58.896954497698786], [11.57953638142247, 58.896926820468515], [11.579423001003333, 58.896882561463734], [11.5793430226937, 58.89681491873594], [11.579357806261797, 58.896732168851834], [11.57944859043246, 58.89661853484467], [11.579597613714744, 58.89648325349532], [11.579629923367609, 58.89642173064252], [11.579675013484167, 58.896304729144795], [11.579794859022316, 58.89613604746679], [11.579919662314444, 58.89608056932417], [11.579964192213463, 58.89605001999031], [11.579976156700262, 58.89600278892307], [11.580042311998511, 58.895988901225586], [11.580082564790997, 58.895980529480646], [11.580155353083198, 58.89599441133502], [11.580240780603948, 58.89598058445451], [11.580268116500921, 58.89595002914538], [11.580309100868329, 58.89591668933865], [11.580667266918153, 58.89577220384388], [11.580720534216116, 58.89573056039348], [11.580751934229445, 58.895702809070364], [11.580822449210816, 58.89570278844857], [11.580910238006625, 58.89568614741362], [11.581003654575982, 58.89572502297639], [11.58108606838909, 58.895741675843865], [11.581199953735036, 58.89573336548387], [11.581293307371656, 58.895750038169815], [11.581355325102361, 58.89573055745222], [11.581371656685507, 58.89567777928791], [11.581421377877943, 58.89563334521913], [11.581406377579839, 58.895577760260394], [11.581521382017947, 58.89548606823782], [11.581649513699134, 58.89537225294804], [11.58171334711725, 58.895302755551434], [11.581731748463826, 58.89526944676597], [11.58182314352151, 58.895191690572965], [11.581868692629065, 58.89511388938437], [11.5818489675468, 58.89506393191297], [11.581813021178242, 58.89497777184271], [11.581767458552989, 58.89495553337554], [11.581701351785537, 58.89492502121683], [11.581718886829814, 58.89489168950519], [11.581782867368094, 58.89486111512683], [11.581769704914711, 58.894836138922045], [11.581702516844183, 58.89479723906195], [11.581696879825984, 58.89476113683487], [11.581732807689805, 58.894713910748344], [11.581782785440746, 58.894705526261475], [11.581871678987248, 58.89474446127686], [11.5819563891805, 58.89473609717192], [11.582014939427898, 58.894697199652434], [11.582090871546884, 58.894619483464915], [11.582175616763985, 58.89450002533385], [11.582209240672162, 58.89444446896097], [11.582277452842058, 58.89438335640338], [11.582381618164742, 58.89432220656417], [11.582458876555716, 58.894274995459625], [11.582512979554851, 58.89420550987089], [11.582578119349693, 58.89416669661437], [11.582625914929642, 58.89414171568833], [11.582684463405448, 58.8941028178455], [11.582925291364974, 58.8941666252018], [11.583246728995173, 58.89429170749119], [11.583453958986262, 58.89435282726563], [11.583503602722917, 58.89435836507582], [11.583543817241116, 58.89432221759755], [11.583604668362668, 58.89429164945379], [11.583681751208813, 58.89429719401412], [11.583778379465969, 58.89435278080186], [11.583953874975538, 58.89442222829181], [11.584025534660935, 58.894452796278166], [11.584111325769403, 58.89445281843853], [11.584232789082199, 58.89442223531156], [11.584287314217974, 58.89438889294453], [11.58433160651643, 58.894369481338934], [11.584379365348159, 58.89436948612749], [11.584436938408716, 58.89435276268176], [11.584490098408862, 58.89436666229116], [11.584518368039353, 58.89439167820154], [11.584528029972311, 58.894422224111686], [11.584511625262898, 58.89449162890755], [11.584536696183685, 58.894513863742034], [11.584594224922224, 58.8945222162497], [11.584662433951094, 58.89451386340269], [11.584737472951897, 58.894527802217695], [11.584840616514137, 58.89451390159284], [11.584846986265925, 58.89457779667333], [11.587868923277396, 58.89215274485283], [11.590629479388694, 58.890715814007734], [11.59286875009314, 58.891648208982126], [11.594285036851563, 58.892237893024046], [11.603929501720595, 58.89663550951481], [11.607070332066238, 58.89795276149302], [11.61381633021764, 58.90056737993736], [11.617646289767004, 58.90205845943086], [11.62263795174343, 58.90412825154306], [11.626305282048405, 58.905477740708605], [11.628025996548784, 58.90657337211247], [11.629803189907367, 58.90763072503173], [11.629832281089682, 58.90763705657612], [11.629877494390131, 58.90813033100406], [11.629939272179929, 58.90832356754748], [11.630130759885148, 58.908492594496956], [11.630426337215551, 58.90861508182235], [11.630786937681735, 58.908674730271684], [11.631165020608195, 58.90866373830386], [11.631305586256453, 58.908640439838145], [11.631982241249071, 58.90840201442672], [11.63224892410031, 58.90832178326266], [11.632556445085415, 58.90830921736888], [11.632684977879437, 58.90832560046841], [11.632911138819557, 58.90837778380529], [11.633039236012554, 58.90838615585338], [11.633140260204184, 58.90836389206849], [11.633222786502822, 58.908338899104734], [11.63329214999501, 58.90830277742139], [11.633383269710452, 58.90828052496427], [11.633473264136772, 58.90828053340435], [11.633548081578969, 58.90834719688586], [11.63366220475638, 58.908327790701264], [11.63377727901795, 58.90831110560634], [11.633808691278322, 58.90827219711093], [11.633900829473896, 58.90823055671925], [11.63396439362689, 58.90818439675746], [11.634247440706703, 58.90818763722248], [11.634449142225618, 58.90817698350529], [11.634602577572162, 58.908157072735115], [11.63496942492797, 58.9080811532264], [11.63519075862491, 58.90804728141086], [11.635626830185732, 58.908033023296426], [11.6359716084483, 58.90804460870678], [11.636096140472677, 58.90804497544255], [11.636250627454004, 58.90801780983825], [11.63652738485705, 58.907935675255956], [11.636633821323864, 58.90791310031377], [11.636721317848897, 58.907915558111064], [11.636825276909539, 58.907947026298324], [11.636886518756567, 58.90794969925015], [11.636898988408374, 58.907948316165104], [11.652003001131492, 58.906233335478596], [11.656783434181886, 58.92150725986361], [11.657008655091886, 58.92230159571174], [11.657095705551843, 58.923103142012785], [11.657043978174014, 58.9239055020782], [11.656990421952262, 58.92419856024992], [11.656639269937491, 58.92528402222208], [11.656651750867049, 58.925704709339485], [11.656801904107535, 58.92611817272681], [11.657085851232397, 58.92651244746816], [11.657494970576591, 58.92687607474325], [11.658017760604624, 58.92719859955743], [11.658638807858276, 58.92747045433342], [11.658810470313027, 58.927530617647044], [11.659047929059994, 58.92759347042192], [11.65931448441148, 58.92758732889467], [11.659421314401179, 58.92756294705437], [11.660691378669576, 58.927132536261915], [11.66099548650814, 58.92710471222339], [11.661292567253426, 58.92714780006816], [11.661524343699554, 58.927253283765005], [11.661644864768057, 58.92740020328619], [11.661630328495226, 58.927559632270345], [11.661596970319092, 58.9276080241126], [11.658201726987448, 58.93091257038581], [11.658054280883576, 58.93119133698847], [11.658043883394527, 58.931480298461594], [11.658171041404765, 58.93176167186494], [11.658428206188598, 58.93201827445343], [11.65879916549034, 58.93223440688036], [11.65918317093135, 58.932375017643366], [11.660304420961552, 58.932714258037755], [11.661349129651596, 58.93311352744903], [11.66230541077722, 58.93356811666791], [11.663162642111677, 58.93407281006476], [11.663503495676876, 58.93430774436663], [11.66387404675685, 58.93455207259099], [11.66434300220202, 58.93474609071696], [11.664885463501916, 58.93487935843802], [11.665472541908715, 58.934944927933934], [11.666073110692789, 58.93493920951344], [11.666655141547196, 58.934862545455445], [11.667015900227677, 58.93477442072435], [11.667683259225717, 58.93467649420686], [11.668375104402367, 58.9346491209124], [11.669063699524731, 58.934693293262946], [11.669535556335978, 58.93476737914734], [11.669951732951112, 58.93480947005589], [11.670233291210852, 58.934797939443996], [11.670652783500003, 58.93476596386296], [11.670927361592858, 58.934783552278326], [11.671270647120812, 58.93480443758111], [11.671534845165107, 58.93477097612053], [11.671850304220104, 58.934698119245965], [11.672195930536343, 58.934694705357295], [11.672312336386595, 58.93471001577372], [11.672971880009097, 58.93482118740353], [11.67366111709926, 58.9348623856344], [11.674061513425876, 58.934853545532825], [11.67501391772875, 58.93480695645898], [11.675356626448863, 58.93483024272872], [11.67565443048736, 58.93492086025084], [11.675860383884945, 58.935064389843866], [11.675907980035188, 58.935129876801305], [11.676066579289039, 58.93559745700214], [11.676086797551749, 58.93607208392198], [11.675968632578499, 58.936542882410585], [11.675714675398844, 58.93699913344723], [11.675467410258321, 58.937295483282156], [11.674741928789885, 58.938029281073874], [11.674529427162417, 58.9383707437034], [11.674452672893462, 58.9387272030168], [11.674453935509211, 58.93879895825777], [11.674259922158539, 58.939092811393536], [11.674138058210985, 58.93920984295224], [11.673720545296582, 58.93979301451584], [11.673435941970986, 58.940397131672775], [11.673287989594817, 58.941014112565526], [11.673278513519799, 58.94163591548556], [11.673290950451587, 58.941743280450275], [11.673381621554507, 58.941957366826806], [11.673600738643925, 58.94214509868216], [11.673763037526681, 58.94222764874234], [11.675287153825076, 58.94282518029336], [11.675674728657118, 58.94306244954024], [11.675946852362154, 58.94333926116118], [11.676088943784535, 58.94364086050532], [11.676093654030527, 58.94395142031442], [11.676075220494646, 58.94402186009657], [11.676117575834608, 58.94433159028482], [11.67629581546071, 58.94462809689812], [11.676600853019849, 58.94489559683378], [11.677016315194278, 58.94511991695513], [11.67738773075233, 58.94525259646577], [11.679432758839084, 58.94583928586301], [11.680147271338225, 58.94607756786443], [11.680777363547355, 58.94637272797306], [11.68130622844106, 58.94671687609604], [11.681719606630404, 58.94710092933831], [11.681995484347382, 58.94749331603623], [11.681986514456234, 58.9478037931569], [11.68183999487799, 58.948104897911826], [11.681787318844867, 58.948171583356846], [11.681477581872194, 58.94895824228183], [11.681304857884975, 58.94975614725464], [11.681266989410931, 58.95042862912201], [11.681387981334577, 58.950932353850106], [11.681645118997636, 58.951422226387116], [11.682033430332956, 58.95188850132158], [11.682544957719715, 58.952321715818115], [11.6828198197648, 58.95250798418308], [11.68791878276426, 58.95545717099547], [11.688432405363983, 58.955889784477705], [11.688822991431238, 58.95635555546311], [11.689082563403339, 58.95684511336372], [11.689205797306945, 58.957348615976606], [11.68919050953869, 58.95785612136773], [11.689036971854431, 58.958357480406654], [11.689017456161736, 58.95839949267591], [11.688354887884914, 58.95994081910334], [11.688035820820332, 58.96091024342175], [11.687854679465929, 58.96188913182017], [11.687810665349668, 58.962557860386255], [11.687755394471422, 58.96336012796456], [11.687561631661973, 58.96415669115223], [11.687453738859508, 58.96445214056028], [11.68724612643037, 58.96524780938243], [11.687177113296185, 58.96604981463262], [11.687247138177252, 58.966851876198476], [11.687368046984334, 58.96737419457361], [11.687347242861357, 58.968045674419955], [11.687187679471297, 58.96871225183561], [11.686891487009191, 58.9693661616799], [11.686757551529356, 58.96958823281663], [11.686648850855958, 58.96989363746423], [11.686678234788028, 58.9702037479958], [11.686844505263847, 58.97050208601624], [11.687138738381018, 58.97077287359066], [11.687383471000864, 58.97092303556047], [11.688078067207588, 58.971282177760244], [11.6886677451641, 58.971688242125886], [11.689140568939935, 58.972133195131995], [11.689225535469726, 58.972232617220556], [11.689292388187623, 58.97238837797517], [11.689221947304992, 58.97254377010685], [11.689027954219029, 58.97266804767281], [11.688748967866998, 58.97273667215172], [11.688645875166415, 58.972744458600715], [11.688423408614707, 58.972755569926896], [11.688314995048527, 58.97278613857587], [11.688093707448, 58.97286109236809], [11.687825617752017, 58.97292496080072], [11.6876736053826, 58.97291109160615], [11.687477164337277, 58.97287774942697], [11.687133086046094, 58.972772318803514], [11.686961634632734, 58.97277781373503], [11.686559576882281, 58.972822968800784], [11.686325188402135, 58.97282046927741], [11.686185640021447, 58.97280188450787], [11.686011633591724, 58.97281585106902], [11.685890620203043, 58.97286883385399], [11.685743428294607, 58.972964196978786], [11.685639687581958, 58.973062021546184], [11.685430504746526, 58.97298197301739], [11.685321467625197, 58.97298277382485], [11.685203225904674, 58.97304130954179], [11.685166746436876, 58.973297693521886], [11.685066527149129, 58.97338239594469], [11.684765891519042, 58.97348595875534], [11.684624498927736, 58.97358973805734], [11.684618369428696, 58.97366435892485], [11.684791407440473, 58.9738108004515], [11.684775066092545, 58.97390655039357], [11.684561122706677, 58.97415299289984], [11.684431986179453, 58.974384532323306], [11.684532893501219, 58.974560672115715], [11.684704010622866, 58.9746981665811], [11.684858943671601, 58.974745099005084], [11.68503401072555, 58.97473107113665], [11.68522710545736, 58.9746743639085], [11.685331224440151, 58.97467226865331], [11.685375748162835, 58.97470163111621], [11.685352583156192, 58.97484484122901], [11.685418533585748, 58.97491025430388], [11.685740159908809, 58.97510094675811], [11.686198327277074, 58.97526376935221], [11.686407346745634, 58.975360169845395], [11.68651775900334, 58.975470132040556], [11.686509023314644, 58.97556104382466], [11.68638442656112, 58.97573455072705], [11.686387648842718, 58.97585318141536], [11.686481782223535, 58.97594960449996], [11.686413985900108, 58.976104433974264], [11.686490736622007, 58.97617524610063], [11.687034704274668, 58.976432657127106], [11.687329483973272, 58.97652433191124], [11.687346406502435, 58.976435157690595], [11.68731248259993, 58.97631897639375], [11.687377842984754, 58.9762637579859], [11.68800164305376, 58.97616855379151], [11.688094517919335, 58.976203826883854], [11.688144167530076, 58.97628679650059], [11.688242203782835, 58.976708763469475], [11.688357796864896, 58.97685732399356], [11.688560044096663, 58.97699902520497], [11.688917229055972, 58.977149725304535], [11.689130707500732, 58.977165435638824], [11.689395627046126, 58.977125839598386], [11.689823076179376, 58.97697805593255], [11.690232460861518, 58.97680805842733], [11.69054194445314, 58.976750276799585], [11.69074681534688, 58.97679398567528], [11.690825809740907, 58.97688687233923], [11.690785424888444, 58.97696304359245], [11.69053068345251, 58.97705260487867], [11.690503630945368, 58.9770950537436], [11.690780019207313, 58.977276935839015], [11.690932620772092, 58.97727580663962], [11.69153522144421, 58.9770859416664], [11.691709587307525, 58.97705391126637], [11.691902243960957, 58.97706710717996], [11.691966898253215, 58.97714982974611], [11.691888125596416, 58.97726869981698], [11.691737151234907, 58.97742886425047], [11.691698569136532, 58.97756790592199], [11.691799748307739, 58.977647338483955], [11.691913764253128, 58.97767281351901], [11.692073161731923, 58.9776190090523], [11.692602465878261, 58.97735482382173], [11.692881807870002, 58.97727190922381], [11.69305219270732, 58.97726323313052], [11.69315834051575, 58.97729632521978], [11.693177796734254, 58.9773784309084], [11.693123281494184, 58.97746403816896], [11.693000887437888, 58.97756040296175], [11.693026316038432, 58.97766009749744], [11.693183963050789, 58.97770439260019], [11.693496266042175, 58.97767714422128], [11.693605192327231, 58.97770850939789], [11.693641210808169, 58.977775849130914], [11.693606616619855, 58.977864302575945], [11.693535078181203, 58.97794408225579], [11.693300836717924, 58.97812665640056], [11.693162832135318, 58.97830953335137], [11.693366201745851, 58.97841440569711], [11.693420565966857, 58.97851735633388], [11.693373431205103, 58.97857681841836], [11.692948844241736, 58.97874553850676], [11.692637185155679, 58.97885126480233], [11.692459921627824, 58.97894245143289], [11.692408564055777, 58.97906768506617], [11.692435738882963, 58.979207239871904], [11.692543956040655, 58.97926600022515], [11.692947502297061, 58.97928224950386], [11.693030322261587, 58.979358964676564], [11.693028157701846, 58.979486804267914], [11.692823098880012, 58.979570090693095], [11.692537362958545, 58.979547056753546], [11.692461668068836, 58.97961747231931], [11.692609257683305, 58.97983928749785], [11.69283989495915, 58.98010825403457], [11.692851254302294, 58.98020399378583], [11.692631295609603, 58.98031188485312], [11.692306834886192, 58.98042204676036], [11.692478794624021, 58.98050418719174], [11.69252655014762, 58.980548998546425], [11.692266295387247, 58.98082644527649], [11.692115940383568, 58.98087113421816], [11.69189423466716, 58.980868340866515], [11.69163991451021, 58.980846198370564], [11.691482654228375, 58.98085035520747], [11.691140391877527, 58.980910087399536], [11.690949876343515, 58.980986822515355], [11.690844532614946, 58.98107040975304], [11.69084994112806, 58.98115916687415], [11.690938263565037, 58.98119306290518], [11.691080539514058, 58.98117090752437], [11.691368327036884, 58.98103482473911], [11.691513362014222, 58.981011121677156], [11.691624197291926, 58.98101179925419], [11.691729840069579, 58.981032116886034], [11.691809626774862, 58.9810751412302], [11.691897240724618, 58.9811799314303], [11.691922958244996, 58.98126390506752], [11.691864451825891, 58.981363790170604], [11.691590183682136, 58.98160753297435], [11.691306464132047, 58.981742911461794], [11.690911421176354, 58.9817611181875], [11.690624973419611, 58.98191943397879], [11.690551084148307, 58.981999960978314], [11.690536154289918, 58.98210833026546], [11.69063062348078, 58.982188850151005], [11.6907313945531, 58.982205538715135], [11.690838849358746, 58.98218887403582], [11.690985224258858, 58.982122244538665], [11.691198971112284, 58.98206111294234], [11.691336964262145, 58.98205277861979], [11.691457197555708, 58.98209162475131], [11.69157009684502, 58.982183310636124], [11.691646171597313, 58.98227773962628], [11.691670057561312, 58.982391685378666], [11.691651483742437, 58.98249996154618], [11.69163754335532, 58.98259442527153], [11.691625606414354, 58.98268615404467], [11.691645073717604, 58.98279171810748], [11.691754423902248, 58.98292222975257], [11.691841161122328, 58.98322670413751], [11.691835530769616, 58.98344684864498], [11.69177246542828, 58.98398063311557], [11.691688367272102, 58.98437070566892], [11.691730469430905, 58.98453796485487], [11.692013713573226, 58.98486498995037], [11.692065605873868, 58.98501371502988], [11.692015020584565, 58.98512171196939], [11.691672065945605, 58.985358755785334], [11.691132535922991, 58.98572990082185], [11.690940294784584, 58.98580075018132], [11.690811410471726, 58.98578478089434], [11.690599350226485, 58.98568300833329], [11.690404393083615, 58.98565519233991], [11.689979733278502, 58.98566221355575], [11.68962403194944, 58.98573624864742], [11.689503467136863, 58.98583490441871], [11.689486324429488, 58.98607866172569], [11.689389229779612, 58.986163178145844], [11.689184061659372, 58.9862362107509], [11.688761473319426, 58.98629046656777], [11.68872087263425, 58.98634515120804], [11.688776114446673, 58.98639725576669], [11.688945252069004, 58.986411111565744], [11.689014754626212, 58.9864416509808], [11.689102799581272, 58.98655831773573], [11.689093867091653, 58.986627743868134], [11.689042024912029, 58.986688881697354], [11.688934368607612, 58.98671111234073], [11.688777394310076, 58.98672650828151], [11.688473010908584, 58.9866631734825], [11.688172706396045, 58.98663894902805], [11.687890883605265, 58.98672682440359], [11.687530243581037, 58.98669988539903], [11.68726287977898, 58.98676592998704], [11.68705505401172, 58.98686109094758], [11.686930202185613, 58.986944445473775], [11.68677945228347, 58.987005566138656], [11.686668912279833, 58.98703059715467], [11.686494161105177, 58.9870388841814], [11.686259755446596, 58.987050047016915], [11.686145807763635, 58.987083348890714], [11.685995011070096, 58.98716666714187], [11.685850769548699, 58.98723613230515], [11.685621749220942, 58.98733614076982], [11.685598825482266, 58.98739163688368], [11.685618602212044, 58.98746665173629], [11.6857086474735, 58.98753888296273], [11.68566421768395, 58.98759167110355], [11.685537191928189, 58.98763056934288], [11.685404716070245, 58.98761387358886], [11.685235531528189, 58.98753889551765], [11.684723313236173, 58.98734439863201], [11.68449558890164, 58.987286074645674], [11.6844348117003, 58.98728613488946], [11.684330619715102, 58.98731393307185], [11.684208876309942, 58.98740832979097], [11.684188348053974, 58.98743890120488], [11.684083114335872, 58.987586119397946], [11.684007279419015, 58.987708296248535], [11.68403421069769, 58.98777226010966], [11.684051639455094, 58.9878082982126], [11.684122310253297, 58.98786106990603], [11.684226476634345, 58.987922249700105], [11.684416068310322, 58.987980585517164], [11.684462794923354, 58.98799445567411], [11.684632299425814, 58.988002754025835], [11.684842746797832, 58.987999967848765], [11.684897040285184, 58.98801663817784], [11.684906721053373, 58.98804996105481], [11.684871922051691, 58.98811665706398], [11.684718819769348, 58.98829446572247], [11.68472782644101, 58.988358329601496], [11.684726668986427, 58.988533290926526], [11.684771144241422, 58.98861945444177], [11.68477646743063, 58.98869445858055], [11.684733152049528, 58.98875554370419], [11.684689722078181, 58.98878885381278], [11.684534535737484, 58.988883292697686], [11.68437498166066, 58.98894166857753], [11.684203563193773, 58.98905276778561], [11.684235015885495, 58.9891222400841], [11.684301098082427, 58.98916662531993], [11.684277172743585, 58.98923611642628], [11.684208554158518, 58.98936108479975], [11.683848350512351, 58.98970578961715], [11.683913840961774, 58.98999885025059], [11.684386657825632, 58.990163399537984], [11.68485195280353, 58.990283085312214], [11.686431244878559, 58.9902073302559], [11.68664727970108, 58.99028422529081], [11.68733524965028, 58.990734330199594], [11.68750006768317, 58.990786094961386], [11.68772036671339, 58.990911091637486], [11.687872142179755, 58.991033345147784], [11.687929744226759, 58.99109719438033], [11.688055576298511, 58.991219412673836], [11.688165268757874, 58.9912721921249], [11.688275819291162, 58.991288862861694], [11.68841694670344, 58.99129723852705], [11.688564384348751, 58.99128887865312], [11.688669707885298, 58.9912638920775], [11.688842307857355, 58.991211147463424], [11.68895384759403, 58.991172209050184], [11.689069941341764, 58.99115837289421], [11.689166691646182, 58.99115554591873], [11.689276471236965, 58.99116392738504], [11.689314195246352, 58.99119724838918], [11.689426100328959, 58.99131946840949], [11.689495544768109, 58.99138335026467], [11.689608400696, 58.991466677690966], [11.68969938391457, 58.99155834322975], [11.689779664418936, 58.991605515398064], [11.689805766160866, 58.99165831183612], [11.689843931388262, 58.99177226361473], [11.689905567930737, 58.991866683396246], [11.689972704913801, 58.9919527954194], [11.690017430626092, 58.99209998968883], [11.690067207555776, 58.99215833494537], [11.690176893379133, 58.992216684787905], [11.690293062818249, 58.992258303510056], [11.690591375305692, 58.99235275502681], [11.690871350445232, 58.99247495820893], [11.691061127062879, 58.99254443313005], [11.69133259189063, 58.99265554251264], [11.691481169729524, 58.992733310467784], [11.691597280066883, 58.99280278829117], [11.691707822862174, 58.99287221352607], [11.691811095434577, 58.992961135816984], [11.691843617816984, 58.993030543399605], [11.691843684272214, 58.993086089018135], [11.691851118723818, 58.99320275954719], [11.691858673311186, 58.99334720510384], [11.691891332530401, 58.9934333332636], [11.691945559557933, 58.99348891541939], [11.692034442224916, 58.99354996726479], [11.692197147340307, 58.99366386646607], [11.692323126433713, 58.99371948517455], [11.692433819819822, 58.993758355427246], [11.692494412979396, 58.99381113412495], [11.692568353035242, 58.99389723876027], [11.692661658261864, 58.99396667185265], [11.692795191844375, 58.99403614444515], [11.692876378881808, 58.99411389581053], [11.692911082294119, 58.994180572625886], [11.692912192838014, 58.99423614489429], [11.692835210295591, 58.994330525290984], [11.692858009010585, 58.99438332644264], [11.692950208894969, 58.99443889000899], [11.693084811818883, 58.994497244863325], [11.69316841703896, 58.994538927332115], [11.69321724103475, 58.9946000330444], [11.693221665511944, 58.994744488286116], [11.693197797955971, 58.99497504150532], [11.693155261196166, 58.99504441786096], [11.693011177484665, 58.99515559813723], [11.692844996678975, 58.995261090522334], [11.69261506396896, 58.995408363728096], [11.692490214173626, 58.995495139207236], [11.69228108707328, 58.99574315636315], [11.692268577882583, 58.995869832582244], [11.692404392171047, 58.99599544690651], [11.692606578317463, 58.996073774670805], [11.692971230325142, 58.99607266891293], [11.69354940735228, 58.995971862575836], [11.693766398977653, 58.99596671176605], [11.693848614152543, 58.9959666553743], [11.694002707022191, 58.995994409750736], [11.694127452306072, 58.99601943687751], [11.694288314868299, 58.996058328823466], [11.694415333012914, 58.9961250266668], [11.694577839430913, 58.99621941418506], [11.694644211810814, 58.99630280758068], [11.694621364926162, 58.996366665602565], [11.694553069491302, 58.99642495870142], [11.694447844213595, 58.99648329702795], [11.694340363290397, 58.99653609516908], [11.694203635232736, 58.9965832926995], [11.694088624146815, 58.99661109228013], [11.693977779371464, 58.99664448068945], [11.693916182843626, 58.99670555105343], [11.693857459906932, 58.99681109393629], [11.693807494346823, 58.99693609417953], [11.693811908337338, 58.99703893610772], [11.693770614976682, 58.99713890254371], [11.693654414442122, 58.99724441479322], [11.693427821822988, 58.997369485474074], [11.693325926144448, 58.99741667344249], [11.693123952438489, 58.99746669646457], [11.69297305430852, 58.997499959259706], [11.692843877643526, 58.99755552721613], [11.69271702402914, 58.99762499545237], [11.692604119973378, 58.99773059108447], [11.69251082064449, 58.99783336228024], [11.692457778039527, 58.99792502902062], [11.69245887161316, 58.99799165569631], [11.692485902937262, 58.99806388856506], [11.69256725984017, 58.99814721665247], [11.692637859086014, 58.998208339789386], [11.692685539160347, 58.99827777491554], [11.692730058478265, 58.99835836383901], [11.692789682050483, 58.99842495848039], [11.692873283956754, 58.99847221324984], [11.692977441404032, 58.99851945401665], [11.693136968035127, 58.99857781633687], [11.693338923907042, 58.9986333080745], [11.693491746924622, 58.99864718939292], [11.693726196746159, 58.998647247932304], [11.693983412931004, 58.99863332765057], [11.694237282583737, 58.998636128319994], [11.694401144064889, 58.998663861932535], [11.694590787867284, 58.9987333275628], [11.694788316947493, 58.998780525127344], [11.694985885877513, 58.99880552385285], [11.69518002828589, 58.99884445552767], [11.69533411123224, 58.99888335253758], [11.695474103524948, 58.998958379468334], [11.695621744049957, 58.99904447661362], [11.695757594256712, 58.99910277026296], [11.695900582904482, 58.999113881025984], [11.696019991120128, 58.99915836295228], [11.696201047227753, 58.99926113084889], [11.696321750532595, 58.999313914196655], [11.696437870202267, 58.99935273940928], [11.696592863976608, 58.99936945858146], [11.696781682381944, 58.9994221827362], [11.697013975984913, 58.999508371860216], [11.697175543742006, 58.99960551792029], [11.697367567148307, 58.99971386671888], [11.697463098549102, 58.99976942183296], [11.697603142555748, 58.99986943332757], [11.697833040596054, 58.999986117795025], [11.697978690239005, 59.000069464972796], [11.698091362705588, 59.00013884857246], [11.698140284234414, 59.00020274078015], [11.698143344031157, 59.00029440306228], [11.698199949896845, 59.000394441927845], [11.698312751837392, 59.000486117994846], [11.698379948902728, 59.000561081799866], [11.6983560985936, 59.00064999034173], [11.698295262425678, 59.000772198206356], [11.703649180341149, 59.01138888664521], [11.705376699059883, 59.015375465947415], [11.710515769318143, 59.03367554426758], [11.710523915210999, 59.03367970573167], [11.718939638566608, 59.03792376752045], [11.719502489723817, 59.03813467390152], [11.720012236701994, 59.0382606487252], [11.720648678872587, 59.038405827595284], [11.721216231027363, 59.03861334012236], [11.721692674498794, 59.03887480558769], [11.722058586177605, 59.03917993697192], [11.722299625794319, 59.039516329019676], [11.722406060209591, 59.03987079412238], [11.722409802880197, 59.03991753404799], [11.722604212112154, 59.04047617482579], [11.72293385205122, 59.041017655686595], [11.723393442175098, 59.04153339364862], [11.723975578710863, 59.04201511121797], [11.724671230597925, 59.042455118671306], [11.725468852232465, 59.042846471494876], [11.726355974830588, 59.043182741147724], [11.726686856902909, 59.04328691086448], [11.727342083348429, 59.04350353070375], [11.727912058377937, 59.04377668162829], [11.728378410755427, 59.04409781195045], [11.728726600297824, 59.04445657944849], [11.728893286810571, 59.044723044158864], [11.729507961573843, 59.04587817933528], [11.729828192690599, 59.04642119965128], [11.730278851719055, 59.04693911115832], [11.730852723249587, 59.047423461831556], [11.731036092871005, 59.047553285327915], [11.735417919152507, 59.050223515425344], [11.735758698751042, 59.05066907334053], [11.735966875212343, 59.050819106991845], [11.736147198309519, 59.05109534121229], [11.736183910248048, 59.051219484119414], [11.736222710150699, 59.05136390137249], [11.736260912327516, 59.05148889066337], [11.736255528858921, 59.051580516844986], [11.73622175118847, 59.05160554963374], [11.736118612927998, 59.05165004514781], [11.736073042553791, 59.051711090046346], [11.736194753109556, 59.05178336006563], [11.736285030045522, 59.051808193143856], [11.736374273446147, 59.05184207743694], [11.736430878512293, 59.05187612799267], [11.736507442397825, 59.05187634931941], [11.73655124740186, 59.0518651401183], [11.736641629514374, 59.05187784254054], [11.736719302296157, 59.051855353445625], [11.73684661096516, 59.05188336587954], [11.73693365167283, 59.05190002827133], [11.736987717374184, 59.05192224105613], [11.737042155569776, 59.05191111978974], [11.737103944594896, 59.05186666050264], [11.737148906487032, 59.0518634790666], [11.737221127154461, 59.051867185548424], [11.737290703958848, 59.05188772178669], [11.73733922694598, 59.05192606208203], [11.737353376493514, 59.05195895300335], [11.737394802802509, 59.05197464592928], [11.737419540880532, 59.05197868422412], [11.737460991999281, 59.05199779298014], [11.737597038398862, 59.05200175863949], [11.737618981151048, 59.05201687092008], [11.73757217594693, 59.05204499118018], [11.737582469797324, 59.05206520254932], [11.737664301220935, 59.05211103229182], [11.737674516614712, 59.05218354857282], [11.737701526044308, 59.052207775876916], [11.737734735072738, 59.05222182375029], [11.737690408911563, 59.05226977885346], [11.737762327558421, 59.05230241696509], [11.737825848220933, 59.05232244088186], [11.737883488346473, 59.05237134610376], [11.737930188349141, 59.052382947555614], [11.738049172651884, 59.05238288807469], [11.73810397673699, 59.05239181755474], [11.738155311912106, 59.05245018043964], [11.738165226353573, 59.052503815465506], [11.738130462734059, 59.052559471075405], [11.738149293558862, 59.05257980748289], [11.73820647476132, 59.05261333247279], [11.738185780649646, 59.052636538224306], [11.73810542693645, 59.05266704939544], [11.738128708511685, 59.05272138051527], [11.738169398928829, 59.05277426262879], [11.738184159196729, 59.05288347215142], [11.738205503124227, 59.052926969538134], [11.738200411453183, 59.05298247356056], [11.738186888978817, 59.05299444585217], [11.738165243934601, 59.05301663904082], [11.73808469931897, 59.053063862037725], [11.738066448538964, 59.053094409123496], [11.738107862009096, 59.05311944840273], [11.738061163422168, 59.05316114256821], [11.73804143799167, 59.05317781186567], [11.73798612786691, 59.053188911621426], [11.737977543225677, 59.05323893521944], [11.738042583890996, 59.05328892543797], [11.738054406100503, 59.0533555504146], [11.738081675458789, 59.05340279199953], [11.738092455627449, 59.053458336184185], [11.738112997268892, 59.053525000962765], [11.738136915387264, 59.05362779037465], [11.73833959904003, 59.05365212693102], [11.738387222728436, 59.05368343392516], [11.738427887215492, 59.053723732866], [11.738506296350133, 59.05377810375733], [11.738541621206934, 59.05383974818818], [11.738552905418905, 59.053882632726214], [11.738595330438894, 59.05390805679126], [11.738664486232558, 59.05393676017167], [11.73870931476185, 59.05398282592929], [11.738892462530872, 59.054021858511625], [11.738850782364924, 59.05408237315604], [11.738894187610686, 59.054137929689695], [11.738907225284507, 59.05418256594056], [11.738959107267291, 59.05421865336485], [11.739017502672333, 59.054272520095125], [11.739065182223472, 59.05441176727009], [11.739109893424848, 59.054455403308225], [11.739173592070316, 59.05450670722139], [11.739280328017136, 59.05466712330343], [11.739362530553096, 59.05475511220984], [11.73947001360401, 59.05481569657194], [11.739496632879819, 59.05485878722203], [11.739504247665009, 59.054949572162265], [11.73959899343238, 59.05502673218335], [11.739789453501864, 59.0551267024335], [11.739819680982057, 59.05517590538806], [11.739859525734643, 59.05527271410402], [11.73988727277226, 59.05530208227623], [11.739900118638356, 59.05533404129485], [11.739936301957673, 59.05535724068662], [11.739940927221138, 59.055402294216385], [11.740005819749342, 59.05543736046951], [11.740088768159373, 59.055561676818186], [11.740218330742513, 59.05565256447981], [11.740338867857927, 59.055715363883955], [11.740621101141235, 59.055916593509984], [11.740686409342436, 59.056004336149776], [11.740713898697154, 59.05606955745525], [11.74072348513081, 59.05613774355578], [11.740838054133611, 59.056215670915705], [11.740938198461027, 59.05632612924417], [11.74098452106498, 59.056391464771195], [11.741076405670672, 59.056454710975956], [11.741122156700312, 59.05650951678518], [11.741190174785833, 59.05656685994091], [11.741263388574344, 59.05667430380696], [11.741348166677222, 59.05683093007143], [11.741445221015274, 59.056881993256056], [11.741583351303722, 59.05705928424401], [11.741706193376938, 59.05716042661861], [11.7417770297913, 59.05725064438147], [11.741832926851117, 59.05733832939771], [11.741912314581878, 59.0574266950311], [11.74196913491493, 59.05754882499965], [11.742018595469924, 59.05759949964337], [11.742088294831587, 59.05764834649822], [11.742138284375033, 59.0577247384007], [11.742176763700737, 59.057810277619225], [11.74232681742224, 59.05788945532682], [11.742460904914315, 59.05801927989327], [11.742596840180862, 59.05808543000527], [11.742718000260163, 59.05816756557059], [11.742722053945505, 59.0582499921866], [11.742783782353847, 59.0582982787201], [11.742775872157475, 59.05837806780743], [11.742842958293535, 59.058436105541325], [11.742918790499063, 59.05849759858847], [11.742915339707533, 59.05855610975299], [11.742880497097381, 59.05860340629925], [11.742894097659192, 59.05864769667201], [11.74296956982764, 59.058703788180914], [11.743032123509511, 59.05874337753455], [11.743097440594354, 59.05879615794436], [11.743196915463422, 59.058829125956926], [11.743228769795788, 59.05885203575214], [11.743242777634114, 59.058914131387084], [11.743226659139006, 59.05895165306454], [11.743241436838217, 59.05898536783794], [11.743223598536318, 59.05902814885412], [11.743243725577713, 59.059068019663606], [11.743237797138727, 59.05909743921027], [11.743277063789103, 59.05914156585694], [11.74327242809509, 59.05921811192443], [11.743322171913384, 59.05929530596773], [11.743431320930451, 59.05941218972354], [11.743528244793136, 59.05958628549553], [11.743568922412353, 59.059727870996696], [11.743623210622008, 59.05980499937359], [11.74366665807135, 59.059921040340356], [11.74376930768661, 59.060101031732806], [11.74381714088789, 59.06024998689137], [11.743870713733136, 59.060299685572254], [11.74390317626666, 59.06034750556694], [11.748709929762263, 59.066966277965975], [11.748763249949244, 59.06703358322684], [11.748785789013548, 59.0670904996286], [11.748833630347873, 59.06714930912039], [11.748912271478106, 59.06722938259518], [11.749234271461043, 59.06765744137955], [11.74966805708269, 59.06809207800627], [11.749770780313948, 59.06822389311394], [11.749881522888488, 59.06829677235897], [11.75000197116887, 59.06831686943995], [11.750072588204734, 59.0683471305662], [11.750103253062909, 59.06839382513272], [11.750117752927913, 59.068430587651775], [11.750249496899567, 59.06849734262668], [11.750476444628209, 59.06867765874437], [11.750509675847958, 59.06875443537151], [11.750621111441083, 59.06883847564372], [11.750664743283824, 59.068938161200464], [11.750732747124436, 59.06900160966887], [11.75102744080663, 59.06923709828755], [11.751150160417698, 59.069303356372764], [11.751212072741982, 59.069350025206965], [11.751342339314194, 59.06941215837566], [11.751348039935163, 59.06946631535846], [11.751397800310919, 59.06950306295784], [11.75148622843305, 59.06953143305971], [11.751695535320133, 59.06967140066797], [11.751815045724568, 59.069731016852025], [11.751965404732227, 59.069778194737516], [11.752018387256081, 59.06984549000163], [11.752088440348286, 59.06989838396082], [11.75272244021577, 59.07043329330421], [11.755397602287472, 59.07266140083835], [11.75548807385769, 59.07275326983139], [11.755542734604886, 59.07288423586349], [11.75562505097449, 59.072944175241794], [11.755795769974291, 59.07301810112233], [11.755985925319495, 59.07328178674195], [11.756237990177455, 59.07344816093588], [11.756367257284818, 59.07361541549073], [11.756504563642798, 59.073682752142744], [11.757151309182259, 59.07381226799673], [11.757414532822754, 59.073806901367696], [11.757578588467398, 59.07386088589675], [11.75770536120939, 59.07406204869258], [11.757918586786536, 59.074157346448715], [11.757973401656429, 59.0742257632701], [11.757944514474675, 59.07443750114483], [11.758097043545042, 59.074611806585416], [11.758294890425072, 59.07474617331556], [11.758426202013156, 59.074799427472065], [11.758607909669454, 59.07498830257219], [11.758702488746849, 59.07504234526827], [11.758827581727155, 59.075091219409906], [11.758974532978788, 59.0751378540052], [11.759093374801333, 59.07519933354823], [11.75919314251826, 59.07528720809526], [11.759501081472632, 59.07539826262677], [11.759616737359263, 59.075506485957135], [11.759794008112976, 59.07553338657204], [11.759856553494963, 59.075627250150966], [11.759971003050222, 59.07562058498257], [11.760117938076602, 59.07566002795302], [11.760165959458442, 59.07570984988068], [11.760246590460971, 59.07573783893989], [11.760358854343995, 59.0758524476233], [11.760294513773147, 59.07592381628475], [11.760455082851324, 59.07602417421334], [11.760405299914222, 59.07613554091107], [11.760571184269592, 59.07617770383251], [11.761167264077427, 59.07666928938875], [11.761237043977479, 59.076760546926785], [11.761438347873428, 59.07686776325468], [11.76157228079851, 59.077021108323166], [11.76186871118369, 59.07726002835087], [11.762090644969737, 59.077518835748904], [11.762328050376555, 59.07769318899582], [11.762464191443492, 59.077778733981354], [11.762519089242804, 59.07786494556079], [11.762701673767532, 59.07804862350002], [11.762802489874343, 59.078125556629985], [11.76302987783553, 59.07835070614832], [11.763330932919366, 59.07853707234055], [11.763593468959387, 59.0788450627456], [11.763924161130296, 59.078996757528955], [11.764076047534314, 59.07911540758342], [11.764180519120282, 59.07929443667881], [11.764659607006886, 59.07962418792795], [11.765137260198303, 59.07988029547219], [11.765293624328507, 59.08002934290683], [11.765749034491728, 59.08021955525329], [11.765885965334629, 59.08034510948814], [11.766070936392017, 59.08045370791188], [11.766195705440538, 59.08060645944219], [11.766383857815647, 59.080723944298526], [11.76649474666904, 59.080809034394356], [11.766546861519002, 59.08089157965404], [11.766722574252354, 59.08098358922033], [11.766856666733633, 59.08104292505933], [11.76699966612132, 59.08120053424233], [11.767241179935905, 59.08132249433144], [11.767535364933808, 59.08143210688062], [11.767786127307422, 59.08165989714443], [11.768131648001734, 59.081717583724384], [11.768199606131045, 59.081928681927224], [11.768343527570856, 59.08203948870613], [11.768408708638065, 59.082140962558796], [11.76852210425926, 59.08217353765891], [11.768637508167634, 59.082184772996776], [11.768701533644839, 59.082246583966764], [11.768688116421647, 59.0822908263807], [11.768621246649673, 59.082327894453094], [11.768758464205893, 59.08247286499296], [11.768935038496762, 59.08254287396316], [11.7689495850882, 59.08262951446206], [11.769054524636767, 59.082675898419744], [11.76911191668025, 59.08272100721133], [11.76923236563604, 59.08295516235092], [11.769442332905165, 59.08303588891836], [11.769477263212359, 59.08311189315277], [11.769636612842948, 59.08318686414483], [11.76970653398026, 59.08324729365111], [11.769805874003907, 59.083199171015], [11.76993329409731, 59.08309755481168], [11.77009162625201, 59.08303670216952], [11.770174840260552, 59.08304677444126], [11.770200340882521, 59.08310609677067], [11.770156063519597, 59.08320556103381], [11.770013685010827, 59.08330285029274], [11.770024173635134, 59.083354698616084], [11.770090778396487, 59.083398418799334], [11.77041865574449, 59.08345826557972], [11.770494206237025, 59.08359810262594], [11.770795062586023, 59.08364451323497], [11.770886438731452, 59.08371635116639], [11.77109492765929, 59.08382031510847], [11.770996917845013, 59.083926709371134], [11.771052860995427, 59.08400584287653], [11.771242937133053, 59.08409766440596], [11.771264799363427, 59.084420402530185], [11.77142363664361, 59.08466063422457], [11.771491936842219, 59.084942648266356], [11.771632554462741, 59.085053548439234], [11.771667962687538, 59.08523597307709], [11.771858021784853, 59.08536706747636], [11.772002758708046, 59.08540446409739], [11.772206525821995, 59.08541205484405], [11.772315510364097, 59.085452694946774], [11.77233805465857, 59.08550637103509], [11.772529477178225, 59.08559885310842], [11.773690907827504, 59.0858439100159], [11.773870149797725, 59.08589510495888], [11.773954787896283, 59.0859997560341], [11.774131612979112, 59.08607111176509], [11.77417234947403, 59.086128206011516], [11.774513884666066, 59.08617499076372], [11.77500061453208, 59.08635848826047], [11.775392664159991, 59.086594450771074], [11.775669201428483, 59.08687040793357], [11.7757212286763, 59.08694863289216], [11.776226236599207, 59.08799400743893], [11.776594518666716, 59.08905440348625], [11.776824940655226, 59.09012503095199], [11.776916185159331, 59.091201184653315], [11.776867988330482, 59.092278095295306], [11.776680443219178, 59.0933509121376], [11.776610276382739, 59.09362381747521], [11.77641667977782, 59.0941825035237], [11.77636169878654, 59.09474930949727], [11.776385467789243, 59.09502625802374], [11.776427205665257, 59.09546524381081], [11.776482837137111, 59.095642866718876], [11.776711215758505, 59.09583170472039], [11.77703818476709, 59.09586167239257], [11.777131541899644, 59.0959500908505], [11.777110000049088, 59.09602882273139], [11.777004547540187, 59.09605990338142], [11.77661167639203, 59.09610298108012], [11.776474097443346, 59.09637753558528], [11.776943455571972, 59.09664534078113], [11.777018127989724, 59.09689740163088], [11.776948702089038, 59.09714003857042], [11.776642855189543, 59.09764758315241], [11.777102290498851, 59.097902199129756], [11.77728892066828, 59.09794054036378], [11.777629454875886, 59.09785230185579], [11.777995257894773, 59.09780189756031], [11.778109596944894, 59.09791995520637], [11.778224824541763, 59.097969012926754], [11.778583767492638, 59.09798611029194], [11.778752618492, 59.09795148074119], [11.778885127260144, 59.097948571703625], [11.779123283709664, 59.0979144052895], [11.779682890683954, 59.0980306704887], [11.780175638079637, 59.09820980104279], [11.780575695347402, 59.09844225894754], [11.780861681876754, 59.09871574095939], [11.781018201986667, 59.09901557595765], [11.781037313078285, 59.09932583964557], [11.78091757095913, 59.0996302294314], [11.78066575683117, 59.09991228701841], [11.780294784406692, 59.10015723383999], [11.780114845558506, 59.10024290718833], [11.779197622027535, 59.10055822509832], [11.778364998807799, 59.10093055078193], [11.777630461599657, 59.10135392998029], [11.777005473955278, 59.10182163926145], [11.77650018282316, 59.102326113542226], [11.776122679080638, 59.102859376945865], [11.775879014062996, 59.10341286335726], [11.775780831979004, 59.103885037655346], [11.775804844891198, 59.10464649359038], [11.775689288481033, 59.10540573727669], [11.775435308543823, 59.10615605655972], [11.77504493140978, 59.10689067086906], [11.774521893781511, 59.107603201245205], [11.77387081363354, 59.108287200409045], [11.773097497007457, 59.10893660981714], [11.772208423685614, 59.109545657068765], [11.771211959271648, 59.11010897603297], [11.770965610096901, 59.110232887657915], [11.770287999347287, 59.11055519227831], [11.769712375546044, 59.11092631831882], [11.769252119851966, 59.11133779297137], [11.768917553154687, 59.11178025820378], [11.768716450339745, 59.11224357330264], [11.768690344315901, 59.112348163555225], [11.768611679957198, 59.11274721467835], [11.768396229516949, 59.113132701784494], [11.768050750920361, 59.113492210520775], [11.767586260900677, 59.113814510799976], [11.767017563093576, 59.11408900595399], [11.766363113054378, 59.11430716751766], [11.765643508134989, 59.11446186867288], [11.764881751345957, 59.114548289732966], [11.76410240438148, 59.11456362756007], [11.763624444647808, 59.11453732162045], [11.76366567381289, 59.1146152814981], [11.764941762022985, 59.1170302715263], [11.766372811996598, 59.12140707197167], [11.769360097335289, 59.12671954188326], [11.778015445594738, 59.13604359880309], [11.777605880883112, 59.14017373573894], [11.776105561842927, 59.145539926498294], [11.777062452666577, 59.15602252575914], [11.776152324242451, 59.15931798879325], [11.776346571107087, 59.16076013179058], [11.776518995092687, 59.16278356153864], [11.776530941166861, 59.162924327657784], [11.776599803283498, 59.163726345078906], [11.776528829230278, 59.16452830523915], [11.776441044091005, 59.16492704300489], [11.776462582204607, 59.165105344026685], [11.776617827096336, 59.16526521612516], [11.77664493629757, 59.16528215602241], [11.776744510692568, 59.16545331754047], [11.776706437217559, 59.16563085734206], [11.776536333879307, 59.16578669513254], [11.776342705031338, 59.165872657471496], [11.776010538608162, 59.1660598796164], [11.775793424611212, 59.16628734509764], [11.775726333906768, 59.166434686095904], [11.77571979190203, 59.16646139525446], [11.774687626767781, 59.17066808493681], [11.776368872782923, 59.17763049308922], [11.780742023383409, 59.18795367452689], [11.781535999378486, 59.192927144999274], [11.782107994160807, 59.19430735920027], [11.782200326174985, 59.19445982133292], [11.782412335030903, 59.19457660344077], [11.78251843443597, 59.19460700184546], [11.78261547047207, 59.194605271403596], [11.782671881323736, 59.19461826207246], [11.782701369286828, 59.19461764440947], [11.782739957432709, 59.19460781567431], [11.782837790129445, 59.19461437294349], [11.782904545046783, 59.19463471953462], [11.78296423934001, 59.19464446616588], [11.783020915562037, 59.19465836196366], [11.7830770337542, 59.19465957208686], [11.783105720260686, 59.19468050355194], [11.783103134909364, 59.19470425537006], [11.78308587001856, 59.19473321563875], [11.783088639886968, 59.194767075780995], [11.783122161021295, 59.19478875607465], [11.783172094998257, 59.1948035632754], [11.783268146888298, 59.19481043559129], [11.78336000820281, 59.19484695139685], [11.783431108841187, 59.19484718432364], [11.783516231917137, 59.19482871177644], [11.783579197861362, 59.1948316190577], [11.783630705047727, 59.19484646503448], [11.783823780272964, 59.19499512947039], [11.783887836160307, 59.19514473319821], [11.783929024904308, 59.19519850735369], [11.783937422798248, 59.195258209940036], [11.783947706134137, 59.195420771725054], [11.78394313365124, 59.19548985924512], [11.783928043584632, 59.19557018985293], [11.783928567053492, 59.195823459515246], [11.783791107451755, 59.19606675214416], [11.78352677284136, 59.19628066064], [11.783371918327244, 59.19636247314766], [11.78301823601289, 59.196539118366424], [11.782774659218646, 59.196759471035975], [11.782660713133263, 59.19700595127268], [11.782685606201996, 59.19725892593655], [11.782847036932738, 59.197498206768714], [11.782945949088763, 59.19758459609619], [11.78324407858082, 59.19790904447963], [11.783410496645514, 59.19825737173279], [11.783438616472061, 59.198615754913725], [11.783327503039908, 59.19896988152606], [11.78308129053021, 59.19930556415974], [11.783004507246575, 59.19938050242718], [11.782550010172084, 59.19975299566228], [11.782219778966107, 59.20015840285511], [11.782022354912511, 59.20058606207366], [11.781963210109959, 59.201024426158575], [11.782043788438987, 59.2014619376077], [11.782055997078558, 59.20149603156574], [11.782051592341789, 59.20155397918715], [11.782065623587041, 59.20159476875288], [11.782143587111017, 59.201628334596485], [11.78213746702218, 59.2016486736092], [11.782100336233398, 59.20167085072808], [11.782097653140829, 59.201691903973995], [11.782122768181546, 59.201704299204714], [11.782197009800479, 59.20171970872726], [11.782205982175114, 59.20173979248448], [11.782155834719333, 59.201766230623335], [11.782149941091191, 59.20179160802744], [11.782075357810612, 59.20182076608198], [11.782076018869628, 59.201843519844914], [11.782095376412022, 59.20188542992272], [11.782176733554042, 59.202016949416716], [11.782227516631869, 59.20207123124797], [11.782262352295206, 59.202092045490566], [11.782350272077668, 59.20210734435304], [11.782409308191284, 59.20219121836564], [11.782473720849023, 59.20230173747814], [11.782625705195057, 59.20235681805765], [11.782701545058684, 59.20241855044646], [11.78281998631114, 59.202708981204566], [11.78270325154923, 59.20327335638306], [11.782726059028867, 59.20384073795806], [11.78277220598569, 59.2040578409065], [11.782914602246382, 59.204620634673155], [11.782917424338542, 59.205188150263446], [11.782881747349016, 59.20540331675517], [11.782867731097342, 59.20602496705489], [11.782993513083632, 59.20664333869004], [11.783257421305802, 59.20725021147625], [11.783655851553249, 59.20783740684707], [11.783866678666712, 59.20808123329679], [11.783918631109316, 59.20816789673707], [11.78393440845023, 59.208227422374904], [11.783908412881777, 59.208334174686655], [11.783923645041957, 59.2083771505723], [11.783981441009988, 59.20843897449741], [11.784032156960711, 59.20851644043157], [11.784273737671253, 59.2087017124985], [11.784299189628943, 59.20874224514688], [11.784307428732696, 59.20878504789327], [11.784292853435218, 59.20886170654209], [11.784296010253607, 59.20891381994773], [11.784344333089825, 59.20900183127309], [11.784398853357295, 59.20906123726142], [11.784478126166775, 59.20913509594774], [11.78452562775983, 59.20919459778301], [11.784579691205638, 59.20924024212753], [11.78484873635476, 59.2094149588047], [11.78515678900397, 59.209653819303135], [11.785419106318889, 59.209840500791245], [11.785685142715296, 59.21000444650653], [11.785770356651925, 59.210037560052236], [11.78587641687123, 59.21005959588917], [11.78606883226289, 59.2100802628027], [11.786221777496005, 59.21008269793569], [11.786341868918155, 59.21009717181286], [11.786484308066896, 59.21013304833892], [11.786572498417538, 59.210184838217565], [11.786623411574375, 59.21024352486459], [11.786649399876886, 59.21029143965531], [11.787500248345793, 59.21103728762387], [11.78747465036095, 59.21111753842308], [11.78756390009375, 59.211264347164025], [11.78772173067425, 59.211403145317426], [11.787772061088068, 59.21142892433816], [11.787837058638916, 59.211451560979064], [11.788048023871967, 59.21195358179867], [11.788129166195313, 59.21220345113497], [11.788343266675195, 59.21243171267073], [11.788546433314638, 59.2125600369307], [11.788914644494616, 59.212806485630885], [11.789163208701478, 59.213089609636015], [11.789209887396419, 59.21317479219761], [11.789491923474078, 59.213661311080564], [11.78990500222477, 59.214122487768726], [11.79044086028747, 59.21454930951601], [11.790923474538033, 59.21484522048794], [11.791529689297738, 59.215155864666535], [11.792029363378708, 59.21551294494718], [11.792409197282703, 59.2159068776188], [11.792658946880765, 59.21632725555673], [11.792724689856778, 59.21651383175149], [11.792845471099405, 59.21681805873178], [11.793098761125318, 59.2171000325477], [11.793403006200803, 59.21730795172512], [11.793767338072415, 59.21747897799724], [11.794023985990933, 59.2176954272148], [11.794152486321877, 59.21793998941771], [11.794157974758226, 59.217965558152], [11.794256727752915, 59.218073232639604], [11.794306354195681, 59.21812721082257], [11.794566185638287, 59.21824631782375], [11.794895936611068, 59.21830405978383], [11.794974503999185, 59.21830743549439], [11.795401492268349, 59.21843488725444], [11.79574206498068, 59.218618352909665], [11.795969184506891, 59.21884332646783], [11.796047440772663, 59.219005135261206], [11.796161597108776, 59.219172951691704], [11.796244391514668, 59.2192284657387], [11.79632316060972, 59.21941473169787], [11.796307421434783, 59.219558226084885], [11.796354114879462, 59.2196285773545], [11.796377176845992, 59.21969295381823], [11.796439301239358, 59.2197296246036], [11.796458669055463, 59.21977171201166], [11.796465427027648, 59.21982301481952], [11.796489639992467, 59.219867648159706], [11.796496305511713, 59.21991993725881], [11.79662591426549, 59.22006324002244], [11.7966292935296, 59.22013935360634], [11.796661530776042, 59.22017133325008], [11.796735781729573, 59.22021890748567], [11.796749839284546, 59.22024846184194], [11.79683616213521, 59.220311252045526], [11.796848790261683, 59.22034670259565], [11.796885090928887, 59.22039891327998], [11.796903462252887, 59.22045724256642], [11.796990670383249, 59.22055546336884], [11.797352165329869, 59.22126203559942], [11.797331363175545, 59.22130439107028], [11.797297880062752, 59.22135110727947], [11.797303352872081, 59.221388088964794], [11.797333883218977, 59.221430810775786], [11.79725014517359, 59.221426410479964], [11.797253749413564, 59.22145714506859], [11.797285450253876, 59.221485516493466], [11.797373423444059, 59.2215139266251], [11.797387318885036, 59.22153961247445], [11.797334652635346, 59.22158711413654], [11.797328956499086, 59.22163289746871], [11.797308004309402, 59.221656286613864], [11.797314191872223, 59.221676300430175], [11.797380828080778, 59.22170229744132], [11.797402633312839, 59.22173150341181], [11.79740653374797, 59.221766559064406], [11.79746271421598, 59.22179562356484], [11.797465642752277, 59.22184665217046], [11.797503070758623, 59.221870042060935], [11.797552372494486, 59.221878985811905], [11.797591549949487, 59.22192111179847], [11.797591429380626, 59.22196352758775], [11.797570125783087, 59.22199814189734], [11.797589344730243, 59.22203249657369], [11.797733380932005, 59.2220650738896], [11.797773433056511, 59.22208852835475], [11.797781849832386, 59.22213151398331], [11.7978466630277, 59.22218631416259], [11.797843195639746, 59.22221768331181], [11.797783303058575, 59.22223193485433], [11.797775455832436, 59.22225205217231], [11.797816662567485, 59.22230806809723], [11.797867297822245, 59.222355149556186], [11.797878112058365, 59.222428660257236], [11.797963153147139, 59.2224509763893], [11.798069269877717, 59.22247102574706], [11.798109632382088, 59.22250239632342], [11.798116665525042, 59.22254705536506], [11.798159595208025, 59.222595923995854], [11.798395952529617, 59.222664835830194], [11.798415182350851, 59.22268786698374], [11.798392877469801, 59.22274438508497], [11.798481859765198, 59.22279573615873], [11.798495723263798, 59.22283112706007], [11.798501884701102, 59.222892570325094], [11.798541330233254, 59.22293560128939], [11.798587442387014, 59.22296549567307], [11.798682116177165, 59.222995417948745], [11.798782426220932, 59.222989530907604], [11.798792944196737, 59.22301198792522], [11.798762651131673, 59.223078913999245], [11.798788112680862, 59.22317013032638], [11.798788684081211, 59.22323323327639], [11.798822835967417, 59.2232822449218], [11.798752714527485, 59.223304602906715], [11.798746376651811, 59.22333293564204], [11.798782705594899, 59.22335872454299], [11.798850887542116, 59.223364538007324], [11.798889961250604, 59.22338536175331], [11.798895599375241, 59.22342621182079], [11.798849533082011, 59.22345940756374], [11.79876249528104, 59.22349950266341], [11.798726944375375, 59.223499076318504], [11.798644051657698, 59.223483733664345], [11.798616162806848, 59.22350443578357], [11.798624589340823, 59.22354733169876], [11.7986896967128, 59.223584074722496], [11.798703250497443, 59.22360220288419], [11.798642961458665, 59.22367863526286], [11.7986497917557, 59.22371798691694], [11.79867334973475, 59.223736002031046], [11.798808069221197, 59.22376331579289], [11.798861295226983, 59.223784667872316], [11.798879429637054, 59.223813783130566], [11.798910380204207, 59.22383710288529], [11.798906990811771, 59.22386577786013], [11.798856426992636, 59.22394694338367], [11.798871479661692, 59.22396591727421], [11.799000393509843, 59.22401402757145], [11.799038371727857, 59.22404093544805], [11.799054105251805, 59.22408257336783], [11.799118815432243, 59.2240880315489], [11.799191259550371, 59.22406896587646], [11.799256069564171, 59.2240845817766], [11.799302999658252, 59.22411512510327], [11.799331211402771, 59.22414709470308], [11.79943277057328, 59.224185903338835], [11.79945594581996, 59.22420426835364], [11.799458488067451, 59.224242615645856], [11.799496108972068, 59.22424902418401], [11.799569121576539, 59.224227635674715], [11.799615559690276, 59.2242391142938], [11.799667562910182, 59.22429036266916], [11.799729519527055, 59.22433268936103], [11.799763708286786, 59.224370108374124], [11.7999018546035, 59.224448821174576], [11.799923358839163, 59.22449437560393], [11.79995617530151, 59.224529603887106], [11.799950137596646, 59.22455848327692], [11.799945513828112, 59.224579758519866], [11.799985041797656, 59.22459762737173], [11.800104864876833, 59.22460246488342], [11.800179974263559, 59.224667223226604], [11.80029704080038, 59.22467154333848], [11.800349875779467, 59.2246952217645], [11.800353793261372, 59.2247338724882], [11.800399487153586, 59.22478137040332], [11.800396187639267, 59.22482406734556], [11.800323426468529, 59.224863346672976], [11.800231277881947, 59.22489621721684], [11.800331806858031, 59.22494605375512], [11.800324757962006, 59.22496888696495], [11.800230450422019, 59.2250135672156], [11.800802315754122, 59.22530435528456], [11.805357542916138, 59.227773601392656], [11.811901084367358, 59.2320156080684], [11.826116893792179, 59.23781278855556], [11.826993731637694, 59.23824255727979], [11.827767997443248, 59.2387212218373], [11.828429581353337, 59.23924242635199], [11.8289694799331, 59.239799212814944], [11.829380663068031, 59.240384131983994], [11.829657349246597, 59.240989495204424], [11.829796256032434, 59.24160713521133], [11.829795333774424, 59.2422288245276], [11.829753014812292, 59.2424898497926], [11.825605199411616, 59.26537716529558], [11.82130984272247, 59.2981760659273], [11.820423005143793, 59.30493830934273], [11.821529122892882, 59.31178669648069], [11.818158784776895, 59.33271272777439], [11.816245151264082, 59.344744446839414], [11.808350401882116, 59.35385561863855], [11.789830292573015, 59.37106791446551], [11.789702342146295, 59.371640734242334], [11.789695687095127, 59.37170365846068], [11.789723807156626, 59.37176195723717], [11.789736605245919, 59.37186310566251], [11.789727735081, 59.371964349445676], [11.789748611034184, 59.372015459983125], [11.789812325936962, 59.37206978254574], [11.789909387991989, 59.37211782676153], [11.789998733036194, 59.37214878543728], [11.790126442789, 59.37218185721724], [11.790247540424144, 59.37223085260137], [11.790329319549958, 59.372291551127645], [11.790509653863223, 59.37244598361691], [11.7906534863905, 59.3725134224032], [11.7907473321068, 59.372593649759985], [11.790821100827939, 59.37263851347998], [11.790950224883817, 59.37269390676691], [11.791006485495398, 59.37273025107228], [11.791065944864146, 59.372784917532], [11.791124853404442, 59.372824921739216], [11.791203383639886, 59.372869722718], [11.791272409284398, 59.3729219285212], [11.791402802355126, 59.373008627006755], [11.791454715749179, 59.37304998661705], [11.791565510154904, 59.37312047536029], [11.791664503243453, 59.37320217673794], [11.791940831771482, 59.373395636591006], [11.79199082118059, 59.373451777000604], [11.791975895473609, 59.3735146774292], [11.792005239362014, 59.37355449271636], [11.792110214492562, 59.37363813833276], [11.792064029889199, 59.37370943604632], [11.791918064140898, 59.37392161889429], [11.791592679826588, 59.37441292195844], [11.77986530588329, 59.38645964517668], [11.777597781254029, 59.39747688347326], [11.7757582009156, 59.40635050369143], [11.774111087768349, 59.4142915272696], [11.760946422848301, 59.42860346858238], [11.759934368319247, 59.45818412849044], [11.757604213305596, 59.465525334264804], [11.753207089403752, 59.47936924155281], [11.746888596736511, 59.491248372313706], [11.740350727001104, 59.498389584811775], [11.728637518821275, 59.511175038401014], [11.715143149174724, 59.53942931495147], [11.70365849427144, 59.563245341896845], [11.698376726226314, 59.57431521568384], [11.696944937681991, 59.57732562231542], [11.691128335311136, 59.589548650634086], [11.694941203564474, 59.600272888105394], [11.697964173863262, 59.60878122830899], [11.708189028853123, 59.616183854280095], [11.71595996780545, 59.62196574504697], [11.718451881818424, 59.62387467623039], [11.718454025026919, 59.623876347589295], [11.720557600648062, 59.62548765020944], [11.737462305689794, 59.6304027539788], [11.761317104380925, 59.637323783542946], [11.76584859024242, 59.63879138613227], [11.772386000085808, 59.640898237622935], [11.778892385358136, 59.642994460335395], [11.786819652192234, 59.643548218053475], [11.790203590365827, 59.64378438437501], [11.810834763122866, 59.645206783529574], [11.833374366271268, 59.646760285315565], [11.849497962150757, 59.64786883983979], [11.855709115320995, 59.648295343820564], [11.856188149699621, 59.648611475200106], [11.862444746169679, 59.65274084855723], [11.870300525310828, 59.662543131685936], [11.875244048399601, 59.67249124244997], [11.877612570280824, 59.6812419595379], [11.878044197766851, 59.682835882366696], [11.889216534126842, 59.69320825298486], [11.931432080800205, 59.694352577579885], [11.939877897067882, 59.694579815081696], [11.941778236975573, 59.69589924474757], [11.94180155429906, 59.696728833431365], [11.942185680653555, 59.6974543291141], [11.94266927035775, 59.69789854473543], [11.943038040582058, 59.69805603652755], [11.9435638694363, 59.698082217776715], [11.944007919933219, 59.69815708266617], [11.944463913433257, 59.69810489328408], [11.944916853735855, 59.69823828094393], [11.944698179085151, 59.69854041749006], [11.944713567605753, 59.698656335223994], [11.944964908333102, 59.69894560583565], [11.945061112642021, 59.69912873345182], [11.945113797043923, 59.699340680844266], [11.945393919848737, 59.699638079081], [11.945661416691454, 59.69986338496095], [11.945919892518809, 59.70014868603357], [11.946004480769059, 59.70046129937633], [11.945851397227402, 59.70058803159584], [11.945505236531327, 59.700685287214824], [11.944110955539568, 59.70062414981078], [11.943249689554277, 59.70068630532251], [11.942323564191321, 59.70025505213695], [11.941405906942933, 59.7003584744828], [11.941023600337585, 59.700321793547324], [11.940244704751054, 59.700027130241786], [11.939318659492828, 59.69967151867033], [11.93888688562258, 59.69960033920806], [11.938320744106631, 59.69961426454573], [11.938144603429796, 59.69965059026253], [11.938089206689359, 59.69970033758242], [11.937994274677326, 59.699923939291324], [11.937638612688957, 59.70021639762434], [11.93745799507329, 59.70044950074165], [11.937349530232504, 59.70045343840034], [11.937147062513597, 59.70039452584671], [11.937046758250299, 59.70047063148397], [11.937186539598583, 59.70069207472395], [11.937326373534555, 59.700763183596386], [11.93746615789972, 59.7009846265544], [11.937468548505823, 59.701368922745644], [11.937583683015543, 59.70153326826123], [11.937754320141696, 59.70165065457553], [11.937803304468304, 59.701737254631986], [11.937777091541337, 59.7018042172857], [11.937558087712166, 59.701939735474184], [11.937362946486461, 59.70209818549761], [11.937203317705913, 59.70228828626922], [11.937071809134192, 59.702540327785464], [11.937038966560621, 59.70274785593628], [11.93731070004664, 59.70322991764429], [11.937304721406143, 59.70339062703356], [11.937438281952554, 59.703567443916896], [11.937471290585993, 59.70368098846609], [11.937625937766041, 59.70380222489227], [11.937675353817914, 59.70395416303818], [11.937776777430658, 59.70404099863057], [11.937782596995262, 59.704199107872874], [11.937897613246896, 59.70433568347393], [11.93794931086516, 59.70464555825393], [11.93790942741059, 59.70497683873668], [11.937970660264934, 59.70523104328323], [11.937855761590258, 59.70557755637866], [11.937771380411736, 59.705699143967216], [11.937642873420204, 59.70584432309781], [11.937635422193123, 59.70595890003102], [11.937437939311488, 59.70611936256552], [11.937294181522832, 59.70632627846193], [11.936722942417315, 59.706604716611125], [11.936690323569563, 59.706825279563546], [11.936874651239593, 59.706941009329014], [11.937269691909309, 59.706934506405325], [11.937522037339091, 59.707002669760485], [11.937601356413646, 59.7071076801708], [11.937591516694965, 59.70731062329144], [11.937752208082241, 59.70751377266158], [11.937771103259477, 59.70787706712491], [11.937428809313305, 59.708273266487716], [11.937465927338748, 59.70865118420547], [11.936967825362338, 59.708788723704636], [11.935972928181275, 59.70929045402613], [11.935833690647843, 59.70949630598255], [11.93597919424476, 59.70962245241765], [11.936139576934753, 59.7096831687932], [11.93614393554948, 59.709804671084186], [11.935258305101394, 59.70997287250456], [11.935074613607018, 59.71008135569624], [11.934796765954593, 59.71018476352535], [11.934299848717174, 59.710229316159186], [11.9340384527369, 59.710323941132344], [11.93356650410255, 59.710453183293204], [11.933753665468787, 59.71075175838011], [11.933805559843076, 59.71104555470226], [11.934011197733792, 59.71136190403304], [11.933918443948478, 59.71173004891199], [11.934082054324664, 59.71185077960567], [11.934416159291741, 59.711943233910574], [11.935218147885914, 59.711923868367414], [11.935405696960167, 59.71204740296179], [11.93562919148245, 59.712349609173955], [11.93577742405913, 59.7128581724879], [11.93601426374275, 59.71303794115947], [11.936294240252284, 59.71310396572283], [11.936359856305245, 59.71346969911962], [11.936292736997286, 59.713742563502194], [11.93603318186321, 59.71393347547508], [11.935985387012877, 59.7140864688291], [11.935956777487453, 59.714601325890534], [11.936034891727136, 59.715003474837566], [11.936196241786007, 59.715359132784], [11.936163814846276, 59.71561438589609], [11.936261354694356, 59.71617172650442], [11.936632692244112, 59.716773559433], [11.93711905076601, 59.717039933995856], [11.937066973838187, 59.717576168908415], [11.936832108771318, 59.7178372104113], [11.936781740867914, 59.71867748026795], [11.936734034755773, 59.71901612592563], [11.93677533145853, 59.71916365094348], [11.936779632533733, 59.719610533369945], [11.936851178751198, 59.71984745586067], [11.936793169076699, 59.72023258800957], [11.93661133027192, 59.720506908258244], [11.936713170431837, 59.720669415301586], [11.936729950740073, 59.721129618597374], [11.936621611352306, 59.72154170194], [11.936634305988921, 59.72172378424142], [11.936734603438259, 59.722002353775835], [11.936589957781443, 59.72260894442172], [11.936407805375156, 59.72326174585044], [11.936274333619055, 59.7242457377894], [11.936474424094317, 59.724950414656014], [11.936620788518734, 59.725112612875236], [11.9366687788726, 59.725257059010026], [11.936771706495744, 59.72539811464311], [11.93676295064197, 59.7254937904364], [11.936385441918281, 59.725535749665404], [11.936225197910499, 59.72572152294072], [11.936273242019315, 59.72584593179257], [11.9361191652836, 59.726347256052506], [11.936076037474994, 59.72662400522429], [11.936174358455466, 59.72689704730978], [11.936407419333102, 59.72714834329103], [11.936760194314482, 59.727361277153186], [11.937109349732804, 59.72749325195364], [11.937444815463556, 59.7276815178464], [11.937662758969605, 59.72790954443481], [11.937745963955635, 59.72815931819694], [11.937687531435985, 59.728410909381815], [11.93749250072308, 59.72864421704205], [11.937394648832145, 59.728717865152795], [11.93691763224144, 59.72900282105861], [11.9364273379968, 59.72924999401465], [11.936209487681746, 59.72926782330788], [11.935976321565452, 59.72937713117962], [11.93570799950967, 59.729549687790644], [11.934576536518684, 59.729846942375566], [11.934150549210754, 59.72980365515404], [11.933427079765924, 59.729986872163444], [11.932841356951986, 59.730084522784274], [11.93256909415768, 59.73017556833761], [11.932444334180431, 59.73036010002847], [11.93263304013488, 59.73055743873869], [11.933533684267918, 59.731055008233106], [11.933851403410015, 59.731355552379426], [11.933868112650956, 59.73147231090036], [11.933390242135486, 59.7317580437516], [11.93318645384874, 59.73204945999785], [11.933061589927906, 59.73224090905723], [11.932879648116606, 59.732765751545344], [11.9329174530913, 59.73294940940555], [11.93256216529125, 59.733575067341874], [11.93238771226531, 59.73380255897217], [11.932584373782529, 59.73436374528938], [11.933255060138386, 59.73462158739737], [11.933592401827237, 59.73506375941737], [11.933525361590656, 59.73519320868044], [11.932926363234241, 59.735578371276254], [11.932642341799097, 59.73594474236265], [11.93225595411748, 59.73609188944993], [11.932225022190723, 59.73628364595023], [11.932586534979063, 59.73649715338061], [11.932822903878114, 59.736565218535205], [11.933042420857728, 59.73679382809118], [11.933216930938883, 59.737061013896955], [11.933333764249904, 59.73731274413358], [11.933315930830412, 59.737520891635874], [11.933484154594124, 59.73779457973166], [11.9335109185781, 59.73800556616437], [11.933637896000647, 59.738183578548735], [11.933618532117071, 59.738350175184365], [11.933526887105405, 59.738446969926855], [11.933528979983214, 59.73873097503708], [11.933121689490156, 59.739251452653626], [11.932954449115023, 59.73972811467882], [11.93268842086062, 59.73993279989755], [11.93243799505381, 59.740041070403166], [11.931870720707785, 59.740415019425896], [11.93170804839367, 59.74068052695785], [11.931059184461155, 59.74090546565206], [11.930535792817128, 59.74125482511381], [11.930094932671283, 59.74140698345571], [11.929641461547066, 59.741667395962736], [11.929219132416192, 59.74184253966114], [11.928984792054873, 59.7420836334034], [11.928913471631178, 59.7422360745318], [11.928765117917354, 59.74238599475135], [11.92868868358816, 59.742570845370615], [11.928515203858241, 59.74273069114872], [11.928171958646665, 59.7435061477313], [11.927541775767672, 59.74406758275363], [11.926917732395353, 59.74443407315965], [11.92595145233118, 59.74541105351408], [11.925405822358329, 59.74568331301794], [11.925018358648096, 59.74640408090732], [11.925078992210924, 59.74699947441113], [11.924896174830078, 59.74713842951022], [11.923203168056693, 59.74959318906062], [11.923025909338804, 59.74994047746832], [11.922989037403275, 59.75029860369475], [11.923094046303028, 59.750653315075986], [11.923336549736998, 59.75099040043185], [11.92370710263517, 59.75129642827486], [11.923989732763987, 59.75146264027715], [11.924377132429088, 59.75170373258584], [11.924644894181606, 59.75198326746863], [11.924778545010708, 59.7522862596034], [11.92479082400842, 59.752478038374754], [11.924848940237544, 59.75278716911991], [11.925045740119387, 59.753081305793074], [11.925370730941161, 59.753344836029285], [11.925806847960123, 59.75356388039825], [11.925959277616133, 59.75362019637365], [11.927211544383393, 59.75404506695032], [11.92837893657315, 59.754527606658066], [11.929451350122994, 59.75506344792649], [11.93041888950919, 59.755647868791996], [11.931273128207671, 59.756275642549426], [11.931696311855253, 59.75665970528846], [11.932006381456398, 59.75694120035678], [11.932612417300401, 59.75763864774851], [11.933085390468698, 59.758361739636214], [11.933421603486208, 59.75910410107883], [11.933617560218972, 59.75985909189495], [11.933658512148886, 59.76018740562412], [11.933619843310682, 59.76043999602704], [11.93344277986664, 59.76067695458406], [11.933141683278846, 59.760879565945785], [11.93274029279852, 59.76103175970049], [11.932315031794248, 59.76111600019647], [11.931466278337016, 59.7612146976972], [11.930660588541492, 59.761381700905986], [11.929919571369046, 59.761612483659086], [11.929351939640894, 59.76185603249236], [11.929155728609976, 59.76204311542408], [11.929093918298092, 59.762252480668494], [11.929173332368771, 59.76246029542732], [11.92938508636437, 59.76264307808748], [11.92970509143126, 59.76277995663844], [11.930096997779826, 59.762855523454355], [11.930331219440488, 59.7628674676145], [11.930833069833984, 59.76286122367027], [11.931318428828474, 59.762925940886696], [11.931748765848015, 59.76305640606337], [11.932089573239178, 59.76324237845851], [11.932313896142155, 59.763468941570586], [11.932403962011783, 59.763718158363396], [11.932381218683783, 59.76389995183714], [11.932312538834289, 59.764192098048646], [11.931682247220396, 59.764450368518794], [11.931914558326383, 59.76481118899184], [11.931886850301632, 59.76519837482635], [11.932162280565048, 59.76549127977007], [11.932575432506882, 59.765733664434165], [11.932455521573765, 59.76626948099235], [11.932766800392399, 59.766958063446346], [11.932821385460906, 59.76751826295979], [11.931842977496508, 59.7681075351862], [11.931717971512183, 59.76829502727562], [11.931935387260909, 59.7688532796067], [11.932128715317743, 59.76905881019866], [11.932394131356395, 59.769862869439685], [11.932233957272446, 59.77008404675328], [11.931961152412496, 59.77019485208505], [11.931112394635758, 59.770151393176555], [11.930842270841746, 59.770176712768674], [11.930640108608682, 59.77052315971264], [11.930643640802515, 59.77077952116205], [11.930756468377137, 59.77093231235218], [11.930568724296307, 59.77136419292765], [11.930674759479814, 59.77158511855748], [11.930614594856056, 59.77172991399642], [11.931002900030855, 59.77212322472743], [11.93125922253773, 59.77254319457151], [11.931376569588169, 59.772978608327726], [11.93135208651683, 59.773417807915614], [11.931288580601251, 59.773630009935786], [11.931133677556062, 59.77375084661684], [11.931426961087217, 59.77392959828232], [11.931182815624856, 59.77410630975338], [11.93110181376064, 59.774258706], [11.931244744455451, 59.77442729606974], [11.930901796202793, 59.77531473278339], [11.930720678085345, 59.77548222268191], [11.930551059857315, 59.77559435811506], [11.93025630195506, 59.77610056793243], [11.930028949012573, 59.77640068735732], [11.93002358001111, 59.77663168011085], [11.92993196888256, 59.77701377790223], [11.929853730737493, 59.77744812684471], [11.929534473705008, 59.77790065598648], [11.92913750824325, 59.778360893281224], [11.929014691884722, 59.77847744569834], [11.929003510040049, 59.778686287059095], [11.928914763017298, 59.77880444447212], [11.9289171028815, 59.778870096498125], [11.928792503568657, 59.779064155695906], [11.928694330117551, 59.77919952535144], [11.928465809269955, 59.779446059024025], [11.928286979556072, 59.77966967177412], [11.928177099638084, 59.779767565623025], [11.928142295698922, 59.77982623881708], [11.92799595603604, 59.77993684885765], [11.92786486274957, 59.78005608230662], [11.927793198044322, 59.780284895956044], [11.927826384156239, 59.780515082949755], [11.927692785450851, 59.78087076759998], [11.927582236839116, 59.7809642422799], [11.92755484817556, 59.78102946876042], [11.927311799642364, 59.78102297634135], [11.927258109438947, 59.78125589434761], [11.927283647022328, 59.78151106325893], [11.927046795719054, 59.78264008891711], [11.92666894846556, 59.783759256766444], [11.926151563170999, 59.784864196801124], [11.926040370058036, 59.785067104108094], [11.925840930042565, 59.785680581283984], [11.925783050116971, 59.78630150365232], [11.925867489372495, 59.78692171182946], [11.926093236356257, 59.787532914694395], [11.926348318455712, 59.787972722448266], [11.92669901604813, 59.78883413940067], [11.9269092617132, 59.789707007602246], [11.926968981045242, 59.79047598251532], [11.926977599413677, 59.7905857225652], [11.926903325648027, 59.79146424765685], [11.926687313319327, 59.792336852226185], [11.926330630133567, 59.79319763000145], [11.92607997400221, 59.79365616052458], [11.926022144797038, 59.79399950831952], [11.925593454402616, 59.794154911739426], [11.925408253357732, 59.79434593345574], [11.9251500078504, 59.79447045740488], [11.924544730349126, 59.79471158537526], [11.924512185402762, 59.79478226201112], [11.924243011359167, 59.79486276701249], [11.924046900701908, 59.795001772643396], [11.923603823943015, 59.79514083821551], [11.923414891430468, 59.79523867565123], [11.923027688941053, 59.79536538867592], [11.922631042874439, 59.79546878560286], [11.922119476688357, 59.79565818144209], [11.921535177402044, 59.7959149737198], [11.92131191463954, 59.79593831936746], [11.921134007029268, 59.79604216295118], [11.921108556505798, 59.796159552287506], [11.920885242824706, 59.79629360297861], [11.92083952526365, 59.79645284129908], [11.920644925985702, 59.79658486855654], [11.920475823924694, 59.79659708119014], [11.920235655416715, 59.79675526758949], [11.920134208535684, 59.7967647518543], [11.920015379694426, 59.796883367506055], [11.920065327202536, 59.79720973968159], [11.919961322265678, 59.79726625029506], [11.919758872192263, 59.79729583219927], [11.919645489457038, 59.797322559000605], [11.919421214630244, 59.79733743107835], [11.918940945217384, 59.79742295220401], [11.918731387436434, 59.7974889387909], [11.918441653364242, 59.79768549834791], [11.918395843851032, 59.79783206364297], [11.91831607601766, 59.797869372170254], [11.91805118654565, 59.79785669124241], [11.917551299095694, 59.79795369876839], [11.917254289427648, 59.797997233961695], [11.916481603167288, 59.798219213668624], [11.916155615817445, 59.798288754933644], [11.915824592672694, 59.79845522573324], [11.915310208920923, 59.79876098839959], [11.915119472865088, 59.79882768076376], [11.914821513235832, 59.7990164016817], [11.914558422675487, 59.79929472195672], [11.914299086022742, 59.79938388522568], [11.914113864712325, 59.799502734487916], [11.914043187061925, 59.79957278320707], [11.914020519401257, 59.79965977442664], [11.913941538192324, 59.79973861412051], [11.913640791056396, 59.79988018059387], [11.913359719791783, 59.80008663795061], [11.913240911707888, 59.80025476122763], [11.913210842211043, 59.80036197668986], [11.913059174433982, 59.800416823653116], [11.912895074939527, 59.80050965874992], [11.912775216253909, 59.8005136729534], [11.912600272831163, 59.80046732971019], [11.912463847973134, 59.80039403448659], [11.912384873826205, 59.800376364023485], [11.912304320087035, 59.800391185667245], [11.91182696122812, 59.8005447740081], [11.911730690497945, 59.80074676357292], [11.91158218845478, 59.800888757484586], [11.911373588249274, 59.80098638604873], [11.911113872209917, 59.80101775452969], [11.910972293696384, 59.80106564748625], [11.911008125535288, 59.80120837833217], [11.910922833853279, 59.80133792876187], [11.910799819041534, 59.8014337937107], [11.910694165567692, 59.80154246726519], [11.910613452102444, 59.80156860651907], [11.910393444472637, 59.80154088052113], [11.910163181660588, 59.801543016152884], [11.910030536507985, 59.80152713787815], [11.909952138018609, 59.80153212421095], [11.9099046805428, 59.8016189814107], [11.909906773157616, 59.80168112381665], [11.909987553757635, 59.80171204761495], [11.910044278808737, 59.80172155836653], [11.91008072635263, 59.80179789749928], [11.910042926514404, 59.80184786962672], [11.909674134880278, 59.80201316844862], [11.909605923235748, 59.80207761178998], [11.909519038940667, 59.80224738122409], [11.909304366182285, 59.802421963772865], [11.909042165856588, 59.802676392214416], [11.908985737352484, 59.80275800602164], [11.908878791393633, 59.80285164125099], [11.90882420624341, 59.8029133494353], [11.908846528115408, 59.80317680460976], [11.908798519322978, 59.80327533030532], [11.908697677233924, 59.80333963489042], [11.908518999517447, 59.8033816207589], [11.908440147057824, 59.80341840601332], [11.908401596870831, 59.803459104501506], [11.908432036043779, 59.80351364653848], [11.908584883600561, 59.80354833287066], [11.908675129144399, 59.80359071251108], [11.90871739534435, 59.80365236196987], [11.908570229016737, 59.8038066051997], [11.908365383693408, 59.80410209947921], [11.907914787733509, 59.80436835950077], [11.907658837964247, 59.804639736379556], [11.907431182906304, 59.80481940240881], [11.907222645192597, 59.80502755419238], [11.90696177421454, 59.805432705498575], [11.906437997593933, 59.805847305200594], [11.906314402971983, 59.805962562484865], [11.90612666643651, 59.806242461274564], [11.905796558111874, 59.806791913742295], [11.90539929073368, 59.80861714525749], [11.905671856979993, 59.80888065076425], [11.904964300788404, 59.809767896849195], [11.90470423472596, 59.810878824329286], [11.904464657115474, 59.81126128904412], [11.904093481950587, 59.81161612272063], [11.90360299451892, 59.81193202169195], [11.903008756051417, 59.812198927449266], [11.902329587248735, 59.81240820616154], [11.90230493077863, 59.8124143647222], [11.900919177377341, 59.812810878778755], [11.899609456026491, 59.8132681200528], [11.898386081928784, 59.81378256008676], [11.897258557254093, 59.814349842687776], [11.896236377963497, 59.81496570147288], [11.895691453566663, 59.8153456161422], [11.895356969724322, 59.81553478212597], [11.895091510677206, 59.81562834840349], [11.894721551327866, 59.81579987119446], [11.8944613845782, 59.81601667005036], [11.894340806854292, 59.816228947852785], [11.894271214268175, 59.81645510022514], [11.893849314707362, 59.81673394529054], [11.89286448304502, 59.817364949927416], [11.89215121655361, 59.81791717911524], [11.89199525876978, 59.81803785966601], [11.891248946187249, 59.818747098355004], [11.89063124911503, 59.819487051800614], [11.89047735651979, 59.819705997169514], [11.890610679284894, 59.81998511177891], [11.89058727124572, 59.820115574935514], [11.890174157212359, 59.82052132046318], [11.889952830576156, 59.82062517654227], [11.8898769443299, 59.82070218938292], [11.889964414761248, 59.820956317188624], [11.889841315565965, 59.82114346073691], [11.889704264045557, 59.82132137796663], [11.889580315437252, 59.82145638207334], [11.889438342156554, 59.82157990684083], [11.889247337510694, 59.82171251565321], [11.888629385479879, 59.82190718071607], [11.888634245404619, 59.82204442302303], [11.888313801010241, 59.8221890643565], [11.888266705903943, 59.822269183912226], [11.888382573223364, 59.822318383714276], [11.888349022920911, 59.82244267580067], [11.888238339298482, 59.822471777398874], [11.888016400818959, 59.82257624503802], [11.887306636239384, 59.822670244072626], [11.88696452476448, 59.822786872032005], [11.88660413211886, 59.823034262926306], [11.886382300223012, 59.82357509405296], [11.885505895018698, 59.82431402233808], [11.885074817621797, 59.8246089789904], [11.884430312182962, 59.82499907270002], [11.8836828095042, 59.82533954579736], [11.882847413573407, 59.82562347582448], [11.882581393741546, 59.82569696627803], [11.881864203325918, 59.825871366340856], [11.881219961980385, 59.82610725018983], [11.880809857163014, 59.82631283022566], [11.880781480912233, 59.82635286415786], [11.88080791479939, 59.82639653452563], [11.880805598461787, 59.82642891937373], [11.880775797417593, 59.82646891951108], [11.880672225184773, 59.82652289546747], [11.880517682637965, 59.82657224756518], [11.88038809790218, 59.82663144721936], [11.880305840851491, 59.82668269355027], [11.880268570439698, 59.82669951199166], [11.880184898562637, 59.82670103159048], [11.880133616086123, 59.82671500147031], [11.880051817173893, 59.82676706726851], [11.879979150029884, 59.82679212180674], [11.879902195460618, 59.82683819190656], [11.879857167887295, 59.826874955044694], [11.879820654681282, 59.826929443069076], [11.879783924987883, 59.82698814941303], [11.879741053795886, 59.82701903285672], [11.87952775412347, 59.82711830031738], [11.879406445586682, 59.82716340754902], [11.879295834787841, 59.82722197809603], [11.879193711987337, 59.82728901719372], [11.878841747681662, 59.82745095084466], [11.87871814345579, 59.82749195924363], [11.878444652176594, 59.82757254309748], [11.878283268816931, 59.82758812229664], [11.87795190724856, 59.82765196519794], [11.877760529993072, 59.82773431733233], [11.877299579404962, 59.828007783006086], [11.876739938633765, 59.82822956967532], [11.87629666610457, 59.82835041846658], [11.876190111339163, 59.82843226704217], [11.876163804379672, 59.82847109118106], [11.876043921468224, 59.828508501261254], [11.876015771508893, 59.82853461118012], [11.875871174564267, 59.82858051000674], [11.87576435851218, 59.8286365619191], [11.875576856733652, 59.828711724356545], [11.875366804155945, 59.828797044221155], [11.875222027093493, 59.82884293808481], [11.875076088138261, 59.82883839209181], [11.874979259343652, 59.8288526256995], [11.874974375058702, 59.82885331838771], [11.874898773991855, 59.828858171631055], [11.874765532860334, 59.82886668731306], [11.874647727955569, 59.82886667344743], [11.87451347840286, 59.82885548531741], [11.874304991445351, 59.82883651193746], [11.874106164132964, 59.828796380864084], [11.873978037820025, 59.82876368117872], [11.873844629846198, 59.828743526241176], [11.873745132717827, 59.82874053202767], [11.873660041623733, 59.82873428575795], [11.87353681515301, 59.82871976421366], [11.87342816450094, 59.8287020844945], [11.873263754092829, 59.82867373341548], [11.873021200450225, 59.828641187720116], [11.87283288290417, 59.828633654613796], [11.872510094743477, 59.828623013289], [11.872473586254799, 59.828601207396865], [11.872122624400372, 59.828588367455644], [11.871557475173887, 59.82871241237515], [11.870950743393372, 59.82876788985828], [11.87054328984598, 59.82876547343004], [11.870509728060322, 59.82875982227265], [11.870473738202138, 59.82873820787134], [11.870445848749837, 59.82870636231008], [11.870409877136394, 59.82868645568905], [11.8703676968988, 59.82867754411301], [11.87032736890332, 59.82867361897589], [11.870247153873313, 59.828628756286626], [11.870174068703156, 59.82860491106038], [11.870099309552833, 59.82857608357767], [11.87000808418037, 59.82855153693992], [11.869930540404049, 59.82854286188634], [11.869833536889248, 59.82855133643958], [11.869748562125546, 59.828564770025345], [11.869506685419596, 59.828650491454475], [11.869432436314684, 59.828686555637965], [11.869374277698165, 59.82870143608822], [11.869147419330915, 59.828724162121155], [11.868987006371785, 59.828773001877636], [11.868869593332088, 59.828801118774685], [11.868758129517056, 59.82883620668587], [11.868626133843556, 59.828871344797975], [11.868493192088177, 59.82888615157505], [11.86827277189471, 59.82895431958676], [11.868179003726004, 59.828972035853766], [11.86809976865485, 59.828971856287396], [11.868023564961916, 59.82896411064476], [11.867991571202806, 59.82897026803144], [11.867912813945674, 59.829029588001504], [11.867867492752941, 59.82904270672786], [11.8678038167605, 59.82905170396721], [11.867727442305725, 59.82908376270656], [11.867630086266097, 59.82910166272241], [11.867568499400178, 59.82910172346486], [11.86747115180103, 59.82907774812925], [11.867412569401107, 59.829053438046664], [11.867363012848394, 59.82904704564207], [11.86729386626863, 59.82905537315703], [11.867143321945624, 59.82912071073315], [11.8668922001329, 59.82917933869808], [11.86672929971272, 59.829174828663376], [11.86657179532944, 59.82918886859888], [11.86646240276431, 59.82921897172673], [11.866382726658665, 59.82921967924087], [11.866287508512935, 59.829211030216136], [11.866213113275798, 59.829222017811645], [11.86612093891367, 59.82925693416596], [11.865996916386482, 59.82928695787371], [11.86594819128395, 59.82931158697382], [11.865918733409087, 59.82934961527626], [11.86590010364957, 59.82939967347947], [11.865841308848339, 59.82943457636749], [11.865756575843744, 59.8294472943015], [11.865679975984216, 59.82950639484231], [11.865632945966864, 59.82953007575563], [11.865554837083273, 59.829544479084376], [11.865365800496985, 59.829561630120104], [11.865325174628312, 59.82957225392576], [11.865268150471572, 59.82960540154445], [11.865139056137279, 59.82962290268946], [11.865009488825178, 59.82962835098698], [11.86476158880971, 59.82961848742642], [11.864666866045047, 59.82961784672866], [11.86462342070409, 59.82960530868103], [11.864576127249649, 59.829580547562756], [11.864531217949285, 59.829574085167685], [11.864474832761077, 59.8295814574166], [11.864422402668671, 59.82961129947357], [11.864373091737757, 59.82962126660981], [11.864292363899997, 59.8296236551666], [11.864220544865745, 59.82963380446826], [11.864172899608256, 59.82965073058926], [11.864130908598781, 59.82967965324681], [11.86407907519313, 59.82971642874404], [11.864003934824982, 59.82973341807711], [11.863928166312402, 59.82973242007019], [11.86381575794777, 59.829709161214495], [11.86377806916211, 59.829709430646865], [11.863747767712452, 59.82972793842058], [11.863684031321366, 59.829722374680955], [11.86365154302139, 59.8297261828393], [11.863611470230913, 59.829759374581045], [11.863551198240456, 59.829762520113164], [11.863513184192003, 59.829756760985184], [11.86331689457724, 59.829792157762775], [11.86322553570908, 59.82978611470581], [11.863155246930571, 59.82978758335659], [11.863095734806723, 59.82980162006315], [11.863034070330114, 59.82981955931566], [11.862915044544073, 59.829826784659076], [11.862807399935301, 59.82981550030574], [11.862753067965672, 59.829844667325474], [11.862667301429662, 59.82986454757965], [11.86258429807483, 59.82986265731696], [11.862405589633267, 59.82984590310698], [11.862353797841552, 59.82984808220992], [11.862287267631183, 59.82987219534938], [11.862196457375438, 59.829898245282884], [11.862179861894218, 59.829920943775946], [11.8621708622511, 59.829955864963225], [11.86213162931024, 59.82997442886649], [11.86206122526517, 59.82998470063315], [11.861829405276104, 59.82995948944807], [11.861738634473848, 59.82996046860486], [11.861638375280487, 59.829965534635065], [11.861556952941259, 59.82995253860486], [11.861485659115633, 59.82992486719444], [11.861391412888905, 59.8299096779255], [11.86125480468833, 59.829874247161314], [11.861115724651865, 59.82980820427045], [11.861035408291379, 59.82978157532316], [11.86099698936408, 59.82978011915993], [11.860936295687353, 59.82978963361495], [11.860890868671932, 59.829781090792586], [11.860787223067925, 59.829736831107724], [11.86062661653617, 59.82970415170958], [11.860526976939607, 59.82968748513156], [11.860422272428139, 59.82966584502826], [11.860253555195905, 59.82964537245929], [11.860078538092974, 59.829650090275116], [11.859997712019622, 59.8296402526547], [11.859934242490612, 59.829620495296425], [11.859883118232146, 59.82961559028147], [11.859804518913608, 59.82961811677122], [11.85969531195205, 59.829596907740815], [11.85954995873682, 59.829595593539324], [11.859438981539991, 59.82957991345077], [11.859344564615881, 59.829579815388556], [11.859178760217265, 59.829590952476345], [11.859033433078167, 59.829591255838224], [11.85894901038873, 59.82957791691726], [11.85815325826149, 59.8295589985353], [11.857363431421735, 59.82961165710706], [11.856605026245544, 59.82973425568457], [11.855901970336971, 59.82992287382529], [11.855647286283189, 59.83001329653846], [11.855196654033188, 59.830125902052714], [11.854701538058874, 59.83017076460321], [11.854201207235574, 59.8301441501365], [11.854140583743995, 59.83013587049518], [11.853722307721453, 59.83015713645238], [11.853341809295067, 59.83024715082298], [11.853042176651595, 59.83039571226062], [11.852857500299057, 59.83058584442651], [11.852842951336083, 59.83061326364558], [11.8522431969529, 59.83131232515527], [11.851515360728245, 59.83197992168669], [11.850790875210189, 59.83252484316466], [11.847513044618605, 59.83463383202974], [11.842727625762844, 59.83762208382781], [11.84129974607106, 59.83847779950041], [11.841332408097461, 59.8389167532893], [11.84120707928898, 59.839351643457796], [11.840942928358565, 59.83977043913203], [11.84054707048789, 59.84016207764394], [11.840202424973505, 59.84041089571133], [11.839899261076027, 59.84057812585278], [11.839730656098236, 59.84076683030341], [11.839714685688914, 59.84078459884108], [11.839667080933584, 59.84100972895859], [11.839760900304144, 59.84123106781131], [11.839987150346321, 59.841426742139475], [11.840022989461842, 59.84144800188275], [11.840108195031952, 59.84154745966771], [11.840373730754674, 59.84166032512489], [11.840442735739819, 59.84178940760005], [11.840612021267324, 59.84187785446798], [11.841176870112113, 59.84183974883146], [11.842157843494766, 59.84195729797367], [11.843096089333885, 59.84214327788868], [11.843574629329972, 59.84226978523557], [11.847545879110767, 59.84349566166511], [11.84792833655763, 59.84364716808091], [11.848028724187154, 59.84371670048394], [11.848324924033223, 59.84379847268509], [11.849443946198464, 59.84423208333787], [11.849850203609327, 59.84425672947574], [11.850106864935098, 59.84431858980916], [11.850426652138477, 59.844377647620455], [11.850641021636774, 59.84445997134755], [11.85082090682779, 59.84449905432599], [11.8511762878308, 59.84453676642184], [11.851580435331227, 59.84454032892668], [11.851819016700654, 59.84442319738309], [11.851919243079596, 59.84433959799117], [11.85215850336127, 59.84424359967809], [11.852272568684183, 59.84423842122584], [11.852677157601988, 59.84432421464987], [11.852911346589408, 59.84436881745031], [11.853776460538512, 59.84457031286394], [11.854165114420592, 59.84469822513721], [11.854383703572703, 59.84477947528172], [11.854551057052714, 59.8448302948928], [11.854679184315847, 59.844912616542295], [11.854634522523833, 59.845003567233334], [11.854650716249932, 59.84506847522289], [11.854801245426618, 59.84527668961044], [11.85514359668602, 59.84542227289158], [11.85554602981019, 59.845483832771606], [11.855884936725637, 59.84560920266571], [11.856008393304188, 59.845684312204405], [11.857001074102872, 59.84619993548287], [11.857685549481662, 59.8465015075468], [11.858295449946173, 59.846686901039746], [11.858599782633195, 59.84675114072221], [11.85917928039174, 59.84685753450091], [11.859248644719965, 59.84687572503376], [11.85954956371789, 59.846970523775], [11.859900167034994, 59.84699866219025], [11.86004874877167, 59.846989268465904], [11.860322693579127, 59.846985652175526], [11.860498174644368, 59.84702434681733], [11.860672700713774, 59.847094020670745], [11.860790955789232, 59.847105109756484], [11.860918147507208, 59.84716349942583], [11.861241427950413, 59.84726745444106], [11.861329708844597, 59.84730856054221], [11.861512350792884, 59.847462716966625], [11.861586879302342, 59.847507628433036], [11.861692675054638, 59.84754861292686], [11.861819138555724, 59.84758254196682], [11.861944986922957, 59.847605942411796], [11.862140569842976, 59.847632264064295], [11.86233570649296, 59.84764626375314], [11.862535360796652, 59.847648329448766], [11.862709633655948, 59.84764682414749], [11.862922765875872, 59.84765559082356], [11.863171256345849, 59.84768146513846], [11.863384264032707, 59.84769535019425], [11.863643731827226, 59.84773172952665], [11.863836448876334, 59.847758160024846], [11.863948911128436, 59.84778528318117], [11.864040876153043, 59.84781955587585], [11.864416735433693, 59.84799880190431], [11.864577249902721, 59.84810551874885], [11.864678454961494, 59.84818584049135], [11.864807320730879, 59.848260710746935], [11.86497460780516, 59.84833155404768], [11.86544652163119, 59.84848468962998], [11.865596270554954, 59.84855403590546], [11.86589039469027, 59.84863787435022], [11.86604346584915, 59.848696605734844], [11.866250956201068, 59.84881666053054], [11.866432612916212, 59.84889808834204], [11.866472125412045, 59.848933715903264], [11.866619047286918, 59.84900847515075], [11.866858182740897, 59.84910924352134], [11.867060961066128, 59.84917122420931], [11.867213523858839, 59.84920882465334], [11.86744409462677, 59.84925636982229], [11.867785273155318, 59.84935084949793], [11.86795599838464, 59.849404247723406], [11.86814466012666, 59.8494663399235], [11.868426829283127, 59.849584394581164], [11.868554689848244, 59.849616912379524], [11.869362602947962, 59.849750981916195], [11.869484176012655, 59.84978200125603], [11.869626620064665, 59.849805699146486], [11.869776697518978, 59.84984889864136], [11.869973056629542, 59.849889964026836], [11.870129819726964, 59.84991714715454], [11.870280076558869, 59.84996035032344], [11.870377274536928, 59.85000939022631], [11.870624505249413, 59.850294109986415], [11.87076936028633, 59.850389123793846], [11.870906411061942, 59.85046265473812], [11.87117598484121, 59.850637016124665], [11.87129523352348, 59.85069853120115], [11.871428337675248, 59.850743751332615], [11.871660823961362, 59.850788189249265], [11.871932063525074, 59.85082698825609], [11.872046619765257, 59.85085100885843], [11.872197824735439, 59.85090510545318], [11.872415043458828, 59.85102654939232], [11.872694705164506, 59.8512381699992], [11.872781437721944, 59.85127509759631], [11.873105987038645, 59.85138345553042], [11.873297541074084, 59.85146061551921], [11.8734249121563, 59.85153651960931], [11.873534602413764, 59.851618113973196], [11.873661976087593, 59.85169590495638], [11.873832503653563, 59.851783976835726], [11.87426682890951, 59.852035931826684], [11.874405490312249, 59.85212099934557], [11.874588080429517, 59.8522290362711], [11.87484288793899, 59.85246782853663], [11.874934399033036, 59.85253002917557], [11.87502547294581, 59.852575954538054], [11.875123136808858, 59.85261637510757], [11.875202643345055, 59.85264090830399], [11.875573016148063, 59.85269706056418], [11.875670254745515, 59.85272489008974], [11.875872383500175, 59.852796096805335], [11.875992221074776, 59.85284198554286], [11.876162070455681, 59.85287648103059], [11.876306709403739, 59.852915050544475], [11.876450927293863, 59.85293716536435], [11.87670548525402, 59.852933143825304], [11.87677758933431, 59.85294330231029], [11.876846777321228, 59.85297693507242], [11.876938434887744, 59.85303572299812], [11.877014965816283, 59.85307105759076], [11.877173905199514, 59.85310762916435], [11.877322521120764, 59.8531495269043], [11.87781277343184, 59.85322648989726], [11.877982250060784, 59.85325737969622], [11.878054953968274, 59.853282109140444], [11.878106450593387, 59.85331774767901], [11.878130024580825, 59.85338067038476], [11.878117811488313, 59.85343663344689], [11.878094704533487, 59.85349638176568], [11.878089260666407, 59.853548731286274], [11.878492362820538, 59.85362937488164], [11.878564009134118, 59.853674926627015], [11.878953527791117, 59.85379379677252], [11.879242036476118, 59.85385833051685], [11.879478833479903, 59.853948595429486], [11.879820430151517, 59.85410999866569], [11.88037208459908, 59.85434782064835], [11.880735142926188, 59.8544461088676], [11.881128720060373, 59.854575222758875], [11.882286574640583, 59.85504873047185], [11.882523381230298, 59.8551238034205], [11.882933311774979, 59.855204325120354], [11.883597203371558, 59.85550688527616], [11.883794333594466, 59.85562612610673], [11.883962119624629, 59.85570198798281], [11.884168679669838, 59.855772028252616], [11.884419952403482, 59.85584150939218], [11.884831895785291, 59.856049584601855], [11.884968226874319, 59.85617529187386], [11.884959885625138, 59.85641529138259], [11.885016871898612, 59.85644584506267], [11.885235865750724, 59.856524355184476], [11.885277059848661, 59.85658050459062], [11.88533851396964, 59.85673517126788], [11.885580182508328, 59.85689023939427], [11.885689819442177, 59.85697289988991], [11.886441808368213, 59.85738662016698], [11.886635396090211, 59.857536325083366], [11.886622151437402, 59.857746734266556], [11.88700576166003, 59.858061424927634], [11.887549969365637, 59.85852153284422], [11.88784868233285, 59.85872404396819], [11.888160799958117, 59.85890359752774], [11.888397264936357, 59.85910508455843], [11.88842838642182, 59.859184987345884], [11.888390447922358, 59.85931564570477], [11.888053768150748, 59.85954788077782], [11.887838935363984, 59.85967875882045], [11.887651542422109, 59.859858181061576], [11.887552304692544, 59.8600616140329], [11.887424014559727, 59.86023371741773], [11.88722427773493, 59.860409432466554], [11.887096973589102, 59.860527013685065], [11.886946430074438, 59.860633261804075], [11.886851111020002, 59.86068582169055], [11.886487984277586, 59.8608471566728], [11.88622052690903, 59.86101138343764], [11.886109460305265, 59.86111766614062], [11.886074062843454, 59.86125350614787], [11.886071634222247, 59.861350138418224], [11.88595467854862, 59.861444869397346], [11.885749944826074, 59.86157643260023], [11.885607599495172, 59.861726725183004], [11.885460412448014, 59.861959305001456], [11.885409878749915, 59.86207546666747], [11.885352572244507, 59.8621628025641], [11.88521761187637, 59.862255129901484], [11.884602239923721, 59.86241956545665], [11.884285191470045, 59.86255215194198], [11.883942204045363, 59.862730850942874], [11.883807516448423, 59.863045408229645], [11.883834224883046, 59.86314183186843], [11.883769624666774, 59.86320967446188], [11.883578903920053, 59.86325242482534], [11.883433400082357, 59.86324924872346], [11.883182828192517, 59.86316217054975], [11.883086673390993, 59.86315863518094], [11.882985757098654, 59.86318877449971], [11.882947394240583, 59.863254991635365], [11.88310321811707, 59.86352386048459], [11.883196181565076, 59.86359201976744], [11.883258015720141, 59.86377509214953], [11.883232062058333, 59.86386334947632], [11.883059525797545, 59.86394274357466], [11.882990409575212, 59.864054959796356], [11.883052682357631, 59.86417037773951], [11.882942178786243, 59.8644631318323], [11.882910728834391, 59.86481994168372], [11.88283581014659, 59.865070405515965], [11.882624860017456, 59.86530039403279], [11.882361266002166, 59.86546093110296], [11.881895955919674, 59.865977838029096], [11.881564055462553, 59.86652019002389], [11.881370681373474, 59.86707921305703], [11.881319346701806, 59.867646094686634], [11.881410559052098, 59.86821168122241], [11.881643026120036, 59.86876695558938], [11.882012941901044, 59.86930302044672], [11.882074939720285, 59.869375658602294], [11.882466780443519, 59.869807553915855], [11.882983407793521, 59.87020475159668], [11.88360665756344, 59.870555138217604], [11.883863259407292, 59.87070247395737], [11.883997957607315, 59.87088628213657], [11.884006205438453, 59.8710405878837], [11.88414619061768, 59.871314920529095], [11.884418388992014, 59.8715629982282], [11.88480553061888, 59.87176886556536], [11.885282933464675, 59.87191935702039], [11.885696863403595, 59.871991873823966], [11.886188779755317, 59.87204655480772], [11.886630647612973, 59.872168164183975], [11.886697346248996, 59.87219454321224], [11.887097637018309, 59.87226008324862], [11.887518643424597, 59.87225512234515], [11.887771455996665, 59.872215900498944], [11.88837223721643, 59.87214428774807], [11.888989779803811, 59.872143788367794], [11.889376843533372, 59.87218070285304], [11.889847785641217, 59.87212524504486], [11.890619324297559, 59.872366415912914], [11.891311842747681, 59.872357342767344], [11.891784741289616, 59.872127865418236], [11.892120019001837, 59.87206865676359], [11.892474630473, 59.87207990463834], [11.892769667404687, 59.872151119584515], [11.893103948720142, 59.872211668235195], [11.893458737636271, 59.87220189039238], [11.893777767831711, 59.87212333364581], [11.894010545998123, 59.871988465509254], [11.894087849000856, 59.87189746431568], [11.894300035595595, 59.871628937444285], [11.894636786161044, 59.87139488992853], [11.895077646079866, 59.87120957535219], [11.89559563735332, 59.87108439760717], [11.896158777055383, 59.87102695853174], [11.89673276827719, 59.871040941885184], [11.897282322675084, 59.871125335919864], [11.897773775745987, 59.871275124058], [11.897879867126768, 59.871319948387736], [11.898423721080757, 59.87161321691754], [11.899062984340668, 59.871853197482665], [11.899776762780307, 59.87203202810141], [11.900542508114581, 59.87214423438172], [11.901335898538715, 59.87218609783699], [11.902131315910204, 59.872156296246864], [11.902903476588987, 59.872055672505084], [11.90312262918263, 59.87201302354239], [11.903709433697713, 59.87191639098379], [11.904324553159785, 59.87188997302344], [11.904935529700923, 59.87193498290908], [11.905509695621488, 59.872049125032845], [11.906000029295377, 59.87221916354366], [11.906362288444788, 59.872326972771965], [11.906775053702507, 59.872368303741844], [11.907191948982987, 59.872338292257226], [11.907260286490486, 59.87232605958763], [11.90754494274293, 59.87225546851004], [11.907862337204886, 59.872253759273306], [11.908149692839212, 59.87232143395014], [11.90834234969061, 59.872436935393665], [11.908548616667971, 59.87250791639414], [11.908798462663993, 59.872511897001694], [11.90901335162968, 59.87244775166479], [11.909126004362147, 59.87233555684015], [11.9091332318825, 59.872284686489216], [11.909172459202699, 59.872160613363555], [11.909338293259342, 59.87206656068501], [11.909381044386325, 59.872054624750476], [11.910494923110905, 59.87196332779511], [11.91162289995393, 59.87194343089002], [11.912746725503647, 59.87199522440718], [11.913848615045259, 59.87211784206679], [11.91491105303369, 59.87230943604425], [11.915916817523309, 59.87256690792198], [11.916462592829516, 59.872742967983974], [11.917888832470565, 59.87310372682121], [11.91924515044631, 59.8735269924706], [11.920521124660631, 59.87400955785333], [11.92082261361499, 59.8741373807734], [11.921429094136242, 59.87445376098849], [11.921925037770329, 59.8748155381142], [11.92229758056968, 59.87521297749749], [11.922536598406024, 59.87563568951943], [11.922635640669215, 59.87607220198622], [11.922592188088926, 59.87651104435167], [11.92248592738291, 59.87679601809984], [11.921775060121858, 59.87887840659107], [11.921473714075546, 59.879362797210014], [11.921311165800276, 59.87986364239641], [11.921290669706343, 59.88037095450173], [11.921412804956427, 59.88087468286281], [11.921655894214496, 59.881336759205226], [11.922487285585811, 59.88211046949333], [11.923441532087002, 59.88284750700632], [11.92451230748055, 59.88354286886651], [11.925692341774008, 59.88419206922769], [11.926973819377583, 59.884790699377206], [11.928348159217935, 59.88533487198554], [11.929806412996207, 59.885820781200565], [11.930904697554602, 59.88613330370146], [11.931739446236842, 59.886263733471424], [11.931991023985988, 59.88628882541513], [11.932845946155645, 59.886380899385244], [11.93365968309937, 59.8865415587686], [11.934410632778002, 59.88676661712822], [11.935078613986466, 59.88705003452575], [11.935569527589967, 59.887332202952834], [11.93591887933945, 59.88764495171702], [11.936384862554906, 59.88791647260064], [11.936948971663572, 59.88813609005933], [11.937588778625257, 59.88829492443845], [11.93798434461598, 59.88835660078106], [11.938859654465952, 59.88853483309567], [11.939671657749258, 59.88877736404264], [11.940401565724347, 59.889078546414275], [11.941033022741829, 59.88943153183125], [11.941551384161716, 59.889828343653036], [11.941725778706642, 59.889998900534145], [11.942078622012897, 59.89008599004242], [11.984213298371147, 59.90048161308561], [11.984558352956652, 59.90055834302138], [11.985076419703265, 59.900695731527854], [11.985175742387254, 59.900718851597716], [11.98521852852566, 59.900558719461884], [11.985430238793754, 59.9004411816248], [11.98560299964885, 59.90025805586234], [11.985529061943877, 59.900173965859814], [11.985554735642392, 59.90012360521298], [11.985711789498847, 59.90004462215477], [11.985762508319665, 59.89995871261909], [11.986015555453926, 59.899692959308204], [11.986046057092652, 59.8995084644926], [11.986375303058187, 59.89926431239692], [11.986524559740202, 59.89910751464203], [11.986579302315436, 59.899095558357324], [11.986672170667557, 59.89907539890922], [11.987491956697795, 59.89889709874326], [12.024113230983712, 59.89092561804145], [12.026587393480128, 59.89038882756689], [12.031689762096713, 59.88928138343548], [12.03341667109381, 59.888906521138914], [12.040753808166494, 59.88781806013298], [12.045591099108375, 59.88710020654717], [12.053458823321286, 59.885940287653874], [12.099787518296658, 59.890657751212494], [12.126115358786045, 59.893941208315645], [12.133793978488397, 59.8920476498076], [12.155281916991571, 59.88674513522382], [12.17429251848464, 59.8898106186156], [12.190763564799862, 59.90135478409531], [12.207943122617408, 59.91253005774932], [12.231043384635116, 59.927591355457444], [12.234194130015352, 59.928676001918404], [12.242538583618359, 59.931547998199626], [12.28025916597391, 59.94461739218342], [12.319870231324238, 59.95832644813632], [12.337408370768413, 59.96438400693648], [12.341138463322359, 59.96567174703164], [12.358680035953236, 59.981705122468945], [12.358682205576834, 59.98170714239052], [12.369354862055626, 59.99145336877427], [12.377319864320567, 59.9987708561102], [12.395662685063433, 60.01559728308106], [12.399934042641886, 60.01720035983604], [12.424846168854788, 60.02654418488678], [12.448559032716757, 60.039176911405164], [12.459788255483335, 60.05107084392989], [12.480517878230868, 60.07302332876246], [12.481741533489915, 60.07460734916254], [12.497420532481446, 60.094890276076434], [12.499548070557214, 60.097654379920044], [12.50064277153869, 60.09907630389938], [12.502365813663415, 60.10304987421679], [12.505346290374527, 60.11000958653712], [12.51669960947068, 60.136320854709574], [12.52342801852609, 60.15164223795277], [12.529586985817405, 60.16550041026391], [12.529834356111285, 60.166056774836605], [12.541906213872412, 60.19337726080378], [12.526049528583048, 60.22178486485284], [12.525016202572578, 60.223634180219705], [12.520071199766372, 60.237478358930325], [12.51483938601215, 60.252113731527615], [12.513513789477749, 60.25575925865015], [12.50598928595338, 60.27682592002034], [12.505988573274408, 60.27682815243501], [12.504421842966503, 60.281210726976], [12.501811991012396, 60.29957453320267], [12.50101865795535, 60.30679890001195], [12.498795718374584, 60.32365328350062], [12.519349089009935, 60.334144976039994], [12.535664320789024, 60.34245225235634], [12.545286975556081, 60.34734886160292], [12.547648454926465, 60.349592551307836], [12.54994680753874, 60.35177574364814], [12.569384767870691, 60.37022743899422], [12.569911844941426, 60.370727444358685], [12.585861386297847, 60.38627786655372], [12.587985640692988, 60.38834596240252], [12.606054238112714, 60.40592581214538], [12.606069120504282, 60.40877495033439], [12.606166340264823, 60.42751517138784], [12.606260082362056, 60.443830410172176], [12.606382406488358, 60.46765733688093], [12.606419571154435, 60.477263869008546], [12.60661358132979, 60.49207899717264], [12.606882969761132, 60.512742045690324], [12.60639550914132, 60.51348649304088], [12.598387821274244, 60.525709785975906], [12.598286957339905, 60.52586328036023], [12.581861313387007, 60.550905234053964], [12.569111800866555, 60.560305694271136], [12.549268348771658, 60.574912151112244], [12.533177274755863, 60.58704736263136], [12.515779951808428, 60.60015458023692], [12.513035401582831, 60.62459599921573], [12.51101732204739, 60.6424586597487], [12.481630799027862, 60.66776836541257], [12.46105733176296, 60.68521739244057], [12.459619692879679, 60.686279485681204], [12.429238686378794, 60.70870250670779], [12.410627193890829, 60.72254820266526], [12.39537115730269, 60.73388667512091], [12.382016435649458, 60.75845655330439], [12.374642810944227, 60.77203552555028], [12.364556656512915, 60.79058645159245], [12.349439237347278, 60.81789583179939], [12.34056442388374, 60.83835399908298], [12.338108775427441, 60.844014823969225], [12.334485502812612, 60.85236341005663], [12.333218851467544, 60.88051221363658], [12.332950129601457, 60.8865737692852], [12.332790431792947, 60.89017213971555], [12.326847217083365, 60.896780403243625], [12.316259286964323, 60.90854574209704], [12.304782923008618, 60.92142066610668], [12.284567008879357, 60.94382958798613], [12.267926854951105, 60.96285392083259], [12.254107506616014, 60.978644045254015], [12.236219545166175, 60.99908949066316], [12.22399155804412, 61.01307796000552], [12.239741355234273, 61.018968929121584], [12.242455417576561, 61.01996150986517], [12.247277684297499, 61.0206337016274], [12.254911457968456, 61.02168331784], [12.294800134464541, 61.02715172916889], [12.342199198188698, 61.03454150533719], [12.379323730349588, 61.04032399285104], [12.396044246376862, 61.042875334719376], [12.447614399231973, 61.05072902204356], [12.487593729540212, 61.051630744038775], [12.497565785060488, 61.05119216416157], [12.504546418268951, 61.05088477037912], [12.540710201495068, 61.04928616223725], [12.59667874508573, 61.04701209524437], [12.59717343921418, 61.04701847786336], [12.598037534050407, 61.0470296367039], [12.600143176268718, 61.046453081158646], [12.601919434853638, 61.04647135940732], [12.610337911359132, 61.04653920616316], [12.61250913993297, 61.046832988540295], [12.651684355028149, 61.05216836688929], [12.657644726451368, 61.052702961462636], [12.66842446577987, 61.0550630820797], [12.67122839798079, 61.05652341494344], [12.681402277471236, 61.05953621802722], [12.68258355241911, 61.061219466709865], [12.687271233573663, 61.07662092791577], [12.694828404153373, 61.10143045853504], [12.700445524265314, 61.12069507878511], [12.701075371122462, 61.1228535605114], [12.70385725607529, 61.132395985266086], [12.70702898283991, 61.143268902138935], [12.740414348121142, 61.16484574106168], [12.751752582010411, 61.17215115178725], [12.769051835422063, 61.183322467927304], [12.790349320716604, 61.197046397913795], [12.793471620551738, 61.20146773976453], [12.805546306042375, 61.21855342354755], [12.806980252607314, 61.22058105068528], [12.823820216421979, 61.244362208353955], [12.833826091378338, 61.25846457997693], [12.83687017938431, 61.2663122647665], [12.837209092702484, 61.267185591984806], [12.844835113972241, 61.28681881152451], [12.85309634846225, 61.30811909713112], [12.856484181241672, 61.31734551314004], [12.860544521171597, 61.328396178010706], [12.870848559833647, 61.356496352817324], [12.843442713815834, 61.37652051662576], [12.80510340067545, 61.404473051447624], [12.77018376230098, 61.42868106929983], [12.743955580990429, 61.44683317173797], [12.743632486755253, 61.447056747208165], [12.732780893460175, 61.454560419042984], [12.722911239208178, 61.46138123261951], [12.681449100935204, 61.49038960155083], [12.68115658139338, 61.4905939791406], [12.654702854465397, 61.5090287319984], [12.621216423348113, 61.53248233804726], [12.569317601732475, 61.568746582491045], [12.491934388293483, 61.56773432867302], [12.446600189916492, 61.56712072624242], [12.419609782418798, 61.56298077219348], [12.393263121688124, 61.58037835161846], [12.378221620237923, 61.59029915795638], [12.363230595137397, 61.60017853138358], [12.341224246624757, 61.614672037977705], [12.314940586886689, 61.62492806405498], [12.275632806860415, 61.64024486053432], [12.246640465470263, 61.657812237063986], [12.221226326806882, 61.6732050245783], [12.181554255174683, 61.69725810298847], [12.137665882988884, 61.72381760715827], [12.144255720685136, 61.74498766046858], [12.151013626484024, 61.76659449467772], [12.161249690445864, 61.79931698267135], [12.16820117591169, 61.82264815056333], [12.171728789289094, 61.83442489914854], [12.177203892895234, 61.852806713140986], [12.177488371734784, 61.85376096250847], [12.182679779978681, 61.87110321406662], [12.184825819240354, 61.878319195830755], [12.189274453608233, 61.89374651856453], [12.19378385739307, 61.909442618837865], [12.199752901832872, 61.930174027861334], [12.200996375552643, 61.934489243671585], [12.20450978497041, 61.94667691470181], [12.213582877912867, 61.97848503163336], [12.216311503091804, 61.98803694035004], [12.220697055894272, 62.00337688679444], [12.224737949083591, 62.017413682497796], [12.232136445498618, 62.042994570819815], [12.237724545916508, 62.06246421350442], [12.24473097491968, 62.08667065625852], [12.25836304541229, 62.12749417541842], [12.261240715511088, 62.13611174180895], [12.270705188788487, 62.170676855602935], [12.277723984704739, 62.196280426078715], [12.285513813108611, 62.22197466354787], [12.289582756543316, 62.235369138084764], [12.299370861218845, 62.2674959590876], [12.27841383819338, 62.29728710713767], [12.262649156841233, 62.3197331251374], [12.254665262230347, 62.33102492444784], [12.244887550337523, 62.34484131581124], [12.227462803453937, 62.369428225314785], [12.204940892255129, 62.401115737993], [12.181560918178487, 62.43415047244214], [12.165304700920451, 62.45764859156366], [12.141318317390105, 62.490813736409855], [12.105512432227021, 62.54107647515022], [12.068824078373575, 62.59374351928774], [12.056144004661437, 62.61191913760708], [12.065431189789415, 62.62764621996737], [12.07382259699167, 62.64181266734244], [12.081310309933517, 62.6545484996171], [12.091360438128175, 62.671570967411576], [12.092321959877976, 62.673212599897084], [12.097087627420537, 62.681346110894474], [12.111782392247564, 62.706252905680586], [12.136384549800308, 62.74791694421688], [12.13023962299906, 62.749642008830946], [12.122289797891227, 62.75202111294496], [12.115300409962243, 62.75397956591939], [12.106947465700719, 62.75644845101633], [12.097319487654044, 62.7593125957843], [12.08633166706525, 62.76263304631206], [12.070849759523021, 62.76717038838228], [12.068636629578766, 62.767731980238366], [12.061136884753738, 62.76924011041799], [12.040230250103882, 62.77344522397639], [12.029557204600012, 62.77546556137619], [12.019295038736125, 62.77767374826266], [12.00377722287395, 62.780640398954695], [11.983914307362227, 62.784635235952116], [11.964045345336878, 62.78863620078035], [11.954008579960078, 62.7906559021678], [11.946001668947385, 62.79219791920551], [11.926342457197638, 62.79596488971902], [11.90945314292882, 62.79969434400908], [11.905758252271239, 62.80045048603543], [11.89834446104656, 62.80196707853745], [11.898309158765628, 62.80197429482741], [11.897099002545874, 62.80222203070098], [11.897017558639858, 62.80223873875221], [11.896303046194697, 62.80238502553757], [11.894969218122181, 62.80288585577491], [11.894848335744351, 62.80293034815921], [11.89485407559589, 62.802987608207154], [11.894854394956829, 62.80299947311225], [11.894821577856954, 62.80300171283825], [11.894790725751136, 62.803005792596906], [11.89479588637722, 62.803016416935876], [11.89480722425759, 62.80305781048109], [11.894795871376635, 62.803115232043055], [11.89477742414714, 62.80319154135969], [11.894793869324925, 62.80325523625339], [11.894851454596523, 62.80328615260215], [11.894928501652451, 62.80329629830611], [11.894937534990909, 62.80329811477168], [11.895010541257395, 62.80330376941784], [11.89503837901994, 62.80331525384544], [11.895055978507388, 62.803319595102344], [11.895071302887677, 62.8033306235325], [11.895068084704077, 62.8033518426992], [11.895038334967852, 62.803367804710945], [11.895011309554274, 62.80336909439596], [11.89495297481153, 62.803367626531355], [11.894900651871154, 62.80338174254398], [11.894896052652294, 62.803389995372605], [11.89493877519426, 62.803399922050005], [11.894930817813393, 62.803415826290504], [11.89490775761633, 62.803422323956994], [11.894885012731091, 62.80341652157044], [11.894884394337133, 62.80341866388714], [11.894827717932234, 62.80341822074836], [11.894788769757485, 62.803430206619176], [11.894785709381534, 62.80345178859658], [11.894784888314847, 62.80345212979278], [11.89479331534028, 62.80345411254139], [11.894820029040842, 62.803455780476014], [11.894832602498209, 62.80346683801311], [11.894741727229135, 62.803476149961604], [11.894702699451564, 62.803464687843494], [11.894689488737459, 62.80345595185786], [11.894695024104214, 62.803451851991724], [11.89464950441916, 62.80343494638364], [11.894577649520242, 62.80339230610657], [11.894284000870234, 62.80337018953329], [11.894024054799615, 62.80334675068274], [11.893990880437537, 62.80333748380172], [11.89396359834587, 62.80333562348662], [11.893759786625385, 62.8033401043284], [11.893597771813733, 62.80335583900312], [11.893492381879822, 62.80338180777564], [11.893484787003175, 62.8033979894527], [11.89347600946958, 62.803458881475194], [11.89352489509735, 62.80346247682898], [11.893615342830124, 62.80347211082551], [11.893608412325145, 62.803480132449344], [11.893579710875729, 62.80348614594425], [11.893505517526119, 62.80349546632154], [11.89350536500292, 62.8035043563472], [11.893537201244035, 62.803530033085146], [11.893471969549656, 62.8035455701998], [11.893447314119689, 62.80356532756648], [11.893316753153236, 62.80358615865075], [11.893157348619958, 62.803588296007874], [11.893078079646996, 62.80362526219566], [11.892962218186092, 62.80363698537143], [11.892898965933066, 62.803637474141475], [11.892855033403386, 62.80365204432062], [11.89278139704124, 62.80366910221312], [11.892722784914364, 62.80367211891686], [11.8926098405641, 62.80366549064662], [11.892601215067922, 62.80366538985831], [11.892540324471558, 62.80367698003569], [11.892449977392308, 62.8036812715875], [11.89243575943562, 62.80368580830471], [11.892373055164644, 62.803738771032144], [11.892434474042007, 62.80377426473932], [11.892400974330995, 62.80380900813388], [11.892298276685992, 62.80385408001054], [11.892234465132344, 62.803885907613214], [11.892194808820586, 62.803902728086875], [11.892160521962737, 62.80392074521762], [11.892139995350218, 62.80393484436172], [11.892080246149076, 62.803956071640336], [11.891917775840875, 62.80400584084065], [11.891868699759046, 62.804017063068024], [11.891834956164221, 62.80402062912411], [11.891812927882066, 62.8040284965971], [11.891740869482367, 62.80403058684602], [11.891649375708832, 62.80404015266373], [11.891544420300148, 62.80404708518531], [11.891403971043069, 62.804055568576985], [11.89133094106815, 62.80406500339284], [11.891137969894551, 62.804106192139685], [11.890842509757046, 62.80421832784338], [11.890800673319106, 62.804257647670035], [11.890754647920415, 62.80429202390764], [11.890689639895628, 62.80432400405808], [11.890677475928905, 62.804338826921104], [11.89066677760851, 62.80439554409614], [11.890647618702866, 62.80441712937298], [11.890605477577113, 62.80442958252073], [11.89055273474023, 62.8044290450091], [11.890464895839447, 62.80443186364143], [11.890320316128363, 62.80443854782594], [11.890304725923535, 62.804437484380095], [11.89006817736343, 62.804434049407206], [11.889949244649602, 62.80444507341495], [11.889875357881865, 62.80445889033681], [11.88984649352811, 62.804538921431785], [11.88980157458001, 62.804568381070226], [11.889747906066173, 62.80459333520202], [11.889743206955961, 62.804598800872036], [11.889738829436567, 62.80462538428192], [11.889714229418145, 62.804661312114604], [11.889626163636342, 62.80470158535204], [11.889555275776786, 62.80473532142908], [11.889541545105219, 62.804755679161126], [11.889538571146408, 62.80476711192959], [11.889588240094866, 62.80478375165879], [11.88962242056813, 62.804805798037954], [11.889595664198069, 62.80482496931758], [11.889520814189613, 62.804821876260505], [11.889445497890396, 62.80480089618749], [11.889354847532267, 62.80478200232646], [11.889270912173007, 62.80479245251445], [11.889174060464658, 62.804821122389995], [11.889058580952511, 62.80482916776697], [11.889025414115503, 62.80483283576191], [11.88901317579463, 62.804840919415575], [11.888949906049593, 62.80485083847629], [11.888630656056582, 62.804924174779984], [11.888538760603435, 62.804972806887704], [11.888456669568596, 62.80503081881369], [11.888390184179439, 62.80508603189555], [11.888349320599561, 62.80514396792204], [11.888353322707887, 62.8051896914042], [11.888384108190689, 62.805223431022284], [11.888428105090727, 62.805247311908595], [11.888483563413791, 62.80525931901161], [11.888528670798891, 62.805265257935595], [11.888581803269103, 62.805262121671674], [11.888637814941296, 62.80524287924572], [11.888672538494063, 62.805228196381655], [11.888720792638962, 62.805208063614856], [11.888771249162955, 62.80519866962974], [11.888835666285194, 62.8051890455206], [11.88853676486781, 62.80528897315647], [11.888363122851512, 62.80534774400301], [11.885012230207629, 62.80633941685777], [11.871058264097341, 62.8104754621339], [11.854111213534441, 62.81549128765913], [11.849444036982836, 62.8168702524281], [11.833302174825157, 62.82163715533396], [11.830115161810763, 62.82257799601221], [11.82661309327312, 62.823611647724945], [11.817173372789583, 62.826396835837365], [11.816522220278157, 62.82658899461018], [11.816288664031555, 62.826657913801284], [11.815549241542083, 62.82687600963836], [11.815050668361307, 62.82702310412639], [11.814805949093948, 62.827095271851576], [11.814311617655878, 62.827239405451024], [11.813886684467263, 62.82739750645916], [11.809053610993267, 62.828802967190576]]]}, "properties": {"objectid": 1, "globalid": null, "st_area(shape)": 60529018620.58486, "st_perimeter(shape)": 1657761.1483099237, "budomr": "NO 1"}}]}