{"type": "FeatureCollection", "features": [{"type": "Feature", "id": 2, "geometry": {"type": "Polygon", "coordinates": [[[5.7406069745341926, 60.35170143451123], [5.7395524288112, 60.35361603094968], [5.739600464793236, 60.35112472957809], [5.739581043362963, 60.34871197570777], [5.739579686717547, 60.34854353507637], [5.739455181056136, 60.34852213803707], [5.737461205542675, 60.34817943975597], [5.73720297465142, 60.347274149001834], [5.7364456626644875, 60.346361281368026], [5.735488745244034, 60.34552080433758], [5.735073043464255, 60.34541304449825], [5.7350367806891205, 60.34435237359334], [5.735032226486939, 60.34421919625287], [5.734974364175115, 60.34414463574536], [5.734752352353663, 60.34385855492929], [5.7344180583689734, 60.34349689131229], [5.7342207155169636, 60.342984683138496], [5.7339006587543295, 60.3421539358286], [5.732922689860454, 60.34087746465386], [5.732634698488447, 60.34050155024153], [5.7329163180692175, 60.33818525557389], [5.732942475846488, 60.337970093876244], [5.733027478165976, 60.33684981042108], [5.732571498708125, 60.33659792724805], [5.732230974804561, 60.33640981890215], [5.732066577898056, 60.335739377734285], [5.731939907974115, 60.3352227757093], [5.73157710073597, 60.333743058348894], [5.7309230655094705, 60.33289073396181], [5.72940387823378, 60.33164653520194], [5.727982570529985, 60.330319758395696], [5.726719162396643, 60.329140279886644], [5.726432448826071, 60.328769507496176], [5.726083813483513, 60.32831864810481], [5.725684540093465, 60.32780228686223], [5.724939169787514, 60.32723945771264], [5.723926360762278, 60.32652263073799], [5.723819471755226, 60.32644697679493], [5.723423647373431, 60.32623950062721], [5.722848364541206, 60.32604730445449], [5.722557762249299, 60.3259502158728], [5.7223955516993446, 60.32588067311381], [5.722234702218629, 60.32587134079414], [5.72200928967404, 60.3260612715663], [5.721980530621449, 60.32608550355204], [5.721641430629565, 60.32618493883604], [5.721494083343192, 60.32616997415169], [5.721078805693569, 60.326127798345446], [5.720797601913666, 60.32627738857475], [5.720629782981108, 60.326366662238705], [5.720285883561906, 60.326484107423596], [5.720062622691781, 60.32634382085547], [5.719952470222238, 60.32614785616642], [5.719659185044219, 60.32588286071449], [5.719294225233968, 60.32558488483641], [5.719069558176763, 60.3254520905941], [5.71894028036733, 60.32527459618088], [5.7189198606092555, 60.32524656040279], [5.718874808310719, 60.325141599267766], [5.718117453669501, 60.32500700258042], [5.717545241146708, 60.325462951922425], [5.71753997635465, 60.3254671472228], [5.717459123949977, 60.325503127437436], [5.717402297530493, 60.32549786005944], [5.717333226229659, 60.32546844809506], [5.717305133123057, 60.32545648515013], [5.717146943963357, 60.325473276472465], [5.717096252068738, 60.325478657865744], [5.717083529798194, 60.325474920672214], [5.716839657010171, 60.32540327418925], [5.716608438785177, 60.32536149766166], [5.716427253718312, 60.325400264522905], [5.7159202173962385, 60.32538916269398], [5.715916925650821, 60.32538909085236], [5.71591051104737, 60.32538089817246], [5.715744354688127, 60.32516865633748], [5.7155540985035005, 60.32507741098285], [5.715522530246333, 60.32506227118674], [5.715334226300269, 60.32491205272886], [5.714796974078334, 60.324721885629096], [5.714637294901827, 60.324704670924234], [5.714247905788112, 60.32456089621062], [5.7136369778112766, 60.32443514105014], [5.712980753218154, 60.32421172385681], [5.712603837351415, 60.324154250067856], [5.712516362486343, 60.32416688961882], [5.712371727993323, 60.324154438421324], [5.712130897085925, 60.3240247403479], [5.7116604776889135, 60.32392270709172], [5.711563425967042, 60.32383781961065], [5.71135832276249, 60.32365841997433], [5.710926026001875, 60.323597038167165], [5.710876073807444, 60.32360479879718], [5.710709870836164, 60.323630620481424], [5.710310986948828, 60.32360531052349], [5.710055634174809, 60.32339720227423], [5.709820084470351, 60.32314989961203], [5.7097017923998195, 60.323100249145895], [5.709147556058158, 60.323000072453574], [5.709015346691531, 60.32300909163126], [5.708731095947887, 60.32302848156818], [5.7086562141062025, 60.323082715135925], [5.70839132917344, 60.32327455533608], [5.70793456857253, 60.323342428440085], [5.707281020576835, 60.323238316092215], [5.7069390725656195, 60.323240784952915], [5.706669178577401, 60.32307584947538], [5.70636760253791, 60.32309264415607], [5.706211272078733, 60.32312673095039], [5.7059425607321534, 60.32311854109226], [5.705739011921061, 60.3228233137733], [5.7055421807050335, 60.32268459090522], [5.705206855352596, 60.32253555872122], [5.704870856990124, 60.32243592718059], [5.704737093695478, 60.32240888642649], [5.704475267033545, 60.32235595769995], [5.704088232471252, 60.32233896679539], [5.703916628642586, 60.32244348051814], [5.7037966306813255, 60.32250234562095], [5.703570866996002, 60.32261309339897], [5.703057705232982, 60.322642189721044], [5.702798548442396, 60.32265688314889], [5.702768265520352, 60.32269192257345], [5.702700606492592, 60.32277020757189], [5.70257833049556, 60.32285397197023], [5.701868020289665, 60.322775542159114], [5.701651063916069, 60.322751585302875], [5.7015420505121135, 60.32278719674928], [5.701208807058366, 60.32347740306029], [5.701277798474469, 60.32378276350189], [5.701361202323566, 60.324447128864676], [5.701285842841206, 60.32471617975715], [5.7010843261999895, 60.32494902943093], [5.7007572305282, 60.32507375885398], [5.699978351438084, 60.32512556990995], [5.698892541130317, 60.32510473183514], [5.698060816607823, 60.32503067017411], [5.697464425996705, 60.32495730158921], [5.6968144912751075, 60.324811988081244], [5.695968216834864, 60.324396794048596], [5.695263588772192, 60.32428711688572], [5.694702494684037, 60.32429469544167], [5.694303049694006, 60.32441927396774], [5.694134493887508, 60.32454698867051], [5.692532598065099, 60.32576068038206], [5.691490875984471, 60.32663500260592], [5.690880447868546, 60.327147309624266], [5.690562064562393, 60.327689038954986], [5.690491085790444, 60.32780980858589], [5.690335923027456, 60.32807380957119], [5.690278773687403, 60.32955545055475], [5.689770644827078, 60.330173536403265], [5.6894749208902065, 60.33047873254735], [5.688861658716608, 60.33063638204783], [5.688477837342975, 60.33066134166851], [5.688283247305704, 60.33067399477064], [5.688089324876877, 60.33062549102201], [5.6879048592171815, 60.330557404728445], [5.6878247956534596, 60.330478793619974], [5.687832256563087, 60.3304452351225], [5.6878790379004345, 60.33023483076271], [5.687739823231151, 60.33025293074025], [5.68762011032416, 60.33020062825339], [5.687345540977032, 60.33020943687121], [5.687250089425851, 60.33016978676889], [5.687107424321007, 60.33018212772436], [5.6870776854322775, 60.33020400613672], [5.686962453261222, 60.330288776890576], [5.686871204565093, 60.33030682942955], [5.686727518000862, 60.33028402141333], [5.686680550946801, 60.33011138159299], [5.6866755602040024, 60.33009303513995], [5.686311871291966, 60.329806706776], [5.68603824432369, 60.329807804420064], [5.685770660466371, 60.329961096631735], [5.685463540542992, 60.330137036063874], [5.684834125618852, 60.33043771945369], [5.6846873104706335, 60.330391544797166], [5.684534282313866, 60.33025091129405], [5.684244932038404, 60.33010055322474], [5.684282524392172, 60.32996597740428], [5.68428597963578, 60.3297414785236], [5.684339176516602, 60.32965917388341], [5.684417474538479, 60.3296290882752], [5.684427965946234, 60.329431484514764], [5.684339942278626, 60.32938187015141], [5.684318590042818, 60.32924493676548], [5.6842345862598815, 60.32913377041446], [5.684239213079765, 60.3290643963232], [5.684196752600317, 60.329009775145295], [5.684224751031047, 60.32888383295459], [5.684139888841895, 60.32874584639575], [5.684126171173647, 60.32866373346449], [5.684115161046356, 60.32859782595563], [5.684079701996621, 60.328566496573075], [5.684027632868436, 60.32852049240738], [5.683884805302304, 60.32850804752169], [5.6837912729672775, 60.32829938513327], [5.6837842280482835, 60.32813805936299], [5.683501808526249, 60.32760596231516], [5.683346806937645, 60.327342238320796], [5.683290758480452, 60.327295011364086], [5.683163056750348, 60.32718740717485], [5.6820862223034085, 60.32692198285568], [5.6817720172571695, 60.32689118227403], [5.681248900482883, 60.326800215906246], [5.680341466025492, 60.326642412306796], [5.678284110453974, 60.32612943510625], [5.67749484019982, 60.325883041051924], [5.677335506309105, 60.325796826209924], [5.676987986005366, 60.32553457234795], [5.676799062702699, 60.32536363412592], [5.676687550571191, 60.3253051197656], [5.676629018708276, 60.32526246895586], [5.676429876086606, 60.32511735894455], [5.676130511584415, 60.324899215958204], [5.676037125735314, 60.324758687213006], [5.675781528107693, 60.324374048606664], [5.675600004582995, 60.32423129535664], [5.675577346630947, 60.32420419107986], [5.675273010836511, 60.32384012436865], [5.675243538747571, 60.32353383781922], [5.675237188669274, 60.32346783529947], [5.675190020247782, 60.3233916320377], [5.675124195614937, 60.32333892666419], [5.674753080773771, 60.32304177005146], [5.674711830101099, 60.32295197253291], [5.674470911191616, 60.322757190555436], [5.674336201651898, 60.322667198674864], [5.674153089845772, 60.32260922033207], [5.674032344073707, 60.322525188403766], [5.6738465738495005, 60.322226816109705], [5.673764402186076, 60.32217091717283], [5.673523153615787, 60.32187214414018], [5.67339480140679, 60.32177148110385], [5.673248399007814, 60.32172532028353], [5.673046273005783, 60.321720779776854], [5.672890682782359, 60.32167107534827], [5.672779766955083, 60.32158014362848], [5.672551269678918, 60.321292848012014], [5.6724641985805935, 60.321223582995216], [5.672264246634927, 60.321310323148225], [5.670694014635067, 60.32167715022224], [5.670020089146154, 60.32088676386643], [5.669608891319775, 60.320445856830176], [5.669574479393808, 60.32037540323055], [5.669406122951445, 60.32003071278819], [5.668352327071812, 60.31787303730704], [5.6681778417988635, 60.317515748016625], [5.6681267598907015, 60.31749759443968], [5.6665602800022095, 60.31694087726123], [5.666267911084221, 60.31683696637636], [5.666076515898174, 60.31634698932284], [5.6659169267050915, 60.31593842569051], [5.665580178835775, 60.31534501649408], [5.661923894594209, 60.315451025217186], [5.655540910001038, 60.315194517690266], [5.652498580692754, 60.315072148885456], [5.651567914609027, 60.31515922916466], [5.639712150684054, 60.31626792274209], [5.631949262977337, 60.29735523755745], [5.6289294117200175, 60.289992612108115], [5.627262589785101, 60.28592748432394], [5.620617943415766, 60.277883513456906], [5.6185429642436215, 60.27537072413237], [5.611632416753857, 60.273102462102464], [5.593907252434025, 60.26728147105356], [5.5836493227421755, 60.26120889782772], [5.583272717118554, 60.260985894940234], [5.574691201851076, 60.255903377739095], [5.575555700131492, 60.25144112893359], [5.586988017966397, 60.244002967965066], [5.587154712288728, 60.24389447873261], [5.579046206118085, 60.22497486969081], [5.568218597059504, 60.199679618106146], [5.563498539667599, 60.188641550495916], [5.527009195946051, 60.15626656441107], [5.51665185097735, 60.14706416890528], [5.519589589582638, 60.124403294369436], [5.485325481145988, 60.111273999379385], [5.3318234054977935, 60.107194281649896], [5.253223627308995, 60.1760910982412], [5.2100763950675635, 60.188795802605114], [5.117008069402397, 60.157602473795556], [5.052883981158456, 60.14941219092098], [4.957063039061106, 60.14090826122424], [4.940507772959263, 60.13944678526172], [4.907683108020514, 60.136542568285556], [4.825638143965384, 60.12924558420779], [4.698808885137914, 60.11785284353657], [4.547051710598445, 60.10405037518247], [4.556489564610375, 60.073956817198194], [4.56498447712025, 60.04681401113619], [4.6064622014702135, 59.91351956667805], [4.62121083135361, 59.865814703561945], [4.644895643166464, 59.78886331112063], [4.649185151557306, 59.77488107161572], [4.652518978834289, 59.7589265091716], [4.660877690322458, 59.71883840400148], [4.668362505277843, 59.68283880063359], [4.672072469286084, 59.66495877390888], [4.606767387103861, 59.562988188737286], [4.603687521570392, 59.55816423704613], [4.568916235469997, 59.50361047961266], [4.53123554429214, 59.44429903532607], [4.4835117264105415, 59.36888980191234], [4.47960165928735, 59.36230529663245], [4.475175333461773, 59.35361864529927], [4.464686067975919, 59.33092967951273], [4.461222314915569, 59.32264850313222], [4.45830691994849, 59.313797218008425], [4.456174684548258, 59.30488785674962], [4.454828951667959, 59.29593833168239], [4.454272371676173, 59.28696702783397], [4.454504885803103, 59.277991912903985], [4.455525837975544, 59.26903116248511], [4.457332428103274, 59.26010303313338], [4.460483280546863, 59.2473317044944], [4.463015836818457, 59.23861391976475], [4.466363171318851, 59.22980336504745], [4.470478472443729, 59.221078713449586], [4.475353004415786, 59.212457675507146], [4.480976083549363, 59.20395751645632], [4.487336061462165, 59.19559531841676], [4.494419613532179, 59.18738801344257], [4.502211853167823, 59.17935203163389], [4.510696824295368, 59.171503432935495], [4.5198569065422225, 59.16385813126866], [4.521436162761044, 59.162603763272145], [4.528420560791104, 59.15724674443542], [4.538695173723808, 59.1499860670069], [4.549590937100008, 59.142969262676544], [4.561085421907245, 59.13621028780039], [4.57315531407827, 59.129722751239655], [4.585776152691882, 59.12351962302155], [4.598922673280915, 59.117613263800386], [4.612568065803317, 59.112015547394954], [4.717358012688852, 59.070878299523244], [4.799300614345225, 59.038577626116094], [4.895162432541223, 59.00064167755271], [4.959116901721701, 58.955958204093314], [5.005934243864384, 58.923149620301935], [5.0076631498059045, 58.91933322426132], [5.046924424460157, 58.83240534401272], [5.049144065900533, 58.82773251154869], [5.055420951826595, 58.815171353572744], [5.071894476702096, 58.78215429766492], [5.083004423883031, 58.75984652893763], [5.112238013238301, 58.70099027523792], [5.116710024183255, 58.69271223090151], [5.1221023504791985, 58.68418584394452], [5.145684453034366, 58.64950023644659], [5.16227704847212, 58.62504755759935], [5.163239465605128, 58.62362788054548], [5.177236951448612, 58.60296698171621], [5.179123079998265, 58.60026679367619], [5.179828085293351, 58.599257287444026], [5.186237049745384, 58.59092712274261], [5.1933540093701795, 58.58275560647078], [5.204092391060835, 58.57112036230186], [5.207640513426944, 58.56737481414334], [5.21576298891933, 58.559464498781125], [5.22314936722397, 58.55264166395619], [5.246973506111737, 58.53061344271782], [5.277999109109431, 58.50187530715843], [5.327323608223663, 58.4560683345174], [5.333097765908811, 58.45088169104774], [5.342275212274953, 58.44330278585886], [5.352089812255467, 58.43594729114388], [5.362521068567156, 58.428829964021126], [5.404186829515561, 58.401652578533366], [5.404392629042989, 58.40151817129863], [5.404584113066594, 58.401393257821724], [5.4156048434271336, 58.39452923676662], [5.469066642577899, 58.36266732731332], [5.519541688634332, 58.3325087793035], [5.576818882197628, 58.298195671467305], [5.578600770056371, 58.29713442592916], [5.590220698465843, 58.290564916781314], [5.6011761055082925, 58.28464091432825], [5.610456218320978, 58.279790813078506], [5.623018812724504, 58.27372489022249], [5.871745469671737, 58.158331208273765], [6.044364921883496, 58.07749027789623], [6.069428965606962, 58.06570046633152], [6.08386309832938, 58.058904876076525], [6.149698914722509, 58.02785366382943], [6.149704896315936, 58.027850832233845], [6.164510558652087, 58.0208552510993], [6.1645290864283995, 58.02084643411578], [6.275213776376969, 57.96840191166332], [6.3439536878879546, 57.9357008565709], [6.350614481462294, 57.93260306886489], [6.382231563154116, 57.91823312118471], [6.392605432436606, 57.9136826778348], [6.406042858847561, 57.908255825654024], [6.4199211179020965, 57.90315468802796], [6.434212864652716, 57.89838943737207], [6.4689059865023, 57.88738074596554], [6.472214479695734, 57.886342372597746], [6.4809523614118225, 57.88376941528936], [6.486371702026933, 57.88217327169646], [6.486965219098193, 57.88199835501804], [6.502064591890086, 57.87801039379236], [6.517482395706402, 57.87438651453253], [6.526410979807723, 57.872413304822004], [6.529111986230623, 57.87182271542351], [6.77247507106515, 57.81889300707886], [6.861172327617669, 57.799443548031405], [6.863290663745692, 57.79898205803234], [6.8790160768077815, 57.795803021903325], [6.894990780557442, 57.79300291311357], [6.911183062859106, 57.79058724983388], [6.927560383055216, 57.78856087962088], [6.93487438320966, 57.787747392642075], [7.102308212536438, 57.76899717266917], [7.124887519974763, 57.766449859956744], [7.130630205285015, 57.765826489531364], [7.147187239800336, 57.76430561712821], [7.163854318705883, 57.763182058357664], [7.180598242138625, 57.76245810671142], [7.1973858468597305, 57.76213517329392], [7.257809002804953, 57.76168178479539], [7.465707659921014, 57.759900240774854], [7.557423140462103, 57.75900528198801], [7.572180853266629, 57.75901104334478], [7.588216384727274, 57.75937780945043], [7.588962598317452, 57.7593948276717], [7.605695668167859, 57.760179445009726], [7.6553360031641695, 57.76309685100455], [7.65994396213165, 57.76338212299991], [7.6765697588179425, 57.76466943438485], [7.693071693834741, 57.76635296324274], [7.709417061569546, 57.7684294066214], [7.725573162344217, 57.77089448781507], [7.756687838096131, 57.77604234482796], [7.766289162223156, 57.77773246422769], [7.7696761221753805, 57.77832853533558], [7.785412157939446, 57.781481711196385], [7.824697750174847, 57.789885818359274], [7.830134757238801, 57.79107420709283], [7.841832968021381, 57.793687366855984], [7.879243912380042, 57.802034561472], [8.009032871599045, 57.83087904378749], [8.087193530950543, 57.84816435341197], [8.160745486049779, 57.864371964184826], [8.163047838545655, 57.86488319289117], [8.178427885892019, 57.86854748673488], [8.297663892459255, 57.898596666049706], [8.352583462863107, 57.912383312709444], [8.354446978761331, 57.91285383130199], [8.371680261839842, 57.917234075071896], [8.413418032933853, 57.92782883907973], [8.422935770267104, 57.93033056725226], [8.437784671394112, 57.93459829758239], [8.45226135254183, 57.93921532061011], [8.45816792751301, 57.941295846895486], [8.466336781765452, 57.94417242082803], [8.479982674527594, 57.94945971158732], [8.493171491588965, 57.95506663369897], [8.505876773101672, 57.960981971244884], [8.539766276003064, 57.977472898341], [8.624526398456055, 58.01861405592703], [8.677090670854593, 58.04405369960258], [8.731507672747137, 58.07033021664253], [8.735432264446438, 58.0722498007754], [8.753823340294112, 58.081369298372636], [8.848913833312272, 58.128406874388745], [8.903083620157526, 58.15511718497456], [8.916596693592934, 58.16177074839095], [8.918873769644279, 58.16290070187139], [8.930945226435918, 58.169217347601325], [8.94026618319469, 58.17455185597033], [8.942471325944567, 58.17581351570047], [9.067269166204786, 58.25027142554212], [9.300109107344294, 58.3880600545977], [9.353973452241732, 58.41972746952999], [9.364087491263026, 58.42566488996829], [9.53165200459028, 58.52363564521737], [9.668876552668955, 58.60331084007037], [9.788358204015221, 58.67227869618493], [9.969764602990155, 58.72045498989955], [9.988043994701249, 58.725288193257846], [10.004724705829014, 58.72969525679885], [10.059306526496231, 58.74409316692608], [10.07383337741851, 58.74791928721741], [10.149456584139473, 58.758280299938086], [10.25262735368176, 58.77233461295922], [10.26340866973703, 58.7738852699378], [10.270919893740178, 58.775026336931624], [10.285541638126523, 58.774410872643614], [10.359371819377525, 58.77127731961406], [10.363760715761224, 58.77108962783178], [10.57616267278368, 58.761827519019874], [10.593095157750513, 58.76096038600344], [10.62646896039734, 58.94338801852373], [10.62852890298999, 58.95459286692963], [10.63081867896685, 58.95964055998037], [10.651383939938274, 59.00491247799918], [10.660437173268814, 59.02482155395956], [10.675019827765471, 59.04528794065126], [10.650924296877813, 59.075920391499565], [10.622716237888499, 59.11170321186474], [10.637569502244057, 59.12280345923108], [10.65097649441539, 59.1328153280494], [10.651374427416645, 59.13860939473586], [10.653582956828146, 59.17068288783395], [10.655050150613938, 59.191957592423556], [10.641570956379999, 59.202906965817355], [10.616377510991796, 59.236972457864105], [10.612435753865908, 59.242295980820366], [10.60501222974734, 59.25231602897484], [10.597164607690381, 59.260959115154556], [10.590331584882978, 59.26848324637824], [10.590794972153372, 59.297219665117375], [10.589500049286709, 59.30172962436032], [10.578244898818076, 59.34093554261112], [10.591573398347634, 59.35349479720248], [10.594432638090833, 59.35618768622196], [10.594528713761132, 59.35824789348541], [10.595149942494965, 59.37148232397331], [10.595274638552407, 59.37414062535737], [10.584161857442865, 59.393063824987], [10.561783916643822, 59.40379531264599], [10.54403173222158, 59.41230047723511], [10.542950316331265, 59.415312731301455], [10.536678568200804, 59.43277573127869], [10.543059665877221, 59.457326947237476], [10.45581384071709, 59.47988333295348], [10.393691113501388, 59.514689372268066], [10.398015286334918, 59.53043258165005], [10.417757557299545, 59.567176956123376], [10.411577328903766, 59.58511514700432], [10.42349761067452, 59.59815863010714], [10.423300449423788, 59.60040216763352], [10.410823773912432, 59.60916981435403], [10.41198219758429, 59.61796925544377], [10.424496810396512, 59.625269053123326], [10.410131823719324, 59.645521919538425], [10.410374906080747, 59.66706550016501], [10.403144794033008, 59.67171572079187], [10.391705098141518, 59.67931802595087], [10.363462922371115, 59.69773467650884], [10.32340729898958, 59.701938022345196], [10.323388701540805, 59.70188177756095], [10.320208540361602, 59.69226173391139], [10.319860068802116, 59.69128373119344], [10.319875749776966, 59.691130846337245], [10.320064018340085, 59.691121742605674], [10.320326102588808, 59.690923154575934], [10.320511343026185, 59.69087715481262], [10.32071038263589, 59.690766797878666], [10.320815264566185, 59.69052814453979], [10.321316799422393, 59.69043533799465], [10.3216715248548, 59.69040636348861], [10.32184151719413, 59.69033957989677], [10.322094199988896, 59.69013535792405], [10.32215400324051, 59.69008702322089], [10.322581207439418, 59.689834694824896], [10.322812552788276, 59.689635634336895], [10.32279596995774, 59.68948248693894], [10.322793987278988, 59.68946416736213], [10.322677244544215, 59.6894135623053], [10.322535983599552, 59.68935232804932], [10.322316753415857, 59.689317247020426], [10.322178544220886, 59.68929513105464], [10.322032092706111, 59.689241870595524], [10.32203205383308, 59.689241181133674], [10.322019202698236, 59.68900944400588], [10.32165256057803, 59.68880921210153], [10.321344634821688, 59.68864104402996], [10.321421947191068, 59.68850538127746], [10.321344860900828, 59.688383541565635], [10.321330400389602, 59.688317166023836], [10.32130887716801, 59.688218377713696], [10.321336744733058, 59.6881691842148], [10.321506130624478, 59.68810157014203], [10.321456074190353, 59.68795308304319], [10.321085352738047, 59.68778099906088], [10.320582039223313, 59.687464223616274], [10.320259644163624, 59.6873130217146], [10.319871690658445, 59.6872006709896], [10.319224409911705, 59.6868970942056], [10.319013878823965, 59.6867271306341], [10.318732755557901, 59.68671726328356], [10.318480624787304, 59.686620915605], [10.318240744278775, 59.6864789536987], [10.317916080773369, 59.68633647902008], [10.317741051934572, 59.686319788538206], [10.317379173357507, 59.68617886026987], [10.317310744871834, 59.68602323823091], [10.317178107872312, 59.68596929642754], [10.316952571545453, 59.68583423083076], [10.316789895297768, 59.68567074135149], [10.316564610597432, 59.685550434914354], [10.316113460888225, 59.68536232768162], [10.316053224514185, 59.68525628743526], [10.315443886802575, 59.68491087369301], [10.315329366342576, 59.68487657413553], [10.314903341997573, 59.68474897639922], [10.314516397836185, 59.68450388630294], [10.314652119147844, 59.68416704151659], [10.314326404650252, 59.683947166924284], [10.313912602102283, 59.683369127562486], [10.313907810261668, 59.68328668180427], [10.313903781013064, 59.6832173449023], [10.313633013323095, 59.68316547237644], [10.313428972798503, 59.682716901834105], [10.312426914284167, 59.6826335491982], [10.312261885523593, 59.68263960506472], [10.312189538069118, 59.68261003202374], [10.311891705889701, 59.682556283022286], [10.311835783651008, 59.682546190664944], [10.311783605793416, 59.682298863134], [10.31166201865189, 59.68216615917004], [10.311595265652548, 59.68202930181811], [10.311660942745785, 59.68182064211362], [10.311583673160156, 59.681734766826786], [10.311602931041342, 59.681505736831134], [10.311799073866283, 59.681002950484604], [10.309944829691972, 59.68023426812927], [10.309832473451143, 59.67988080769826], [10.309877784595734, 59.67969696371972], [10.310253835449817, 59.679578481518014], [10.310319327173987, 59.67784339341379], [10.31033036617437, 59.67755089257138], [10.310153598494663, 59.677433834344036], [10.308472370216169, 59.67632045090325], [10.307507533931592, 59.674884893320616], [10.308731669116128, 59.673333846898025], [10.3082911841544, 59.672770118784825], [10.30800554731832, 59.67231339583479], [10.303097267813088, 59.6683652364561], [10.30294368647903, 59.668241679593756], [10.301106063222905, 59.668694548777054], [10.300048163513356, 59.668955377642035], [10.299598963688728, 59.66906607566659], [10.297848139800385, 59.6694433145841], [10.295637080771101, 59.6696370558218], [10.295325181574158, 59.66966758389097], [10.293975031258036, 59.66966781365439], [10.291330976037726, 59.66970326441844], [10.290127475401722, 59.66974551643386], [10.288976623257318, 59.66984200062848], [10.2887292138775, 59.66989309267065], [10.288689463589014, 59.669901376557526], [10.2870727500839, 59.67023787772994], [10.287040352727068, 59.670244446980526], [10.28638849790089, 59.67047436111848], [10.285440000751423, 59.67098249991683], [10.284555659743923, 59.67135172666999], [10.283725751330767, 59.67165625800732], [10.282854032094619, 59.67163753835299], [10.281664457479765, 59.67161185644497], [10.28137901606828, 59.67160579754493], [10.280117674364284, 59.67165028227621], [10.279568955094584, 59.671546490586], [10.278969852145817, 59.67112642488614], [10.277790107203113, 59.671052580145286], [10.27683565571936, 59.67123483635994], [10.275097319454995, 59.67119415472773], [10.274066274693537, 59.67097129251181], [10.271962717377066, 59.67087259193273], [10.271411858339212, 59.671081525451754], [10.27001412180244, 59.67234769262571], [10.26708502373028, 59.67281148671822], [10.266288055416283, 59.6729104024559], [10.265074939976046, 59.672957836468164], [10.264781563886974, 59.67298140728464], [10.264425797059069, 59.673243781612484], [10.264087973104676, 59.673489893856136], [10.263482639043302, 59.67364069823332], [10.26309134823727, 59.67366998809695], [10.262786342026589, 59.67373549943273], [10.262291450009462, 59.67379063164418], [10.26174152222369, 59.673770912440034], [10.261582996240893, 59.67385440434575], [10.261353849038365, 59.67388020208125], [10.26074404218047, 59.67380857029804], [10.259864809476962, 59.673775934244894], [10.259551493228846, 59.67375559653542], [10.258944031598537, 59.67352042507832], [10.258405818732044, 59.6735235130228], [10.258363976478668, 59.673517590319335], [10.258002105764762, 59.673580221896856], [10.25758575226351, 59.673747558043694], [10.257079050219842, 59.673798105362714], [10.256811055192832, 59.67387969526387], [10.256482680637728, 59.67384639180264], [10.256218804477884, 59.673734380638614], [10.256326487030494, 59.67358806785648], [10.256218635745794, 59.673489444704806], [10.256040480678903, 59.673485418701844], [10.255644229252905, 59.67339901271949], [10.255105496102637, 59.67356019781551], [10.254798107099333, 59.67346540604498], [10.254553769335226, 59.67337244891544], [10.254448135539986, 59.67318917291414], [10.254329677083023, 59.673142873503664], [10.254220581738773, 59.67312839537427], [10.25388121094877, 59.6733108332394], [10.25383660101561, 59.67333449180241], [10.253754282883575, 59.6733782812211], [10.253731402674452, 59.6733904044533], [10.253423061351791, 59.67352827208756], [10.253292496929356, 59.67361132886435], [10.253025079656593, 59.673582115308015], [10.252912762984225, 59.6735376563431], [10.252740477138937, 59.673498488773205], [10.252649671608404, 59.673528117710966], [10.252532405429152, 59.673526114659516], [10.252483104096763, 59.67355275089662], [10.252052966835707, 59.67368538976648], [10.251907096932605, 59.67373838705125], [10.2518523068202, 59.673794956880464], [10.251583599643888, 59.67374347624834], [10.251409574337847, 59.67388468118114], [10.251177338375893, 59.67397610186375], [10.251007716216325, 59.674010966581136], [10.250664055661021, 59.67381833422482], [10.250321301749006, 59.67390403564797], [10.250140922740309, 59.67387554481709], [10.250010166494278, 59.67381566275396], [10.250024964191606, 59.67375269563413], [10.250158205911008, 59.67370976629932], [10.250327509660522, 59.67365582198201], [10.250153302668725, 59.67357754343041], [10.249880839848746, 59.67353752636631], [10.249598654261183, 59.673569834721235], [10.249173913928296, 59.6734323635391], [10.248260279527512, 59.67330134572834], [10.247964478973177, 59.673281705591016], [10.247647438786892, 59.673236288031895], [10.247477489998158, 59.673210780480076], [10.247150546663294, 59.673255221181535], [10.246913688565643, 59.673256337671525], [10.246871026023987, 59.67325245028662], [10.24660572479525, 59.673228427317376], [10.246404353663532, 59.67321131221354], [10.246173880914496, 59.67318999198743], [10.24596051524921, 59.67319348881246], [10.245905009241943, 59.67319489152744], [10.245402868711002, 59.67307789411307], [10.245205744497806, 59.673027110434596], [10.244810242351187, 59.672914342903155], [10.244375828152798, 59.67280636729372], [10.244018465413216, 59.67270181864301], [10.243878589493274, 59.672639889775276], [10.243474041318281, 59.67251950349004], [10.243107748393893, 59.67206211621636], [10.2430356445684, 59.67192745089384], [10.242741905571856, 59.67146388326875], [10.242371876793657, 59.67134096949642], [10.24236787665564, 59.671082399457], [10.242430123728408, 59.67088074602337], [10.242414804326376, 59.67071189399371], [10.242361784804595, 59.67047043206996], [10.241540811981984, 59.669879312134846], [10.241373809129213, 59.66977186926179], [10.24105255109511, 59.66954863110826], [10.240927526169042, 59.66944487221947], [10.240827170828355, 59.66935271394459], [10.240811681573117, 59.668902223351814], [10.240784139384814, 59.66871808491079], [10.240761335867672, 59.668638280276], [10.240701604327624, 59.66853554533466], [10.240578695264901, 59.66843069356299], [10.24049210556486, 59.66835180819323], [10.240030917135485, 59.6679922434793], [10.239704501100547, 59.66781549768282], [10.239554309583006, 59.667833873220815], [10.23877496966258, 59.666656515814395], [10.23861171985593, 59.66640897373667], [10.23825409110598, 59.66656336276286], [10.237448143554003, 59.66708228975724], [10.237382398225545, 59.66712577241842], [10.235331818768426, 59.668479563013896], [10.23318728372092, 59.66949394122994], [10.232328747307335, 59.66965535282282], [10.23100996661738, 59.669865748640696], [10.230991364333727, 59.670055135723764], [10.230680843636549, 59.67073868954733], [10.2305529517121, 59.67101872302386], [10.22927736579493, 59.67099401726767], [10.22808084893079, 59.670971011548495], [10.227201525882544, 59.67094210786122], [10.225703454984425, 59.671234517411094], [10.225179782956072, 59.67141520057723], [10.22517846806117, 59.67141569232712], [10.22511466198875, 59.67139798380923], [10.224503243342188, 59.67128726265494], [10.224017442025033, 59.671043856297864], [10.22412250843767, 59.670938039137944], [10.224167465636082, 59.67071624178882], [10.224141219329633, 59.67056605634452], [10.224129383443046, 59.67047819261441], [10.223960352532675, 59.67039655803272], [10.223794581223062, 59.67023219760269], [10.223808749146217, 59.67016525149281], [10.223564771453399, 59.66978863258369], [10.223173937163752, 59.66935952078984], [10.223044416912817, 59.66930388294996], [10.223072542155801, 59.66923258881706], [10.222980762430774, 59.669134252100456], [10.223052620341559, 59.66902686434177], [10.222963111809383, 59.66890387402952], [10.222959346512047, 59.66888538670201], [10.223015970324882, 59.66884742473501], [10.223023906113186, 59.6688104747132], [10.222964079467005, 59.66873372264873], [10.222861514341176, 59.668577603725055], [10.22270679398386, 59.66841814233082], [10.222620372077765, 59.66835831978772], [10.22258730538064, 59.66828470282345], [10.222570765798302, 59.66813882887435], [10.222567997061239, 59.66806721702424], [10.222653621912212, 59.667926870219944], [10.222840002956469, 59.66763980243127], [10.223074239070183, 59.66745729423838], [10.22330265356717, 59.66725199565734], [10.223384033526726, 59.66707029620804], [10.223292882598798, 59.666977559463774], [10.223355166479307, 59.66676143178421], [10.223488767534226, 59.666624993884945], [10.223605128041243, 59.6665109542223], [10.223625878139842, 59.666452703660084], [10.22367265142263, 59.6663328868413], [10.223579740789553, 59.666187644832185], [10.223351997159574, 59.66595427876499], [10.223332738465931, 59.6657064815763], [10.22340285954316, 59.66558751675328], [10.223355477962137, 59.665477127518955], [10.223216997828022, 59.66538716120441], [10.223168300405517, 59.665343377322394], [10.222159549028753, 59.66548628659667], [10.22092768857195, 59.665221302174665], [10.220495681909727, 59.665144993541176], [10.220374777697323, 59.66515623075563], [10.220375848581014, 59.665001644318465], [10.220399296949445, 59.66471510742412], [10.22028258984613, 59.664412749113175], [10.2202631724558, 59.664385594589035], [10.219724613386209, 59.66435711438387], [10.21906006457005, 59.66429578608662], [10.218996002265143, 59.66401207983381], [10.218977232443807, 59.66388195488931], [10.218963409728943, 59.66383179712105], [10.218784331196185, 59.66384207744614], [10.217951329922334, 59.66388981784639], [10.215668320542743, 59.66400069362321], [10.215578599670966, 59.66402017215817], [10.215317275524884, 59.66442214766606], [10.215200544025048, 59.664668125320155], [10.215220078568299, 59.665155115497825], [10.2149721792675, 59.665426882176796], [10.214859364020956, 59.66555201841669], [10.214699051028672, 59.66570222382911], [10.2145565472316, 59.6657463979237], [10.214432049808607, 59.665781515376], [10.214286824588727, 59.665836024054855], [10.214205802512438, 59.66587920711176], [10.214119320040858, 59.66595439305475], [10.21373923697862, 59.666283841462345], [10.213727683363768, 59.66630995468317], [10.213521873649794, 59.66677359486238], [10.213437333902627, 59.66687871530698], [10.213303051149444, 59.66698228678922], [10.21312301381496, 59.667056390189686], [10.21289825337156, 59.66708882965086], [10.212651950684238, 59.66706794937904], [10.212336472215434, 59.66700109231404], [10.211967656003253, 59.66688568887448], [10.211684040036594, 59.66674893387388], [10.211366865687651, 59.666620575486874], [10.21097530133872, 59.66650514652595], [10.210555976448143, 59.66650060036513], [10.210375762506626, 59.666587106915024], [10.210178583615674, 59.6667785956102], [10.210062394295047, 59.66695577667845], [10.210019527410816, 59.6671897013308], [10.210109136010278, 59.667577792553516], [10.210177146774681, 59.66796896137702], [10.210076933098366, 59.66801944564662], [10.209789696116646, 59.66813558777707], [10.209153716340236, 59.668192372794216], [10.20692217051456, 59.66835877800563], [10.20591634803133, 59.66851480599236], [10.205002899682677, 59.6686366099312], [10.203748831336092, 59.66882985440594], [10.203002559703672, 59.668916571262265], [10.202824082496097, 59.66895842567842], [10.202115174751532, 59.66923864423343], [10.20192348216069, 59.669297014108196], [10.1993583656836, 59.67031119032425], [10.198135340605097, 59.67080200425933], [10.197640798491355, 59.671000470044504], [10.196789045066119, 59.671258061223405], [10.196534397628945, 59.67135846056754], [10.196079658920393, 59.671336288709014], [10.19532819955528, 59.67135818736717], [10.193796645645604, 59.6714738721278], [10.19317405010865, 59.67160276515703], [10.193092600574076, 59.67164367160437], [10.193003828997231, 59.6717145332469], [10.19297575528317, 59.67174534571502], [10.192904643419674, 59.67182450166943], [10.192839049531282, 59.671899902281794], [10.192724203733315, 59.67188354182272], [10.192413985571827, 59.67185802830098], [10.192181569190467, 59.671807125970204], [10.191697165305383, 59.67156292575533], [10.19166244411736, 59.67147898404757], [10.191631000151439, 59.671256995339405], [10.191549485874734, 59.67110755854662], [10.191306337173044, 59.67093077627879], [10.190832998948478, 59.67092301485837], [10.190439867810786, 59.67089292151752], [10.189865860143591, 59.67093605968153], [10.18937289178277, 59.670861906164426], [10.188621984379209, 59.670579115944705], [10.188174848885945, 59.670596954827815], [10.187840590644198, 59.67050739954289], [10.187689308897294, 59.67033002871814], [10.187469582070822, 59.67021814613471], [10.18701009369473, 59.66984423126778], [10.186838009974402, 59.669660697338465], [10.186867388982213, 59.66955275439004], [10.18660924167265, 59.669313523393654], [10.18640851391303, 59.66901874313329], [10.186561580147826, 59.668856878502126], [10.186214992438565, 59.66862680828374], [10.185925741428099, 59.66861896066122], [10.18549719523753, 59.66882313658445], [10.184662818892162, 59.668620548660776], [10.184541903586998, 59.668597030998974], [10.183562231316262, 59.66847256782876], [10.18282997935541, 59.6683797798461], [10.181640110731065, 59.668256742532066], [10.180411982668003, 59.66811294566358], [10.180156831839248, 59.668065861481956], [10.17983480608547, 59.66800776890613], [10.179660339758406, 59.66810065364547], [10.178442288488913, 59.66813279834231], [10.177869425926744, 59.668264529555266], [10.177371655252928, 59.66847368617078], [10.176497779813506, 59.66872241655913], [10.175782689125162, 59.66877972419367], [10.175305825355503, 59.668988024694066], [10.174738565191177, 59.66923868833693], [10.174213811704293, 59.66942875849533], [10.173860336741322, 59.66916061911743], [10.172404353959788, 59.66871365781563], [10.171599637422492, 59.66850443219261], [10.17129775807452, 59.66843122947362], [10.171226985892652, 59.668413956518656], [10.17113969766344, 59.66839283596526], [10.17097835430384, 59.668353781433154], [10.170605188455474, 59.66826319497879], [10.16628623679537, 59.667821248774935], [10.165282658361413, 59.66797264346728], [10.164656108890645, 59.66806077627185], [10.16370859323653, 59.66820802309934], [10.162613504259976, 59.6684449822417], [10.16188507666585, 59.668708976999156], [10.161056072078901, 59.66897608692971], [10.160213037683434, 59.66914327324146], [10.160220638742047, 59.66901680799344], [10.159562691428892, 59.66900570568638], [10.159357259484121, 59.66890140833762], [10.158955293715035, 59.66877769917721], [10.158730022013257, 59.66858676020667], [10.158487841156898, 59.668355345419386], [10.158171656746212, 59.668273036897745], [10.15720361070689, 59.66799003311275], [10.157383173767046, 59.667731938225195], [10.157432561838915, 59.66766090168403], [10.158103200373384, 59.66669692383562], [10.157760787289575, 59.66632623777098], [10.157231978169099, 59.66582064916944], [10.156844759574987, 59.666049112046096], [10.155868113245797, 59.66655783257482], [10.154484679782312, 59.66710654248703], [10.153878447534877, 59.66721021858711], [10.15325342413018, 59.66733190692651], [10.152502705168219, 59.667477993507255], [10.150330188338287, 59.667848563729706], [10.147012503956857, 59.66848510882548], [10.146666487340669, 59.66868007863292], [10.145510948912028, 59.66887174786464], [10.143846078151622, 59.6690966888125], [10.143204602041402, 59.669109323709634], [10.136223327043128, 59.67169805770435], [10.128844952686583, 59.67110528144841], [10.123894080250961, 59.67120289663163], [10.115514598189074, 59.6706671528427], [10.114978688479157, 59.6690519357325], [10.114500575217031, 59.66829787885416], [10.112746242006075, 59.66782299522667], [10.11344540290103, 59.667394179576576], [10.113178078928952, 59.666898427722124], [10.113260282370065, 59.66680299267674], [10.112814642527903, 59.666016945657326], [10.112995093891827, 59.665874532633204], [10.112809836453057, 59.66514786295888], [10.112829808394718, 59.66475252404025], [10.112476622067655, 59.66428244059092], [10.112411112902382, 59.66404772314218], [10.11242236715998, 59.66386696812252], [10.112388553140672, 59.66381964703855], [10.112429366975197, 59.663753162851634], [10.112549550229236, 59.66363134955394], [10.112615262480743, 59.663524594289406], [10.11241359670451, 59.66302877252286], [10.11238377982656, 59.662934552675154], [10.112320577010713, 59.66258531480126], [10.112302953010204, 59.662498926773665], [10.112169492871153, 59.66196463047018], [10.11192271053277, 59.66142718134696], [10.1115124637924, 59.66072700949182], [10.110564202625829, 59.66019295143586], [10.108593187082672, 59.6595834239682], [10.106119673516202, 59.65905780890689], [10.101305402381913, 59.658064297399946], [10.098571094971984, 59.65606694045995], [10.094860152437198, 59.6512286193887], [10.091912628864723, 59.64723158669739], [10.088908534826345, 59.642568624454924], [10.077775817780783, 59.64322717865582], [10.069868550267302, 59.64346301213821], [10.060799009028832, 59.64370928391492], [10.052173826606195, 59.64386207112444], [10.047439220466732, 59.64328457979794], [10.044524444429559, 59.641464741994724], [10.038286255321971, 59.64064138227875], [10.03818132579569, 59.64062759663881], [10.037463449031975, 59.640532805121396], [10.036288521474962, 59.64260146364441], [10.036042229521401, 59.642794715802616], [10.035780321831137, 59.64311863120303], [10.035555222946916, 59.64334993148525], [10.035175235004509, 59.643556731376485], [10.034692479076755, 59.643901861837634], [10.034432386931046, 59.64414136853456], [10.033896033504286, 59.64469947432192], [10.033164040573766, 59.64615581169785], [10.032907711869862, 59.64667920310347], [10.032544440117201, 59.6470258944651], [10.030379054609941, 59.64878944518351], [10.029733352753068, 59.649430738663455], [10.029192196006102, 59.64996615576438], [10.028917637884627, 59.650240279773804], [10.028130414014996, 59.65117981714601], [10.02774776640597, 59.65144794282676], [10.02718974892082, 59.651849746236906], [10.02679756375714, 59.65221079937535], [10.026497865369015, 59.652494759382755], [10.025975411312492, 59.65295494709937], [10.02545861814988, 59.653409230746036], [10.024776259331391, 59.653940524363875], [10.024299790891446, 59.65414093002943], [10.023428558974256, 59.65449059565203], [10.022810113448227, 59.654825760562105], [10.02234834813404, 59.654991633002], [10.02173994349919, 59.655176485579446], [10.021829666582828, 59.65524863137405], [10.01979896712337, 59.657512229729775], [10.019376997592659, 59.657858546115214], [10.019123445840467, 59.65802621528572], [10.018750486300615, 59.65815875115654], [10.018435221966586, 59.65835402819147], [10.018242790197286, 59.65835686890243], [10.017980310165719, 59.65847570548599], [10.017725812837453, 59.65848463928215], [10.017389109489397, 59.65841631213857], [10.01689196508628, 59.65851469639461], [10.016752148579426, 59.658474556232754], [10.016583301805069, 59.65850888048234], [10.016478833510856, 59.6586913083983], [10.016045654146144, 59.65873013996824], [10.015824637560971, 59.65871596485265], [10.015623294014354, 59.658801409529524], [10.01525007375053, 59.65885187848502], [10.015169541453938, 59.65889964088275], [10.014952711035608, 59.65902821741075], [10.01491032923321, 59.65911710722115], [10.014758683898355, 59.65919112905968], [10.014528006878823, 59.65915463248172], [10.014441167911285, 59.659292568520144], [10.01407247587541, 59.6594726657204], [10.013753063575493, 59.65947570015559], [10.013449915205594, 59.65960719314159], [10.013107539041021, 59.65969283814918], [10.013134227573797, 59.65983725865323], [10.012803332092536, 59.66007987879975], [10.012498543573788, 59.66019007565725], [10.01236479902143, 59.66026918543714], [10.01228831017643, 59.66029928735137], [10.012044439283674, 59.660366912545285], [10.011973851991645, 59.66050546667995], [10.011894126801582, 59.66061821250968], [10.01180917018562, 59.6606586072575], [10.011623848154295, 59.66094320898856], [10.011525333032496, 59.661066304098135], [10.011217779816205, 59.661153182024], [10.011119969851686, 59.6612894386056], [10.01074092453426, 59.661393112539464], [10.010500166869956, 59.66135856390642], [10.010331879724347, 59.661378237683365], [10.00951663374611, 59.66169468713441], [10.009464176112756, 59.66179857538746], [10.009182665323657, 59.66185855278297], [10.009077660281886, 59.662015585483175], [10.008912489655023, 59.66207756989547], [10.008402868668485, 59.66218156563687], [10.008349034347743, 59.66225886140007], [10.00809138862967, 59.66239252841538], [10.007903313583855, 59.662476938925096], [10.007680306472249, 59.66262155270169], [10.007317211228715, 59.662837562231104], [10.007126911061944, 59.66292971380172], [10.00682978415754, 59.66311585138088], [10.006698377757667, 59.66328528006967], [10.006451396152135, 59.66344751011722], [10.006265630624332, 59.663511584578934], [10.006192755456935, 59.663604436781874], [10.006174889705498, 59.66368373399795], [10.006203470002939, 59.663778298163244], [10.006183525366376, 59.6638536475643], [10.005972548508662, 59.663873306603165], [10.005810415561116, 59.663969680057996], [10.005605903414935, 59.66406524582783], [10.005449800651668, 59.664205841915575], [10.005292118524816, 59.66418408057458], [10.005227549699809, 59.66419852988409], [10.005115228246607, 59.664216014861495], [10.005090899576924, 59.66423487870338], [10.005058841730149, 59.664261454456614], [10.004958292658785, 59.664319243130194], [10.004893351313088, 59.66435526969275], [10.00481039527194, 59.66439762595615], [10.004740410069077, 59.66444362600428], [10.004619344795682, 59.6644803892575], [10.004589780437403, 59.66448546845075], [10.004521716739609, 59.6644816110861], [10.00447617180247, 59.66447699382426], [10.004432778464313, 59.664468680134775], [10.00424345988981, 59.66445515635047], [10.00403113212205, 59.664437335306395], [10.003852502432846, 59.66441414286375], [10.003676710849108, 59.664356421917624], [10.003559072420629, 59.66433204873118], [10.003377333602387, 59.664277249100486], [10.003241833894217, 59.66423671970384], [10.003171415316844, 59.66421765755684], [10.003129377332426, 59.664221720399546], [10.003018939661159, 59.664237296290956], [10.002901953059753, 59.6642455147942], [10.002739121765805, 59.66424397584866], [10.002582952686002, 59.6642514177158], [10.002428548369553, 59.66424822091724], [10.002237380508427, 59.66422922564418], [10.002149621412054, 59.66422389521268], [10.001992631830118, 59.664220149345766], [10.001796404301334, 59.664167133240895], [10.001715588353782, 59.66414029605893], [10.001539477406647, 59.664116926669585], [10.001428689861427, 59.66410981659934], [10.001379099176763, 59.66410729285209], [10.001178394637465, 59.66409620857625], [10.001018430429646, 59.6640838011979], [10.000928830077468, 59.664086046661424], [10.000827112369272, 59.66410276347226], [10.000727787322276, 59.66410463734615], [10.000646787995123, 59.6640945260364], [10.000579727407086, 59.66407442116752], [10.000454471681692, 59.66406774721416], [10.000316229315066, 59.66405158049796], [10.000211512497884, 59.6640169019752], [10.000036866847895, 59.663962278523805], [9.999879620562245, 59.66393404967396], [9.999790355520936, 59.66391975351606], [9.999700471544852, 59.66392747518565], [9.99955313582439, 59.663951984473705], [9.999372055338501, 59.66397979251966], [9.999224884959913, 59.66398055687756], [9.999066773586911, 59.66396884763248], [9.998865732625328, 59.663938584255725], [9.998769262092926, 59.663924911708044], [9.998733841318137, 59.66391204258839], [9.998648167029042, 59.66389275481523], [9.998623196767625, 59.663892070501404], [9.998489078771957, 59.66388163728409], [9.998381689038771, 59.66387321499384], [9.998311350457273, 59.66385721202513], [9.998264446877661, 59.66384741259665], [9.99822403504252, 59.66383939066082], [9.998167758045382, 59.663823295244256], [9.998174535258313, 59.66381005941813], [9.998195884465693, 59.66376949117155], [9.99823935112116, 59.663705837349795], [9.998277877324782, 59.66366574561586], [9.998348727462893, 59.66361519365578], [9.998419352387454, 59.66357686837012], [9.998487913776433, 59.663524969360545], [9.998524758476906, 59.663481844444355], [9.998543789345169, 59.663434170248976], [9.998563081960853, 59.663372831293145], [9.998586853935999, 59.66331841092866], [9.998614641067661, 59.66327520975962], [9.99866058148483, 59.66324142895704], [9.998715533589916, 59.663196117062], [9.998752180516751, 59.66315550357465], [9.998798061840649, 59.66311020488628], [9.998835180185857, 59.66305809380838], [9.998876751673496, 59.66300831206176], [9.998923332716437, 59.662935690560474], [9.99897016182135, 59.66284949373432], [9.9990303439646, 59.6627679455534], [9.999081639126826, 59.662683988561966], [9.999123431729629, 59.662616042174974], [9.999169933367307, 59.662559431436485], [9.999206723126107, 59.66251189596667], [9.999261418214747, 59.66248258792652], [9.999311241516475, 59.66246685843596], [9.99941057357193, 59.6624446538275], [9.999510206529049, 59.66241328416521], [9.999573918513265, 59.66237955235484], [9.999586467017942, 59.662353851853055], [9.999574198909619, 59.662299043970876], [9.999567476025561, 59.6621939773281], [9.999559745753793, 59.662127827243154], [9.999570286646726, 59.66205481816439], [9.999602982545055, 59.6620025379526], [9.999713665074985, 59.66189592939776], [9.999755992981116, 59.661820806079014], [9.999766402682976, 59.66175462935942], [9.999750197352764, 59.66166782329198], [9.999757375725917, 59.661544664942106], [9.999751881015511, 59.66138251717249], [9.99976797232651, 59.66126158863596], [9.999788509726141, 59.661145418210566], [9.999812350149769, 59.66101902795577], [9.999818751222005, 59.66093443509273], [9.999820130576254, 59.66086800331875], [9.999812165455083, 59.66081533909651], [9.999785936834895, 59.660767105104924], [9.999746565307943, 59.660721157875535], [9.999715465616775, 59.660686502469126], [9.999657359549571, 59.66065648300894], [9.999589883167136, 59.66063087366042], [9.999504463831455, 59.66060754754211], [9.999409687120593, 59.66059331019238], [9.999324143764477, 59.660579155692176], [9.999193579580853, 59.660550955527775], [9.999080997789669, 59.660529739975416], [9.99891404426593, 59.660505906763724], [9.998774705693442, 59.66046621513136], [9.99865327734866, 59.660422079771024], [9.998559529734042, 59.66037117516749], [9.998483535225393, 59.660318070076436], [9.99840666924106, 59.66027437801218], [9.998307035823148, 59.660243850375586], [9.998203296933427, 59.66020866746893], [9.9981400986374, 59.660185380002915], [9.99812224839681, 59.66016679460714], [9.998141115092455, 59.66013926651177], [9.998182717691869, 59.66011188766261], [9.998247324946204, 59.66006856447406], [9.998307656555477, 59.6600181504971], [9.998354695302611, 59.65994005885783], [9.99837977740245, 59.65984349480048], [9.998390551200243, 59.65976059845367], [9.998409535513295, 59.65972155923405], [9.998474043401755, 59.65969199689142], [9.998570605793212, 59.65963945883604], [9.998663592477635, 59.65955250719265], [9.998808363052715, 59.65937828866312], [9.998921236106572, 59.65921526628602], [9.999023826900462, 59.659096113942546], [9.999136055415738, 59.65899100458797], [9.999210764351382, 59.658928814410935], [9.999294358703182, 59.65886903293972], [9.999378155829056, 59.65881384741117], [9.999448077020713, 59.658756332306304], [9.999476345246213, 59.65872178614034], [9.999491235733993, 59.658673233967185], [9.99947393597325, 59.65861283583476], [9.999452360324849, 59.658550115137935], [9.999417249822551, 59.6584803997274], [9.999395844661212, 59.65841534642783], [9.999366686723887, 59.65828549160726], [9.999345720701884, 59.65819724397475], [9.999347214279977, 59.65812766775045], [9.999353291165688, 59.65805358846091], [9.99935970215717, 59.657972504629605], [9.999388703549107, 59.65789849165811], [9.99944970450718, 59.65783163918338], [9.999501033912123, 59.6577878981121], [9.999593418924407, 59.657746625467205], [9.999698980878561, 59.65772070056313], [9.999819489018872, 59.65769111828716], [9.999893821245234, 59.65766121102995], [9.999954475065612, 59.65762646276148], [9.999987882584998, 59.65757771841153], [9.99997032815802, 59.65752855630291], [9.999921225502455, 59.657458486336644], [9.999825967572566, 59.657390341363055], [9.999712559828518, 59.657308007975054], [9.999612496623707, 59.657237520039764], [9.999540366745551, 59.65717880530159], [9.999454480569781, 59.65709671361632], [9.999409354015448, 59.6570428991759], [9.999410298036478, 59.657000831395465], [9.999434296236508, 59.65695676568955], [9.999490647525626, 59.65691033765941], [9.999569895467364, 59.65686892295014], [9.999667929456647, 59.6568064543905], [9.99975212108512, 59.65674858487339], [9.999822588321038, 59.65667903517959], [9.999846926579412, 59.6566255360359], [9.999839383997275, 59.65654859725003], [9.999808315545842, 59.6564994585173], [9.999767844779683, 59.65645256950421], [9.999694419440619, 59.656431140988694], [9.999547306376705, 59.65642102124007], [9.999257218663937, 59.656412365008016], [9.99897189103837, 59.65639921183653], [9.998695796756378, 59.65637660468144], [9.998544068490416, 59.65636405826186], [9.998428576655094, 59.6563672011917], [9.998321468828475, 59.65637849147863], [9.99819077564968, 59.656401295430946], [9.998092762472167, 59.65641716154178], [9.997985654974942, 59.65642368339616], [9.997869644577307, 59.656411241966715], [9.997767968491537, 59.656380185703135], [9.997671251047457, 59.656332585304106], [9.997532976498078, 59.65628231659746], [9.997371247965711, 59.65623672897519], [9.997204575977833, 59.65619805943665], [9.997033274646654, 59.656161821691065], [9.996848118972034, 59.656125503841274], [9.996732262425784, 59.65609894263507], [9.996639838472907, 59.6560797548008], [9.996551722262845, 59.656069818143884], [9.996481924749586, 59.65607173761406], [9.996406997709832, 59.65609253364009], [9.996350408826245, 59.656127435719], [9.996275005985325, 59.656178801824495], [9.996190497568419, 59.656211376736785], [9.996069391019025, 59.656224738900555], [9.995901883194392, 59.656223821310455], [9.995730088456188, 59.65621113398343], [9.995563080901535, 59.65619377135364], [9.995479745593421, 59.65617681954922], [9.99540526811101, 59.65614698148414], [9.995368812140853, 59.65610420298042], [9.995365562627779, 59.656042632077195], [9.995377024429702, 59.655950405681814], [9.99539740274096, 59.65586751687475], [9.995445645393794, 59.655792081296966], [9.99550794925125, 59.65573319737179], [9.99559333217049, 59.65567690539638], [9.995669324819602, 59.65562754148801], [9.99571758607732, 59.655554355688686], [9.995733161186456, 59.65548576765463], [9.995744456503727, 59.65540298129279], [9.995755399124844, 59.655315413258236], [9.995789805362472, 59.65524214742472], [9.995837886343038, 59.65518325926035], [9.995928079073638, 59.655131649337996], [9.99603161341454, 59.65509188523375], [9.996131042742459, 59.65504746579245], [9.996226332762586, 59.654965282326586], [9.996288805789906, 59.65489452909458], [9.996347000253593, 59.65480004121687], [9.996390609551863, 59.65472703721356], [9.996396672331521, 59.65465070822081], [9.99636965330458, 59.654598304640544], [9.996328249200326, 59.65455056899914], [9.996287013251763, 59.65451480521249], [9.99623124846611, 59.65448586302629], [9.996142780123225, 59.6544545006752], [9.996021444934145, 59.6544206218799], [9.995899959077814, 59.65439132545698], [9.995788031780679, 59.65436230449759], [9.995675939474946, 59.654342723531954], [9.995568477801324, 59.65431594237061], [9.995484810665346, 59.654279815049826], [9.99540147954117, 59.654231915004544], [9.9953130331744, 59.654198033853405], [9.995205539351272, 59.65416909196581], [9.995135369437323, 59.65415210355776], [9.995075160601644, 59.65412317079254], [9.995033764105138, 59.65408254226859], [9.995030190634838, 59.6540421908714], [9.99506375355796, 59.65399957130206], [9.995135311745852, 59.653945359942846], [9.995202426006886, 59.653881622137135], [9.99528322130338, 59.653829833220854], [9.995368998435012, 59.65378039397789], [9.995402730261397, 59.653740209874684], [9.9954087406286, 59.65366900691775], [9.995372657815079, 59.65360707990294], [9.995331619795326, 59.653542624242256], [9.995314366702052, 59.653480787624225], [9.995353419900647, 59.653412107980884], [9.995392999787585, 59.653326804803584], [9.995403281324574, 59.65327699713078], [9.995383513299283, 59.65319986011535], [9.995319922644404, 59.65309477698689], [9.995246404705775, 59.65300379861062], [9.995186914405643, 59.65292721145458], [9.995160097733397, 59.65286275986049], [9.995124057217595, 59.65279579627448], [9.99509209253153, 59.65274320317078], [9.995078941640362, 59.65270032625956], [9.995098842819036, 59.65264323945668], [9.995105425778373, 59.652562252127936], [9.995064767378237, 59.652476219061604], [9.99498751889237, 59.65235666859483], [9.994895893773384, 59.652239357083175], [9.99479058264844, 59.65210775719852], [9.99470835312817, 59.651990624991726], [9.994609886144447, 59.651891764400695], [9.994531433977706, 59.65181481135343], [9.99447605760493, 59.65174521855722], [9.994430256406357, 59.65168768759503], [9.994360299776613, 59.65165145409353], [9.994271708252498, 59.651600742865966], [9.994230004466763, 59.65155029594485], [9.994179610802295, 59.65148305280019], [9.994138623695463, 59.65142066779931], [9.994088034168046, 59.65135116796915], [9.994023605503404, 59.65128149850946], [9.993958443911904, 59.65123816097524], [9.993850856426105, 59.65118492332579], [9.993757465841886, 59.651143744402454], [9.9936544707519, 59.65110498686466], [9.99354723884069, 59.651046994353315], [9.993486702676382, 59.65099411721802], [9.993483728097464, 59.65092715872116], [9.993508993528323, 59.650841308341874], [9.99353905514514, 59.65076499793243], [9.993559539892885, 59.65068616189969], [9.9935613455536, 59.65061218903892], [9.993543817566184, 59.65054746263237], [9.993486766628916, 59.65049624824943], [9.993421465675677, 59.65044552785163], [9.993341922696475, 59.650406857680686], [9.993233619692317, 59.650375093910185], [9.993078084968738, 59.65034062298842], [9.992922729837955, 59.650296622354084], [9.99282458338868, 59.650233758807175], [9.992797863231315, 59.650156804976504], [9.992827767158927, 59.650087506014394], [9.992895492814629, 59.65003036038138], [9.992987023510914, 59.6499637796011], [9.99305957283422, 59.649885046726006], [9.993051657834526, 59.64981547005505], [9.992996142450156, 59.649752798524986], [9.992921251363573, 59.64970917800114], [9.992808143868738, 59.64968460715938], [9.992671238738785, 59.64966704247875], [9.992571966299739, 59.649656945625196], [9.992482483716115, 59.649637237145775], [9.992393373408, 59.64959838009229], [9.99226199985363, 59.64953784299166], [9.992131009709217, 59.64946760409172], [9.991981231266603, 59.64938036205737], [9.991792175573746, 59.64924789290823], [9.991635882368973, 59.64917452573137], [9.991484377961786, 59.64911312721947], [9.991365270693134, 59.64909066449748], [9.991198750974837, 59.649063147841154], [9.99104625849726, 59.64904048634888], [9.99088916844194, 59.64900577313141], [9.990722865197064, 59.648961350505886], [9.990599150683874, 59.64893880063233], [9.990479638809918, 59.64893332518024], [9.990336145012428, 59.64893727748486], [9.990212004004798, 59.648934233560574], [9.990112087735298, 59.64890467742228], [9.989998904460414, 59.648853291208745], [9.989937563454474, 59.64881180706863], [9.989886018699094, 59.64876305089419], [9.989829476382786, 59.64872157051694], [9.989830284582075, 59.64868048692245], [9.98985585517479, 59.648610482781564], [9.989857268798447, 59.648545131503624], [9.989834504696512, 59.648486951343976], [9.98978830001977, 59.64842625416782], [9.989722190139043, 59.64837981907472], [9.989646808770832, 59.64833833690076], [9.989546915690118, 59.64830626210675], [9.989399404641798, 59.64827884120139], [9.989237512254473, 59.64825131918087], [9.98911857297897, 59.648228950694964], [9.988995434034347, 59.64818473938786], [9.98889613481827, 59.648128485894645], [9.988802019921302, 59.648057766385314], [9.988727277107257, 59.64798230084686], [9.988652137351172, 59.64791662637528], [9.988576802196503, 59.64786533897085], [9.988467667284588, 59.64779404386778], [9.988425559325846, 59.64774519865865], [9.988397990435619, 59.64769421136018], [9.98834149563881, 59.64764292574102], [9.988318573302939, 59.647596524755365], [9.988329192691562, 59.6475480798436], [9.98833544172722, 59.64748012477319], [9.988294106116701, 59.64740233994757], [9.988252822262055, 59.647312321671194], [9.988192321090104, 59.64723434243971], [9.988121870432145, 59.64715634190103], [9.988032776745426, 59.64708059602826], [9.987938153510811, 59.647016873672555], [9.987767392202063, 59.64693341069999], [9.987596455026598, 59.64684994074482], [9.98746386139148, 59.646771538244195], [9.987260334285686, 59.64666117878593], [9.987080201301486, 59.646567909287356], [9.986899848288658, 59.646484437419666], [9.986743278728001, 59.646410693332875], [9.986562719784043, 59.64631434786979], [9.986462924578918, 59.64626266156141], [9.98638708526528, 59.646213602553686], [9.986287077205155, 59.646169285186375], [9.98617750793338, 59.646122352161356], [9.986029581710781, 59.64607520857546], [9.985857489222385, 59.64602803829419], [9.985711072274974, 59.64599219797753], [9.985613533437718, 59.645968217148265], [9.985374609519013, 59.645909218158124], [9.985288109442171, 59.64587441436959], [9.985135697729083, 59.645820440261645], [9.985018390180311, 59.64576466275783], [9.98499600849984, 59.64574914027642], [9.984938027355241, 59.64568646021126], [9.984914238863961, 59.64561024635196], [9.984861419698282, 59.64554038686218], [9.984831424640717, 59.64545457854163], [9.984813976414387, 59.645375188971826], [9.984767816086869, 59.64529883719928], [9.984733978554337, 59.64524347016618], [9.984714926619393, 59.6452045040369], [9.984713686917647, 59.64520328694808], [9.984676846575901, 59.645165618157236], [9.98463123202632, 59.64511888623519], [9.984573846230033, 59.645042733803535], [9.984404470474203, 59.644887165902404], [9.984247550288815, 59.64471012343124], [9.984141482883347, 59.644547175911896], [9.984080202717152, 59.644449551819804], [9.984005604317987, 59.64431147189193], [9.983836227634143, 59.644182083334506], [9.98367577051221, 59.64405960409608], [9.982897566351799, 59.643574981021544], [9.984192375875933, 59.64240846241611], [9.984232912220351, 59.64238338650768], [9.985783136561393, 59.64142259415678], [9.98650281198424, 59.640635890849545], [9.986817150652525, 59.639727850905466], [9.986795200130466, 59.63929939933554], [9.986569816573413, 59.63897066112724], [9.986111021885407, 59.638705669081986], [9.983437034984084, 59.63752840853613], [9.980880007259602, 59.6364576887052], [9.980024320747109, 59.63608378791693], [9.979309425377497, 59.635766476366626], [9.975625321696654, 59.63356098785335], [9.975289275885627, 59.633254425729774], [9.9751408161361, 59.633118809693286], [9.975055370662758, 59.63303455654949], [9.974951781621378, 59.63294096942447], [9.974821630553295, 59.6328076757695], [9.97470517180949, 59.632679046528935], [9.974638485392557, 59.63257868992406], [9.974604121738885, 59.632478405615714], [9.974575575088355, 59.63231320849686], [9.974713489773762, 59.62853592390111], [9.974754057729745, 59.628046891189655], [9.974874488272057, 59.62757136333998], [9.97622889957332, 59.62433293851469], [9.976463979891529, 59.6240190769633], [9.976801761881616, 59.623568451495096], [9.977144554351689, 59.623115138878596], [9.980663504547955, 59.618492264122594], [9.981004994268778, 59.618038624007674], [9.981073908481873, 59.61795184211472], [9.980273764364247, 59.61778311810506], [9.972582332272784, 59.61627782573803], [9.971680704557063, 59.6161066743251], [9.970802288350725, 59.615939468157606], [9.969917578998103, 59.615771653885126], [9.969672728415517, 59.615718239865394], [9.969062487145216, 59.615585180112475], [9.96828262961172, 59.61540267542681], [9.967409299309384, 59.61519821465121], [9.966574408030143, 59.61496364884047], [9.96586689625585, 59.61476304155496], [9.96497239447317, 59.614457254287544], [9.964217988515696, 59.6141657632994], [9.963432439347818, 59.613893760576985], [9.962649106869337, 59.613631914639555], [9.961859060995229, 59.61336755578763], [9.961198355012298, 59.6131382260367], [9.961020552198724, 59.6130629975508], [9.96024050062564, 59.61278308904051], [9.959546637502267, 59.61254887348501], [9.958676095819914, 59.612359753183], [9.957813818782972, 59.61217004588134], [9.956732843745158, 59.611924573075335], [9.956027943723067, 59.6117782611461], [9.955832717315817, 59.61173285225624], [9.955000054787488, 59.61154003961726], [9.95480216817039, 59.611493446837216], [9.95406918819439, 59.611297817029545], [9.95328387161077, 59.61105355875979], [9.952564335810587, 59.61083711639676], [9.951853887413357, 59.61072205577953], [9.95089099717455, 59.610538402163286], [9.949990334685449, 59.61038845414803], [9.949119527876263, 59.61031270807133], [9.948201652635822, 59.61018520441042], [9.947322784648124, 59.60999910229225], [9.946443749942333, 59.60982360393556], [9.945601299793333, 59.60961388603221], [9.944619062325252, 59.60941882007036], [9.943972793215732, 59.60924339826308], [9.943794272156259, 59.609187460451814], [9.94288104615041, 59.608878539456576], [9.942065854891261, 59.60856476760833], [9.941297965134844, 59.60822582981152], [9.940772150214213, 59.60783093787609], [9.940331474935201, 59.607453104188494], [9.939982026254608, 59.60725217155916], [9.93950632933437, 59.606978423571036], [9.939430352877663, 59.60693481607865], [9.938789196454987, 59.60655047483743], [9.93819896353807, 59.60616639251101], [9.937536140098464, 59.60569870300291], [9.9369558799677, 59.605307533018774], [9.936400576997096, 59.60492281503473], [9.935774388787994, 59.60461389195644], [9.935619506615277, 59.6045368151437], [9.935191636095517, 59.604186538563596], [9.934530420039115, 59.60394876753785], [9.934102430861413, 59.60392768293719], [9.933975203130489, 59.60392149255761], [9.933578220729533, 59.60390196780232], [9.932930804719582, 59.603872824170175], [9.93293366521331, 59.60374328801052], [9.933031022535536, 59.60327570816662], [9.933151902034574, 59.602933378898996], [9.93439190418811, 59.60070843495905], [9.934683706158985, 59.60025414836614], [9.934858176206173, 59.6000058444266], [9.936360631298605, 59.59787023161086], [9.936664543724232, 59.59741884023221], [9.936812366740268, 59.59707278438657], [9.938271000636341, 59.593860048494925], [9.938477139391082, 59.593381115450946], [9.941837949747793, 59.58691853030252], [9.935485073206008, 59.586476238720074], [9.935147472155341, 59.58645136751749], [9.932434349309565, 59.58645180238156], [9.931934015452395, 59.586451921372294], [9.931922171670209, 59.58645281156355], [9.93161816757316, 59.58647574888208], [9.931301660793238, 59.586491002896224], [9.931287537466899, 59.58649171463674], [9.931143482010452, 59.58649872248263], [9.931065284239772, 59.586473736302864], [9.930943770987938, 59.586439512240794], [9.930779067814273, 59.58639992376722], [9.930634500812753, 59.58636210593903], [9.93050296054511, 59.58632614288773], [9.93037432548268, 59.58630855640583], [9.93026193518904, 59.5862961885533], [9.93018256715735, 59.58629895727536], [9.930129471570808, 59.586308683349465], [9.930029673454662, 59.586331622421284], [9.92993351399857, 59.586341027094235], [9.929834319594093, 59.586338797719165], [9.92975829338768, 59.58632999969406], [9.929715753609505, 59.586306216324964], [9.92971353031508, 59.58625745603459], [9.92970510007994, 59.58620044752793], [9.929693268338545, 59.58614834537864], [9.929651412934547, 59.586097687366596], [9.92949084484506, 59.586033065904154], [9.929429328447046, 59.58601394428051], [9.929162934590044, 59.58593109043215], [9.928778237119728, 59.58588683056375], [9.92581729625688, 59.58496259625617], [9.925650386807064, 59.58491067926963], [9.925400555273946, 59.58475585406228], [9.92503073777283, 59.58451449473806], [9.924583655103227, 59.58426086601772], [9.924235735890056, 59.58406839918467], [9.923932940070266, 59.58384970337286], [9.923513420881765, 59.58362863116399], [9.923046776086643, 59.58338251386742], [9.923025266501979, 59.58337106152243], [9.922382103681393, 59.5830533935863], [9.921866307927717, 59.58284854764728], [9.921686670818401, 59.58276239136275], [9.92124767073579, 59.58253893449295], [9.921084585654805, 59.58252404796561], [9.92099306808718, 59.58252157015082], [9.920529863970241, 59.58250878182889], [9.920436406529115, 59.582506228207194], [9.919615297952877, 59.58250579359236], [9.918594618903642, 59.58250182115832], [9.91823165153294, 59.582480776776265], [9.917588211674376, 59.58249731623152], [9.916639446981728, 59.58252572641583], [9.915695100868023, 59.582547193939185], [9.915438334683515, 59.582539451413005], [9.915329270578255, 59.582484103343965], [9.915794868080475, 59.58234621120724], [9.916570362865857, 59.58208406828466], [9.91728019746761, 59.58184428885989], [9.917792265318564, 59.581640629339766], [9.918327098552359, 59.58145530782202], [9.918872916284625, 59.58127473006303], [9.919421001454435, 59.58108263205717], [9.919926203258406, 59.5808960622257], [9.92045822350591, 59.58071980024999], [9.920754858446205, 59.5805751426062], [9.92144195557304, 59.580222444209774], [9.921747581176273, 59.580073460005025], [9.921705527443287, 59.580033397011235], [9.858118144321201, 59.519334033414665], [9.854570965927115, 59.51157624000899], [9.834467460567765, 59.51132938545874], [9.822348629694801, 59.504385462705315], [9.865931165752885, 59.45929643587245], [9.865470769219678, 59.45926662913392], [9.865045942366482, 59.45923693635454], [9.864579048155028, 59.45919910646041], [9.864127405155967, 59.459171413216104], [9.863676065612498, 59.45913824184699], [9.863188888269786, 59.459098977743615], [9.862741985314564, 59.45906453833345], [9.86229062746974, 59.4590256929127], [9.86183702675829, 59.45900043375485], [9.86146392253983, 59.45896772950025], [9.861392238758636, 59.458962563971845], [9.860920617890708, 59.45892912315061], [9.860422312569698, 59.458887520272874], [9.859941865517868, 59.45885633709999], [9.859468138163747, 59.458823977549734], [9.859005513281398, 59.45878719549416], [9.85854975930088, 59.45874708378176], [9.858073889792696, 59.458711395452134], [9.857606531287702, 59.45868018004546], [9.857155385626044, 59.45864348432101], [9.856692939115716, 59.45860904032615], [9.856236879948911, 59.45858024529776], [9.855774096235951, 59.45854686439421], [9.855282530645729, 59.458508656698406], [9.854786381645745, 59.45847269552893], [9.85432394032089, 59.458438243197996], [9.853836460560936, 59.45841035856057], [9.853378602674665, 59.45836555659782], [9.853050441688561, 59.45834306029478], [9.852947279293087, 59.45832989872817], [9.852543982604836, 59.45858120046371], [9.852347927223782, 59.458660284225594], [9.852166075181126, 59.45874010865889], [9.852018105997722, 59.45884115590639], [9.851756750010619, 59.4589937794311], [9.851690906053276, 59.45915322568333], [9.851849153444883, 59.45950192573544], [9.851733325968189, 59.45985590569704], [9.851018437566445, 59.460175154140146], [9.850962609347976, 59.46025959575474], [9.850929696982922, 59.46030967197047], [9.850825312020252, 59.46046795527145], [9.849569960503414, 59.461472607743296], [9.849507022498189, 59.461503951831986], [9.848859048863412, 59.461866233368596], [9.848196968983963, 59.46219574292886], [9.847924788649209, 59.462391210692225], [9.847573976209128, 59.46257601167702], [9.847119532848797, 59.46275293601113], [9.846784871077526, 59.462823743482744], [9.8464551918479, 59.46294297455153], [9.846140415599233, 59.463065313456724], [9.84587246861868, 59.46323755089005], [9.845745732426357, 59.46335094858568], [9.84543446212459, 59.46354639560685], [9.845220554414457, 59.46358346455174], [9.844705604966443, 59.46352314922201], [9.844108347262976, 59.46340217095], [9.843745225855578, 59.463398784096945], [9.843126348598954, 59.463490010904046], [9.843049544226371, 59.46349632984171], [9.842956936843832, 59.46350310321961], [9.84287144203757, 59.463508448383806], [9.842798010363301, 59.463501943959564], [9.84264485721926, 59.463474559760385], [9.842478584903771, 59.463460152794404], [9.84230988481483, 59.46340030123032], [9.842135830109324, 59.46324936094638], [9.842115484732291, 59.46316613708018], [9.842106792506693, 59.46313277162047], [9.842087176053193, 59.463058664250646], [9.842042125494403, 59.46301450243408], [9.841877436885476, 59.4629584980238], [9.841559014623938, 59.462985396491035], [9.84143636910905, 59.46300249701766], [9.841324716390924, 59.4630425267206], [9.841215662279824, 59.463088687634674], [9.841150238026033, 59.46312118923441], [9.84101964981546, 59.46329093576762], [9.84083810171937, 59.46345866517843], [9.840714251482094, 59.46358198014603], [9.840428738340892, 59.46376367928924], [9.840193560240406, 59.463873949227], [9.840042215423306, 59.46398627780028], [9.839905476180771, 59.464070121857524], [9.839801260680694, 59.464137797816115], [9.83968242260734, 59.46421092326602], [9.839582261776208, 59.464262473754815], [9.839541501678518, 59.46427237711707], [9.83924976132216, 59.46438832417347], [9.839036038133917, 59.46439749768973], [9.838828153047992, 59.46439970385695], [9.838711640105782, 59.46440786714633], [9.838563273764745, 59.46442664599103], [9.838464037877246, 59.464442061518945], [9.838361860069696, 59.464446653202614], [9.838084955414612, 59.46446205100313], [9.837864649330498, 59.46456399826855], [9.837517112487209, 59.46495000278358], [9.837369943969213, 59.46503954983011], [9.837109071841764, 59.4651442981727], [9.836788911263184, 59.46523095158228], [9.836579142491336, 59.465309020443655], [9.83607820468858, 59.46565520361565], [9.835947212535512, 59.46583428759213], [9.835761388874298, 59.46596729026297], [9.83551826560252, 59.46612582549673], [9.83529162585465, 59.466243623881276], [9.835161887038671, 59.46630236725865], [9.835104991411063, 59.46632179743426], [9.834995359424937, 59.466370450094125], [9.834935034492691, 59.46641691746955], [9.8349191813565, 59.46642924603655], [9.834857295153578, 59.46645702621113], [9.83483279856235, 59.4664646033857], [9.834711869676584, 59.466502730729395], [9.834567279631703, 59.466512927150035], [9.834430976335666, 59.46652327184427], [9.834308292313334, 59.46654513335276], [9.834218635205726, 59.46657415212288], [9.833944903813016, 59.46665418115642], [9.833846540634845, 59.466697341010935], [9.833734067143032, 59.46675298828592], [9.833567849397516, 59.46684789497617], [9.833247995620296, 59.467038656376154], [9.832915088681446, 59.46723843727887], [9.832859001312213, 59.467272205001244], [9.832707762304588, 59.46733621235411], [9.83266443454081, 59.46736400742111], [9.832600801857009, 59.46740548393658], [9.83244487144572, 59.46751168443531], [9.832425919822901, 59.4675246097234], [9.832300354470885, 59.46758027675982], [9.832150168584127, 59.46767203834926], [9.832095358216309, 59.46771593388808], [9.831944543012305, 59.46772633064109], [9.831838214556821, 59.46773255247685], [9.831739691331597, 59.4677293661127], [9.8315436172291, 59.46772357157737], [9.83141421658732, 59.46771997049341], [9.831287515471853, 59.46768372448514], [9.831185116730722, 59.467650421494724], [9.831117356666836, 59.46760220599534], [9.83104884844445, 59.467584283234594], [9.830941155386823, 59.46756939546304], [9.830679518566436, 59.467574946285886], [9.83053468559665, 59.46758206950463], [9.83045433229731, 59.46759300938514], [9.830303307312553, 59.46760015672105], [9.830162002625611, 59.46760732948012], [9.83004661610319, 59.467599963892944], [9.829956663387827, 59.46760431429125], [9.829882168252439, 59.46762664339906], [9.829859413225122, 59.467641307020344], [9.82982994348775, 59.46766056311016], [9.829757911853523, 59.46772222012618], [9.829737292100015, 59.46776450158888], [9.829726326100344, 59.46781994277851], [9.829704433865087, 59.4678970851062], [9.82969462825442, 59.46791955051292], [9.829687323161771, 59.467969558289795], [9.829683440420968, 59.46798452053695], [9.8296581720064, 59.46800520292413], [9.829619752077068, 59.4680447988474], [9.829583938935576, 59.4680719912594], [9.829527520733983, 59.46809980601813], [9.82951481937901, 59.46810308128745], [9.829306888809672, 59.468157368140695], [9.829125756396772, 59.4681763667011], [9.8289169112252, 59.46820083405063], [9.828690794419408, 59.46820185152379], [9.828449473696354, 59.46822017099898], [9.828207816259916, 59.468251073563614], [9.828007896457292, 59.468273824104315], [9.827781105427011, 59.468280391884115], [9.827558302489935, 59.468254005677714], [9.826837785928882, 59.46809260653467], [9.826467889061364, 59.468061550574795], [9.826002861019889, 59.46802824728331], [9.825719722204663, 59.46800909063893], [9.825593096686998, 59.4679908375503], [9.825462087444732, 59.46795504457071], [9.825270734728681, 59.46794150994952], [9.825046834629502, 59.46793730034591], [9.824870514794915, 59.4679560341817], [9.824698429928322, 59.46799212172207], [9.824247899404753, 59.46810299264127], [9.824097659371736, 59.46815227377035], [9.823709301124154, 59.468281987558385], [9.82322994016734, 59.46841132553289], [9.822951337274912, 59.468431753469886], [9.822727371733725, 59.46841296089279], [9.822342913349711, 59.468394991550696], [9.82207383786991, 59.46841093722243], [9.821770411741944, 59.46845602041882], [9.82153615115465, 59.46849512271686], [9.821293125259116, 59.46853603586041], [9.820948317685769, 59.468518917819246], [9.820709479050015, 59.46853714176976], [9.820460602391204, 59.46857008279412], [9.820308733303241, 59.46860111939623], [9.820167601863238, 59.46864859864661], [9.819819503835346, 59.468781970651186], [9.819744292610432, 59.46886536104941], [9.819566983832122, 59.46895270210291], [9.819484836859116, 59.46897067239833], [9.819267928829358, 59.469086762066006], [9.819112470597158, 59.46918378884625], [9.819084497082862, 59.46917826812176], [9.8190537665977, 59.469172277903084], [9.818643714556062, 59.46905835334688], [9.818237979212963, 59.468943969170134], [9.817798342465247, 59.468828145952216], [9.817385915508195, 59.46871592237047], [9.816978074368757, 59.46859803114052], [9.816576238398607, 59.46849171465004], [9.816157108891264, 59.46837598120928], [9.816036507453521, 59.46833924273403], [9.815747143063131, 59.46825125301105], [9.815349743861164, 59.4681529371227], [9.81503333817571, 59.468072958031506], [9.814594062859479, 59.46794571048548], [9.814195811526552, 59.467844927568215], [9.813802508997398, 59.467733812746815], [9.813409360914775, 59.46761595440417], [9.812960049985158, 59.467495410045295], [9.812785990169862, 59.46744646348445], [9.812548894811044, 59.46737971172257], [9.812135096864722, 59.46727317467299], [9.81175537847535, 59.46715773509208], [9.811319688515031, 59.46703376782953], [9.811303678513482, 59.467029801316784], [9.810123388406765, 59.466713146243805], [9.809683272948002, 59.4665904366586], [9.809265432284047, 59.466475810859095], [9.80884955194703, 59.46636225148499], [9.808429574705732, 59.46623970957748], [9.808009455307035, 59.466126158490844], [9.807593557565102, 59.4660173630851], [9.807209201121855, 59.465903524290546], [9.806813380556383, 59.46580101482979], [9.806384261686999, 59.46568512011393], [9.806004246146797, 59.46557873884351], [9.805615233206334, 59.46547109805232], [9.805203943478634, 59.46535887905629], [9.804797095004009, 59.46524998498543], [9.804394988390278, 59.46513327041784], [9.804015002504615, 59.46502562448181], [9.803588023463934, 59.46491547404639], [9.803181160595667, 59.46480099534333], [9.802977601058352, 59.46474402031861], [9.802792169167482, 59.464692176767045], [9.802387628314957, 59.464585616252165], [9.801965405867866, 59.46446071327061], [9.801552029157296, 59.464349568599886], [9.801122936401175, 59.46422798790261], [9.80070957918248, 59.464116751206475], [9.800291621603765, 59.46400326006947], [9.799884967412767, 59.46388985856262], [9.79946259859083, 59.463775198845994], [9.799100466703623, 59.46367004971517], [9.79869594655136, 59.46356005869086], [9.798279966961035, 59.463454467917174], [9.79790475709831, 59.46334015527013], [9.797477813127449, 59.46322773560888], [9.797066244573541, 59.4631279855545], [9.796695466166518, 59.463017085395755], [9.796297504334458, 59.46290707838552], [9.795956665533135, 59.462811858110484], [9.79564176009583, 59.46272388103926], [9.795154673919777, 59.46258655683175], [9.794632114267065, 59.46244313499407], [9.794098586920864, 59.462294054018024], [9.793577961556599, 59.462157633446324], [9.793086655547297, 59.4620133839788], [9.792555090927369, 59.46187229299306], [9.792066256937051, 59.46172696847422], [9.79157002188648, 59.46159412345314], [9.791036353523594, 59.46144268409061], [9.790515928945652, 59.46131084762542], [9.790108401929864, 59.4611909003776], [9.789997979291673, 59.46115841240373], [9.789490651020111, 59.46102538551083], [9.788983998808101, 59.460876546994406], [9.788463607346001, 59.460735435208946], [9.787965606841285, 59.460589008004405], [9.787449475845994, 59.46045814014612], [9.786902952975304, 59.460297440632665], [9.786418059153206, 59.46016466860038], [9.785937557540365, 59.460033240129874], [9.785403767294383, 59.45989319903859], [9.78489276624816, 59.45974183016983], [9.784409825489934, 59.45961596693369], [9.783903217514323, 59.45946710926178], [9.783456287252006, 59.45933818449335], [9.78296877237673, 59.45921339226247], [9.78246660650185, 59.45906560630182], [9.78196371858954, 59.458932816207714], [9.781467753355054, 59.458796432082245], [9.780978301813523, 59.45866939490025], [9.7804539035772, 59.45851459168508], [9.779929171640454, 59.45837569952878], [9.779466743599802, 59.458238581098186], [9.779017367359621, 59.45811539100806], [9.778527781547277, 59.457985909233486], [9.77802792952603, 59.45784053737222], [9.777556331068247, 59.457713662095145], [9.777080139650002, 59.45758336161361], [9.77657996675274, 59.45744813890687], [9.776090923207091, 59.45730841131514], [9.775610686509985, 59.45717119439119], [9.775128367979812, 59.45703146262536], [9.775045481904888, 59.45703137880307], [9.774588725399482, 59.45703034153809], [9.774033552014819, 59.457033634377154], [9.773439920322557, 59.45703187317336], [9.77287099926337, 59.457036049400415], [9.772284768286571, 59.45703215026418], [9.771729082944521, 59.45703874206487], [9.771164563137189, 59.457044167194475], [9.770575879266822, 59.4570458307938], [9.770002183241745, 59.45705115261166], [9.769435559049606, 59.45705189672247], [9.76888038975101, 59.457050578683024], [9.76830033268096, 59.457054737848374], [9.767713936753971, 59.45705189127614], [9.767197160875028, 59.45705831630303], [9.767045666365526, 59.45707436870309], [9.76650746695801, 59.45714831713254], [9.765944358171069, 59.45722558209585], [9.765414969721398, 59.45729853027809], [9.764852064103517, 59.45737444907308], [9.76429336768276, 59.457455123702935], [9.763683323235856, 59.457536342303015], [9.76309957534818, 59.457628062997664], [9.762538739813682, 59.457700815886376], [9.761991164730345, 59.45778264773544], [9.76144393389856, 59.45786224162659], [9.760874108779298, 59.45794047503748], [9.760313462461164, 59.458014216011456], [9.759748037999316, 59.458092531578245], [9.75922974140491, 59.45817013049492], [9.758866890913072, 59.45821537657191], [9.758785503477402, 59.45822839022083], [9.75850196625256, 59.45827853477053], [9.758637958164648, 59.45804240089563], [9.758783564154568, 59.45780125463072], [9.758863186031201, 59.45765040659367], [9.758883797106407, 59.457626940213125], [9.758922725270658, 59.45758909341443], [9.759113851464601, 59.45730973532053], [9.759301278640724, 59.45700521310789], [9.759476866791609, 59.45671659145205], [9.759663768159239, 59.45642680488322], [9.75982594442587, 59.45613800351311], [9.76002712458184, 59.4558279148022], [9.760203047232894, 59.45553021769496], [9.760379350617233, 59.455227766663405], [9.760556869750388, 59.45494821991499], [9.760753440923843, 59.45463812508544], [9.760931666333246, 59.45433917016158], [9.761099819985494, 59.454067524761555], [9.761305740971485, 59.453751776425776], [9.761477046064885, 59.45345749182254], [9.761640443505112, 59.45319024384811], [9.76182552595314, 59.45289255355534], [9.761998277559814, 59.45261965247543], [9.762169394751142, 59.4523287790397], [9.76235146776148, 59.45204131524539], [9.762517300537565, 59.451769665291344], [9.762695678881549, 59.45147179467209], [9.762871572080586, 59.4511796728598], [9.763034743332128, 59.450916013900844], [9.763208171644012, 59.450623792715824], [9.763371692982613, 59.450352139112205], [9.763551821550916, 59.45006225648635], [9.763743390200782, 59.449769234132134], [9.763911667458512, 59.44949192233947], [9.764113483005895, 59.44916466819825], [9.764302042551863, 59.44888187231928], [9.764480199695974, 59.44859091979006], [9.764651287310784, 59.44829995298574], [9.764827140696774, 59.448002158902256], [9.765006878794987, 59.44771918784331], [9.765180074452537, 59.447436223704315], [9.765334390150812, 59.44716788784583], [9.765507262061517, 59.44689381864349], [9.765689796410076, 59.446597281985184], [9.76586756803411, 59.44630523289462], [9.766054334429857, 59.4460166943473], [9.76624340810651, 59.445728068332784], [9.766423660653082, 59.445434768648674], [9.766580441783843, 59.44515951222587], [9.766780969427943, 59.444861897630176], [9.766955013315242, 59.44455386094683], [9.767137526311833, 59.44425957159857], [9.767331320223361, 59.44396429543885], [9.767521585270643, 59.443643862338824], [9.767697382156857, 59.44334381381843], [9.76788836672333, 59.443056342680975], [9.76805236411723, 59.44277768560912], [9.76821455865988, 59.44248554868153], [9.768400932525065, 59.44220383068493], [9.768595415495339, 59.441891394335144], [9.768780018883746, 59.441593678056606], [9.768951036999248, 59.441308373518154], [9.769109462902358, 59.44107358299964], [9.76922261603126, 59.44088700457247], [9.769367093181932, 59.440631587809], [9.769535931288729, 59.44037399963965], [9.769693457806516, 59.44012441548176], [9.769851340079034, 59.439865667320475], [9.769997761574784, 59.439607898637114], [9.770168679850435, 59.43935849177984], [9.770324093166835, 59.43910423318819], [9.770468391991049, 59.43884871846698], [9.770625908286645, 59.43859796336224], [9.770771611111481, 59.43837444833217], [9.770922584302589, 59.438120280970466], [9.771068796698618, 59.43786718214363], [9.771223686546405, 59.43764133606648], [9.771404123531115, 59.437369094828185], [9.771478429488514, 59.43693557550046], [9.771540086451816, 59.43666603521406], [9.771601742318802, 59.43639649487828], [9.771650154598744, 59.436136051046944], [9.771705275566674, 59.435865348603706], [9.77176201590666, 59.43560586889345], [9.771830720655553, 59.43533184241496], [9.771874530804096, 59.43506572498276], [9.771945027152608, 59.434810936516136], [9.772017970401842, 59.43454031946899], [9.772068497474274, 59.43426844283279], [9.772123428309706, 59.434003491568305], [9.772171500250273, 59.43374519362444], [9.772228572993578, 59.43348122813582], [9.772283502081123, 59.43321969610102], [9.77233861310985, 59.43295241253333], [9.772384040171742, 59.43271119495205], [9.772447452217436, 59.432463320651166], [9.772495527653373, 59.432217530301266], [9.772549765284975, 59.43197414681396], [9.772599588300663, 59.431737604731296], [9.772661061464426, 59.43149082236017], [9.77271793745854, 59.43123035823219], [9.772770067494976, 59.430993728759944], [9.772811072192033, 59.430752513654355], [9.772868466677695, 59.430489820783], [9.772911406081843, 59.43025093286148], [9.772961575064986, 59.4300029769685], [9.773014054498558, 59.42974692545712], [9.773059456192906, 59.42950237751715], [9.773109787374755, 59.42924992904341], [9.77317107459178, 59.428999719864144], [9.773185134860267, 59.42889734503211], [9.773205539272732, 59.4287505038838], [9.773215489442114, 59.42870213309878], [9.773257823344807, 59.42850254287762], [9.773307991952473, 59.4282568365011], [9.773364516859983, 59.42801570431524], [9.773414505333605, 59.42777457977107], [9.773471372811963, 59.4275277924776], [9.773514491158013, 59.427285402443275], [9.77357117429362, 59.427044366573526], [9.773623459466947, 59.42679064676535], [9.773679969166524, 59.426559861837916], [9.773740161233961, 59.42626182839934], [9.773814850272355, 59.42601395657531], [9.773889191051905, 59.42577632867007], [9.773965996086956, 59.425536460106315], [9.7740314876834, 59.42529208838918], [9.774099454579998, 59.42504997554442], [9.77416744939952, 59.42481110314758], [9.774250591361117, 59.42457247858789], [9.774320522699167, 59.42434277200845], [9.774413192996661, 59.42408932282521], [9.77449015153138, 59.42383812261347], [9.774560230034519, 59.42359258512321], [9.774634553831246, 59.42335270683126], [9.774700245628138, 59.42311383191097], [9.774779317840633, 59.422870634822715], [9.774858061506826, 59.42263984199337], [9.774923542830793, 59.42240230831269], [9.77500279647562, 59.42214877056603], [9.77508203380731, 59.421903330488576], [9.775151770510956, 59.42166794708965], [9.775215147324861, 59.42143257846521], [9.775287345450565, 59.421191534971584], [9.77535724179944, 59.42094823956069], [9.775433689533221, 59.42071510494133], [9.77551080439157, 59.420468499833234], [9.775581608437363, 59.42023873802659], [9.775781282034057, 59.41957701573007], [9.775826909498564, 59.41946564937318], [9.775902510106514, 59.41923338047281], [9.77591108198951, 59.419206459938465], [9.775979715973522, 59.41893926865823], [9.776068650424756, 59.41866866259659], [9.776148408527403, 59.41840830622112], [9.776233419037489, 59.418116217086926], [9.776313514804256, 59.41784336678912], [9.776407190576734, 59.417554594600986], [9.776492036293723, 59.41726582811056], [9.776586213092928, 59.41696006946654], [9.776680924062761, 59.41663597599994], [9.776754304040159, 59.41635511781251], [9.776848313139803, 59.41605727074264], [9.776935273279168, 59.41577533757108], [9.777026462247578, 59.41549573355199], [9.777120984040598, 59.41518081049051], [9.77720971611678, 59.414915954814255], [9.777280796025932, 59.414641932846], [9.777358938569959, 59.414358746088055], [9.777447987205628, 59.41407122772274], [9.777530530710614, 59.41378695770371], [9.777626657086362, 59.413497023719856], [9.777720471574973, 59.41320375765237], [9.777805293242091, 59.412914989885394], [9.77789437241481, 59.41263980007987], [9.77797017243826, 59.412355709412715], [9.778087414594966, 59.41200210547976], [9.76842470286343, 59.412048385565285], [9.762522839824268, 59.41207458579315], [9.761249699344587, 59.412081766146635], [9.748643781570228, 59.412108724985664], [9.738130383550686, 59.412066881247526], [9.711878305477807, 59.411829615225926], [9.704115978656713, 59.4117369109919], [9.704010269069675, 59.41173558062296], [9.703963251893711, 59.411734837913244], [9.703827490760817, 59.41173264491459], [9.702788354036347, 59.41168920026202], [9.702689435580634, 59.41168508557467], [9.682578659763813, 59.41084276394459], [9.674876893291076, 59.4098221860246], [9.673972570411124, 59.409706632485424], [9.660119706994491, 59.40787093074441], [9.624620828683753, 59.424900785964184], [9.624615838768992, 59.42513878938095], [9.6246118379372, 59.4253983417674], [9.624595547496451, 59.42563965837714], [9.62459856477042, 59.42589950046969], [9.62458363217274, 59.42615671176574], [9.624577667539167, 59.42641861288174], [9.624577920761133, 59.42657808954485], [9.624513230186896, 59.426795000186985], [9.624451393480056, 59.427048385484476], [9.624381136800794, 59.427292513969505], [9.624313146331733, 59.42754015569759], [9.62424230613214, 59.427801268605236], [9.624167408574792, 59.42805123495683], [9.624098856124384, 59.42830794267061], [9.624021703419478, 59.42855763591503], [9.623960985741547, 59.42879171901649], [9.623892245079997, 59.42904958883009], [9.62382828840877, 59.429305136346684], [9.623755503865937, 59.42955509986414], [9.623686371985366, 59.42982429252533], [9.623599410864989, 59.43009562887385], [9.62353619151981, 59.43037316491184], [9.623476007559962, 59.430662705241566], [9.623400178233, 59.430929551545105], [9.623320500170964, 59.4311861598025], [9.62326687679634, 59.431305615541675], [9.623222021782865, 59.43146988947578], [9.623156146871427, 59.431714108675614], [9.623088737922373, 59.4319457556001], [9.623028228669186, 59.432170667977296], [9.622957546752202, 59.43242620770146], [9.622878438824468, 59.432668080663234], [9.622803172741603, 59.432925770893334], [9.622737693830597, 59.433158577355236], [9.622673894277696, 59.43341080149896], [9.622611078751717, 59.43363795840014], [9.622547850368042, 59.433877697175426], [9.622467607899809, 59.434142201281134], [9.62240360990376, 59.43440008671702], [9.622330811432619, 59.434652209233775], [9.622257433783615, 59.43491906657209], [9.622197876603629, 59.43516678622435], [9.622121222524227, 59.43541092016954], [9.622050724701994, 59.43566187774224], [9.621979656893053, 59.435923070900294], [9.621910452555358, 59.43619586002043], [9.62184724656555, 59.43643316983622], [9.621774628394245, 59.43668187999546], [9.621709110050913, 59.43691594457525], [9.62163342093381, 59.43718504617054], [9.621612080749111, 59.43727028770051], [9.621562058286054, 59.437513541417864], [9.621533445612204, 59.43761117156875], [9.621495314486662, 59.437835207982694], [9.6214489707496, 59.43804423650174], [9.621375057575191, 59.43843535113906], [9.621059735708998, 59.438544899475374], [9.620676657873531, 59.43866496771764], [9.620288961400632, 59.43878628402394], [9.619926168486966, 59.438904308254344], [9.619525026348308, 59.43903568617703], [9.619171237156587, 59.439153720400306], [9.618806121242699, 59.43927407555281], [9.618400216888565, 59.43940534349026], [9.618026086493517, 59.43952568412395], [9.617649870604208, 59.43964800740793], [9.617266739659412, 59.439771573788825], [9.61692834587188, 59.4398749397752], [9.616418572413698, 59.440040336153736], [9.616011952286861, 59.44017264746372], [9.61558730534657, 59.44030718216958], [9.615167071966582, 59.44044171805348], [9.614767317270653, 59.440570799831036], [9.61453229135288, 59.44064522617086], [9.614333465221057, 59.44070980975681], [9.613897533092054, 59.4408418928548], [9.613584062148792, 59.44093287230862], [9.613441422757033, 59.440983039373855], [9.613091356887546, 59.4410918528751], [9.612671300002738, 59.441220718961375], [9.61225583250896, 59.44134959361928], [9.611840156938744, 59.44148196815916], [9.611456130925902, 59.44160422162393], [9.611033775161886, 59.44173190774178], [9.61059989769744, 59.4418719848938], [9.61019588837274, 59.44199538792376], [9.609802643496563, 59.44212661466597], [9.609386788898894, 59.44225555472744], [9.60896247652546, 59.44238432348963], [9.608528790112244, 59.44251423284803], [9.608137809381942, 59.442647798440824], [9.607688179388683, 59.44279009426161], [9.607267849015686, 59.44293036186338], [9.606869989420789, 59.44306156927697], [9.60659170468112, 59.44314994002789], [9.60633243194008, 59.443234327791], [9.606049758491356, 59.44332692541966], [9.605845461817108, 59.44338461084064], [9.605649079632668, 59.443450273164274], [9.605496537597046, 59.44349480240689], [9.605339562060525, 59.44354274761519], [9.605178015999666, 59.443592753196285], [9.605004334873401, 59.443647925594156], [9.604729796888211, 59.443739327595786], [9.604438853296966, 59.44384381855262], [9.604234158663962, 59.44391723400619], [9.604038317980967, 59.44398831611558], [9.60396107291576, 59.4440183239779], [9.60374376830581, 59.44410318551693], [9.603388595432808, 59.44423138168028], [9.603012705868673, 59.44437419755042], [9.602625877690679, 59.44451466931826], [9.602340924007402, 59.44460923482585], [9.60198342191683, 59.444743090528604], [9.6015943050383, 59.444880134844134], [9.601225500369711, 59.445012800269964], [9.600985670706228, 59.445101403696974], [9.600827342464816, 59.44515882712114], [9.600453740737207, 59.445297141300486], [9.600053477757855, 59.44543749908202], [9.599869075872927, 59.44550544980486], [9.599657432995143, 59.44558019044862], [9.599257151015863, 59.44572504487186], [9.598872793163984, 59.44585759926365], [9.598467523246498, 59.446008184234195], [9.598087198761716, 59.44614531342905], [9.597704970963413, 59.446278852892476], [9.597343028230355, 59.44640819293615], [9.59699223533041, 59.44653520468019], [9.596788534879034, 59.446613240229595], [9.596767258387535, 59.44661919728788], [9.596630291138439, 59.44666562275801], [9.596258958943892, 59.44680168008828], [9.595894912726687, 59.44693083915278], [9.595535094144237, 59.44705675288273], [9.595186367365082, 59.447188435547424], [9.59481790562344, 59.44731641868535], [9.594462283420764, 59.44744808343323], [9.594089209701043, 59.447580552991724], [9.593729178441938, 59.44771212291604], [9.59334480431424, 59.44784007177587], [9.59297801870809, 59.44797846900932], [9.59259825316447, 59.44810408725917], [9.59226063679819, 59.44823577388605], [9.59188043143417, 59.44837514109676], [9.591507347245717, 59.448502023702], [9.591149582524904, 59.448634761057065], [9.591005792232231, 59.44868395756019], [9.590771664932781, 59.4487741302642], [9.590633052376562, 59.448852789630934], [9.590233211565115, 59.4490330045915], [9.589871415627162, 59.449212908518554], [9.589571570984061, 59.44935911659926], [9.589200036604156, 59.449542394179154], [9.588836890795053, 59.449732858840164], [9.588447700529397, 59.449910451413906], [9.588219752723381, 59.450032554799165], [9.588069288069555, 59.450088040693274], [9.587670680751177, 59.450273609477726], [9.587283627819257, 59.45044660796466], [9.587178903032608, 59.450492383968395], [9.586835602451693, 59.450634980924974], [9.586801758454039, 59.451067800051305], [9.586712843050384, 59.45116489977772], [9.586542630985596, 59.45141080276855], [9.586349690536432, 59.45165513118126], [9.586170711663222, 59.45189724971826], [9.585964059392598, 59.452159816853985], [9.585782183239898, 59.452412254017645], [9.585587647278656, 59.45265102560058], [9.585404303319368, 59.45288171258692], [9.585334385778928, 59.45295287264858], [9.585106756645079, 59.45317640906559], [9.584883152293482, 59.45340569214385], [9.584668335304972, 59.45363857999304], [9.584521291358442, 59.45374424181107], [9.584362565599125, 59.453919434067195], [9.584267912971656, 59.4539937952596], [9.583804240590407, 59.45412391221139], [9.583661566898996, 59.454167028266816], [9.58359595527758, 59.45442510646074], [9.583530152606437, 59.454683266700215], [9.583483953652902, 59.45484234733394], [9.58337006763143, 59.4550145430657], [9.583177017233263, 59.45527029275371], [9.583006793366648, 59.45551376200154], [9.582820471754989, 59.455761691504705], [9.582696496353936, 59.45590637877198], [9.582606537497771, 59.45609576803489], [9.582496463300327, 59.45634551760211], [9.582388290003296, 59.456599935916024], [9.582300365229944, 59.45680416885602], [9.582190110573137, 59.4570539107816], [9.582077929833464, 59.45730132268469], [9.58199132153711, 59.45745656285184], [9.581897066825423, 59.45758673632399], [9.581776087780854, 59.45782505266624], [9.581649224050073, 59.45804494518228], [9.581538646051373, 59.45819198874307], [9.581450141598106, 59.458396467234536], [9.581345896831118, 59.45861199048618], [9.581251956122207, 59.45884702121397], [9.58116674065186, 59.4590331873495], [9.581067681694579, 59.45916901031818], [9.580893071815092, 59.45940212585235], [9.580709844164167, 59.459627233190076], [9.580539380855418, 59.45987743996344], [9.580418325740247, 59.46000046831314], [9.580344832656317, 59.460170832521676], [9.580213989567662, 59.460434116362016], [9.580069958410256, 59.460692531785334], [9.579999558024095, 59.46078193869257], [9.579771277943811, 59.46101336065573], [9.57965482820158, 59.46109995192228], [9.579554591909952, 59.46119567713266], [9.579350106005114, 59.46142862829285], [9.579287169936883, 59.46151006584515], [9.579155450964118, 59.46170824584245], [9.579041750061497, 59.461903215543174], [9.578923672095826, 59.46209350330773], [9.578886745608965, 59.4621957318065], [9.57896468121757, 59.46241838306688], [9.57903843038591, 59.46262637082212], [9.579106099724024, 59.46282267616196], [9.579168712387624, 59.46303506025814], [9.579240792851431, 59.46322812916138], [9.57931411537638, 59.46345310804962], [9.579390180720347, 59.4636610118409], [9.579447587869776, 59.463892618178505], [9.579516900050704, 59.464107350567566], [9.579576823435547, 59.46432880199329], [9.579750029308778, 59.46436894490353], [9.580161586632162, 59.46445427940518], [9.580577182647758, 59.46453870056682], [9.581017317374158, 59.464629990480375], [9.581413118500752, 59.4647198853551], [9.581886602739399, 59.46481714868259], [9.582043845890231, 59.4648708439421], [9.582483334725572, 59.46498163077206], [9.582570019791701, 59.46500341355265], [9.58296512935005, 59.465107583953035], [9.583330670119498, 59.46521421381791], [9.58351976209843, 59.46525789163652], [9.583925929662628, 59.46536260857804], [9.584310078697758, 59.46545578970456], [9.584699008583117, 59.46554673844503], [9.584992153821378, 59.46561750672334], [9.584898235150767, 59.46581825271066], [9.584838307201327, 59.46591403701259], [9.584726643723785, 59.46614932360006], [9.584599515401555, 59.46641816559287], [9.584483120096477, 59.46648784453742], [9.584217638343738, 59.466665621377416], [9.58395945342042, 59.46683317158606], [9.58367573916765, 59.46702314901385], [9.583357589173605, 59.467238153167585], [9.583243296074224, 59.46731232828741], [9.583009026063488, 59.4675004898473], [9.582889872253856, 59.467588411904686], [9.58258596801253, 59.467785107627954], [9.58234981401347, 59.46795852065386], [9.5820453177773, 59.46816437019109], [9.581775151106637, 59.46835463730742], [9.581496634202624, 59.46852529777423], [9.581230672942208, 59.46872347836721], [9.580962608631255, 59.46891491140032], [9.580696876329199, 59.46909951129784], [9.580394455957983, 59.46931102355441], [9.580259566761177, 59.469403238932934], [9.580016872291333, 59.46957097663394], [9.579733071945865, 59.469766702808954], [9.579487883112716, 59.469938925688], [9.579181221125769, 59.47014701927887], [9.578895112805919, 59.47034273788438], [9.578577487064113, 59.470548574286646], [9.57827756699179, 59.47074875691508], [9.578011763412876, 59.470943518642365], [9.577736976963266, 59.471131426500136], [9.577565361458923, 59.47125288995289], [9.577347829698061, 59.47140034136928], [9.577088974746959, 59.47158261123947], [9.576841612993356, 59.47176157910356], [9.576593905032357, 59.47193828227138], [9.576316990923775, 59.472125019076834], [9.576055193399192, 59.472325523847566], [9.575900773037613, 59.472434561673815], [9.574408428409225, 59.473461663254255], [9.574019784758326, 59.47372600079299], [9.573188660753466, 59.474308858663534], [9.571996003811266, 59.47504980820012], [9.57142650565198, 59.47540236274259], [9.571189797519896, 59.4755235377476], [9.570881331231439, 59.47572019988327], [9.570559299055839, 59.47590990655969], [9.57020991505045, 59.476125561904446], [9.56991241687907, 59.47631664922822], [9.569606868087206, 59.476493991127406], [9.569309753991043, 59.47667825354992], [9.568979044686628, 59.47686570534745], [9.568683823236505, 59.477059045002164], [9.56856272416261, 59.477136615236894], [9.568233706949428, 59.477335475407216], [9.567946234531664, 59.47750150770041], [9.567660425613463, 59.4776824581465], [9.567356757064067, 59.47786554354679], [9.567070930431658, 59.478047662080904], [9.56676475247891, 59.478236401443645], [9.56641761570103, 59.47845097163706], [9.56610897886361, 59.47863735724449], [9.56580278448178, 59.478829423816066], [9.565494486381054, 59.47901366236058], [9.565213076128835, 59.47919569149278], [9.564916127119998, 59.4793720323754], [9.56463296789161, 59.479548407710666], [9.564315294345555, 59.47973585272408], [9.564013648552447, 59.47992810531597], [9.563705327544719, 59.48011674903395], [9.563358207002885, 59.48031889327106], [9.563271542361347, 59.48036486669489], [9.562924188350653, 59.480580499664576], [9.562532960968523, 59.48083561012622], [9.562174229242453, 59.48105481658871], [9.561764924096794, 59.48131664061944], [9.561351046814185, 59.481573862933836], [9.56100366794867, 59.481789490411316], [9.56062649402209, 59.482019803215685], [9.56023542326882, 59.482269334430214], [9.559923534209945, 59.48247105097469], [9.55990359317389, 59.48248389828279], [9.559584098236515, 59.48267899692515], [9.559197834580205, 59.482912886618585], [9.55882561970799, 59.48312765240765], [9.55844183589244, 59.48335597384542], [9.558308321144231, 59.483423567833526], [9.557972695073683, 59.48362860925944], [9.55763017290139, 59.48383579193766], [9.557287236069703, 59.48404880632031], [9.556942361675663, 59.484261739014364], [9.55659045960086, 59.48447104756491], [9.556268232355883, 59.484678444600505], [9.555953905325795, 59.48485989172443], [9.555641447396406, 59.485052755878876], [9.55530370089065, 59.48525428285359], [9.55499107167498, 59.485445968529845], [9.554655414463655, 59.485648751265494], [9.554319767633473, 59.485851443681646], [9.553993087826926, 59.486057749850126], [9.553666816957886, 59.486252732737974], [9.55333768307447, 59.486458844951045], [9.552993177052905, 59.486662604193725], [9.552648476655284, 59.48686644451291], [9.552331216567254, 59.48706360094531], [9.552031966622366, 59.48725439956322], [9.551893996588092, 59.48723657403126], [9.551591886814773, 59.48716904967697], [9.551585922974722, 59.487167630459226], [9.551149386796423, 59.48706802752681], [9.550977613986271, 59.487022868855654], [9.550494382790374, 59.486912222079205], [9.549979448671857, 59.48680177799492], [9.549467171197572, 59.48669243282973], [9.548950325367331, 59.48657524473715], [9.548381281946792, 59.486448221847276], [9.547834761383795, 59.48631871842546], [9.547272472977731, 59.486189363038214], [9.546730542112256, 59.486065446591006], [9.546211570317743, 59.48595166807772], [9.545660267937983, 59.48582447496047], [9.545107375850328, 59.4856983828448], [9.544484089227973, 59.4855568325687], [9.543717520215973, 59.48538336260172], [9.542598822595194, 59.48513025799446], [9.54041653234632, 59.48463478630402], [9.539532713824302, 59.48443388023931], [9.538409234346247, 59.484181167570014], [9.53743030242695, 59.48395808177772], [9.535736037153798, 59.483578916228254], [9.53464708367481, 59.48377077016455], [9.5330378580299, 59.484049334890344], [9.53214859697799, 59.48420319418082], [9.531463270921181, 59.48431160380693], [9.530982655730295, 59.48440690902335], [9.530446025751186, 59.48450283218491], [9.5298342024419, 59.484611797663064], [9.529286546721984, 59.48471238348642], [9.52871413394958, 59.48480958801177], [9.528209208599655, 59.48490413303782], [9.527728109829997, 59.48499139649532], [9.527320981974386, 59.48506331393573], [9.527015989924724, 59.485121878526904], [9.526499596600418, 59.485211795729654], [9.525994157969441, 59.48530397096377], [9.525468888359521, 59.485396211467325], [9.524967900886375, 59.48548163985256], [9.524578004020059, 59.4855476127917], [9.524270755708656, 59.48560148645945], [9.523751893002496, 59.48568471947396], [9.52347552708123, 59.48572818876372], [9.523046910448542, 59.48570568106328], [9.52249039519711, 59.4856764477598], [9.52195149991, 59.48563787255562], [9.521783428421836, 59.485629009456765], [9.521276162917381, 59.485598330627425], [9.520759767033368, 59.485561776038736], [9.52057973124811, 59.48554160850847], [9.519982857439555, 59.48550922789579], [9.519430484009117, 59.485473045481974], [9.518891594757426, 59.48543337767725], [9.518337100573527, 59.48539719138334], [9.517773418759878, 59.48535548630376], [9.517227948190929, 59.48531931471543], [9.51664181689561, 59.48527531042194], [9.516071744271217, 59.485237019027885], [9.515508055231617, 59.48519647368177], [9.515319616923037, 59.48518665521496], [9.51484207919177, 59.485169081777805], [9.514505571508604, 59.48515690142575], [9.514256985702625, 59.48515571030407], [9.513789403116933, 59.48513459191677], [9.513612130725551, 59.48513010090618], [9.513134295370314, 59.485080648549115], [9.512630183292416, 59.48503827827497], [9.512154992879175, 59.48499433360652], [9.511864110215916, 59.48496057706808], [9.51150215224655, 59.48494605734228], [9.51098470779236, 59.48490734923905], [9.510512422155095, 59.48487819084846], [9.51006906884322, 59.484844129211325], [9.509607806069281, 59.4848092216983], [9.50911973732887, 59.48478029340628], [9.508627570490022, 59.484752630627675], [9.508130153140982, 59.48471592469699], [9.507988867035596, 59.484714292094814], [9.507484878222561, 59.484679916810144], [9.507010339965463, 59.48464615058751], [9.506529199712496, 59.48461381438976], [9.506043437161365, 59.48458596160866], [9.505887714278511, 59.48456976811589], [9.505350223551243, 59.484533612376275], [9.504864311015556, 59.484499088750866], [9.504527238469704, 59.48448064844053], [9.504225482806206, 59.48445721620275], [9.503710206421507, 59.484416140121205], [9.5032375957876, 59.48438361122599], [9.502787995003395, 59.484355381016194], [9.502312951699428, 59.48431824607115], [9.501852003132619, 59.48428908396687], [9.501355103686848, 59.48425795365995], [9.500882361014295, 59.48421866043246], [9.500398787526702, 59.48418502857039], [9.499930512486962, 59.48414439030102], [9.499455596428755, 59.484111930189485], [9.498965437529563, 59.484079635046236], [9.49852684314218, 59.48405230440705], [9.49804999626637, 59.484018677584544], [9.497602218371659, 59.48398582607565], [9.497426943850247, 59.48397671705493], [9.49692728190823, 59.483938702876465], [9.496461772576216, 59.48390500878884], [9.495575396021067, 59.48384706086032], [9.495101356488407, 59.483820111735675], [9.494633497383509, 59.483793241897594], [9.494194656162383, 59.483755535844956], [9.493863953082366, 59.483736076567546], [9.49338039435031, 59.483701338842714], [9.492941526764863, 59.48366380738184], [9.492473713511307, 59.48363234151889], [9.492009851988234, 59.48359510081877], [9.491551090762657, 59.48356455410706], [9.491087555173852, 59.48353074390971], [9.490614985230799, 59.48349592016378], [9.490149222787647, 59.48345517230227], [9.489685648467352, 59.48342594549309], [9.48922003618546, 59.48338862067157], [9.488779013209152, 59.48335674393453], [9.488592248310523, 59.48334326693673], [9.488102584934259, 59.48331887141373], [9.487647754416553, 59.48328379684694], [9.487191286981847, 59.483254411569376], [9.486739271501728, 59.4832237729406], [9.486251263572901, 59.48319143019058], [9.485997185160455, 59.48317411191955], [9.48560559033379, 59.483146205279795], [9.485120045903923, 59.48311720253052], [9.484627295740214, 59.48308033284765], [9.483993094267799, 59.48304071536813], [9.483523485782253, 59.483015981068775], [9.483124793159904, 59.48298713644142], [9.482186763877992, 59.482927179769426], [9.481728710341594, 59.48289455783044], [9.48090486980297, 59.48282124556142], [9.480783127426578, 59.48281483053968], [9.479957316925011, 59.482757899234194], [9.479010002496898, 59.48269635606324], [9.477869859594643, 59.48262384648677], [9.476927269054647, 59.482570228327425], [9.475978458837385, 59.48252002978146], [9.474930666930144, 59.48246058833806], [9.473980648754928, 59.482388633100115], [9.473038029316797, 59.48232121470008], [9.472110832968708, 59.4822503933341], [9.471744273231904, 59.482211265685045], [9.471435666709581, 59.48308254853444], [9.471003144537356, 59.48434476953149], [9.470366455193375, 59.48620441173905], [9.470197223295242, 59.48673140270995], [9.46982571245648, 59.488473408632366], [9.469712555778269, 59.48900078752151], [9.46958760140245, 59.48958312961152], [9.469264967126206, 59.49108500980924], [9.468878085532962, 59.492901696428916], [9.468578967763907, 59.494307280552235], [9.471599164272835, 59.49667124943354], [9.474090877901592, 59.49862464588618], [9.475056178228453, 59.49937936808176], [9.476157141149288, 59.50023982263534], [9.476648776000614, 59.50062417164055], [9.478265768423917, 59.501891496152126], [9.479408767492993, 59.50289617298327], [9.479890753081582, 59.5033215003233], [9.48283104575706, 59.50591254764493], [9.484019806393473, 59.506958353487526], [9.48542993105897, 59.508662153649624], [9.486648701516343, 59.51013589971035], [9.487838486751189, 59.511573125493975], [9.489175159331376, 59.51318799799935], [9.489513624930295, 59.51359695760303], [9.490782483919556, 59.51513037238427], [9.491534628168605, 59.51603794819892], [9.498817057984585, 59.522814144782785], [9.50013035221584, 59.52403665686181], [9.515263540243708, 59.5381147569098], [9.486678118608571, 59.55006856650105], [9.482648646683266, 59.55176052640596], [9.478729070743551, 59.55441348030741], [9.477649704909023, 59.5548749834938], [9.473857332441781, 59.556494468092986], [9.471983680107256, 59.55735449386856], [9.471333759056268, 59.558492419811564], [9.470703028509623, 59.559295534365596], [9.470702112511114, 59.559296952718384], [9.469524442318415, 59.56110570543221], [9.468903497585446, 59.56166009895397], [9.467545681694697, 59.56326816558916], [9.464459700008337, 59.566755316532365], [9.46385887901294, 59.568690842459596], [9.463418498619006, 59.5701861221922], [9.4632579813571, 59.57095802834287], [9.46301609868977, 59.57194915352282], [9.462638751806294, 59.57349633790246], [9.462031514567974, 59.575162477750396], [9.461480168503044, 59.5766764502732], [9.461134856688178, 59.57778739307002], [9.460881248073925, 59.578015866140795], [9.45966220302574, 59.57934723836496], [9.459421636390509, 59.57934747210235], [9.400162726377722, 59.579391590625335], [9.410338254052043, 59.60345166119432], [9.436055460905106, 59.61383695486516], [9.436253112385836, 59.61391672913441], [9.435794482181821, 59.6148920611834], [9.431148690359262, 59.62224243299009], [9.427992731868825, 59.62777463048449], [9.427587663010161, 59.62877056411703], [9.427483350685602, 59.62939283188009], [9.427442884171423, 59.62947805289791], [9.427068848519632, 59.630343719481786], [9.426451588003633, 59.63171655230964], [9.426054513714142, 59.63260607686656], [9.425695384779132, 59.63375787799091], [9.425158496249038, 59.63536167194871], [9.424681092412701, 59.636548751040515], [9.423934245887033, 59.63845870172508], [9.423851931457094, 59.638645734982056], [9.42361312968977, 59.63918351009682], [9.423418402907418, 59.639773658831416], [9.4232341091911, 59.64039080449977], [9.423006082251687, 59.64100149419367], [9.422871636963905, 59.64119404394274], [9.422561939877575, 59.64150170659494], [9.421068364516852, 59.64303110343292], [9.41997121240044, 59.64397390923376], [9.418380056882585, 59.64539173869185], [9.416733228439673, 59.6470393039332], [9.415098355791972, 59.64861733785698], [9.413567708620782, 59.65023482137085], [9.412620787792966, 59.651228369723135], [9.411234519616912, 59.652676126525684], [9.410813735555905, 59.65312168174134], [9.410645598014787, 59.65332142290358], [9.409848444190184, 59.654147552248695], [9.405566010393091, 59.65882800281427], [9.405541956194197, 59.66042956784216], [9.405483954855766, 59.66411444818971], [9.40555689368963, 59.6685305742152], [9.40527206690586, 59.670373099087094], [9.40514982370528, 59.67148019094915], [9.405236788438941, 59.67292503007185], [9.405379733912941, 59.674380993740414], [9.405281874882784, 59.67566572465721], [9.405218621250917, 59.67932256887126], [9.405283923668852, 59.68453511961862], [9.404814268565556, 59.68460783585604], [9.404341869710754, 59.68466927211522], [9.401698075633245, 59.68501351666212], [9.400264076325762, 59.685192658126844], [9.396149539903705, 59.68562316797093], [9.394593880952948, 59.685835292206306], [9.394448144895675, 59.68585191125327], [9.39369910632262, 59.68596086451636], [9.39083558894176, 59.68635065654872], [9.38799779395649, 59.68673843057923], [9.375436498627767, 59.688392096833546], [9.370186148898435, 59.689070108269895], [9.369783560382212, 59.689120024885824], [9.362742588811663, 59.69003842742739], [9.357540144974497, 59.690755183863246], [9.356885969259682, 59.69085020062788], [9.351783850357688, 59.69152056453697], [9.333291500749114, 59.692776156438796], [9.33535952568201, 59.69553144191998], [9.3372429293165, 59.69829246863885], [9.33885358814589, 59.700611759306426], [9.339196540290814, 59.70115497025235], [9.340365160026275, 59.70281584304039], [9.341006229270477, 59.703979346021434], [9.34162312274846, 59.70462197472112], [9.342236044195237, 59.70543131204755], [9.343296763907635, 59.706886217515795], [9.343625816188862, 59.70736391301638], [9.345363407827339, 59.71068781338935], [9.347017381699766, 59.71120111952461], [9.349985335292708, 59.714123322157], [9.350910368038791, 59.71506795393577], [9.353606505951344, 59.71723005652648], [9.354786605028371, 59.718249203713036], [9.353478813270648, 59.71833763815166], [9.352094520425908, 59.718425279981055], [9.350967514214865, 59.718573155253296], [9.349351199868495, 59.71853743189046], [9.347677303895114, 59.71876302911451], [9.346779487970252, 59.71886846611687], [9.346148588480796, 59.719011977346], [9.345490084131926, 59.71907850284983], [9.344926447329527, 59.71908359345289], [9.343018324051238, 59.719237626903926], [9.342969558791415, 59.719241460750204], [9.342300673562296, 59.71929555025326], [9.341383131829575, 59.71935311192125], [9.340443265988961, 59.719409882274284], [9.33948752134097, 59.71946883987996], [9.33896002588928, 59.71950562189317], [9.338990427566015, 59.71963538514079], [9.339129619068407, 59.720120093168184], [9.339203618059459, 59.720516289857855], [9.33893352156394, 59.72131076965294], [9.339848562921924, 59.72213173303352], [9.341520850695222, 59.72368220561807], [9.342659560185774, 59.72478176939878], [9.342899118978691, 59.72503740425159], [9.343285485060505, 59.72544916196492], [9.343360887139918, 59.72553541107268], [9.343559853226877, 59.72577083823193], [9.341860468575137, 59.72701862822812], [9.34119568969968, 59.727507206570756], [9.34063908820415, 59.72788010990728], [9.339979391404148, 59.72832902691211], [9.339054129539461, 59.72894792769107], [9.339502570366518, 59.72911232364862], [9.34033795143014, 59.72943593224479], [9.341308261231148, 59.72984808741512], [9.34196468229741, 59.730134967346096], [9.342611949106724, 59.73042648891135], [9.3432187871485, 59.73067260440379], [9.343952192859332, 59.731000874161445], [9.344565710033008, 59.73125924297736], [9.34458865062285, 59.731272205345746], [9.344740260574468, 59.73133699065975], [9.344770662299382, 59.73135747620338], [9.345381008021308, 59.731618854315165], [9.345386949845793, 59.73168482009957], [9.345383421618424, 59.73172670366146], [9.345225066906679, 59.73231430969716], [9.344855647257228, 59.733311180817864], [9.345780094574005, 59.73413402543283], [9.346034096490095, 59.735075451310024], [9.346013459421519, 59.736257325851284], [9.345973144096453, 59.73666271242543], [9.345725837864462, 59.738284774955815], [9.34603390608163, 59.73863454085699], [9.344900866720014, 59.740857545865715], [9.344919970818237, 59.74203924691368], [9.344927847891555, 59.74212851950747], [9.344918468165229, 59.7421649297435], [9.34470965731611, 59.74274153722199], [9.344513005468913, 59.74332317016864], [9.344477400123651, 59.74364585867967], [9.34441393651772, 59.74403926458073], [9.344515651456534, 59.74445771449985], [9.344433448280393, 59.74484698091782], [9.344410822390259, 59.745177250838935], [9.344413473134015, 59.745776129827405], [9.344340799377003, 59.746117560909724], [9.344239159540436, 59.74670878689533], [9.344247680350529, 59.747158318253994], [9.34419491574066, 59.74775579500398], [9.344140269847614, 59.74819179773966], [9.344104629960734, 59.748458857032844], [9.344013137571983, 59.7488523132025], [9.343916907277574, 59.74924529477558], [9.343834406068044, 59.74959305259802], [9.343807606102176, 59.749879486269585], [9.343735016163473, 59.750221371123374], [9.343585246475662, 59.750502945632974], [9.343381670132134, 59.750859877878824], [9.343266173512584, 59.75111286770919], [9.343224343634452, 59.75144581918703], [9.343218677977188, 59.7516570146223], [9.343258299093785, 59.751934614577024], [9.34329934944111, 59.75225323203013], [9.343441883082441, 59.75276552790838], [9.343604706787003, 59.753317044931784], [9.343852071579004, 59.75415485135852], [9.343984496732126, 59.754737369780855], [9.343990861310282, 59.755455226079796], [9.343974651846866, 59.75599163235636], [9.343964078851009, 59.75639695337056], [9.343965988362477, 59.75680020285845], [9.344094733620153, 59.75729822002759], [9.344367502750597, 59.757655012785946], [9.344848459936788, 59.7582897481336], [9.34521168912997, 59.758712911574115], [9.3457503948357, 59.75929450707817], [9.346183317670494, 59.75970663255933], [9.346558647489267, 59.76010069931719], [9.346997189251912, 59.76054294809398], [9.347389635983987, 59.76094351115161], [9.34801117550962, 59.76147475095616], [9.348269385193909, 59.76175574506047], [9.3488573009154, 59.762284449676564], [9.349314627241247, 59.76340592194715], [9.349558357991079, 59.763789352514216], [9.349698880081991, 59.76402683313373], [9.350018655702659, 59.76449230210949], [9.350516348439461, 59.765282193221246], [9.350904510558403, 59.76589291672656], [9.3514269882539, 59.76651041810885], [9.351927604248262, 59.76707377750723], [9.352529057027999, 59.76777100720645], [9.353083319232674, 59.76829391708646], [9.353925806823563, 59.7690635424942], [9.355511381597136, 59.77059705267934], [9.358863134628752, 59.77414451673366], [9.360887281241629, 59.776096473029234], [9.36260721205363, 59.77834431724592], [9.363589061056372, 59.77889537207047], [9.364243813197819, 59.779294819326815], [9.364830467644275, 59.779631478131726], [9.365417242527053, 59.77997065945512], [9.366017527691419, 59.780318699464935], [9.3665858300201, 59.78063844867816], [9.36717259401778, 59.78098212119404], [9.367754845413122, 59.78133882845716], [9.366797379032812, 59.78150660412072], [9.365711836450528, 59.78166202768313], [9.362432002888186, 59.782165862988485], [9.3602256886846, 59.78250490959659], [9.359356059244664, 59.78263851674367], [9.356551105481227, 59.783059218289935], [9.356380790140864, 59.78308546079891], [9.353244420603792, 59.783554294339716], [9.351443695506074, 59.78382416580194], [9.349115343368805, 59.78488444271219], [9.347348924746685, 59.78570706591485], [9.342681721075504, 59.78788109646281], [9.340525471707332, 59.78889195451247], [9.336183708661904, 59.790922662654104], [9.33329979663517, 59.79226941334271], [9.331041120722826, 59.79332764263267], [9.329555712508695, 59.7940196184191], [9.324010803692865, 59.79549375622397], [9.321364201607308, 59.79625212523866], [9.312959860325215, 59.79832135500267], [9.310885894571376, 59.798767792197246], [9.308005185053563, 59.7995033281637], [9.305543380490029, 59.80009928850706], [9.30136506611365, 59.801097797509414], [9.2971017021719, 59.80196546867027], [9.293916922330558, 59.80270252044992], [9.290697286622073, 59.80338253095171], [9.284068454063798, 59.80406055373386], [9.278474287263714, 59.80485657855753], [9.274271921216668, 59.80530572385767], [9.271668584273213, 59.805569301248674], [9.26819538360914, 59.80598637159528], [9.266394084062078, 59.80624457045342], [9.263794655653943, 59.806636983229424], [9.263784239212288, 59.806640398430325], [9.257297399680917, 59.80874111776077], [9.254536857504947, 59.811460151167786], [9.254042239662276, 59.812559948439905], [9.25341082816425, 59.81381929783741], [9.251668477165909, 59.81401336773793], [9.247192667062462, 59.81279594119637], [9.245427154163972, 59.81222490838747], [9.241787844188046, 59.811333670665164], [9.235706335748192, 59.81187392089406], [9.227294524597536, 59.81417596915813], [9.219526215611994, 59.81615604517938], [9.21604569657882, 59.81696395988808], [9.21455051730314, 59.81734075012871], [9.210525925760576, 59.81839738643585], [9.208275274975119, 59.819097974009146], [9.206909685319951, 59.81944601538054], [9.204488337375059, 59.82002242263053], [9.204338681470666, 59.8200584814502], [9.202676913417147, 59.820535001702765], [9.201499433831852, 59.82165326598013], [9.199401195141181, 59.822418515780846], [9.193745753751031, 59.82391154129282], [9.190790996193732, 59.825632351683346], [9.19077215037236, 59.82564709140153], [9.190661892594116, 59.82573475417249], [9.190654621349685, 59.825740553851965], [9.190278599922346, 59.8258766734196], [9.189739124356306, 59.826024187635966], [9.189442416047687, 59.82609827976866], [9.189367351718532, 59.82610422744185], [9.18922484059722, 59.82610322642687], [9.189047477572798, 59.82609600014764], [9.188920130790397, 59.826104402941525], [9.188835355214383, 59.82613215627769], [9.188737177623318, 59.8261793013981], [9.188646338400659, 59.82622947228698], [9.188578811589823, 59.82626186065541], [9.188481506047676, 59.82630094199463], [9.188394493883616, 59.826324094741864], [9.18824976652355, 59.82635009201807], [9.187986602237936, 59.82638056460541], [9.187922681249708, 59.826392316649425], [9.18782852575969, 59.826418483478484], [9.187774577769401, 59.82644274066114], [9.187748466732995, 59.826492898022444], [9.18766683467392, 59.82654050541005], [9.18751547835521, 59.82656656831136], [9.187388519571892, 59.82659524249944], [9.18718031339502, 59.82668261380815], [9.186988086504394, 59.82677267344075], [9.186859306319592, 59.826815850501575], [9.186566824137884, 59.82686977811917], [9.186357252765195, 59.82695879821188], [9.186260316719302, 59.826981419818694], [9.18608850791082, 59.82698739941456], [9.186081355008483, 59.82701706077225], [9.1852570356348, 59.83079435236915], [9.187723025201052, 59.83311688959764], [9.18823107490778, 59.83657078636193], [9.188528221454348, 59.83859195364019], [9.188561154734911, 59.84187977202884], [9.185313053835019, 59.84714504796731], [9.184943397398632, 59.847744171606145], [9.184567939094652, 59.848352850259545], [9.184254291823558, 59.84937802343177], [9.183892826688684, 59.85080601119663], [9.183432016157521, 59.855278394303625], [9.183298512861821, 59.85702176071561], [9.182108693805038, 59.860415834601085], [9.179587110040112, 59.863611957330605], [9.178800327195674, 59.86562362666763], [9.179926130345965, 59.86829436591729], [9.180574930410302, 59.869964291167584], [9.182033604697319, 59.87290110737864], [9.182997230409741, 59.87467408872335], [9.184997557630192, 59.879398987255826], [9.185215783692316, 59.879920713550156], [9.18540069635215, 59.880344367262566], [9.185537872543662, 59.88048241777312], [9.186606616135366, 59.88122931727299], [9.186576922883777, 59.88142434758228], [9.186570068230543, 59.88208293780797], [9.18660069091987, 59.88362651318216], [9.186603219617167, 59.88389318940809], [9.186614238402067, 59.88412981295604], [9.186635004578653, 59.88499875405063], [9.18662783507169, 59.88544036987235], [9.186631247980898, 59.88591972448745], [9.186616740556385, 59.88638685272951], [9.18662725545556, 59.88682772087758], [9.186674716406273, 59.887735473921616], [9.186885384561554, 59.888979491783154], [9.186973782877873, 59.889432899173016], [9.187088001379129, 59.88988618875793], [9.187277777012287, 59.890967415539436], [9.187585176010854, 59.89237325524444], [9.18773318414076, 59.89296199607178], [9.187932238479252, 59.893926058692855], [9.188053995993833, 59.894408038028914], [9.188298620867762, 59.895524187332086], [9.1884816973319, 59.89666750119269], [9.18853301162064, 59.8968746680058], [9.188569854805058, 59.8969057360151], [9.188458606962492, 59.896937274749874], [9.187957227859952, 59.8970630947132], [9.183312272628562, 59.898091937185484], [9.183069802488632, 59.8981553820948], [9.174291605611986, 59.90001642179374], [9.186151133385087, 59.91062432522594], [9.188069262320454, 59.91252335977713], [9.188332886278708, 59.91276917383503], [9.189211777678787, 59.91361412284543], [9.18934009629036, 59.91371252235968], [9.191601289519578, 59.915823726776026], [9.192594396486365, 59.91681377448966], [9.192425296389464, 59.91695610302159], [9.192056333502501, 59.917277120412834], [9.191581047988612, 59.917661496662674], [9.19053654726644, 59.91857715460082], [9.188445548367941, 59.920325809438886], [9.185952354137916, 59.92240504427698], [9.184680111292684, 59.92344958944452], [9.181249502185516, 59.92717561131175], [9.180859892170135, 59.92760669132773], [9.180778875092606, 59.927689079161595], [9.17950787269025, 59.92905809244729], [9.175596231733698, 59.930373142509964], [9.17260251702606, 59.93110507723645], [9.17188874099687, 59.93127959425799], [9.171501292323178, 59.931373328705384], [9.171327152064034, 59.93136803835136], [9.171325518729246, 59.93136814598381], [9.17120091486732, 59.931372884131726], [9.170971666831795, 59.931410613134865], [9.170664047821536, 59.93150428391811], [9.170570141197038, 59.93146608972909], [9.170421500821943, 59.93145859798565], [9.17026178318965, 59.93149364745731], [9.170066645037839, 59.9314884145406], [9.16981659099833, 59.93150676345047], [9.169622448862745, 59.93153560405234], [9.169474771157981, 59.93156848579902], [9.169193954047929, 59.93151704897349], [9.169066675545167, 59.93151761529349], [9.168981748151786, 59.93151807946884], [9.168647940763726, 59.93156485060548], [9.168483798625239, 59.931595470468], [9.167780680253436, 59.9319027780045], [9.167362065890492, 59.93207047041347], [9.167220485400971, 59.93215628588264], [9.167149768638726, 59.932220668188904], [9.16696032784944, 59.93227573135567], [9.166253310999005, 59.932473656139166], [9.163384057325146, 59.93327969595966], [9.16132991474832, 59.93374439747046], [9.158329502890588, 59.934404785948225], [9.157348192463237, 59.93462243670286], [9.15473171213281, 59.935346804417165], [9.153906019499638, 59.935573870767016], [9.15383866363992, 59.93559464285658], [9.151876382473136, 59.93604645434213], [9.148756712186195, 59.93678028539048], [9.148192994144988, 59.936908242760516], [9.142967139252297, 59.93822636207187], [9.1419602554976, 59.93849192051535], [9.139301872588, 59.93928795636581], [9.137656779844962, 59.93995933284814], [9.136731467921305, 59.94047895221768], [9.135560833722376, 59.94092973496816], [9.134454964317001, 59.94135305767301], [9.133669073187283, 59.94182459015208], [9.132746023611121, 59.942277123815664], [9.132042561692572, 59.94258811242543], [9.131521546194916, 59.942853763440034], [9.13048793841685, 59.943266596915876], [9.12767387370558, 59.94497854330246], [9.124247647839663, 59.94642396456685], [9.121512781295623, 59.94757754596085], [9.112123957452596, 59.95045828248786], [9.111542642363943, 59.95146040876229], [9.109662527367718, 59.9541082068079], [9.109731083814916, 59.95557410650052], [9.109056764264606, 59.95593121775468], [9.108989805067417, 59.955981607000574], [9.108838928521878, 59.956079825136875], [9.108623361876761, 59.956224752545005], [9.106189556692692, 59.957860065755966], [9.104273779160376, 59.95892966593194], [9.103376870139416, 59.95894041456487], [9.103064920630466, 59.958951006798316], [9.096659867260273, 59.958963294239915], [9.092343450620726, 59.95934190452436], [9.08460788844267, 59.960076674881954], [9.083622307790213, 59.96016928340718], [9.081868906510023, 59.96027631484908], [9.079999169505728, 59.9604132899406], [9.079965286624308, 59.960415006009924], [9.075297767136831, 59.96080859477894], [9.073235448708033, 59.96099784302922], [9.07184226660395, 59.96111017096276], [9.069879274004574, 59.96128997929268], [9.067518283610974, 59.96151023969478], [9.066532264116223, 59.96161170634119], [9.064895107560874, 59.961708453338396], [9.062933639741594, 59.96176127925926], [9.060836202278383, 59.96187627288375], [9.059702575513123, 59.96193059761441], [9.058583701949791, 59.961978736442305], [9.05798042465862, 59.96303767123324], [9.057761234388984, 59.963514950941004], [9.057766346652723, 59.964390777987454], [9.05782367823774, 59.96530677912983], [9.056958954577048, 59.96633706364778], [9.056956449211839, 59.966340011659625], [9.055712502346925, 59.96784601061813], [9.054378266768145, 59.96941796810641], [9.050600394555838, 59.97046741314492], [9.04597314444847, 59.971741671404466], [9.044647106077969, 59.97210814870056], [9.044624422864429, 59.972114414750294], [9.044563756088449, 59.972131116130384], [9.044537656678859, 59.972138397982086], [9.044210829183509, 59.972228673945885], [9.042897908584129, 59.97258492425227], [9.04270885896627, 59.9726362374672], [9.041722799526301, 59.972903916544105], [9.039436982574674, 59.973531014048994], [9.039200998738028, 59.973596492626854], [9.038945534772735, 59.97366739067959], [9.03751958334061, 59.974063037164065], [9.03622825893543, 59.97442119443235], [9.035810430792365, 59.974536677556486], [9.035527983619895, 59.97495109936042], [9.034875933257535, 59.975475444732105], [9.03399506226958, 59.97616561413319], [9.033054777494657, 59.976903054839084], [9.032446702442845, 59.97737941414371], [9.032047289039479, 59.97772090647256], [9.031600224307482, 59.97808049456134], [9.030793061781278, 59.978765617006665], [9.030438936719678, 59.97908097843705], [9.030085778308518, 59.97937603442084], [9.029020189069767, 59.97981262128529], [9.027890838980113, 59.98029465651828], [9.027215661598664, 59.9806027298529], [9.024945620978132, 59.98155418366858], [9.023549132029931, 59.98215947086415], [9.022914929590389, 59.98243526114806], [9.022625214964282, 59.98254590228522], [9.02215995454152, 59.982779663206394], [9.02206291198836, 59.982817482161764], [9.02102897701118, 59.98325860035139], [9.020216291093446, 59.983613875674294], [9.019211169136176, 59.98403152989819], [9.018925647468809, 59.98394417884865], [9.018576053356218, 59.98386534928106], [9.015298900446203, 59.98330106481302], [9.013236902309883, 59.9830528377126], [9.011433796097764, 59.982804926445695], [9.010422324434062, 59.98256331784024], [9.009958883575502, 59.98241589353478], [9.009323425891669, 59.98224505822853], [9.008392390705582, 59.982000972840055], [9.00664319788818, 59.98155637014909], [9.005075673141423, 59.981092108523285], [9.005046513327617, 59.981083486559605], [9.005037554571548, 59.98108631977263], [9.005013480853162, 59.98109620767282], [9.00498739805805, 59.98111221677775], [9.004958398918902, 59.98113538622425], [9.00495031402141, 59.98116013896396], [9.00493505228668, 59.981188796548594], [9.00493851760504, 59.98122416008373], [9.004937220227992, 59.98125606515396], [9.004926526986639, 59.98128231975648], [9.004900038328396, 59.98131343707084], [9.004866988646134, 59.98134209444739], [9.004849200142495, 59.981356950809925], [9.004809103215972, 59.98138681772232], [9.004759561736476, 59.98141130204645], [9.004692313433043, 59.98143335874321], [9.00462462792416, 59.98144990304513], [9.004563616865923, 59.981466301272576], [9.00450775724943, 59.981485995589836], [9.004424242991606, 59.98151748542502], [9.004352425140285, 59.98154986840192], [9.004210943466486, 59.98161761369753], [9.004166067296582, 59.981636187711985], [9.004078146011326, 59.98166522550438], [9.003978981258975, 59.98169780262666], [9.003906564108275, 59.98171764250449], [9.00380488859228, 59.981742271590925], [9.003709807509974, 59.98175432542632], [9.003616848516641, 59.98176755639546], [9.003544641795534, 59.98178524471382], [9.003511799188672, 59.98183552085888], [9.003503696370675, 59.981865314976176], [9.003468067526924, 59.981911142198534], [9.003399162745, 59.981957163496794], [9.003329788908863, 59.98199289881374], [9.003271092891012, 59.98200940200929], [9.003159907868502, 59.982018110295385], [9.003103511884758, 59.982037779621365], [9.003077199090502, 59.982068904655264], [9.00303948059778, 59.982104462002816], [9.003005845864537, 59.98212741978882], [9.002963203544093, 59.98215050722357], [9.0028820368374, 59.98216706647718], [9.002779940124478, 59.98217222696415], [9.002702501830688, 59.98216725638785], [9.002615926332947, 59.98216312981022], [9.00255904760723, 59.98214982221287], [9.002492174505, 59.982125254167805], [9.002386744703648, 59.982096317257025], [9.00233443321211, 59.98209546322611], [9.002304979875476, 59.982101323748275], [9.002291662140179, 59.982108370045026], [9.002271749073548, 59.982128981865756], [9.002212391139068, 59.98212141370412], [9.00214222654601, 59.98212091623326], [9.002096603956351, 59.98213468343792], [9.002044985107936, 59.98216366417969], [9.001970880645827, 59.982185857219484], [9.001907420861205, 59.98220088209482], [9.001849128026361, 59.98222307560326], [9.001813369414617, 59.98225079845627], [9.001816879107924, 59.98229282717277], [9.001808499699603, 59.98231918709695], [9.001764426478548, 59.982371922216814], [9.001708319232218, 59.982401868738535], [9.001645682804535, 59.98243313828572], [9.0015944986913, 59.98247456425141], [9.001559497847067, 59.98252384121858], [9.00152375589969, 59.98254454163013], [9.001474211315386, 59.98256209160094], [9.001417346213662, 59.982564541183116], [9.001371773176308, 59.982566154987225], [9.001296602890832, 59.98255759535986], [9.001273857530322, 59.98255421724666], [9.001200438978662, 59.98253304175283], [9.001134358010898, 59.98252093468622], [9.00102746641671, 59.98251489030986], [9.00092028232559, 59.98251441500706], [9.0007840184312, 59.982510812818305], [9.00067916847876, 59.98250342060613], [9.000576377027201, 59.9824906297164], [9.00048965686191, 59.98247740108357], [9.000391565074, 59.98245753108462], [9.00027429531383, 59.98241859829511], [9.000198756967668, 59.982389311952225], [9.000127269779377, 59.98235552821035], [9.000049155741447, 59.98232657451386], [8.999971928043177, 59.98232242229347], [8.99989931397804, 59.9823363984713], [8.999797522781648, 59.98234877383482], [8.999699670672387, 59.98234935339764], [8.999592151916314, 59.98232500102106], [8.999473085121409, 59.982287065999266], [8.999346923479271, 59.98224565585202], [8.999251018724408, 59.98223254770208], [8.999182961135132, 59.982227372613735], [8.999080654941551, 59.98222477721417], [8.998991343491392, 59.982213950492195], [8.998904899372336, 59.982204154900515], [8.998854549943859, 59.98219546541999], [8.998765113006488, 59.98216752512384], [8.998693740652119, 59.982136086833144], [8.998631134267502, 59.98209892560908], [8.998556998146256, 59.98204115937985], [8.998478213959904, 59.98197831888454], [8.998417540917513, 59.98192062645776], [8.998382685237265, 59.98188896290403], [8.998329525118645, 59.981849261088925], [8.99827819460119, 59.98181432481896], [8.998231871536667, 59.98177358424399], [8.998210865548645, 59.981749755681804], [8.998196598077177, 59.98172938593864], [8.998170908263443, 59.98171353738502], [8.998138240362383, 59.98168071299008], [8.99811251990123, 59.98165810998467], [8.998075669883558, 59.981635449445506], [8.99806399170657, 59.981626542915784], [8.997895748293727, 59.98157645841742], [8.997786271425749, 59.98155894823667], [8.997669489235331, 59.98153813332994], [8.997534710540613, 59.98151055455972], [8.997365815256117, 59.98147988836805], [8.997272373476207, 59.981475985157466], [8.997160963759475, 59.981479005547286], [8.9970297556358, 59.98148814564797], [8.996931924635554, 59.98148071041891], [8.996821723901839, 59.981448399714054], [8.996717926102558, 59.98140359530774], [8.996655902540057, 59.981380055766074], [8.996633079120388, 59.981371180767816], [8.99662384637325, 59.981366617594574], [8.996506554063755, 59.981322908003115], [8.996369074232417, 59.981287461222394], [8.996232030720813, 59.981256536234596], [8.996107966568088, 59.98121647902014], [8.995958762739251, 59.9811684312961], [8.995844271365694, 59.98113502349232], [8.995704849428632, 59.98109840684881], [8.995560696655408, 59.98106409527435], [8.995427673230974, 59.981030831730834], [8.995274176316679, 59.98098861996458], [8.995099868646577, 59.980929430873694], [8.994969022508199, 59.980880238952025], [8.994881343715234, 59.980847603889565], [8.994805797950098, 59.980817413443084], [8.994738966289045, 59.98079167255323], [8.994669881720988, 59.98076943042081], [8.994572026289173, 59.98074731558215], [8.99449909606656, 59.98074326613873], [8.99439923715292, 59.98075194371949], [8.994329568973287, 59.98077640595835], [8.994289044316817, 59.98080066786836], [8.9942422805815, 59.98083058764957], [8.994209123847638, 59.98086274931748], [8.99417403462385, 59.9809075185214], [8.994129858753471, 59.98094791110757], [8.99405810881492, 59.98099271746517], [8.993979610843066, 59.98101731669442], [8.993877675694078, 59.981030491209076], [8.993777448790278, 59.98102438484178], [8.993690349593276, 59.98100339069695], [8.993626448494801, 59.98098327551381], [8.99355059362991, 59.98095874278545], [8.993463705807141, 59.980936587599025], [8.993355777092233, 59.98090761903189], [8.99325288714442, 59.98087761985558], [8.993153886792769, 59.980844016466186], [8.993078517693226, 59.98082175664786], [8.993021127775513, 59.980806350449434], [8.992986496971932, 59.98079522487731], [8.992979855046812, 59.98079519173113], [8.992963915307026, 59.98079293322783], [8.992941593822112, 59.98078822234818], [8.992794992119578, 59.98077135378109], [8.992234110880434, 59.98208519230642], [8.992092644860206, 59.982317701188926], [8.99203807039246, 59.98241722552335], [8.992028271313552, 59.98263512757337], [8.992010212756885, 59.982734428562786], [8.99209393139391, 59.98297460931302], [8.992146657308638, 59.98332988782487], [8.99208308369915, 59.9835915253679], [8.99200098064733, 59.98383944090551], [8.992054307338035, 59.98404320780493], [8.99196542913209, 59.98422067200524], [8.991709680821312, 59.984345405374185], [8.991642404122608, 59.984973160874866], [8.991266164546735, 59.985531071463036], [8.991013606744705, 59.98587132796281], [8.99076177942794, 59.986231246471505], [8.990481680597185, 59.98647588127715], [8.989935704179631, 59.986725929251364], [8.989186736604374, 59.98720855298037], [8.988963989136527, 59.987459856975676], [8.988622475701364, 59.987787042037375], [8.98832237229327, 59.98814142001956], [8.988218161966492, 59.9882390357776], [8.988117585261445, 59.98838580000137], [8.987677380539493, 59.9893715389126], [8.987512365590957, 59.989747845469914], [8.987487305549571, 59.98984502563082], [8.987466837272859, 59.98993179071684], [8.9875249386315, 59.99013784915025], [8.987560059283695, 59.990349700640614], [8.987557644070993, 59.99043404914085], [8.987488389594054, 59.99056567673914], [8.98756302874056, 59.99059204775683], [8.988423696671628, 59.990895462058326], [8.990569037406758, 59.99195977697161], [8.992552223138597, 59.99282045069932], [8.99369944659654, 59.993455203337916], [8.994614882149182, 59.993831754853396], [8.996777386518565, 59.994691987271125], [8.999185390749242, 59.99550854072208], [9.000768378842666, 59.99613635223901], [9.002398780162, 59.99680727191071], [9.002420027262573, 59.99681598365887], [9.002391547799, 59.996832243606306], [9.002346602142218, 59.99684217063798], [9.00229558066135, 59.99683804460582], [9.002263652743354, 59.996828756030034], [9.00223120606079, 59.9968203442058], [9.002199633679924, 59.99681800491324], [9.002164899011092, 59.99682713668065], [9.002145755088389, 59.99684346188224], [9.002116623652594, 59.9968821120766], [9.002101380734976, 59.996930399260506], [9.002104682526916, 59.9969597227722], [9.002085676682045, 59.99702476602266], [9.002079133276274, 59.997098390830665], [9.00203988631293, 59.997146214305346], [9.002000010540149, 59.99717275961869], [9.001952032798487, 59.99718651011422], [9.001928805160714, 59.997196616478405], [9.001920228294237, 59.99721414358473], [9.001924942267424, 59.99722975531052], [9.001918487795853, 59.99725242140106], [9.001859146763229, 59.99727429783447], [9.001800678549346, 59.997310170262544], [9.001735225240788, 59.99734194261468], [9.001653484829655, 59.99736144744999], [9.001598990655568, 59.99737742194984], [9.001536779852595, 59.99740222882025], [9.001510163608817, 59.99741713288473], [9.00148213709132, 59.997432873067865], [9.001454403281558, 59.9974430440901], [9.00141968662961, 59.997437229821564], [9.001418408293986, 59.99742546631873], [9.001421005904062, 59.997401273841774], [9.00141535168929, 59.99738787024222], [9.001420477054591, 59.997367574672076], [9.00144683723331, 59.9973342907377], [9.001460080881067, 59.997324719827866], [9.001485723469452, 59.99731616425597], [9.00150969761416, 59.997301950136105], [9.001519881037549, 59.99727459184495], [9.00150406586943, 59.99725280157668], [9.001508964023447, 59.99723375621308], [9.001544561737099, 59.99720503515846], [9.001576434010891, 59.997162188053295], [9.001607039585553, 59.997133239449454], [9.001637612659067, 59.99710446943924], [9.00165682374101, 59.99707689232787], [9.001666163023529, 59.9970561585359], [9.001663704373465, 59.99702714355138], [9.001648018325834, 59.99700860063426], [9.001600825550439, 59.99698240889871], [9.001575801969153, 59.99697469540968], [9.001528215616721, 59.99697540774687], [9.001462782282516, 59.996988272403264], [9.001428581918928, 59.996998418784365], [9.001376500459553, 59.99702980999704], [9.001331129381157, 59.99705889588907], [9.001287461758048, 59.997078605182836], [9.00121844619856, 59.99709139648481], [9.001164648827466, 59.99710947348564], [9.00105718427115, 59.997141941708186], [9.000896329026864, 59.99718233073038], [9.000757013348997, 59.99722487197774], [9.000671898297789, 59.99725997943756], [9.000622896859628, 59.99728331711951], [9.000582403005128, 59.997314245843604], [9.000581507536173, 59.99733401389943], [9.000591001769465, 59.997352004574815], [9.000639151572143, 59.997372927928176], [9.000639313235254, 59.99745514213298], [9.000610844550046, 59.997491121065536], [9.000529695575127, 59.99754594801335], [9.00040232046927, 59.99760190904699], [9.000337121750265, 59.99764710838262], [9.000266637203508, 59.997700620554575], [9.00021195840813, 59.99774035676071], [9.000148927619827, 59.9978013218799], [9.000118654851368, 59.99785612696633], [9.000092079982517, 59.99789948542415], [9.000032838789293, 59.997972238480756], [8.999978689695782, 59.998031807649554], [8.999938654013144, 59.99810867771637], [8.999901310291978, 59.998178647353626], [8.999832281027713, 59.99831020069452], [8.999795174581342, 59.99840359164159], [8.999731209288855, 59.99850134055032], [8.999695838398457, 59.99858715717566], [8.999640773891945, 59.99867252612289], [8.999586451912675, 59.99876963416608], [8.999586480447057, 59.99885454359681], [8.999603995899573, 59.998880823612936], [8.999626938800219, 59.99891779576548], [8.999689380450079, 59.99896395204858], [8.999712373111915, 59.99899669455034], [8.99971909063897, 59.99903589827529], [8.99970109117211, 59.99906866273176], [8.999693172215295, 59.99910728919878], [8.999669323420669, 59.999199933979085], [8.999667848535797, 59.9992683875026], [8.999655506850322, 59.999296727802914], [8.999638878303378, 59.999357557333695], [8.999635531864561, 59.99938882887422], [8.9996321207312, 59.9994194671823], [8.999607152286533, 59.99944705172406], [8.999587774534927, 59.999480473660356], [8.9995713290075, 59.999520512192674], [8.999540733675294, 59.99955729443033], [8.999503676322222, 59.99957127193263], [8.99946901485768, 59.99959778424217], [8.999457711390436, 59.99962139972459], [8.999447330420121, 59.99965081985448], [8.999392512850784, 59.99971008830012], [8.999375825188196, 59.999744533271], [8.999364180988314, 59.999769033618385], [8.999354856848841, 59.999784725739886], [8.999336245146676, 59.999799094003116], [8.999302688251468, 59.99981458166504], [8.999267574832206, 59.99983170911983], [8.999242493860823, 59.999852985648175], [8.999224717954476, 59.99989539459071], [8.999206893552287, 59.99993708099734], [8.999171871866118, 59.99997546216561], [8.999103265443328, 60.00000970085433], [8.998995462934534, 60.00005088625945], [8.998953523191057, 60.00007490562879], [8.998881356494646, 60.000147519211446], [8.99879637980682, 60.000236206155755], [8.998715991119202, 60.000320420155894], [8.998679711334331, 60.00039241900778], [8.998697726337939, 60.00042979690379], [8.998691883395228, 60.00045798327902], [8.998666016525725, 60.00050533563678], [8.998673704366086, 60.00054908571457], [8.998710722007067, 60.000567971377194], [8.998768891812366, 60.00059214345437], [8.998941571760268, 60.00059560508402], [8.998981767120474, 60.0006128347452], [8.998996688776305, 60.000641517697105], [8.999034057975646, 60.0006812186408], [8.999034534780229, 60.00071815697868], [8.999015530258118, 60.00074457273121], [8.999017887479907, 60.00078105656483], [8.999004719537796, 60.000803056331605], [8.998949857907876, 60.00083386987228], [8.998931503080621, 60.00085473272956], [8.998926322697786, 60.00089114300624], [8.998934422180017, 60.000911861459045], [8.998966527700533, 60.00093502508571], [8.998965826346312, 60.00095174063806], [8.998906220475458, 60.00102348635939], [8.99889202499599, 60.00106893983803], [8.998847079891824, 60.00111245101225], [8.998840875610881, 60.00115844893739], [8.998867300662205, 60.00120890596766], [8.99892160144927, 60.0012800827463], [8.998952737164613, 60.001356055914954], [8.998946821289993, 60.001415302944224], [8.998915766522028, 60.001463499306745], [8.998857134092567, 60.00152790610122], [8.998761645084578, 60.00163286135317], [8.998723521860503, 60.00168235611851], [8.998715445811946, 60.00175546093469], [8.998714786078525, 60.001797659852585], [8.998724945227162, 60.001814960649526], [8.99862857058875, 60.002905819140416], [8.998351375390875, 60.0040813548094], [8.997308372688124, 60.00515794989125], [8.996018313802521, 60.00648222719618], [8.995221514330071, 60.00729982748242], [8.994606011586326, 60.007937149859664], [8.99372740030488, 60.008847174550304], [8.992624536645605, 60.009989081438114], [8.992534256003475, 60.010092830558335], [8.992041254299695, 60.01061084749914], [8.991446903782693, 60.0111431458249], [8.990497080508906, 60.012077816671315], [8.989859632445247, 60.012685487454405], [8.989438684619307, 60.013756308669436], [8.988882907969275, 60.015170153549384], [8.988842288795935, 60.01527364727485], [8.988519549180504, 60.016071624176064], [8.988350783355935, 60.01648846315428], [8.987961748388019, 60.0174497187753], [8.987936717313094, 60.01790292479354], [8.987776125476605, 60.02080546075676], [8.987652547620923, 60.023037888274594], [8.987555452739596, 60.02479133432096], [8.987321080094606, 60.028247950239596], [8.985724974471825, 60.03235641663926], [8.985458174713349, 60.0329291428363], [8.98530175662345, 60.03344622185275], [8.98305227230566, 60.0369927752289], [8.983997489500153, 60.03846248486362], [8.983746278462894, 60.0398999632491], [8.983677228171697, 60.04095768194909], [8.983489771875478, 60.04165522771795], [8.982952666491288, 60.04365357452525], [8.98308911678513, 60.044585347633294], [8.983104882214231, 60.04625895559902], [8.983093297088217, 60.04656889081751], [8.983090543832699, 60.04664016826684], [8.983035160964654, 60.04811081379997], [8.98299452867388, 60.04949965482515], [8.982992072886896, 60.0495831015297], [8.983043677969452, 60.05020953871505], [8.982148104445717, 60.051699886854536], [8.981741480527072, 60.05236347095736], [8.981735187648882, 60.05322686628583], [8.981734705270632, 60.05329554629153], [8.981735054215026, 60.05334193385693], [8.98150627336976, 60.054908569099446], [8.981212168842493, 60.05799942375289], [8.981119119192288, 60.05845636874702], [8.98099950911852, 60.05899358856868], [8.980971209972013, 60.059113942715655], [8.980817208355324, 60.059802843175554], [8.98034043095117, 60.06086129855024], [8.980170571494716, 60.0615166091318], [8.979797667408999, 60.06292980297248], [8.97976624218721, 60.063049474039104], [8.97956635101789, 60.063816685653805], [8.979113807856846, 60.06537841228673], [8.978907538447835, 60.06738998639999], [8.978722365189759, 60.068624109455556], [8.978115011439927, 60.07010862026985], [8.97713893215806, 60.071949776798625], [8.976108145979657, 60.07327401649634], [8.974825451328215, 60.074479675107845], [8.972898704855767, 60.076382611284465], [8.970660542675272, 60.07851448743393], [8.968514604833338, 60.08062336205097], [8.96755665697826, 60.08167751526287], [8.964052682626084, 60.085536306259094], [8.9628066099379, 60.08692219937984], [8.959767601659465, 60.09123197969907], [8.957860649742393, 60.092063685440834], [8.957503894152433, 60.09222148185356], [8.957160637226464, 60.092305789749176], [8.957079151334037, 60.092364635870446], [8.957102789728957, 60.09241947557006], [8.957201942474615, 60.09253432378466], [8.957215975774815, 60.09255018437904], [8.957229951855657, 60.092561450099886], [8.957267202249664, 60.0925932319882], [8.9573045906642, 60.092620337896], [8.957332636361826, 60.09264530479059], [8.95737011829869, 60.092674846152796], [8.957408178861614, 60.09271792063284], [8.957440984364887, 60.092754271097874], [8.95748277048342, 60.09278590059721], [8.957525019367164, 60.09281304908395], [8.957566491165728, 60.09282872634624], [8.957603422953444, 60.09283771236916], [8.957672044446564, 60.09285085191231], [8.957690408728745, 60.09285295408536], [8.957722707065122, 60.09285281337986], [8.957745395073763, 60.092854933593316], [8.957827767147034, 60.09285897841688], [8.957878055810456, 60.09286101273166], [8.957988266192217, 60.09287839901995], [8.958264882488072, 60.0929409585916], [8.958497512751766, 60.0931124363518], [8.958723748061649, 60.093240219429255], [8.958871939981925, 60.09333156039392], [8.959182434634513, 60.09352479304858], [8.9593874072497, 60.093716342278334], [8.9594528057703, 60.09376372994125], [8.959481410872653, 60.09381609527567], [8.959487274798976, 60.09386858937905], [8.95948452085399, 60.09393266453007], [8.959481289117633, 60.09398068997633], [8.959468925651855, 60.09402640616776], [8.95934156443676, 60.09422605181169], [8.959306936808638, 60.09428794642697], [8.95927596009984, 60.0943338904294], [8.959245242292731, 60.094370571762695], [8.959201070665793, 60.094423564997484], [8.959166153805562, 60.094483105197426], [8.958934333050209, 60.0948685880197], [8.95888979437354, 60.09491670199611], [8.958863240428915, 60.09495132293659], [8.958759279557071, 60.09508243632149], [8.958760342912134, 60.095196390672236], [8.958807179655164, 60.09535170130254], [8.95878046789919, 60.09542251268874], [8.958776032353626, 60.09544076848997], [8.958750125817208, 60.09548658453902], [8.95871480663081, 60.095532599650106], [8.958652735767707, 60.095594677555646], [8.958598656727323, 60.09564073358664], [8.958554004949278, 60.09567767685985], [8.958366554937147, 60.09583431920475], [8.95833943383285, 60.09585729841593], [8.958071673834844, 60.09608301634128], [8.957928989232446, 60.096258997787075], [8.95788848180972, 60.09640193254363], [8.957903487322104, 60.096449803190794], [8.957927589007538, 60.09650214260794], [8.958159223661255, 60.09671841656289], [8.958212377912973, 60.09679910025597], [8.958284090320328, 60.09692304494004], [8.95830875845014, 60.09700665548598], [8.958339474733332, 60.09711917712747], [8.958404067802313, 60.09716508754493], [8.958480503341624, 60.0972456671725], [8.95846143560942, 60.097293507381266], [8.958228681758019, 60.097538658497946], [8.95813902703191, 60.09771157731572], [8.958099900706829, 60.0978057715775], [8.958011098407878, 60.097876889592875], [8.957979691800235, 60.09790453481354], [8.957962375677424, 60.09792517189403], [8.957935398485823, 60.09794833776654], [8.957913572161143, 60.09798272501759], [8.957869676307135, 60.09806067286355], [8.957544588213363, 60.09818021293828], [8.957251940703351, 60.098303760075865], [8.957069315827638, 60.098354550357314], [8.956853420680666, 60.098399943837684], [8.956609844122978, 60.09847036127943], [8.956262504482414, 60.09863831295905], [8.956194686611646, 60.0986707722307], [8.956154396319645, 60.098691796882825], [8.956050254610167, 60.09872664328154], [8.955977497647252, 60.098747710598566], [8.955788933003207, 60.09876211926415], [8.955645009139943, 60.09877794350473], [8.95550131817084, 60.0988091758355], [8.955432434706546, 60.09885527263332], [8.955372018457311, 60.098912202654105], [8.955285322794271, 60.098945326939585], [8.955169507276965, 60.09896126855245], [8.954914765889871, 60.098988400264446], [8.95473626550017, 60.099019656901795], [8.954492670655016, 60.099086197962365], [8.95414689675209, 60.099187673582534], [8.954069939043587, 60.099210978521995], [8.954028956482786, 60.099218104012294], [8.95388308105806, 60.09923275640685], [8.953755048894575, 60.09923372960399], [8.953699816739588, 60.099227145214506], [8.953617339914341, 60.09921868130331], [8.953598972399057, 60.09921657851499], [8.95353506218371, 60.099216979799785], [8.953416142744045, 60.09922233245192], [8.953343030542788, 60.09922276193328], [8.953255964741656, 60.09921669866361], [8.953182795933143, 60.09921253319285], [8.953005427602697, 60.099218987207365], [8.952782775570135, 60.09924614566621], [8.952732034153199, 60.09928181757572], [8.952696280795921, 60.099309532516855], [8.952692507228557, 60.099336913085274], [8.952692733443316, 60.09935529253617], [8.95269774405645, 60.09937119005366], [8.952698377184618, 60.09938931803106], [8.952708402083177, 60.099419132254305], [8.952704612085157, 60.09944660211424], [8.952700659679934, 60.099473974482166], [8.9526922403633, 60.09949916102954], [8.952683695134397, 60.09952209069031], [8.952679917895603, 60.09954262770938], [8.952670994952928, 60.09955878671153], [8.952617583239448, 60.09961387579915], [8.952595491203232, 60.0996300611997], [8.952563677005246, 60.09964616093235], [8.952545601214506, 60.09965325592026], [8.952421273060601, 60.09968996531752], [8.952310543883844, 60.099757643266045], [8.952283517593475, 60.09976928019815], [8.952224656822489, 60.099790262515285], [8.952161365432843, 60.09981572393046], [8.952093590614082, 60.09983908876443], [8.95207070648769, 60.09984389214965], [8.952025328713068, 60.09985333672789], [8.951947934002614, 60.099865274864875], [8.951879546145133, 60.09987726586549], [8.951815694545186, 60.09988910470453], [8.95174796518644, 60.099905357936244], [8.951656709366379, 60.09992206285135], [8.951538512616901, 60.09994797720906], [8.951438468424083, 60.09996932138994], [8.951343142592942, 60.09999736513003], [8.951275257462244, 60.10001838335244], [8.95118430903379, 60.100044196563644], [8.95112551655037, 60.10006284039807], [8.95107092286787, 60.10007924559989], [8.951016703209508, 60.100095577892546], [8.950962357718256, 60.100109653276476], [8.950871713399703, 60.10013773135294], [8.950812437157104, 60.1001541017513], [8.950635846624417, 60.10021020303614], [8.950422264484908, 60.10025956464413], [8.950367792740064, 60.100271382889694], [8.95029479069468, 60.10028100036385], [8.950217321770893, 60.1002884318939], [8.95017636995241, 60.10029537757288], [8.950149001980211, 60.10029808400221], [8.950084983510147, 60.10030298094757], [8.950025630925138, 60.10030800187558], [8.949952625659995, 60.10031077561848], [8.949897792982748, 60.10031573371889], [8.94982032390111, 60.100323165013315], [8.949806796944772, 60.10032317472571], [8.949788501665505, 60.10032557696838], [8.949710814014514, 60.100328315845175], [8.949642491023033, 60.10033112414953], [8.94960101986292, 60.100329131396414], [8.949555151485397, 60.100322614733706], [8.949504816334343, 60.100313912128804], [8.949435805039332, 60.10030282185039], [8.949362294148635, 60.10028972418707], [8.949270319823118, 60.10026524408419], [8.94917787876215, 60.100238401332604], [8.948895067898052, 60.10017103753075], [8.94876931154054, 60.100170399571546], [8.948686981453397, 60.100177787229256], [8.948632615675185, 60.10018510739234], [8.948563828855088, 60.10019239608866], [8.948527539962978, 60.10019262178293], [8.948375434599678, 60.100148003014276], [8.94833413987991, 60.100139174539606], [8.948091994398375, 60.10007133390897], [8.947951873385637, 60.100050766321964], [8.947873160689275, 60.10005417741542], [8.947815441319344, 60.10007187858523], [8.947760932190736, 60.100085855133514], [8.947754474139714, 60.10008762977592], [8.94771548322744, 60.100097636175185], [8.947519571295762, 60.100130335442195], [8.947419822892961, 60.10013242062452], [8.94738187230398, 60.1001181625425], [8.947363429985579, 60.10010470979063], [8.947335600169893, 60.100086413966515], [8.947316856038565, 60.10007753964689], [8.947261407243566, 60.10005743587305], [8.947229635929272, 60.10005075500381], [8.947187835586748, 60.100034879441786], [8.94714166380317, 60.100026096860496], [8.94711882971776, 60.1000218071663], [8.947072908998166, 60.100017538332104], [8.946941985933336, 60.10001558091597], [8.946807393378078, 60.1000433498699], [8.94650270859021, 60.10011049441994], [8.946265631654212, 60.10015814062582], [8.946008917929465, 60.100188046515235], [8.945857513655039, 60.10017587314341], [8.945677296337884, 60.10016543830694], [8.945587757485612, 60.100191402559], [8.945519782398563, 60.10023834679871], [8.9452813736627, 60.10038624042645], [8.945250023903789, 60.10041154445151], [8.945209761633558, 60.10044607409168], [8.94512057099958, 60.1005151856697], [8.94500257466897, 60.100582074127495], [8.941356294823219, 60.10213330052654], [8.936964998274288, 60.104243679504116], [8.930259024778922, 60.10712231336604], [8.928232161404434, 60.108024392491615], [8.925970181242551, 60.10902286197439], [8.925531695017673, 60.109216889073494], [8.921665036783727, 60.110928748324945], [8.920659759310759, 60.11139442586252], [8.915258467073537, 60.11379834702669], [8.911176015775704, 60.11559857983811], [8.906483594531394, 60.11766723423144], [8.90150416934019, 60.119889512722445], [8.889902752464069, 60.125028151370266], [8.889608302744989, 60.125158593960634], [8.881103607144674, 60.12894510873292], [8.87900423651265, 60.12986944643002], [8.86588377172889, 60.13569494412348], [8.861393065476818, 60.13768104498152], [8.858346485532236, 60.13904100287642], [8.858308930643163, 60.13905546450197], [8.837151156329822, 60.147654972125174], [8.83276595631713, 60.149418371741184], [8.828481243962704, 60.14999490866176], [8.817877170388671, 60.15271509096336], [8.815996903398238, 60.152738591432154], [8.81439487476195, 60.15276375751487], [8.80932866598375, 60.152754803790415], [8.800198697792288, 60.15626422051471], [8.771378304857995, 60.16884473664237], [8.769042242597854, 60.17000544138677], [8.768759625195717, 60.17008585643189], [8.768253111174012, 60.17023102462128], [8.759569701068862, 60.1727192088123], [8.751575504935678, 60.17500093582125], [8.746406122288214, 60.17646136187566], [8.744567982308162, 60.176964475484], [8.740686811545725, 60.17805422437993], [8.73640229154504, 60.179272889820695], [8.729378059853369, 60.18127010277826], [8.724267251804402, 60.182693147197554], [8.722863575871743, 60.18310692758749], [8.717996973745826, 60.18223875484944], [8.714868941889511, 60.18168966484904], [8.712277388767184, 60.181223144500166], [8.708309246602381, 60.18052535794466], [8.706161704655216, 60.180167410518045], [8.699102777084457, 60.1789308235834], [8.695021431863442, 60.178238565483106], [8.690242940584119, 60.17739010082952], [8.68430456736979, 60.17635258828386], [8.68106575350509, 60.17577853632025], [8.678189476438234, 60.17527039736459], [8.676579775673966, 60.17498597474353], [8.674631616061484, 60.17464181350393], [8.670129778104444, 60.173780260270995], [8.668056827005339, 60.17342109729505], [8.666958817274997, 60.173230715256935], [8.666602671991145, 60.17316895630852], [8.665027986803759, 60.17288858772727], [8.664288905375745, 60.17276719486556], [8.661599079309791, 60.17229482575883], [8.659873527601645, 60.172007869993365], [8.658366347664996, 60.17208544643961], [8.654734489598127, 60.172321387071165], [8.652094719296835, 60.17249198731086], [8.648173676450382, 60.172743748304576], [8.64752454229199, 60.17279186744216], [8.641418695030632, 60.17317805369488], [8.637322575794643, 60.17343934917688], [8.626955185804626, 60.174075816727566], [8.626812830464017, 60.17408452722601], [8.62133886878526, 60.174433286741795], [8.616990585089233, 60.17465511466806], [8.615318226618493, 60.17474844945438], [8.612328897346208, 60.17489451449459], [8.607341814356626, 60.17513871269184], [8.59953334564505, 60.17553060652664], [8.596520277782101, 60.17567967041388], [8.594393788962849, 60.17579593304019], [8.588225494096289, 60.17611559098249], [8.587870297601821, 60.17613166771768], [8.587810107209286, 60.17613432897444], [8.587760480063784, 60.176136602509516], [8.587653025909653, 60.176141471852326], [8.58761763160664, 60.176143085504286], [8.587541006555629, 60.176146569746194], [8.585025814517381, 60.176260286233486], [8.58063192370075, 60.17649654929733], [8.577578726320315, 60.17664620697428], [8.575585133118388, 60.176736747922625], [8.574373166815134, 60.176791621800405], [8.573322879500525, 60.176853724882655], [8.572212234366255, 60.1769063953521], [8.568712861705567, 60.17708817232129], [8.56762630541727, 60.17712396247822], [8.565214380057986, 60.177243057648454], [8.55998206855854, 60.17687730018046], [8.556194201365933, 60.1762407147135], [8.550090442196845, 60.175611859754596], [8.547413135017631, 60.17531293067974], [8.541235704063407, 60.17465933449242], [8.53613199632525, 60.17413486197431], [8.535599462025681, 60.174080048020954], [8.531510862692473, 60.173620322806975], [8.526448082228729, 60.1730886422058], [8.522746828987788, 60.17269375501551], [8.521189750291875, 60.17252797583935], [8.519297044770237, 60.17232227803628], [8.516339009163826, 60.17201441068882], [8.508702957217846, 60.17116840869126], [8.507979015826686, 60.17108812154941], [8.506190450169992, 60.17091689963384], [8.502111105021859, 60.17047686938281], [8.4965857942441, 60.169910336761184], [8.49207759699366, 60.16942678418273], [8.489963844848724, 60.16921227543223], [8.486845485123178, 60.16889563890079], [8.48610571852032, 60.16879444810056], [8.480651201515153, 60.169071226725485], [8.476535974406161, 60.169270569800695], [8.472868700250498, 60.169449059230665], [8.45801633296278, 60.170119231784035], [8.45271543482855, 60.17093707007411], [8.436007404082282, 60.173446335634964], [8.434495585395949, 60.17367411301799], [8.42883670991358, 60.17453196080344], [8.426144406798494, 60.17492843795922], [8.425965787886494, 60.17495431652072], [8.421728953388268, 60.175568095281214], [8.420582131258374, 60.17576841429618], [8.415829468517774, 60.17645864062026], [8.412634341575385, 60.176938149503854], [8.408982004624363, 60.17748007150244], [8.40363585115132, 60.17827213351217], [8.398609274282462, 60.17901528348362], [8.3965760577448, 60.17933503868245], [8.39077259810448, 60.18019840926583], [8.38818413462709, 60.180583394427366], [8.385301615030262, 60.18101612093289], [8.384281098085689, 60.18117273483553], [8.381795189321723, 60.180923242749785], [8.380458105710131, 60.18081411961541], [8.377840752529599, 60.18062093578831], [8.373141049944511, 60.180229737369885], [8.368131599912317, 60.1798000999677], [8.364183398032933, 60.179476965076645], [8.361452907107651, 60.179243073037654], [8.360153647884552, 60.179152219552066], [8.358611597027116, 60.17902778299496], [8.35733984583808, 60.17890927394256], [8.350493129408534, 60.1783429518027], [8.346633246051985, 60.178027152378384], [8.344130382903568, 60.17782581144275], [8.340299507685787, 60.17747812864545], [8.335304390971778, 60.177089833351], [8.329999780625583, 60.17664263505056], [8.326681267712853, 60.17636458992865], [8.323475504750405, 60.17609351496522], [8.319158584889681, 60.17573538870728], [8.312072809150536, 60.175147442861594], [8.305760171398141, 60.174605807676784], [8.293110222460943, 60.174897858551475], [8.28426980141603, 60.17510114444213], [8.23952884939621, 60.18313465414267], [8.230884969820057, 60.18458018476252], [8.20879045295701, 60.1882718148603], [8.166885421111783, 60.186353206584116], [8.166905872207154, 60.18581753618189], [8.169043372236489, 60.18502703953129], [8.170158167889227, 60.184453841706194], [8.170837937271015, 60.18431780217186], [8.171186424781872, 60.183948340040935], [8.171487765811893, 60.18363050682103], [8.172184267690454, 60.18341413316066], [8.172875820170438, 60.1831346898254], [8.17422874737157, 60.182807990884825], [8.174747008809337, 60.18266357876588], [8.175625858942675, 60.18226746852983], [8.176602302088586, 60.18175023890006], [8.177066701450029, 60.181431815473324], [8.17731952069723, 60.18091321054859], [8.177963569622339, 60.18051395850483], [8.178342855715275, 60.18008290367912], [8.178155238375751, 60.17976690471021], [8.179270201756736, 60.17936486797892], [8.179754460001064, 60.17877712034679], [8.180355212681759, 60.17841166701702], [8.181690247840523, 60.177994042144235], [8.182459665324792, 60.17760116015201], [8.182993859905196, 60.17729533754095], [8.183748021152613, 60.17697384231053], [8.184281835507917, 60.17666799561909], [8.184443874026158, 60.1763249210522], [8.184661115330409, 60.175975596298976], [8.1849316454012, 60.1754579875325], [8.18525469447036, 60.174861808369286], [8.186226964352327, 60.17410108786504], [8.186946060255853, 60.17368765341124], [8.18675369642463, 60.17330816347838], [8.170382671060414, 60.173750383740284], [8.170352863988004, 60.17415435979502], [8.17030194287941, 60.17448524076708], [8.16952644217436, 60.174733464447456], [8.16886539780063, 60.17504167927681], [8.167942460864834, 60.17539039962999], [8.167921761354132, 60.17574969997295], [8.167606537887607, 60.17622009132744], [8.167325784574864, 60.176611073100425], [8.166826883269259, 60.1770088704333], [8.165579769009314, 60.177611135501834], [8.165418854385424, 60.178035356462026], [8.165034931829236, 60.1783128518445], [8.16462716417354, 60.17870626176877], [8.164670729588426, 60.1791050285972], [8.164275081738468, 60.179526100565425], [8.163808170413597, 60.17994356980796], [8.16342144844825, 60.180410160424685], [8.163000720556981, 60.18060464010218], [8.162599927162123, 60.18079113994024], [8.162297210407456, 60.18102777904062], [8.16201425012929, 60.181256429777925], [8.161657828153285, 60.18149028467716], [8.160695835313492, 60.181764846366704], [8.15955572622853, 60.18194014211776], [8.15894367371607, 60.18209756715359], [8.158488408831836, 60.1823713484851], [8.15768596957699, 60.1828344855011], [8.156807462328596, 60.18340172361406], [8.156292682173556, 60.1835281353795], [8.155720457759179, 60.183840991379036], [8.154700156625363, 60.184220719638155], [8.153805331474599, 60.184606860447964], [8.152814296608415, 60.184672594127015], [8.151862395512183, 60.18481244506362], [8.151120806251372, 60.185071345460955], [8.150242752672128, 60.18511588893326], [8.149158134129708, 60.18502344848115], [8.148368476686054, 60.18499146279143], [8.147523612097833, 60.18496561731169], [8.146557002350525, 60.18491542005299], [8.145732059716856, 60.185052809588576], [8.14485776873303, 60.18490826532933], [8.14398607050379, 60.18483603416828], [8.14333922604428, 60.18490146560439], [8.142527014047563, 60.18480528011172], [8.141708461142075, 60.184825733257036], [8.140138497687383, 60.1851497518567], [8.138934610582652, 60.18493405239486], [8.13825346810634, 60.185250188012425], [8.13722581713174, 60.1854039306345], [8.136524873225591, 60.18546660608377], [8.135762551045158, 60.18521968150537], [8.134956079168512, 60.18526784736639], [8.134217643830896, 60.18533757203563], [8.133409297173307, 60.18539464295754], [8.132347225939135, 60.18562775467729], [8.131300227750147, 60.185356975591986], [8.130792107588922, 60.185105228278275], [8.129348685273536, 60.18491283705235], [8.128520270777853, 60.18463539112275], [8.128174689631434, 60.18404054044142], [8.127046786173322, 60.18381075126287], [8.12648253158927, 60.183655102997626], [8.12571453471937, 60.1834348564361], [8.124725929565642, 60.183058919019075], [8.123735511308185, 60.182863118669985], [8.122908450813398, 60.18283804042345], [8.122404362348709, 60.18334347536729], [8.121423680923073, 60.18327442321], [8.120514436819953, 60.183208997962744], [8.119145002045792, 60.183182563836745], [8.117970377725783, 60.18317537815119], [8.116899573006812, 60.183191621739454], [8.11606518868973, 60.18337339601631], [8.114976964898533, 60.183469824136054], [8.113573409146726, 60.183432629935794], [8.11296401618762, 60.183490945862566], [8.111697139151525, 60.18357811279147], [8.11063673336006, 60.18363080721172], [8.109995110114527, 60.18366940268181], [8.10828559099332, 60.183625187745236], [8.106906573198188, 60.18364327694358], [8.105834894704467, 60.183749417123295], [8.104125999417649, 60.18378638044813], [8.103184542862772, 60.18353034599188], [8.102832135620499, 60.18331356744171], [8.102429759872425, 60.18307633156738], [8.101951072013659, 60.182771929280385], [8.101474290432437, 60.18245852228383], [8.101101123159694, 60.18216864537599], [8.100081376926639, 60.18173239407202], [8.099564245383535, 60.181304126034824], [8.099634665714898, 60.18088423449861], [8.098843284688138, 60.180518494064614], [8.098180434572235, 60.180573854359594], [8.097565274372297, 60.18031636797116], [8.096955763039494, 60.18003213717863], [8.096480007985916, 60.17980005326508], [8.095288416708032, 60.17935909424311], [8.094709820874641, 60.17901338378313], [8.094190760319915, 60.17864365964819], [8.093680423836089, 60.17849077451642], [8.092988118465444, 60.178256262667375], [8.092546235312287, 60.17769239114667], [8.092113875595132, 60.177426421904926], [8.091519531810997, 60.177070768090815], [8.090621998899383, 60.17695166762731], [8.090042795335544, 60.176867258675365], [8.088967063647504, 60.17664877993707], [8.087804138821431, 60.17641662110585], [8.086688174855414, 60.17630398264365], [8.085956237314857, 60.17608537830452], [8.085590808846323, 60.17575980629006], [8.085216907526991, 60.17538872712143], [8.08484396336277, 60.1750988080237], [8.084410752755373, 60.17475165421201], [8.083324041390176, 60.17441520889141], [8.082809872921942, 60.174108866149524], [8.082313784599256, 60.17380346916247], [8.081313546178807, 60.173228385502995], [8.080875864814336, 60.172989132205], [8.079957783762922, 60.17262554096139], [8.079586651897378, 60.17215536099006], [8.07884300035859, 60.17139544272671], [8.078046287939681, 60.17105613846271], [8.077649138998767, 60.17088208650782], [8.07625082168657, 60.17022289018808], [8.075894965156134, 60.170023872184274], [8.075315370668292, 60.16968711375977], [8.074785007264866, 60.169370781719124], [8.074082779894654, 60.16875702449974], [8.07356609693297, 60.168549734789536], [8.072925007016224, 60.168245694631864], [8.071776277404698, 60.168032060048745], [8.071201215583, 60.16792984361697], [8.070688799703992, 60.1681282378061], [8.070255832642829, 60.168294754231326], [8.069718273938536, 60.16818539897595], [8.061960243930821, 60.16519085182022], [8.058693456829717, 60.16396449043224], [8.057670098308227, 60.1635861727643], [8.053670943724303, 60.1627448067711], [8.047454786101444, 60.16144379057977], [8.03987201669112, 60.15985412614602], [8.028602171829679, 60.15749221152292], [8.018320809097315, 60.155334927608], [8.018174489667661, 60.155318167129444], [8.016573728240665, 60.15513434444265], [8.014017564915436, 60.1548276916522], [8.011814882710127, 60.1545576581823], [8.005300592125813, 60.15331092970662], [7.972647111231991, 60.14706790055442], [7.933586974507515, 60.13957124823248], [7.924717967900705, 60.13786927028964], [7.920952107969053, 60.13714423688689], [7.917502351373217, 60.136048386511675], [7.9031814347631615, 60.13149220570524], [7.880936224805402, 60.1244239880702], [7.878080875519397, 60.12351255002967], [7.8533634382575475, 60.11564733826176], [7.852434041415885, 60.11535342420451], [7.840273466238464, 60.111483723856004], [7.8279824317963165, 60.107560524909566], [7.812840507665429, 60.10265102557932], [7.791192310404326, 60.10857179310267], [7.7646651541638105, 60.11593445849846], [7.74976259172696, 60.11732382708182], [7.7278330120475065, 60.11935118407038], [7.717965954771491, 60.12025747542756], [7.646000587162599, 60.12685202096241], [7.575351454799662, 60.114331502586175], [7.488261747973947, 60.09892928917832], [7.487131351239131, 60.09796211368224], [7.485228690117182, 60.096340013006056], [7.483188680220948, 60.09451730874346], [7.479152569783091, 60.09093209803525], [7.475226159882429, 60.08742488207657], [7.470923197550391, 60.08375176189144], [7.466786240659452, 60.08023317046602], [7.462801167444936, 60.07667694364077], [7.4606955688692285, 60.074842734957755], [7.458657943302647, 60.07294925064184], [7.454086921873043, 60.06880886313938], [7.4526217105087165, 60.06748922285144], [7.450863000175828, 60.06571981529565], [7.4470797986860005, 60.061849896001135], [7.445337271577456, 60.06009025041742], [7.443379359967037, 60.05808343731483], [7.442652737763906, 60.05732017090813], [7.442519518762264, 60.05687970139845], [7.442322493286998, 60.056011499887646], [7.442240203208141, 60.05566414533787], [7.442146968219613, 60.054901567186135], [7.441809698942043, 60.052681500310584], [7.441210099485207, 60.04854338010402], [7.440825642212614, 60.04652820680267], [7.4405365621749615, 60.04449127935199], [7.440252985859729, 60.04250896011464], [7.439591304536179, 60.03825000694083], [7.439264063851079, 60.0363011558443], [7.438567776872047, 60.03219360971868], [7.438206140905089, 60.0300803445205], [7.437890677799469, 60.02815921966618], [7.437218579789246, 60.02402599248684], [7.436896272804203, 60.021978204563965], [7.436565012717595, 60.020047144082305], [7.436428799355442, 60.0192276980894], [7.435360285509926, 60.01885944767738], [7.432119264639963, 60.0177528654496], [7.430729354946499, 60.017293997886895], [7.422471959234493, 60.01473467408845], [7.419613418388994, 60.01384814112141], [7.413963597554957, 60.0120969733898], [7.413494530591481, 60.011943615979646], [7.410236304209146, 60.01091661645104], [7.403102141862249, 60.00865526001343], [7.394134016483196, 60.00583640947557], [7.3876385321348925, 60.00378248127228], [7.3821416720302455, 60.00193035340155], [7.376478814127225, 60.00001439790192], [7.376444591129005, 60.00002235591321], [7.35217081080547, 60.005663414514856], [7.34296771223572, 60.00736413750608], [7.3338677390309535, 60.009079290903344], [7.329137014659503, 60.008586488531634], [7.318824068233255, 60.0073883717827], [7.307780332564682, 60.006236809651995], [7.295532540613546, 60.00492344242712], [7.2886150085992245, 60.00415647608697], [7.281469993350483, 60.003438993020964], [7.27599015317963, 60.00276504192563], [7.2599276602066745, 60.00106121886232], [7.256433148565112, 60.00060267118837], [7.254855043509409, 60.00041937754498], [7.251412921309769, 60.000504938205864], [7.24682715059654, 60.000703203701605], [7.240927907966096, 60.00089594981632], [7.235797667487972, 60.001188038384626], [7.231351923164954, 60.001403161317], [7.230127327311497, 60.001402861511465], [7.22805840610708, 60.00200199593725], [7.223229885827963, 60.003303875086274], [7.215160686614013, 60.0052792446467], [7.208742090875979, 60.006747868256184], [7.203161937407323, 60.00810911002855], [7.199428826427242, 60.00896082993122], [7.195684606797144, 60.009856988161886], [7.1831643602822535, 60.012883126403736], [7.178426567126141, 60.014089562132895], [7.1737074980341555, 60.01521567132483], [7.167489538209477, 60.016126014177885], [7.156863138486365, 60.01783742059498], [7.145932456919034, 60.01945763500097], [7.1393081804622796, 60.020477551137034], [7.130937433692402, 60.02163628579995], [7.126803587117067, 60.02226366151068], [7.1213430153349355, 60.023009812690034], [7.113458930579686, 60.02431387744995], [7.108946407666554, 60.02644284797901], [7.09556339089657, 60.03291920506511], [7.0892250981332126, 60.03602944312295], [7.080175094504306, 60.04034759072967], [7.080199233721434, 60.040354305442996], [7.084234778098915, 60.041476780971784], [7.089837375470037, 60.04300533607059], [7.0938722487502295, 60.04407821102972], [7.096170619682662, 60.04494742436955], [7.098114292356556, 60.04586752986595], [7.0992122433149865, 60.04662820565602], [7.099872986677844, 60.047182311839464], [7.100178400527979, 60.04778722926915], [7.100171906103779, 60.047796076017235], [7.0991318241680705, 60.049213012533166], [7.097475476976199, 60.0512247637055], [7.095323898834915, 60.05379326846775], [7.093065620597885, 60.05635524187675], [7.091974453099018, 60.05781449074102], [7.089823489350757, 60.06052725126273], [7.086245293068258, 60.065265455007285], [7.083341212960347, 60.06862746229704], [7.080766084686217, 60.071819952470975], [7.078349851151897, 60.07494962649704], [7.076628828421714, 60.07699350939163], [7.0730342168800835, 60.08155899934618], [7.070370988777503, 60.08488140429937], [7.067162853964829, 60.0890370146562], [7.065557176492366, 60.090970384511515], [7.06451319410983, 60.09229728134157], [7.063851090674682, 60.09294306861589], [7.062804256826624, 60.09361074707587], [7.061703193109849, 60.09420296135934], [7.061359761648994, 60.094426030320456], [7.056803926862713, 60.09526057111446], [7.051624412017622, 60.09612963326761], [7.043297571338384, 60.09745778041099], [7.043218726876341, 60.09747271930424], [7.052380643372302, 60.10082413148295], [7.05202279833279, 60.102128903232305], [7.023697891408777, 60.12131234403986], [7.0255255558839265, 60.13047815506418], [7.000428994401331, 60.15486650970657], [6.9780056930261996, 60.14376062325239], [6.96287039902732, 60.154478423210236], [6.941526631521135, 60.156634416424104], [6.916817016497513, 60.175637160103726], [6.9091823986371095, 60.20281140680502], [6.904256571619732, 60.20575329871347], [6.913214145997609, 60.21889297187864], [6.861288927727034, 60.22038538933145], [6.861154199205257, 60.227258970400214], [6.856552171142943, 60.22563445481565], [6.848609766938039, 60.22376711592042], [6.8444545228785625, 60.22224648009252], [6.806864880027647, 60.21755919319189], [6.763782778329411, 60.230489382236904], [6.727306972371823, 60.23616220889947], [6.687730213294018, 60.231316037323204], [6.685301056056657, 60.22986735305315], [6.683939274839661, 60.22870715103738], [6.684257427974261, 60.22812238378323], [6.684219657419964, 60.227442936219916], [6.683773976979271, 60.22616901245964], [6.683401582225733, 60.225120885768334], [6.683060998793174, 60.22366852622977], [6.68275453113787, 60.222940520823364], [6.682978200957971, 60.22239944606664], [6.683884417279027, 60.221246956734205], [6.6843218092459855, 60.22029959106067], [6.684317600265205, 60.21917540064151], [6.685064837589175, 60.21774205050402], [6.685192023227286, 60.216111587115265], [6.685742784628604, 60.21485992891888], [6.686734524784248, 60.21261599434385], [6.68747738075842, 60.21005393434302], [6.688070258754106, 60.20825877291091], [6.68943746577771, 60.20584443855993], [6.690981759803653, 60.20347738064152], [6.693327640954183, 60.200131752054624], [6.694390521075339, 60.199291533929944], [6.680070392986504, 60.19100315417455], [6.673277088588822, 60.18973869392682], [6.666481738503701, 60.18851886866045], [6.662816669526506, 60.18785351686458], [6.66066873702016, 60.187491796175834], [6.657647069264366, 60.186713568816366], [6.655082185296042, 60.1858919965271], [6.653853416657468, 60.18537174435895], [6.652282119652912, 60.184613093073935], [6.651171828182799, 60.1837346963567], [6.64990690013639, 60.18253050465777], [6.64816623724836, 60.18046103737312], [6.644988969103264, 60.17592150942534], [6.63664660029077, 60.17015071723809], [6.633658055243015, 60.169648646998375], [6.627253063515822, 60.168572341931444], [6.621606884610005, 60.16779388106027], [6.611939168532653, 60.16646031358248], [6.606167661752725, 60.165848797605335], [6.606167486293869, 60.165848577858455], [6.605695791264433, 60.16525812700439], [6.584377785115145, 60.13855032865339], [6.5767653200870875, 60.1364017068399], [6.568955247113284, 60.13334608480313], [6.566232218129121, 60.13455738445572], [6.5618182497850075, 60.13564660036076], [6.561335983208071, 60.135764629315965], [6.559903560614311, 60.13576750364197], [6.562744969025174, 60.13760663092205], [6.568098872425378, 60.14194976062915], [6.568233566455186, 60.14973668700748], [6.56938973819944, 60.15329589821855], [6.570021275700442, 60.15436564911679], [6.572620470013685, 60.15760195096571], [6.57348366982226, 60.163422889425], [6.569473793093624, 60.163221470603645], [6.562178858180881, 60.16285472354288], [6.561559008940562, 60.1628235426208], [6.5605070149867055, 60.16635688638039], [6.559263101490116, 60.170533690700175], [6.559020783018428, 60.17060610663457], [6.549965493438871, 60.17331166529666], [6.549260400773032, 60.173522288978575], [6.548517555672596, 60.17367909321611], [6.548093216198637, 60.173852376711075], [6.547677655268667, 60.1739826124532], [6.5468588805711025, 60.174294075190225], [6.546464562087753, 60.174506753169716], [6.546173621669382, 60.17463370339162], [6.545927363267733, 60.1747658709681], [6.54570724777797, 60.1748390421066], [6.545453599369671, 60.17488071412617], [6.545395626283643, 60.174921232349725], [6.545420896342678, 60.1749657439752], [6.54535612418319, 60.17503462821945], [6.545131264419037, 60.17516952365903], [6.544966865016589, 60.17516537244322], [6.544673867004647, 60.17512659387443], [6.54396598312071, 60.17524192019137], [6.543754610840143, 60.17529388999878], [6.543559768472544, 60.17537301580458], [6.5434236129964525, 60.17539207655797], [6.542961697201094, 60.17540298823683], [6.5427414072922385, 60.17540819135044], [6.542169897094665, 60.175486765352225], [6.541957830871289, 60.175546994669325], [6.541787973168214, 60.175553413996504], [6.541594371034778, 60.17558783232015], [6.541328699464651, 60.17566258340322], [6.540881772618399, 60.17554492003452], [6.540776198147737, 60.1755536641383], [6.540513757409877, 60.175737693517284], [6.5403521509646785, 60.175810915449084], [6.540010959685006, 60.17586582119014], [6.539780611654192, 60.175883247605995], [6.539472558372041, 60.175848004180686], [6.538853817382767, 60.175950705889555], [6.538571075866153, 60.1760993651502], [6.538459336318438, 60.17615811562133], [6.537773827257607, 60.17635268066371], [6.537274220092096, 60.176353692220886], [6.5367727455736295, 60.17648489304692], [6.536355328967379, 60.17659409972642], [6.536005488814142, 60.17665283400868], [6.535974250268957, 60.17665807812675], [6.535725199801586, 60.17666580748141], [6.535146545609172, 60.176634007483976], [6.535088077014924, 60.17658546184537], [6.534948332636148, 60.17655119155964], [6.534337585382888, 60.17654811327949], [6.53388894693744, 60.176428599838864], [6.533810302424494, 60.17640764918473], [6.533631810692944, 60.176397701614356], [6.5335992725249135, 60.17640996486921], [6.533304580548026, 60.17652102756161], [6.5327451577058735, 60.176610813903054], [6.532383220714228, 60.17664007728882], [6.5321767659748735, 60.17676873356892], [6.531952805184561, 60.17682439027234], [6.531893565680433, 60.176815883334825], [6.531783550521589, 60.17684871376194], [6.5315714917264325, 60.17699407397309], [6.531195730743246, 60.17702000688218], [6.530980243958947, 60.177075123860476], [6.5307407327045315, 60.17709636966483], [6.530519000705107, 60.17708959465447], [6.530254132771738, 60.177146408405534], [6.530023572244124, 60.177265925845674], [6.529607155282409, 60.17738639300011], [6.529492734860039, 60.17739926333758], [6.528951071600074, 60.177460191365455], [6.528632969518651, 60.17766304486563], [6.5285896757192425, 60.177690652540726], [6.528445593875824, 60.17789880374513], [6.528200905072435, 60.17801054681175], [6.528006658712188, 60.17800400210381], [6.527675405119036, 60.17808678592361], [6.527590389671984, 60.17814478908735], [6.527446859955674, 60.17816074094708], [6.527382565471057, 60.178148656045316], [6.527212262480252, 60.17805471279803], [6.527032560834027, 60.17801813876818], [6.527024079708687, 60.17801641261742], [6.5270090589087735, 60.1780197435283], [6.526653272444444, 60.17809863393599], [6.526467358160941, 60.178188514879906], [6.526384710316306, 60.17820594752486], [6.526278799445553, 60.17818170178675], [6.525441403863248, 60.178187827647584], [6.52514783469486, 60.178237817586805], [6.5249557941946765, 60.17830797930627], [6.524496378279013, 60.17834674613829], [6.524324042516944, 60.178388469415566], [6.524202386875396, 60.17846469795459], [6.524054313469784, 60.17849814145212], [6.5237904362981105, 60.17849866373966], [6.523602064283354, 60.17855118180009], [6.523428825951781, 60.17853352293026], [6.5230976350679235, 60.17865160481399], [6.522524631170002, 60.178603499995184], [6.52228317826012, 60.178654493267345], [6.521399567663082, 60.17867657860044], [6.521232228730602, 60.17873044848134], [6.520837260753259, 60.178766681309774], [6.520612392479455, 60.17878730973258], [6.520437425923382, 60.17887752720749], [6.520178979139877, 60.178972726065076], [6.520024115615268, 60.17902976949763], [6.5199593095675334, 60.17933656668675], [6.5197149491131645, 60.179646512455086], [6.519533120486741, 60.17979732574018], [6.519429959838663, 60.18001027387422], [6.519367607400685, 60.18010116250067], [6.519101491394494, 60.18048906720658], [6.519149792216176, 60.18054746857057], [6.5191932318564625, 60.18059999093307], [6.51917866378406, 60.18076356825749], [6.519209221167224, 60.180904861256074], [6.519348567793294, 60.181150772214515], [6.519327632710953, 60.18127953719654], [6.5192098697787975, 60.18139303358007], [6.519113086016624, 60.181450183713984], [6.519048373339301, 60.181620462287746], [6.518793050996543, 60.181735207365406], [6.518745241787409, 60.18176804745057], [6.518542605513891, 60.181907242003554], [6.5184401659673386, 60.182138295344416], [6.518418547801498, 60.18225013132973], [6.518313935182287, 60.18233530956553], [6.5181324933815175, 60.182554143920484], [6.518004785664938, 60.18270816758106], [6.51785982247665, 60.18283002329385], [6.517704800362341, 60.18289517225025], [6.517655090770648, 60.18291606283033], [6.517605836051779, 60.18297493617058], [6.51746471676875, 60.18314361588488], [6.517474279234683, 60.183251953448455], [6.517443714514646, 60.18330470208039], [6.517247221308013, 60.18351741351494], [6.516983018248872, 60.18359438233899], [6.516773641830654, 60.183782696077664], [6.516495132813054, 60.18388610127977], [6.5126175821283825, 60.1902341634487], [6.512248671546263, 60.19125697010178], [6.511708371325236, 60.192754823429574], [6.511721636278223, 60.193007780531254], [6.5117570276911, 60.19368267499691], [6.510523547891499, 60.19524118776747], [6.467758789972184, 60.19859057195695], [6.464441645508141, 60.19884976296849], [6.464220411008563, 60.19886704605677], [6.473831099188705, 60.20887099894246], [6.418992770791832, 60.21630473856745], [6.414618616666818, 60.21689651999575], [6.408938533414576, 60.21709140940272], [6.403499576380242, 60.21450276424614], [6.3773157572941095, 60.21156236928039], [6.372098281250881, 60.21292133848364], [6.36440216278625, 60.209708288985425], [6.356562494017249, 60.21030975535565], [6.35662115119506, 60.20689890549368], [6.349472575086344, 60.20408775476382], [6.347572798772157, 60.203355886562115], [6.346859579843586, 60.20223551314816], [6.346443182346543, 60.202048100233554], [6.3462627529787765, 60.20205728205711], [6.345846942701976, 60.20194152596483], [6.345846015237219, 60.20180689458161], [6.345122927013463, 60.20159308108863], [6.339959592039697, 60.2071065282567], [6.329181680148771, 60.207880891768724], [6.326524545325061, 60.207161591420835], [6.3203144726433855, 60.21083613691835], [6.316600666391967, 60.20878375664354], [6.305664861828055, 60.20956758994732], [6.294006739577294, 60.2074158875746], [6.27924165357271, 60.20805701743968], [6.257939049404662, 60.195225737386394], [6.257928890185589, 60.19521964288737], [6.234375321408867, 60.18134356365256], [6.229301029148107, 60.178045777302565], [6.228867644202919, 60.17808218788405], [6.227519790383596, 60.17790197448631], [6.22607252978463, 60.17789125965977], [6.2252568826463435, 60.17788653266789], [6.223464481320095, 60.177875347013774], [6.222371203928397, 60.17782949470521], [6.220584381218167, 60.17759733118368], [6.219400980066376, 60.177680934557415], [6.218768307576158, 60.17767483154603], [6.217940057225703, 60.177989893005126], [6.213635148139302, 60.185692247118496], [6.212702830640835, 60.186528779072056], [6.211902810508315, 60.187478026062045], [6.211595875703946, 60.18774206896451], [6.211805146551008, 60.18837934002527], [6.211892148755371, 60.18906715921317], [6.2121085659699995, 60.18981330520998], [6.212530220357617, 60.190537025652354], [6.213308842470126, 60.19128458390365], [6.214370956551286, 60.19225882951832], [6.215470452953639, 60.19322652646083], [6.216060763575313, 60.19420086952995], [6.216750421564924, 60.195276688350766], [6.217445873093746, 60.19640257077003], [6.217909889576711, 60.19730523951663], [6.2177306749081005, 60.19797076543873], [6.217493724526483, 60.19898473151578], [6.217208435097314, 60.19984190801404], [6.217124431563353, 60.20076220126604], [6.216973559064007, 60.20152446805915], [6.216877653294415, 60.202082640601915], [6.216094368199524, 60.202093593498454], [6.214508911218584, 60.20191549396585], [6.212988622553784, 60.20176430892536], [6.210714894701043, 60.201382121374856], [6.208611886359617, 60.20097064746568], [6.206584842887418, 60.20054614701949], [6.204784025617942, 60.20002381676555], [6.20287165964312, 60.19944431856813], [6.201367637775124, 60.198964360883856], [6.1999213848915025, 60.19874118206493], [6.1988255933786744, 60.198767262348426], [6.19708722824347, 60.198556129766665], [6.194433416252318, 60.19816628058132], [6.192005405006411, 60.19775083916347], [6.189881445980949, 60.19728344033371], [6.187971599245218, 60.19683034388809], [6.184892710630356, 60.19613629774504], [6.1831449660343365, 60.19575722019343], [6.181799069895628, 60.19543215113837], [6.180772125110835, 60.195205232198816], [6.179919950744004, 60.19527006298434], [6.1794124074379235, 60.19473015518734], [6.177763153911324, 60.194321467946025], [6.176633125914067, 60.19414180360061], [6.1749324476613054, 60.193987089218524], [6.174202995314452, 60.19406914720507], [6.173185986336252, 60.19346793216098], [6.172791065248156, 60.19211348072261], [6.17220466078979, 60.1911978641351], [6.171247500231134, 60.19037931825963], [6.170795864014034, 60.189766332849395], [6.170178238206852, 60.18916478856792], [6.170202489660033, 60.18847533542828], [6.170297200416759, 60.18798935382726], [6.170018260160002, 60.187613798492], [6.169166636469787, 60.18714108021839], [6.168105684076542, 60.18710598946598], [6.167007299886087, 60.18727615341806], [6.166168539838173, 60.18762635147322], [6.165274262675888, 60.18764759987025], [6.16401529175042, 60.1878747089342], [6.163026491862659, 60.18811092211469], [6.161340100614613, 60.1882415402546], [6.160520892906183, 60.18818649620513], [6.159708064692553, 60.187770520920246], [6.159630633265941, 60.18671738876898], [6.160064679978585, 60.18571669765386], [6.159883475050254, 60.18511280233421], [6.159344773244233, 60.18482816685637], [6.159182723269492, 60.184555293406035], [6.158467243476577, 60.184448483547975], [6.157577505691781, 60.184451913017504], [6.1561644692835795, 60.1839774927802], [6.155202816504421, 60.18417933349452], [6.154291521332908, 60.1843981050739], [6.153246247281372, 60.18517248150565], [6.151989540450768, 60.18599586806792], [6.151092508647568, 60.18682989038413], [6.150375431162488, 60.18733272377521], [6.14861044956661, 60.18795476180428], [6.14709851049006, 60.18864349590308], [6.145367402096352, 60.189209054750215], [6.144774930569444, 60.189385991140526], [6.143212049248359, 60.18912719694673], [6.140805218482321, 60.18850438914198], [6.138943860080512, 60.188076375592956], [6.136441821040267, 60.18740189618765], [6.134513657933557, 60.186820248788095], [6.132509298351837, 60.186387014790476], [6.131168042657104, 60.185980390647764], [6.130266471622371, 60.185761500099126], [6.125687256302294, 60.18478861167313], [6.124479784554362, 60.18449483310486], [6.123014131973676, 60.1844139932642], [6.121226537809641, 60.18438367956021], [6.119597698074147, 60.18436857713389], [6.118309946865185, 60.18443521081241], [6.116727143562711, 60.18498783172149], [6.114881035272701, 60.185504580854996], [6.11305151923808, 60.18609470339526], [6.111229945165617, 60.18678923669631], [6.109576545821785, 60.18746349453528], [6.108025063686731, 60.18796393401574], [6.107065615617694, 60.1882197968546], [6.102273932356075, 60.18816227194251], [6.098241332188877, 60.188246291591106], [6.094418692492913, 60.18815919249635], [6.091316909102865, 60.18815694531746], [6.0888356737341836, 60.18814245898769], [6.086795119823113, 60.18804033665541], [6.080045703832186, 60.187578268406575], [6.077022482021168, 60.18735513526709], [6.074919565168035, 60.18728021552734], [6.072914683877078, 60.18704928623044], [6.070613166863138, 60.18690660618379], [6.0684140393054875, 60.186590137503046], [6.066569543323419, 60.186568769644055], [6.063755875965531, 60.18624209939256], [6.04035954353644, 60.18581585049502], [6.039337622457489, 60.185797132557155], [6.032832309742759, 60.1856777951002], [6.0033109726369664, 60.185123351404904], [6.001752763053327, 60.184541214796944], [5.999879194770497, 60.18345825955984], [5.9980137571966585, 60.182395352533966], [5.994916920096722, 60.180534247563585], [5.992380774251562, 60.17894640209019], [5.989903040252114, 60.177538701690025], [5.9881953150414455, 60.17649546939755], [5.98598233187492, 60.17538142541228], [5.983941748735869, 60.17403518629972], [5.982014204656166, 60.17293611877251], [5.979501023269773, 60.17139924399744], [5.977573501256755, 60.1702368459976], [5.976044458397379, 60.169273456018146], [5.973670882000973, 60.16775958247306], [5.971213519501991, 60.166154056858666], [5.968884280429105, 60.16454372340422], [5.966841551586689, 60.16307953769353], [5.96511400594731, 60.161655051550866], [5.964469846448581, 60.1611996168851], [5.963935384212722, 60.161369079274884], [5.932068830177809, 60.171465792183135], [5.924181886918408, 60.18483823538459], [5.918928150606584, 60.18972594628001], [5.938088346942115, 60.19774391719358], [5.932228932687353, 60.20283444014587], [5.921431620279436, 60.19945397733318], [5.9213712396429985, 60.19958891865208], [5.921333268089399, 60.19980996184633], [5.921403616316902, 60.199912597451615], [5.92165668993939, 60.200019441281725], [5.921969533600656, 60.20015480971517], [5.922088823978105, 60.20025576220619], [5.9220365262425565, 60.20035553507526], [5.9216148200792125, 60.20055623715476], [5.921417370447904, 60.20071241237512], [5.921438703074256, 60.20077660123279], [5.921691769200144, 60.20096170406228], [5.921763562860162, 60.201069590153544], [5.92173776032796, 60.20118763900315], [5.921860902528119, 60.201277380532574], [5.922477371096164, 60.20146659767228], [5.922536604632619, 60.20151921402237], [5.922550508869905, 60.201625724949764], [5.922565036268961, 60.20166938186073], [5.922574668846196, 60.20169932629969], [5.915034289182857, 60.20600203931066], [5.91343437176594, 60.20735923611177], [5.91308307435963, 60.209186573094755], [5.912577840127609, 60.21150763733602], [5.915861243676155, 60.2142655908881], [5.917070164885479, 60.2167852618529], [5.920082607239004, 60.21987509084105], [5.921042563678186, 60.22030272125264], [5.925082218915005, 60.22382032342568], [5.928574530466085, 60.22594187879853], [5.931791874477732, 60.229247813264685], [5.933115212307248, 60.232516075948865], [5.931801400565892, 60.23564169435188], [5.936232475966099, 60.238869045127664], [5.937297368094443, 60.2414324598762], [5.9387634109049205, 60.24293263880788], [5.938851336098837, 60.24316976177004], [5.939621812497377, 60.24524902124314], [5.943127859992712, 60.24948839494477], [5.943216412955358, 60.24999114651279], [5.943862791653812, 60.25107763492007], [5.944078191661265, 60.2514637700385], [5.944110523599903, 60.25196672008402], [5.944129590976576, 60.25226262955204], [5.944521527384665, 60.253842640376526], [5.945095173910561, 60.25511759293955], [5.945670552664064, 60.25584503399283], [5.947617735464436, 60.25689676547578], [5.9516735212678356, 60.259395183865436], [5.956940205042032, 60.26195726133462], [5.9580403417928745, 60.262514536782106], [5.9583281234505465, 60.26299046091449], [5.959663631870971, 60.264638236538715], [5.960662557652764, 60.26625205012005], [5.960997705589044, 60.269328866750286], [5.961293756829568, 60.27265367346552], [5.957817216280201, 60.278899310500215], [5.957805530314614, 60.2789203770953], [5.95874756918408, 60.28367891995874], [5.958561209104413, 60.28801401673399], [5.959289569286242, 60.29234961255692], [5.959181774351698, 60.294153701976676], [5.950747916029748, 60.30142436268498], [5.9466875805491615, 60.30492346730622], [5.94588183991414, 60.30606279475534], [5.944936813592766, 60.30738124191681], [5.943684148430818, 60.30874443075824], [5.940794817725481, 60.31074349849065], [5.937758953905322, 60.31264298181657], [5.935404357298019, 60.31409800397435], [5.93213025575349, 60.31736484979982], [5.908487146964743, 60.32543302988222], [5.908391850047344, 60.32542934141658], [5.907034085106079, 60.325376776992215], [5.905179323961347, 60.32530494927227], [5.898941556402322, 60.32506319058271], [5.889221805877664, 60.32472390378489], [5.882204527570951, 60.32500981213028], [5.871175435377284, 60.325458410606075], [5.862864274306862, 60.325680562878325], [5.8624491904746385, 60.32569164405079], [5.858887347515864, 60.32578667750786], [5.852899425098062, 60.32594622335937], [5.849902163883946, 60.32602598092354], [5.843424867711069, 60.32619810968857], [5.842932991962556, 60.326357161918956], [5.837906247436652, 60.32798240935247], [5.834882292577476, 60.328959940003], [5.834764663660966, 60.3289979621637], [5.81740180137091, 60.326066328354784], [5.812843176847155, 60.325296167517244], [5.804084280461278, 60.32510115612927], [5.802788748607507, 60.32507226300022], [5.794276399957977, 60.32488209989604], [5.785895393811245, 60.328986046730364], [5.785664577013319, 60.32909904809813], [5.780474436368761, 60.32850137226218], [5.7731733929001905, 60.324206810701355], [5.770457737041177, 60.322628701773965], [5.770387601295243, 60.32258794262968], [5.770159030039025, 60.32266120145466], [5.76413422429396, 60.32459193877033], [5.764121344386729, 60.32459606582534], [5.764102392878191, 60.32489867263094], [5.764022994211295, 60.32616327397693], [5.763688740093822, 60.33150133312054], [5.763657972775088, 60.33199226376518], [5.7629796411525405, 60.332939968483906], [5.763790686782646, 60.33532611347923], [5.7640269041008025, 60.33602102384916], [5.764029280598418, 60.33602801407765], [5.763881435680866, 60.33608270659538], [5.762733398957672, 60.336507391379676], [5.761689786348711, 60.33689342797511], [5.7620430817066035, 60.33729167625385], [5.764643624254361, 60.34022279153225], [5.764389204977019, 60.343095799594806], [5.764312187203259, 60.34396535285732], [5.760533471023241, 60.34551784656595], [5.751958586793943, 60.349001748569655], [5.749532009305963, 60.35003961383799], [5.747128049211659, 60.35104115297815], [5.74688243440858, 60.35105281753578], [5.745209724391844, 60.35113224738639], [5.745154152490302, 60.35113488625262], [5.745074169270675, 60.35112667312834], [5.7434305777251575, 60.35095788609252], [5.7420037387462886, 60.35082908208845], [5.741331268603334, 60.350840758872586], [5.740812374024848, 60.35084976654916], [5.7406069745341926, 60.35170143451123]]]}, "properties": {"objectid": 2, "globalid": null, "st_area(shape)": 68759689039.34903, "st_perimeter(shape)": 1256473.0667979084, "budomr": "NO 2"}}]}