{"type": "FeatureCollection", "features": [{"type": "Feature", "id": 3, "geometry": {"type": "Polygon", "coordinates": [[[10.873776043246211, 65.41985586568623], [10.57806031107434, 65.47017500091107], [10.472758562096155, 65.36884943952148], [10.451604600409278, 65.34839245575768], [10.365946414494921, 65.26520615146677], [10.14876626526405, 65.05174507431492], [10.089369697531886, 64.99272151881348], [10.082263466758294, 64.98521973227074], [10.075230885688558, 64.97675998712326], [10.01168442909719, 64.89415532196239], [10.00672153446845, 64.88726066513323], [10.001375795658296, 64.87858458783967], [9.996956453901822, 64.8698149567403], [9.803794020954978, 64.77815211791959], [9.69981695009272, 64.72845160700146], [9.699811953648478, 64.72844917843004], [9.325240220474804, 64.54729414438954], [8.940475923891045, 64.35771217158585], [8.62410447322011, 64.24010917068719], [8.359826800970819, 64.14058466141056], [8.164648790036022, 64.06632195452688], [8.159267946508574, 64.06423202513662], [8.144369084770224, 64.05807790301716], [8.13012374183971, 64.05163501281343], [8.12072526663653, 64.04718586172892], [8.116069392408033, 64.04494707913612], [8.107839071302752, 64.04074090069719], [8.10274785686463, 64.0381379664343], [8.090144820893746, 64.03107198819978], [7.648096355591628, 63.76816920452679], [7.648093889281721, 63.76816772523353], [7.526851340309238, 63.6949774572253], [7.462159230647835, 63.65573191097615], [7.451898092523068, 63.64922416693576], [7.441032199462374, 63.641665465443765], [7.35802697344655, 63.580782487184464], [7.11065862243412, 63.42892752955199], [6.9712935199740365, 63.34248983940629], [6.918654028240369, 63.30967419376663], [6.86050303282708, 63.27331542056614], [6.838929063044692, 63.25979761494284], [6.798687632499407, 63.24639749423742], [6.623892592712254, 63.18791846605632], [6.5975405279402315, 63.179063504203704], [6.499303633538504, 63.145964002748656], [6.338071589709476, 63.091331711209136], [6.13533252095321, 63.02208944062415], [6.058167606274609, 62.99557442340683], [5.996179064066236, 62.97420974935056], [5.993773600557602, 62.973373424379915], [5.978427850245569, 62.967742365782534], [5.963660162750065, 62.9618013166435], [5.949500626005135, 62.95556252549212], [5.887822197633945, 62.92708248703608], [5.671209413678767, 62.82641968633128], [5.666283688211558, 62.82408090674482], [5.64124965738724, 62.81198600597033], [5.508604127292099, 62.74766443026731], [5.341264299887759, 62.66595070994466], [5.254924778784132, 62.62354073337974], [4.94908928743308, 62.47193482404774], [4.938374586782523, 62.46637732032007], [4.9260807418255705, 62.459442436611255], [4.914478707147877, 62.45225753976725], [4.903591815087288, 62.44483738467608], [4.887399550346445, 62.43323758510551], [4.816601131793179, 62.38239573178611], [4.809087347895773, 62.37698801374861], [4.695909165974971, 62.29525786528315], [4.694599635020951, 62.29430307460161], [4.684646550440278, 62.28662104577131], [4.675450621812874, 62.278737688152255], [4.667030012933264, 62.27066904111759], [4.578918355348194, 62.180845111429974], [4.54888280709736, 62.15009681552601], [4.512291152426029, 62.112548382581], [4.506141315692567, 62.10590964193305], [4.44118771849405, 62.0319403755705], [4.425032498961749, 62.0134851652921], [4.424747059388813, 62.01315804954831], [4.283294395883516, 61.84963516649847], [4.226492586172509, 61.78346527242562], [4.226492462389596, 61.78346508126767], [4.177748302742353, 61.72644915773065], [4.174814391396953, 61.722911890948886], [4.168458725054309, 61.714461359951535], [4.162913635857353, 61.70588344402072], [4.158189875259248, 61.69719564304584], [4.154296391971875, 61.68841557337216], [4.151240276432256, 61.67956114341201], [4.150994955074349, 61.678574073711076], [4.149026830717505, 61.670650376756186], [4.147660226240129, 61.66170119192784], [4.13563576614954, 61.546144130558595], [4.134788657138552, 61.5379860255084], [4.129896644005182, 61.490832076314916], [4.1298964353598135, 61.490830518067334], [4.115480134101057, 61.351441833270414], [4.102968414768724, 61.22995248479052], [4.09554282372424, 61.157624738686565], [4.087977388127008, 61.083761927961994], [4.087674597356876, 61.080082494727364], [4.087524332196379, 61.071109313349695], [4.088683453081366, 61.032045594813766], [4.089347561174974, 61.02322226946205], [4.090040843663413, 61.017490953327496], [4.090956814145715, 61.01147344280608], [4.093010713002989, 61.0025554565885], [4.095887293630413, 60.99369134841146], [4.099580258868325, 60.984898901115464], [4.104081284018658, 60.9761958967712], [4.184769275010165, 60.83335403143824], [4.448850146394443, 60.868370122631525], [4.546429708206673, 60.88115890610691], [4.579360605555089, 60.88545668242134], [4.610651793330147, 60.887220325564925], [4.6668376155451465, 60.92321267187779], [4.786482496334525, 61.00316808261565], [4.933542602498854, 61.03178126455602], [4.991231413425344, 61.069467532164616], [5.102387421709746, 61.0933992224119], [5.1556721195182345, 61.11784811729951], [5.230656737483878, 61.08733459915861], [5.311154178142285, 61.086233045260066], [5.3170291265531056, 61.08307076795586], [5.373859640210574, 61.05243183843868], [5.418424391386071, 61.04688208710802], [5.499055905015001, 61.078745205718725], [5.581339452715246, 61.093345208785166], [5.581340121534775, 61.09334485970302], [5.581340174737001, 61.0933448317913], [5.666487619440057, 61.11730809928704], [5.790540096426829, 61.145151259077196], [5.951065577245918, 61.14682523962222], [6.050783508054335, 61.13810357462565], [6.1320548870079685, 61.135129404811686], [6.1324567358359445, 61.14590479139127], [6.132743962775308, 61.153607174355], [6.132885693521486, 61.15368855023337], [6.1330314085567785, 61.15380741735478], [6.133373533270615, 61.15397368017724], [6.133909171615459, 61.15418172417877], [6.134295022516605, 61.15437788881453], [6.134519765241435, 61.154628655885745], [6.134719204067365, 61.15474935061634], [6.135079627234023, 61.154923051047305], [6.1351183181511235, 61.154978013859214], [6.135130841353269, 61.155079230284315], [6.135083050294436, 61.15532888406895], [6.135065860313578, 61.15541868379087], [6.135024591261025, 61.15563425432241], [6.135042327691857, 61.15572910931122], [6.135042383032396, 61.1557294030194], [6.135172343419702, 61.15583195622569], [6.13521277257031, 61.15584630945025], [6.135410272426594, 61.155916425943175], [6.135594421908946, 61.156012525722666], [6.13567860255793, 61.1560858521314], [6.135930541890253, 61.15621272066655], [6.135973763029751, 61.15625894615288], [6.135957050325035, 61.156304830070006], [6.135843200071491, 61.15636951271411], [6.135663341917174, 61.15652941473214], [6.135549227367946, 61.15660230248793], [6.135158871014215, 61.15674008654553], [6.13498258732441, 61.156820526493384], [6.134933780136337, 61.1568608580747], [6.134888346833644, 61.156975236364836], [6.13480684267539, 61.157078287895395], [6.1346376366139825, 61.15716741748842], [6.134432430863734, 61.15720528566572], [6.134328650499231, 61.15724822283454], [6.134235882509292, 61.15752402165377], [6.134093299627858, 61.157723340287895], [6.134093506231116, 61.15780196710693], [6.134011578165371, 61.157952790841236], [6.13390494410808, 61.1580190330373], [6.133816147619717, 61.15804931481996], [6.133596778989819, 61.15807639777282], [6.133430873534727, 61.15811414857415], [6.13335462479458, 61.158141913378174], [6.133235096135149, 61.15818543846979], [6.1331675799751935, 61.158272063813136], [6.1331328814415835, 61.15850913683756], [6.13308732931676, 61.15855447198858], [6.133070655610989, 61.16105103051374], [6.133026019571913, 61.1677205404633], [6.161283926488795, 61.18544800043799], [6.20178658650065, 61.21115742223831], [6.225615246200078, 61.2210081450585], [6.245913145928395, 61.22899515373018], [6.253192739459693, 61.226494086395405], [6.2557027298756225, 61.225631535148665], [6.257342981301613, 61.225067815665824], [6.252001407611188, 61.23094128673975], [6.251984391116541, 61.2309599940355], [6.2524603532811724, 61.231067436526324], [6.25797413768452, 61.232311932151006], [6.304074137495917, 61.23705179392085], [6.312419432433782, 61.240409320569654], [6.313822525842949, 61.24068959151233], [6.314962230145099, 61.24063666919254], [6.316784101371833, 61.240555480387535], [6.318709149997459, 61.240779034638145], [6.321381985723712, 61.24121338642226], [6.32497662681861, 61.2419059281733], [6.326372742227326, 61.24194170278886], [6.334519798042098, 61.2419697124305], [6.364990124509251, 61.23712604093851], [6.379447701159928, 61.24246999233008], [6.387029012460215, 61.23926452550395], [6.387875768157953, 61.23890643874638], [6.388317004414056, 61.23871983724874], [6.404355227570839, 61.249102738592015], [6.40506567338566, 61.250268225708986], [6.405452502653496, 61.25048519485057], [6.406446598189402, 61.25104275757516], [6.406807445047534, 61.25122420958217], [6.4068580799754775, 61.25124967126812], [6.408861324016869, 61.25310272287178], [6.410158041186905, 61.2548655934593], [6.410912919500149, 61.25573561566952], [6.410668977261796, 61.25574615869068], [6.408879636948051, 61.255823482169724], [6.407705299139694, 61.25587421589297], [6.404883997841499, 61.256380729314806], [6.402531197591534, 61.258358858264465], [6.4020781942792, 61.25873968804029], [6.400656867665263, 61.25981414593275], [6.399328318148786, 61.260415786473295], [6.397952497503798, 61.26064405608312], [6.394497752558433, 61.26079367890419], [6.393851389288102, 61.26091038458344], [6.392102119021121, 61.26122620795943], [6.391615644178361, 61.261314033204336], [6.391332795582139, 61.26143228527328], [6.389562626910599, 61.262172314923376], [6.389545907521521, 61.262179304110475], [6.386930306624322, 61.26327266246779], [6.386717458830295, 61.26333416047358], [6.3859477428391145, 61.26355654977951], [6.385829624192895, 61.26359067676396], [6.385813060541979, 61.26359179783754], [6.383927307822373, 61.26371942939596], [6.383630243212555, 61.26373953255948], [6.383497508889719, 61.26374851528841], [6.381145960941055, 61.264248502526286], [6.379828909128098, 61.26453446854401], [6.37527294322588, 61.26513704401324], [6.373506093876301, 61.2655568312104], [6.372194293428816, 61.266020890747], [6.371362465016288, 61.26631514166846], [6.3697009199603, 61.2669028649483], [6.3688175111231775, 61.26731597409142], [6.367766028091197, 61.26840473191965], [6.366377924402575, 61.270167639156064], [6.3660120500676785, 61.27040323733866], [6.3644800267752535, 61.27138970304431], [6.364256183711497, 61.27153382849327], [6.364209097525847, 61.27156414556227], [6.363381818581398, 61.27190856188182], [6.361953631648231, 61.27226338333357], [6.361195678650569, 61.272451681582034], [6.361185698396978, 61.27245416065311], [6.357518336494553, 61.27458461894025], [6.356914603682223, 61.274935303715914], [6.354144068829745, 61.275724066918315], [6.352720546457759, 61.27601145377605], [6.351122457871026, 61.27633405900331], [6.349290380272965, 61.276594616972645], [6.348934055225431, 61.276645290313176], [6.348131965859643, 61.27663716497947], [6.345894427138242, 61.27661447293652], [6.343126973448846, 61.276586355668954], [6.342421445439861, 61.27657917855358], [6.3446130446445945, 61.277518558596825], [6.345793000294824, 61.27802428316448], [6.345973375484359, 61.278181558240625], [6.346911457052905, 61.27899947208494], [6.347510724961222, 61.28013320849505], [6.347563939898793, 61.28023387985159], [6.347539579614639, 61.28031574674429], [6.346776965043014, 61.282878404492436], [6.346458686598729, 61.2839477951848], [6.346247826613724, 61.28407719161541], [6.345668011880059, 61.28443299377077], [6.345485892956752, 61.284544748603714], [6.345162797336614, 61.28456903422421], [6.342763618455429, 61.284749345557564], [6.341176320798894, 61.284737978215944], [6.339916028686639, 61.284728939686936], [6.335893844924134, 61.28404739853382], [6.335792358230332, 61.284030200561276], [6.335861283453761, 61.28409835493198], [6.337824784609736, 61.28603977467028], [6.338140294569172, 61.28696320930512], [6.338428530400054, 61.287806778124384], [6.338560143323924, 61.288191951145805], [6.337566516494975, 61.29035246419185], [6.337422231638874, 61.29066616447594], [6.337413781219894, 61.29073327159057], [6.337344356378415, 61.291284562708064], [6.337425208461304, 61.29140601319862], [6.33872266432631, 61.29335483699039], [6.338801970959918, 61.293473950178125], [6.338708654514506, 61.29376897838089], [6.3383554389768095, 61.29488564954599], [6.33833989684744, 61.29493478307504], [6.336161370586616, 61.297098297926986], [6.335761285468984, 61.297337385490636], [6.335710976006225, 61.29736744965723], [6.344720347129078, 61.30043057278072], [6.370371286583172, 61.312391385311024], [6.371895292673784, 61.31285937564674], [6.374433428460545, 61.31360008343293], [6.377370758737064, 61.31439309676542], [6.3800382381089715, 61.31514186889745], [6.383448809145335, 61.316127765004396], [6.385943278206424, 61.31689226893394], [6.387503385843778, 61.3172991380966], [6.388900723975215, 61.31774979010338], [6.3902349848849935, 61.31802558619185], [6.391911961268247, 61.31829072859013], [6.393309070906851, 61.318559574337684], [6.396287468574677, 61.31894023758393], [6.398977356662617, 61.31938733778067], [6.401885472651128, 61.319927783599525], [6.404156371647188, 61.320258633351465], [6.405709176103295, 61.32046780458908], [6.408139845993379, 61.32090098930349], [6.4085046503007295, 61.321922340734446], [6.409102382324361, 61.323496875013134], [6.409858227563273, 61.32567663672476], [6.410182225203418, 61.32643397552943], [6.411295702185242, 61.32905073629477], [6.412506942825628, 61.33172329391599], [6.413011258856232, 61.33295610638416], [6.413227088608542, 61.333484434082166], [6.413765740706311, 61.334700639359696], [6.413822161442785, 61.33482806772381], [6.414790180865723, 61.33701288274498], [6.414795115829445, 61.33874664456111], [6.413051361828516, 61.3399127893568], [6.413519676564016, 61.34011764843924], [6.414381007128831, 61.340462953799786], [6.415121544563503, 61.34070220148006], [6.4162686980880554, 61.3409739994298], [6.417337893313592, 61.341266028358376], [6.418224863325892, 61.34158611014534], [6.418832793875721, 61.34190478696749], [6.420381452242515, 61.342208856680855], [6.424994426963082, 61.34236698964394], [6.426231754077454, 61.343257460580794], [6.441278501880352, 61.354080416464186], [6.446344281459238, 61.35743685013059], [6.448445336416081, 61.359033110350175], [6.450736438116503, 61.36028025900134], [6.452082737950102, 61.36079012323305], [6.454298575991593, 61.36149032477691], [6.456779654269311, 61.36211713185979], [6.459056196452974, 61.362459895490616], [6.460832326912399, 61.36270783099575], [6.4626512156024924, 61.36286794506277], [6.463677455207727, 61.3631045418554], [6.464347259333723, 61.36354430323334], [6.464753076056115, 61.36398543402496], [6.465102419931558, 61.364495248767184], [6.465329772502466, 61.36544894970784], [6.465613358776444, 61.366198468812094], [6.465969506102805, 61.366889349630895], [6.466336195952109, 61.36747260175263], [6.466832784740831, 61.36806397218913], [6.467527616281198, 61.368686022940416], [6.468392352966355, 61.369101857698496], [6.469625890354544, 61.36961342376102], [6.470912582587511, 61.3701371858689], [6.471951296101266, 61.370672457327196], [6.472811043694533, 61.37110618808533], [6.47368349560434, 61.371630943214015], [6.47497369831859, 61.37207377531042], [6.475492403603715, 61.37258530347209], [6.475853553134322, 61.37291500617661], [6.476407908110699, 61.37315791450784], [6.4767411810424935, 61.37352207220489], [6.477237821105125, 61.37377027483782], [6.478077595883263, 61.37413939124721], [6.478873938124999, 61.37432503378192], [6.47949937732684, 61.374653518762436], [6.479320520607208, 61.37503069187101], [6.479439720418542, 61.37562528218397], [6.479701768598119, 61.37611147168527], [6.479758510022894, 61.376729306297776], [6.479605176326274, 61.377288727242885], [6.479292983758063, 61.37794623605235], [6.47852798460089, 61.378539316585716], [6.47821829194237, 61.378844920855215], [6.477486360694056, 61.3790425919679], [6.476884931794834, 61.379176240970445], [6.475831562212412, 61.379172979086384], [6.475111297467863, 61.37919073690252], [6.475043418054413, 61.37957482328494], [6.47507915062007, 61.38020027948286], [6.474964052512316, 61.38048194420322], [6.475715378764304, 61.38076428894673], [6.476273113409862, 61.38092602806993], [6.476972000466574, 61.38112367800413], [6.477711001837855, 61.38110709063061], [6.478396906413965, 61.380734816425196], [6.478977234063782, 61.380608860044845], [6.479579349203767, 61.3806108119666], [6.480144105084436, 61.38061031403377], [6.480929718410847, 61.38090373197384], [6.481403484528703, 61.38130392043511], [6.481755025639423, 61.38153391551973], [6.482282859727941, 61.381874287579166], [6.482862966638144, 61.38195594121612], [6.4839306017290355, 61.38211358366873], [6.484594934350115, 61.38230016075523], [6.485498744857026, 61.38278163582782], [6.486248929973523, 61.38313600694695], [6.486573898967869, 61.383942253629684], [6.487256466422383, 61.38523165647377], [6.4876353399609945, 61.38597807389011], [6.488435059683775, 61.386976893382176], [6.489013297698852, 61.38775393090359], [6.489676280970177, 61.388427923402446], [6.494355474887668, 61.39245290061386], [6.4954579573794256, 61.39317267994159], [6.496541423993231, 61.39375568627222], [6.49758150995678, 61.39429088416378], [6.498407699675515, 61.39471308408586], [6.500166382553708, 61.3950315609162], [6.501428179131275, 61.39544519947991], [6.502107961841163, 61.39571365831391], [6.502577886735402, 61.396682497962225], [6.50311992161839, 61.397935938383064], [6.503816586235946, 61.399451981850184], [6.5039573240943005, 61.40024657639942], [6.504354432871281, 61.400723122959576], [6.5052482626440495, 61.401312180500504], [6.50607530417169, 61.40187002805014], [6.5066535388004665, 61.40230376198107], [6.507831222037577, 61.40282032487489], [6.509638337471109, 61.40337633549836], [6.510701760779435, 61.403825992239064], [6.511445372241973, 61.40414030851638], [6.512504788534904, 61.40467648926184], [6.514099446061977, 61.40539077499026], [6.515998936139794, 61.40636811477233], [6.517089449828583, 61.40699651899804], [6.51818296437504, 61.40761615978419], [6.518975616936019, 61.408162631027196], [6.520208988117637, 61.4088900121603], [6.5216820757674245, 61.40970512008192], [6.522766786529462, 61.41028794778608], [6.524931110653078, 61.41147131472109], [6.5267580829797245, 61.41237158456939], [6.5288605561026, 61.41371356075971], [6.531030170382922, 61.41467677926263], [6.532508298790653, 61.41533302120752], [6.534112047962096, 61.415948343586614], [6.535869635608841, 61.41689821832359], [6.538658607056755, 61.4178677428462], [6.540521020821885, 61.41877895199167], [6.542054965308827, 61.41944407396091], [6.542846972887279, 61.419926935410935], [6.544028748036749, 61.42056981816723], [6.545300348813445, 61.421299675865036], [6.546753933364038, 61.42212217732206], [6.548486438734964, 61.42309747105082], [6.550311756224394, 61.424078448100694], [6.5526219175515905, 61.42521711562611], [6.5540682127262775, 61.42592988255364], [6.557187248163909, 61.42672975164885], [6.559741627618726, 61.42745808218751], [6.561568230102778, 61.428159184975684], [6.561724980175686, 61.42829684402696], [6.564274191256036, 61.429173945082034], [6.565980874414655, 61.429831375007446], [6.567582989329697, 61.43031952491316], [6.569944652573389, 61.43002426799383], [6.571737214458855, 61.42981099132661], [6.574305160917682, 61.42951948804546], [6.577053648528786, 61.42946485997961], [6.579611694089497, 61.429488714161806], [6.583148112034835, 61.42972712073514], [6.58498905732993, 61.42975129799393], [6.586745620636234, 61.4298787470948], [6.589228201658916, 61.43024982112316], [6.590509074909833, 61.43039269429662], [6.592791136047565, 61.43039010143248], [6.594899951126653, 61.431794479317176], [6.597975004620389, 61.43443280002203], [6.600057598397115, 61.43614256971591], [6.600939612553624, 61.437271868520945], [6.604766003864205, 61.43860218573371], [6.608120135556262, 61.4398667798201], [6.6106383718485535, 61.440736379652336], [6.613869240441969, 61.44183071254617], [6.614771353866603, 61.4421215116921], [6.6161606357114024, 61.442424257499944], [6.619884245962762, 61.44344069625602], [6.621561937163918, 61.443932909999575], [6.625732491504832, 61.44511221231249], [6.62840216484012, 61.445774094435336], [6.62978069144923, 61.44625671203026], [6.6316001165737175, 61.44783221477623], [6.633783058556598, 61.4495293130019], [6.637056710575299, 61.45179964154758], [6.637947537814463, 61.45241446255788], [6.63970935237598, 61.4534354401291], [6.641719704155205, 61.45451680093891], [6.642787676915476, 61.45503434698676], [6.643265411754858, 61.45536183602075], [6.643155257379863, 61.456330166572414], [6.6427594247870605, 61.45814790187389], [6.642194134579179, 61.459964022647945], [6.642097076784574, 61.46046379145888], [6.644792191807277, 61.461596400489945], [6.650098545301015, 61.463684691684605], [6.653906863669558, 61.46531025209084], [6.656833376558905, 61.4663575256828], [6.660147743087038, 61.467717573429795], [6.664476262153121, 61.469447077250514], [6.6667949778570526, 61.47051085342652], [6.670158046333951, 61.47197294060892], [6.6732315766905375, 61.47311011973946], [6.67603501839315, 61.47433914745837], [6.678376525885128, 61.475250503043156], [6.68081641271974, 61.47635765514484], [6.68158518966778, 61.4770099501075], [6.684132074579718, 61.479477918968485], [6.68628338864076, 61.48173201117331], [6.688171853904072, 61.4837711877289], [6.690195880516884, 61.485728353159956], [6.69192413602124, 61.48745072129235], [6.693256360032491, 61.48938334985431], [6.693991595931742, 61.49058427728143], [6.695052242887342, 61.49184117882152], [6.69577317874513, 61.49274315965455], [6.696877864302331, 61.493343607791665], [6.698646955998871, 61.49393068148317], [6.70119137384478, 61.49472766834085], [6.705730571763453, 61.49646850034107], [6.709887721583927, 61.49808645874697], [6.7123798183547265, 61.49915078683806], [6.713712477569438, 61.500875770020016], [6.714919883722687, 61.50299910883155], [6.715750008502274, 61.50448557131222], [6.71679498068542, 61.506156530528244], [6.717533828357638, 61.50777273959033], [6.7186653833515555, 61.50982827540147], [6.719376058036426, 61.51112682222438], [6.720392179434856, 61.51304887508823], [6.72120527347568, 61.51438968945471], [6.722415316733088, 61.51622433659104], [6.723135548786665, 61.5175595511754], [6.7239767934778625, 61.518865943008045], [6.72469265088516, 61.52014661341825], [6.725361448830945, 61.521532661298835], [6.726151361841742, 61.52289025192399], [6.726900075284106, 61.52411873571867], [6.727435471278337, 61.52529807932604], [6.728109634693242, 61.526594233582934], [6.728661570541628, 61.527711376127684], [6.729335523318309, 61.52865538189313], [6.730084073563286, 61.52995605849166], [6.730996510552857, 61.531564676345056], [6.7323996448956835, 61.53402501183324], [6.733095794987969, 61.53516897647085], [6.734945334111549, 61.53610335438441], [6.7356593218055405, 61.53660346086754], [6.736188099647013, 61.53697363667662], [6.738607485327165, 61.538466442199685], [6.741332939644194, 61.54015822966419], [6.743782378430289, 61.54175197744897], [6.746403985308221, 61.543410320793875], [6.748858288560556, 61.54505851315806], [6.751203877754121, 61.546618780615596], [6.753682434212377, 61.5481779631623], [6.754942594739793, 61.54898597890044], [6.756230242023865, 61.549903903069584], [6.7583594553240784, 61.55114380487375], [6.760575452698754, 61.55269590647845], [6.761960908511007, 61.55367396484665], [6.763900138480539, 61.554775732762074], [6.764828815192075, 61.555410024587324], [6.7665724811749115, 61.55603942373648], [6.768944208290782, 61.55679728022939], [6.773390632456697, 61.55822279635962], [6.775163021464705, 61.558745562836144], [6.777300156725102, 61.559534264922256], [6.77966256143084, 61.56047182114904], [6.782360790176714, 61.561285399281175], [6.784284139546286, 61.56195259869968], [6.785749584135444, 61.56249273620224], [6.787724431609568, 61.563181054465495], [6.788789698298373, 61.5635885049361], [6.7902112953148075, 61.56400865853185], [6.793231222103263, 61.564967852134004], [6.7972630401061895, 61.56639422466917], [6.8000296187398614, 61.567310939211204], [6.80244261704747, 61.56813382721549], [6.806093420944431, 61.569428640328354], [6.8087350931153106, 61.570247153137494], [6.8077940385094085, 61.574286863297395], [6.807278837289814, 61.577153644002706], [6.806540126767466, 61.57986248974228], [6.806013771002289, 61.58255716269674], [6.805758280976369, 61.583661209110375], [6.809753841583432, 61.58573490597389], [6.8142520159980275, 61.58820006276849], [6.817836555661532, 61.590113274823025], [6.821542231144089, 61.592069961540645], [6.826524649579829, 61.594644956765634], [6.832467115418608, 61.59789135876918], [6.837066499059743, 61.60041577060697], [6.84280627067617, 61.60350500422515], [6.846692346608826, 61.60550763341294], [6.850632669946758, 61.60752268295987], [6.853557496177835, 61.60907922502619], [6.854306722924392, 61.60948407627644], [6.857043031738733, 61.610966212798125], [6.861089374493093, 61.613086466040265], [6.8637980146440984, 61.614674928769524], [6.867637923185935, 61.616719394429985], [6.8708139489216515, 61.618263625806804], [6.8733673220702665, 61.61972530566361], [6.879167907996933, 61.622681019979225], [6.882239848418654, 61.624480409001876], [6.886870726646336, 61.62698680509838], [6.891066097475842, 61.629204976543605], [6.893934108401922, 61.63070310702696], [6.896489594857703, 61.63216438956462], [6.899474923508036, 61.6335791058439], [6.901575735740237, 61.634679273475605], [6.903092884083756, 61.63554595803563], [6.904524131109072, 61.63630821164919], [6.911993428993737, 61.638061779532784], [6.919891149034352, 61.63984939016178], [6.92529091579838, 61.64103675349579], [6.932459133554897, 61.64271705718446], [6.937504563777488, 61.643955079868356], [6.939443378934255, 61.64430480601342], [6.941104780192283, 61.644989998951914], [6.946875899975012, 61.6468662947374], [6.95092323271477, 61.6482973895456], [6.955531622579139, 61.64990604719062], [6.960313891949947, 61.65157878377899], [6.9638575616776555, 61.65283524956321], [6.967574593194585, 61.65408379728266], [6.998227405486019, 61.66408587419212], [7.003378639693294, 61.66581479875826], [7.0195576158988064, 61.671295506382215], [7.026824891813776, 61.67366196506945], [7.032061847155634, 61.675512019983955], [7.035173742384684, 61.67669598362229], [7.036573945020233, 61.67715707169811], [7.03808379151009, 61.6782199510183], [7.047611879279717, 61.68470676653138], [7.0539461847419025, 61.689083872537076], [7.0582871571188015, 61.692062807837345], [7.062026205845573, 61.694726706949425], [7.072450874626041, 61.70160648272958], [7.081231658461874, 61.70750528525111], [7.087952886281449, 61.71203828656458], [7.0976426813531655, 61.718566057129024], [7.105070574789912, 61.7237707111271], [7.112477905385932, 61.72870365948692], [7.1208664798372965, 61.73426055500716], [7.125815242978328, 61.737587796437715], [7.129851438543443, 61.74024830837884], [7.134198763250826, 61.743107377687394], [7.140966823990266, 61.747738918971784], [7.143990366563346, 61.74968196244791], [7.204590466727073, 61.79056188166189], [7.2088921467515785, 61.79253093658459], [7.218217088064574, 61.79701229716878], [7.220034590966517, 61.79788556166521], [7.224431399039802, 61.800012858395135], [7.231354062741539, 61.801282176967185], [7.23666839676899, 61.80250479692317], [7.240466534834899, 61.80331621239647], [7.248151421566678, 61.80481732236186], [7.252361453759595, 61.80566087778927], [7.257240465752644, 61.80665040955743], [7.261133716902425, 61.807466508907694], [7.267172796666316, 61.80862073599802], [7.272329713262019, 61.80979676254084], [7.280280502622511, 61.81146453927698], [7.2817603228756385, 61.81187289283146], [7.283561688094175, 61.812443844398196], [7.286375063498155, 61.81361345013987], [7.2911006692467515, 61.81552212801659], [7.296891790876451, 61.81789689148071], [7.303660281884286, 61.820786661160206], [7.309892511098356, 61.82331195236741], [7.315322308266416, 61.82531371005191], [7.319126666242321, 61.82695301871438], [7.323064613673818, 61.82851860358669], [7.327745040690679, 61.83039640583614], [7.330840535672543, 61.83167092934057], [7.3343626516913725, 61.8329961893239], [7.336662382352567, 61.83394624497306], [7.339796274409619, 61.83522259918942], [7.342940400210674, 61.836688990547295], [7.344097132759149, 61.83740326518491], [7.348141734961757, 61.83901008304214], [7.352934641926723, 61.840983319162774], [7.362119372655406, 61.84470860144828], [7.374281660080912, 61.84974482647922], [7.381850039668638, 61.85292735440007], [7.391275325834552, 61.85433615684814], [7.403278510562282, 61.856131080918836], [7.412503202855103, 61.85750942424807], [7.414773739834008, 61.85483016127342], [7.416373716866669, 61.852925294298245], [7.4180751571989205, 61.85091779320337], [7.4196147594289865, 61.84909976550087], [7.421318367266225, 61.84708325091979], [7.423051049611649, 61.845023231972846], [7.423969987177437, 61.84409089575109], [7.42678056307633, 61.841378119106174], [7.428944911138386, 61.839269893265275], [7.430909665283372, 61.83734895773048], [7.4322910663769495, 61.83600920181097], [7.434875530266447, 61.83350967616587], [7.436784529635666, 61.831657404493626], [7.4387414821333735, 61.82976302667321], [7.441031055907562, 61.827526387636496], [7.442981075717108, 61.82565855862088], [7.445244411178512, 61.82344748473048], [7.448439147188319, 61.82032240520898], [7.450244671700292, 61.818573170543516], [7.452297184514073, 61.8165935630554], [7.454129502426959, 61.814809603565905], [7.4559848268611075, 61.81300876775587], [7.457967096438879, 61.81107961912834], [7.460175470120593, 61.80892831365058], [7.462055641908419, 61.80710173517197], [7.46416027829566, 61.80506183703195], [7.465988213971082, 61.80328664365413], [7.467516485740229, 61.801800152433266], [7.467726739223574, 61.80159652538328], [7.467867885271589, 61.80145989569402], [7.469704939037116, 61.79964891185253], [7.472056911334585, 61.79737009706268], [7.475964290698452, 61.79357156185875], [7.4793699247319765, 61.79025919375589], [7.4815981794375865, 61.78809080974345], [7.483756775605584, 61.78597277783897], [7.48550968778132, 61.78426526530276], [7.4875621664999565, 61.782267633837186], [7.4915372997766925, 61.77840921854449], [7.492660375547123, 61.77747879562634], [7.493709415089087, 61.7764632064197], [7.495509477294245, 61.7747131938209], [7.496358843805208, 61.773966139402916], [7.497941976339155, 61.77279028996399], [7.502264511408371, 61.769600274160986], [7.505200274023716, 61.76740735897305], [7.509479497650459, 61.76423301668922], [7.5123590623178504, 61.76210906144949], [7.514754688065882, 61.76032823142431], [7.514780410006528, 61.758354344525586], [7.514767713935658, 61.757704235187646], [7.514789912219124, 61.75410671413451], [7.5148005823469175, 61.75196054005732], [7.514812176565386, 61.7496523347144], [7.514746452441724, 61.748051986192415], [7.51461335281675, 61.74540202621175], [7.514523748657256, 61.74280848026791], [7.514329239046245, 61.73877514901222], [7.514242694938451, 61.73671383766996], [7.514109607255503, 61.733594767397314], [7.5140103958371505, 61.731352368323236], [7.513956365185964, 61.7302489199408], [7.5138236610709965, 61.727364470213395], [7.516955395095838, 61.7277784841255], [7.522426197733729, 61.72850152525244], [7.530183066755225, 61.729526272593255], [7.538066129434637, 61.73056717385062], [7.539347363052682, 61.73073630261256], [7.543792632089679, 61.73132298993427], [7.550379554601842, 61.73219202875422], [7.55138624572402, 61.73232481372526], [7.555587312165831, 61.73287885201009], [7.563953694994169, 61.73398177515758], [7.56682881355959, 61.7343606607225], [7.568116705404371, 61.734530357203056], [7.57206082040947, 61.73504996139159], [7.577080828932912, 61.73560670771283], [7.588767157934772, 61.736902000339136], [7.59721339951032, 61.73783748069949], [7.599333733635313, 61.73807223310856], [7.60065943462254, 61.738218989600014], [7.6051021520866255, 61.738710697833966], [7.605788690237637, 61.73878666779049], [7.60962323169375, 61.739210917335306], [7.611497990466582, 61.73941829459298], [7.613884510922989, 61.7396822399217], [7.619164217798128, 61.74026600399956], [7.62603748694575, 61.74102562833963], [7.629094215039506, 61.74136333241988], [7.6312661580410355, 61.741507626711766], [7.633280777686957, 61.7415173379852], [7.63548335960963, 61.74152792227066], [7.644451307319056, 61.7418043949576], [7.650667020581863, 61.741977041579766], [7.659649863332278, 61.742190089570016], [7.676310633285643, 61.74250828458169], [7.684570050494463, 61.74272611189131], [7.698454655155412, 61.745038785320205], [7.706731324660633, 61.74661968706854], [7.707819575954576, 61.74682750204506], [7.70860755621212, 61.746977968653376], [7.717668092234908, 61.7487076810004], [7.722174804550438, 61.74943503000654], [7.7237333656492035, 61.74968652629449], [7.724428244052668, 61.74979865000541], [7.736445001395744, 61.75190862361404], [7.75251909110432, 61.754809959619614], [7.752519144118507, 61.75480996874641], [7.792148934760907, 61.749637132809596], [7.826453661595538, 61.745148600555225], [7.828383187947551, 61.74489583877066], [7.841840700518495, 61.74313206541841], [7.842859881024042, 61.7427939037623], [7.845570900422002, 61.74189431921484], [7.860868045813334, 61.736963185035805], [7.869154483407097, 61.73429060084392], [7.886525384040824, 61.72868485640047], [7.905575139584209, 61.722532360609726], [7.906100796077871, 61.72236251584951], [7.9082154850394115, 61.72167919943536], [7.90651336141607, 61.702613994112625], [7.904419190381369, 61.67913708291118], [7.896105299759134, 61.64548755544562], [7.895650914863639, 61.64364663921411], [7.900092444207184, 61.638744139019416], [7.932993895058605, 61.602372764580394], [7.935758686343905, 61.59677314266088], [7.937845359835217, 61.59254546688911], [7.941722273718154, 61.58468731442263], [7.942831721079673, 61.582437760713646], [7.9431848059709935, 61.58040993360352], [7.943931361408954, 61.57612128320915], [7.944665159463012, 61.571904543914854], [7.945196405496428, 61.56885089763848], [7.945370797783773, 61.56784832376927], [7.945452151852735, 61.567380599205684], [7.946083923417109, 61.56374777115989], [7.9468236926448785, 61.55949264574127], [7.946827956660434, 61.55946811006017], [7.947312428760029, 61.556680681402824], [7.954282577831698, 61.55502041619766], [7.960480425857069, 61.553543655533176], [7.961699122101349, 61.55325322660118], [7.962901933059412, 61.55296656691087], [7.9691664196328995, 61.5514733256569], [7.977751898779927, 61.54942612541138], [7.987042285521046, 61.54720991291845], [7.989345546598002, 61.54666032301125], [7.994068513848429, 61.54553317247462], [7.997708866553335, 61.544664220356076], [8.012923624548387, 61.54103086034615], [8.016118663303217, 61.540267541621844], [8.025586436150105, 61.538654795169926], [8.030181667830377, 61.537871741100886], [8.033543264334444, 61.53729878057392], [8.03408842734362, 61.53720585195129], [8.034202208364494, 61.537186456083695], [8.037805516559976, 61.53657215897027], [8.041712030149098, 61.535906032475154], [8.046345694618358, 61.53511573260169], [8.05423731329633, 61.53376930552618], [8.06678469229547, 61.53162734321588], [8.071322405695566, 61.530852349835165], [8.079362232063332, 61.5294787586539], [8.08862610692563, 61.527895296076586], [8.092905854004668, 61.527157564658104], [8.09731968583141, 61.52639651531133], [8.10148045232862, 61.5256789472995], [8.105878247520911, 61.52492032357476], [8.110667372812557, 61.524093988059036], [8.114009303099843, 61.52351723109491], [8.11789339134455, 61.522846777803814], [8.121047562273173, 61.52386145824577], [8.12769145347581, 61.52599831462345], [8.128568803225878, 61.526280448099776], [8.128779372312522, 61.52634815989797], [8.136098379105213, 61.52870133611391], [8.143356893156291, 61.53103433478036], [8.154671682824041, 61.53466963242644], [8.16532050847422, 61.538089351346855], [8.183592521456472, 61.543953508279564], [8.188272819089342, 61.545454846667155], [8.191380792096615, 61.54645165115165], [8.195565208622298, 61.54779348777849], [8.196884450859084, 61.54750985375445], [8.204958199742496, 61.54577362875158], [8.213345878692914, 61.5439691755687], [8.223250895672887, 61.54195126112304], [8.237815238105163, 61.5389823139842], [8.238643035563545, 61.538813502853344], [8.238835436800189, 61.53877426584833], [8.24679082840629, 61.537151564603576], [8.250170384690106, 61.53646202588798], [8.25308131648524, 61.535868008842485], [8.257428482527235, 61.53498074638692], [8.258422373904548, 61.53477786495328], [8.262332620317027, 61.53397957745536], [8.264020280215583, 61.53111726728968], [8.264980834329407, 61.52948788644924], [8.265171834657849, 61.529163872475195], [8.26649202007971, 61.526924092983634], [8.267023589379555, 61.526022148104154], [8.268732166917314, 61.52312272812609], [8.272981716119695, 61.51667381255893], [8.281177328792872, 61.501444279184255], [8.281793806295957, 61.50029804427056], [8.282186872199572, 61.499567155120815], [8.283154837421405, 61.4977671078162], [8.284843904772112, 61.49462554445989], [8.28634465354187, 61.49183364744838], [8.287571294107003, 61.48955128091315], [8.289741000749261, 61.488134839002605], [8.293220994050907, 61.48586265878044], [8.295624159735288, 61.48429331629286], [8.297126197534501, 61.48331233314477], [8.298855498548216, 61.48218282508643], [8.301339785449308, 61.48056000568634], [8.303720863180521, 61.47900439604456], [8.305096057158176, 61.477251734737415], [8.305667867007104, 61.47652290746494], [8.306660990342033, 61.475256986708246], [8.308294352991334, 61.473174714809794], [8.31123953099666, 61.469419294976156], [8.314626040782542, 61.46509987545057], [8.317577635882094, 61.46133409229447], [8.32080782375811, 61.457211697024036], [8.322052970653539, 61.45588543278703], [8.321258518611689, 61.45546752339234], [8.319385762140826, 61.454482329406304], [8.315573478931386, 61.45247654897869], [8.30253850856417, 61.4456156724922], [8.381083914508812, 61.41606925649817], [8.409917334759616, 61.41815864015042], [8.422134598387265, 61.414535253677975], [8.466139430502986, 61.39773438910225], [8.467941482354483, 61.398100546514726], [8.497214701179901, 61.40125369613173], [8.511607178588832, 61.40280145044649], [8.553940871093591, 61.39638004119869], [8.57983469964445, 61.38906010981555], [8.586769976759879, 61.38968351650028], [8.620705173947181, 61.3927288478647], [8.646478959722305, 61.39142650994795], [8.647364987006156, 61.39148894013959], [8.69944327096611, 61.39515105468444], [8.721470774467031, 61.39872183113937], [8.753732531715201, 61.42711766098544], [8.759209008392405, 61.43193227166961], [8.760157506985905, 61.43198490383533], [8.761089164991223, 61.43202774845147], [8.761742371273431, 61.43195871347531], [8.762785082795652, 61.43191658855774], [8.763584810268593, 61.43177322316021], [8.764667321554024, 61.43181397083102], [8.765194873758741, 61.43209048327056], [8.76536458084163, 61.43255751651089], [8.765711194390589, 61.432798602672264], [8.766569934351189, 61.432829141752954], [8.76746277804034, 61.432879074492796], [8.768254061326454, 61.43305961188856], [8.768640540933776, 61.43338348764898], [8.768325772148666, 61.43382844449822], [8.768066729896788, 61.434275870371565], [8.768354108260437, 61.43453215044165], [8.768761010606097, 61.43484804692549], [8.769931016826783, 61.43510891877066], [8.770564558803194, 61.43532713915073], [8.771508598003775, 61.43549656519455], [8.772440363041998, 61.43553942281985], [8.772998443093591, 61.435664014524626], [8.773259873426618, 61.43595529697767], [8.772717970984896, 61.436407672093566], [8.772454739339317, 61.43697208477345], [8.773105377634696, 61.437479187539616], [8.773980060779405, 61.437807614383445], [8.774537946043127, 61.43812141131916], [8.77541011141841, 61.43836856581128], [8.776789078113028, 61.438620944842555], [8.777396794159928, 61.43887388000208], [8.77816252984381, 61.43908911619143], [8.778689549303067, 61.43927539131987], [8.779044074484277, 61.439759968886655], [8.779348832860308, 61.44011626659769], [8.779515407454806, 61.440601142792886], [8.779754537390929, 61.441098530642954], [8.78223126966073, 61.44178833856078], [8.783695535684547, 61.44217964170714], [8.784141570632094, 61.44267749021141], [8.7844403161766, 61.44334862494855], [8.7845322340638, 61.443830072719884], [8.7837674078375, 61.44417339372358], [8.782911538531364, 61.444314223734594], [8.78185592333674, 61.44441905848983], [8.781185636747377, 61.44466753928472], [8.781005018193222, 61.44510047787574], [8.781039939196889, 61.44567856645987], [8.780627085680885, 61.446425177617826], [8.780418828536364, 61.44690215086873], [8.78054361119173, 61.44731305923161], [8.781251060789868, 61.44744454370591], [8.78235343061448, 61.447765144100806], [8.7826832855192, 61.44818562373996], [8.78253103148756, 61.448664894717346], [8.782070525707075, 61.44927432447917], [8.781388086721556, 61.44986439930882], [8.780920776546536, 61.45032040889205], [8.78058577056528, 61.45077338322309], [8.781555945746119, 61.45071867435088], [8.804550346431181, 61.44740834241367], [8.805050059970048, 61.44733640790308], [8.825563048972077, 61.444379221210994], [8.84298805540376, 61.44092913174299], [8.936842465797284, 61.42257017357351], [8.936979384538335, 61.422518571536465], [8.937633297515584, 61.42227233556388], [8.938003798720917, 61.421721769661325], [8.938019349566195, 61.42135317888164], [8.938468312063993, 61.42097684836093], [8.938835155564814, 61.420443947155626], [8.93931309829508, 61.42001515088062], [8.939743068820684, 61.41973720120054], [8.940597806769448, 61.41959528438938], [8.94137197333484, 61.4195757406071], [8.942269505836283, 61.41969686191308], [8.943004825459852, 61.41968475901573], [8.94353393557756, 61.41957330955274], [8.944331647834199, 61.41962692779113], [8.945054205967493, 61.41977614882993], [8.946012220756952, 61.41997198159207], [8.947216563423602, 61.42006182615823], [8.948151926023714, 61.41998649217724], [8.948809659995781, 61.419988726001044], [8.949664174072002, 61.42013507240923], [8.950277727124421, 61.42017125730975], [8.951373159583538, 61.419950049833176], [8.951179465467344, 61.4196893740773], [8.95128286753848, 61.419252756415524], [8.950788241776342, 61.4188975307339], [8.950482802276987, 61.41863169090168], [8.951051306377025, 61.418413914295954], [8.95179006324172, 61.41877101838346], [8.952970192152883, 61.418886657116445], [8.95342602386816, 61.41847475160492], [8.954081418596298, 61.41848595123856], [8.954881026484799, 61.41853067757497], [8.95553470813425, 61.418550708356484], [8.95669916096155, 61.418458510227985], [8.975157486883498, 61.41477805847468], [8.98312496914912, 61.41318834951719], [9.01624203471312, 61.406574146614524], [9.070025147321234, 61.38670604741781], [9.090558291975123, 61.398910934368544], [9.099087990570512, 61.402559604349996], [9.101984337000388, 61.40372995658739], [9.104147262991505, 61.40490428814886], [9.106134415402366, 61.40581903216766], [9.10808437668571, 61.40693010944443], [9.11144602867608, 61.409020675750035], [9.115008057505735, 61.41144413132203], [9.117116996805835, 61.41340816102637], [9.119269969422147, 61.41514024664622], [9.122317139044503, 61.41771194491416], [9.124374069960776, 61.419556721790116], [9.12590563903245, 61.42109953458287], [9.12856253306404, 61.42375346864956], [9.131433972882363, 61.42696570918715], [9.13985940720636, 61.436224682797395], [9.141220360164505, 61.4370847780675], [9.143281560702102, 61.43882116409231], [9.144115112629446, 61.439586357893134], [9.144668760934415, 61.44014149964453], [9.14517507964175, 61.44074843493256], [9.145462612138772, 61.441220072816215], [9.14567351265221, 61.441796260397034], [9.146426857340582, 61.443890407277614], [9.144920871919908, 61.452495373697275], [9.144806776972935, 61.455381202009725], [9.144634994720585, 61.4597124838373], [9.144823814588408, 61.46300668943162], [9.1453101032215, 61.46362193245993], [9.145706648248709, 61.46421520964043], [9.145888962534661, 61.46464611352782], [9.145740658548508, 61.46523391441632], [9.145766699983913, 61.465694275227555], [9.145387675119903, 61.466308054531474], [9.14422825330686, 61.467169447455525], [9.144226480590582, 61.46717486282664], [9.144210136519044, 61.467203687905936], [9.144196358118414, 61.46725486080524], [9.144193605636165, 61.4672934547392], [9.144196224408939, 61.46739845170769], [9.144184440292905, 61.46745502229953], [9.144171234522208, 61.46747317914599], [9.14416612008314, 61.46747935076341], [9.1441647741449, 61.46749648833492], [9.14414272563848, 61.467513633804636], [9.144094886452553, 61.46755280506477], [9.144037726499676, 61.467599497104416], [9.144023459214852, 61.467622289705304], [9.143998190784009, 61.467662523910455], [9.143984504123186, 61.46771820222357], [9.143963100010435, 61.4677658953749], [9.143913866918101, 61.467824452828474], [9.143843712561482, 61.46787418583212], [9.14374638050147, 61.46791833579411], [9.143673143721903, 61.46795146048417], [9.143632022536245, 61.46797993764752], [9.143613902294431, 61.46799221075245], [9.143581382411245, 61.468039964852544], [9.143569078022605, 61.4680803077277], [9.143542007470113, 61.46811911374938], [9.143492479400702, 61.46816424400635], [9.143418558526646, 61.468204991586596], [9.143329200560375, 61.46823877157321], [9.14322475594682, 61.46828270461896], [9.143171422668438, 61.46830507336557], [9.143069261774308, 61.46846974410003], [9.143936895954424, 61.46883818492095], [9.143697407844355, 61.46892662352498], [9.143659692866311, 61.46895299683575], [9.14361328827206, 61.46896855214579], [9.1435384256178, 61.46897432787181], [9.143505831800363, 61.46896752103412], [9.143462899806222, 61.46895864799031], [9.143383387573023, 61.46892316981667], [9.143374793604984, 61.46891883804142], [9.143314804133773, 61.46888762255961], [9.14317904448466, 61.468857011772236], [9.143069265217859, 61.4688153669527], [9.14292313013378, 61.46874892704047], [9.142826308884224, 61.468723415749075], [9.14282308319453, 61.46872255644115], [9.142732731122019, 61.46870965801729], [9.142625959840336, 61.468711986810206], [9.142569583276218, 61.46871054640999], [9.142470123070243, 61.46871102959951], [9.142385531066223, 61.468702520647845], [9.142377470064476, 61.46870235313674], [9.142278669307567, 61.46870133411874], [9.142198098348898, 61.4687134351098], [9.142145089653834, 61.46873806822969], [9.14213503354036, 61.46874249620769], [9.142083696564836, 61.46878322663101], [9.14199778010019, 61.4688806249955], [9.141915354342455, 61.46896448936578], [9.141847356549306, 61.46901872594933], [9.141838386563856, 61.46908730172458], [9.141811630124646, 61.469101452964175], [9.141799717873493, 61.46914469361429], [9.141794781350795, 61.469177881678235], [9.141801497635878, 61.46921814437788], [9.141797079011143, 61.46926756007924], [9.141771798410941, 61.46930284185283], [9.141766143094973, 61.46931088069911], [9.1416458803636, 61.46937879868499], [9.141586929002187, 61.46942397218551], [9.141535988929673, 61.46949154836241], [9.141511420472973, 61.4695590013417], [9.141508471361972, 61.46959362555231], [9.141506886629859, 61.46961102293606], [9.141523389010676, 61.46966926341512], [9.141539503994014, 61.469718574264895], [9.141554914889026, 61.469805577106186], [9.14155314886958, 61.46989084890941], [9.141541743465094, 61.46996535164778], [9.141527744390777, 61.46999868909198], [9.141510394953743, 61.47005979120305], [9.141489038875793, 61.47010919676115], [9.141482299968184, 61.470118989464886], [9.141443711829941, 61.47017494431418], [9.141351425619648, 61.470240197319846], [9.141258860137315, 61.47028995315409], [9.141149290112725, 61.470340055968805], [9.141128203225572, 61.47034508854424], [9.141041124102033, 61.47036573122079], [9.140906516361914, 61.47037991265076], [9.140827897664032, 61.470384624718555], [9.140775343893404, 61.47038785000755], [9.14067224245295, 61.47038565417729], [9.140614629616666, 61.47038776091891], [9.140587698532709, 61.47038885014738], [9.14050376516932, 61.470402785919035], [9.140429611579286, 61.47044172152396], [9.140402768987325, 61.47050025341484], [9.140391219805574, 61.47056052527038], [9.140373445516666, 61.47060090218264], [9.14034641908529, 61.470650423180885], [9.140307075421568, 61.47069140028918], [9.140291469534132, 61.47070729263952], [9.140244791211995, 61.470735259208475], [9.140241433762304, 61.470737095048605], [9.14020778278794, 61.47074986831151], [9.140176557290856, 61.47076175585643], [9.140096220434843, 61.47077557644713], [9.139989660439255, 61.470798709345594], [9.139893196656072, 61.4708431645301], [9.139845163666406, 61.47086233967136], [9.139744473121805, 61.47089526870866], [9.139632534987978, 61.47091996995511], [9.13951654625181, 61.4709372039824], [9.139393210434292, 61.470955471425874], [9.139214188365491, 61.47098259025209], [9.139159570396115, 61.4709907675677], [9.13897795603514, 61.471009671590686], [9.13881344860251, 61.47102868319111], [9.13869189186014, 61.47104549626725], [9.138538678797063, 61.47107048662785], [9.138380185275517, 61.47110551239289], [9.138128453647619, 61.47117684845652], [9.138093014235773, 61.47118612293872], [9.138031075570149, 61.471202176667205], [9.137969917307695, 61.47121808398234], [9.137733332751498, 61.47128494122869], [9.13760841289027, 61.471312591906624], [9.137396932932875, 61.47133614715822], [9.137271606665523, 61.47135297641985], [9.13704695920869, 61.47137848376492], [9.136990595050584, 61.471376951691525], [9.136881550044432, 61.47136234254197], [9.136726965179681, 61.471331723288095], [9.136607082253084, 61.47130971387414], [9.136513953175903, 61.471292550233144], [9.136429392515051, 61.471285839684], [9.136421382830683, 61.47128639429285], [9.136345104120245, 61.47129165499533], [9.136264889194083, 61.471309800111804], [9.136255472947349, 61.47131182451291], [9.136167659636781, 61.47132135886923], [9.136064187982875, 61.47131113097524], [9.135922973150972, 61.471289460635724], [9.135825238721102, 61.47127975027842], [9.135794940710264, 61.47127673193568], [9.135720203292355, 61.47127980806718], [9.135598820372845, 61.4713136416297], [9.135585924252595, 61.47131515565618], [9.13551479134134, 61.47132306882876], [9.135435713786869, 61.471317224549125], [9.135411369101885, 61.471311582143116], [9.135341407837881, 61.47129532772087], [9.135288081265116, 61.471268717644065], [9.13524970232745, 61.47122672745276], [9.135239176619743, 61.47117477589156], [9.135241523343286, 61.47111644769259], [9.135217993228496, 61.47107356796794], [9.135187620464576, 61.47105299039415], [9.135179789360091, 61.47104761065391], [9.135085484407568, 61.471025713660374], [9.134975456231999, 61.471010340230805], [9.134882317553895, 61.470997226354314], [9.134756225162294, 61.4709871912507], [9.13460874123177, 61.47098379502423], [9.134600509863791, 61.470983529682556], [9.1344089494601, 61.47097832035098], [9.13426824512996, 61.47098088835516], [9.134187797523943, 61.4709902892863], [9.134083210923643, 61.471007921036325], [9.134001337389822, 61.471029864516204], [9.13388931943552, 61.47106194020595], [9.133796070205129, 61.471080331363176], [9.13368025299694, 61.47110161928314], [9.133600264045306, 61.471124544214604], [9.133550257630263, 61.47115614624395], [9.133541570157606, 61.47118323032501], [9.133539030520726, 61.471200676551106], [9.133533308192009, 61.47123698171906], [9.133515694461375, 61.471277454979635], [9.133470332025492, 61.47134328893749], [9.133430013824926, 61.47137341864835], [9.133407633806465, 61.471390278232434], [9.133333270735191, 61.471420288264824], [9.133259327568902, 61.47143411095282], [9.13325873377264, 61.471434265371734], [9.133257986989314, 61.47143423312382], [9.133217576419913, 61.47143293824299], [9.133211585299549, 61.471432769560224], [9.133204879809249, 61.47143139963572], [9.13312686045802, 61.471416956799146], [9.132941452734755, 61.47135520207366], [9.132813245311192, 61.47132445692169], [9.132738175783123, 61.47132031465904], [9.132677985961546, 61.471326088080836], [9.132579578785966, 61.47135983093213], [9.132511052161815, 61.47137586781142], [9.13250119484849, 61.47137823303242], [9.132435411974791, 61.471376742434884], [9.132307315004518, 61.47135239371455], [9.13219057291065, 61.471328715350275], [9.132109161819713, 61.471302331442715], [9.132061602441592, 61.47127110746728], [9.132066212626807, 61.4712397059418], [9.13209272162541, 61.47121294149931], [9.132097399530796, 61.47120810184557], [9.132121124922877, 61.471181127141314], [9.132109519623603, 61.47115685788914], [9.132061974319702, 61.47113652818495], [9.131973611376695, 61.47112803004395], [9.131893035980575, 61.471131122003605], [9.131827748251705, 61.47114495764107], [9.131744617806115, 61.47116756577151], [9.1317438204556, 61.471167801421885], [9.131640225458492, 61.471152252974875], [9.131565301362256, 61.471155318757724], [9.131496192791772, 61.471167458682984], [9.131475863046079, 61.47118242587045], [9.131459263434595, 61.471194583179646], [9.131432354744646, 61.47124140702556], [9.131420502503959, 61.471304186416354], [9.131397091031841, 61.47133846704124], [9.131364729600069, 61.47135435497853], [9.131359980407916, 61.47135658065046], [9.131317746802324, 61.47140382286347], [9.112036212292196, 61.47192731013122], [9.102369131504698, 61.47216253749357], [9.0958126420994, 61.47034682529308], [9.081192430185224, 61.46579923475146], [9.073902005940356, 61.463307186941165], [9.071992028927125, 61.462863787525215], [9.069260766105598, 61.46218633092309], [9.065088303083188, 61.460878527733065], [9.06297828338684, 61.46039915018418], [9.060106740241892, 61.4599675569317], [9.057895098613285, 61.45982570163375], [9.05432028734161, 61.45982239990011], [9.051726451039915, 61.45980777003774], [9.048180725335035, 61.460048592289816], [9.045942629974409, 61.460238611849654], [9.043740798382883, 61.46024110556238], [9.041233355813958, 61.460167128076435], [9.037623659945922, 61.45995467770248], [9.035340719717846, 61.45969236059191], [9.03282249860489, 61.45918547419658], [9.03084523967434, 61.45890049383491], [9.02968575150605, 61.458471448843085], [9.027889819265038, 61.45822140662371], [9.025794778511482, 61.45825522278727], [9.023696069636445, 61.4584059873212], [9.020911653459986, 61.45879665198944], [9.01839140232603, 61.459279933824305], [9.016576907363785, 61.45971323155251], [9.014844175685377, 61.45991600401101], [9.013300911957135, 61.46001905839519], [9.01131732571933, 61.46005756840692], [9.00888778516652, 61.46006764263329], [9.006412765827063, 61.46012032682803], [9.004504516122212, 61.46016224264656], [9.002788722712774, 61.460275570238075], [9.00147001667769, 61.4604783602217], [9.000028865328218, 61.46082897991064], [8.998884627923355, 61.46110257367886], [8.997694265892159, 61.461419050956664], [8.996124275525842, 61.46165579644378], [8.994651333749841, 61.4617796705608], [8.993331086612496, 61.46189236422767], [8.991868759513569, 61.46186378552801], [8.989439807997018, 61.461774404593676], [8.987142392105332, 61.46187971441406], [8.985414940401387, 61.46205525133526], [8.983924651121976, 61.462268376217324], [8.982852414631205, 61.4626530827453], [8.981713831459613, 61.46328705415649], [8.980218240451617, 61.46401306629731], [8.97860347956516, 61.46476997841215], [8.97716560862877, 61.46548969609778], [8.97330689147519, 61.46638681140979], [8.963469786337061, 61.47066634431272], [8.956403963706467, 61.472472903600234], [8.951386943698783, 61.47253557687116], [8.941813623880526, 61.471530111819895], [8.928545094438164, 61.4682688825989], [8.921748961900173, 61.46659795112114], [8.921043376892827, 61.46633863559751], [8.920562621552287, 61.46552459115923], [8.918814563119803, 61.46378050090304], [8.916828824584043, 61.46267400259657], [8.914805537220294, 61.46166484298192], [8.91429073383477, 61.46150660756638], [8.911228311969197, 61.46042388930824], [8.909085093125459, 61.45935513577958], [8.907211099155724, 61.458163528908], [8.905068421351261, 61.45651840201509], [8.903456691910058, 61.455428376891206], [8.902175701165849, 61.45438037946385], [8.899652057343525, 61.4666824685651], [8.899645583525501, 61.48633326117557], [8.945108652780066, 61.51526039759961], [8.973616877718426, 61.51396759002148], [8.985971716843403, 61.517314257674954], [9.000610658274715, 61.52127563469988], [9.027938885958667, 61.52278288284058], [9.078154324376596, 61.50600966812478], [9.099560905500613, 61.50734226781658], [9.10549268093261, 61.510157025560105], [9.116519271811912, 61.515571555637514], [9.116736632261835, 61.515677743221424], [9.119626486462087, 61.517090270838096], [9.12414200705821, 61.51929736332214], [9.13105991626688, 61.52289045291088], [9.132170938966672, 61.52346740520259], [9.139494384292878, 61.527233792540656], [9.144077260453354, 61.52959014375982], [9.147303798431379, 61.53124895175041], [9.152073877845206, 61.533960650373416], [9.155830527964422, 61.53566523950328], [9.15585534758435, 61.53567764911966], [9.160645713865081, 61.53816876636734], [9.165905457489455, 61.54083385255661], [9.170977729169858, 61.543487256989486], [9.171494392921616, 61.543763351822584], [9.171562601583826, 61.5437818477219], [9.176366452326192, 61.5450896043815], [9.203494713490986, 61.55255290922318], [9.209418850705239, 61.55421175473795], [9.215120003284833, 61.55581880695667], [9.220240186293342, 61.55728561984358], [9.218059035878616, 61.558076666041174], [9.216479785487074, 61.55862030163989], [9.211228153434517, 61.560374197657595], [9.211610463641835, 61.56047867517842], [9.211670436869152, 61.56049508854435], [9.214991088143584, 61.56143346892331], [9.216050287234609, 61.561727923162074], [9.223022105310044, 61.56363774523684], [9.241116849640187, 61.56890375872869], [9.242993053028682, 61.56944390396937], [9.244051963995025, 61.569748734154395], [9.24770297407412, 61.57083858002192], [9.247877798773299, 61.57089043420746], [9.248628773557094, 61.571124606379776], [9.248907561471091, 61.571203264610915], [9.251286542626062, 61.571872991845595], [9.252363611760531, 61.57217644840572], [9.253253252427772, 61.57242679733325], [9.254789351814342, 61.57294089342026], [9.256583630990777, 61.57354138470019], [9.25736675764559, 61.573803416293146], [9.262403080876226, 61.57548838401615], [9.26426644890138, 61.576147577122335], [9.265716344656381, 61.57664062517523], [9.266534543901964, 61.57691901895677], [9.267720152921529, 61.57732224251538], [9.269355555843935, 61.57782161490288], [9.270648039745783, 61.57821607445286], [9.271857252183757, 61.57858514460099], [9.273155851227834, 61.57896831327499], [9.273801784326102, 61.57915876089116], [9.274881787506935, 61.57947736136931], [9.2765354266295, 61.57996507462855], [9.27773692729913, 61.58031936155593], [9.278434290126079, 61.5805250884641], [9.27931292460353, 61.58078415306573], [9.280469863270842, 61.58112952123061], [9.281960987584101, 61.581574693061036], [9.283484371128022, 61.582029482551356], [9.284217182191934, 61.58224818722577], [9.285603009380345, 61.582661712825136], [9.286625435565231, 61.58296708565851], [9.287439195677567, 61.58320996041615], [9.287873594029284, 61.58338084363309], [9.288617209827676, 61.583673339350824], [9.290418099565256, 61.58438173327453], [9.291831466588631, 61.584937670031046], [9.291874773284052, 61.58495478730338], [9.291894496733754, 61.584962544943565], [9.294271269807682, 61.58589718655922], [9.300698103816032, 61.58962755797981], [9.30073412031247, 61.58964841785535], [9.300769949395132, 61.58966926988071], [9.301798519544924, 61.59026633465807], [9.302698493260172, 61.5907884316366], [9.30417201047955, 61.59164316042853], [9.305774518545947, 61.59257347307919], [9.30618129990012, 61.592809388025636], [9.307513506800385, 61.593612712719576], [9.30900512731669, 61.59451215477597], [9.3102881989629, 61.59528549139122], [9.31144226446332, 61.5959839376055], [9.312457820803107, 61.59659845919699], [9.313436382901346, 61.59719036495264], [9.313929966803222, 61.59748919474033], [9.314575630636448, 61.59788690189004], [9.315559058209162, 61.598492855161325], [9.316112470463718, 61.5988334174756], [9.317454165224134, 61.599659798823254], [9.324500375700008, 61.603839474029], [9.327352238537383, 61.60553081602364], [9.329341660997397, 61.60671058454986], [9.330790512463347, 61.60756953565557], [9.33114861886813, 61.607499816349474], [9.331816491796415, 61.607507516430886], [9.331873468527558, 61.60750808535226], [9.332923528358558, 61.608492198274455], [9.332589617078764, 61.608636108845396], [9.333674961919053, 61.609279542547284], [9.334705446742436, 61.60989044213402], [9.335220386427725, 61.61019556092811], [9.336194792540006, 61.61077342288432], [9.338082474033511, 61.61189192905786], [9.339715774361848, 61.61286005479875], [9.341833736303565, 61.614115068880196], [9.343160773875852, 61.614901573534766], [9.344467128759009, 61.61567541378702], [9.345358989892262, 61.616204050006196], [9.345686825399028, 61.616398299643954], [9.349858341573404, 61.61886949204499], [9.350277205379157, 61.61911736720738], [9.350608357481356, 61.61931345081205], [9.352809889566156, 61.620617636122965], [9.355411458294844, 61.6221582366476], [9.359769206108636, 61.62473831978733], [9.361553892486592, 61.62579494407899], [9.364054949138138, 61.627275302026725], [9.366396970844875, 61.628661368264616], [9.370740939343204, 61.63123228647566], [9.374663614454738, 61.633552727323156], [9.378665842609184, 61.63592042062483], [9.381885917549956, 61.637824717921305], [9.384781473843432, 61.63953681396561], [9.387314929961883, 61.641034934671744], [9.391903699868475, 61.6437474578696], [9.396637533528157, 61.646544966768175], [9.401107560744332, 61.649186280984395], [9.401135137811698, 61.649178231778535], [9.4012758836442, 61.649136112082694], [9.401275993770911, 61.649136078798215], [9.498035450280952, 61.68344269715701], [9.498413654446288, 61.68344443248031], [9.4988900078217, 61.68326562267682], [9.499272714088999, 61.68304254031442], [9.50003417591601, 61.6828212102902], [9.500604009288194, 61.682682158903155], [9.501458723237285, 61.68259957407956], [9.502119756213371, 61.68269368434928], [9.502971719103616, 61.68273697713113], [9.503916734650408, 61.68292350649015], [9.504673863886905, 61.68296747203553], [9.505148808109592, 61.682928082124675], [9.505529752857827, 61.68274541192724], [9.505628364322174, 61.68247488464109], [9.505633533525053, 61.68211959990215], [9.505826605282763, 61.68184837272688], [9.506112818323084, 61.68171138941096], [9.506589057329208, 61.68153705007016], [9.50706502326858, 61.68144819636768], [9.507539525583397, 61.681354782322146], [9.50839262180329, 61.681317089543626], [9.508960290015422, 61.68131741476889], [9.510003798113598, 61.68131886673404], [9.510951208059375, 61.68127594949438], [9.511898141798365, 61.681282505310406], [9.51313144168154, 61.68115206369267], [9.514080827013732, 61.68101920690591], [9.514935410296786, 61.680882536329044], [9.515696284904275, 61.68070609869794], [9.516550203764472, 61.680578391500916], [9.517496738935044, 61.68062539175618], [9.518538489693109, 61.68067170709145], [9.519485870877203, 61.68062873033695], [9.520529172403622, 61.68058959554965], [9.521573158581521, 61.68045598365962], [9.522519885097944, 61.68046245809423], [9.523182111984, 61.68055201383742], [9.523751871614689, 61.68046686497471], [9.524037805785163, 61.68032983551115], [9.524700858797052, 61.68032942039958], [9.525838006057675, 61.68033450620901], [9.526594316101907, 61.68038281801705], [9.527825518194682, 61.680432154899854], [9.529341478446838, 61.68038939162726], [9.530575805228644, 61.68025883657377], [9.531523965441508, 61.68012581226856], [9.532664027615876, 61.6799509662784], [9.533993977319675, 61.67968471570921], [9.535227526401444, 61.6795090909628], [9.535606857772235, 61.67950626982253], [9.535887813485191, 61.67969300236179], [9.536069933593422, 61.68027176082821], [9.536721104516559, 61.6810897715919], [9.537472559732862, 61.68163280312941], [9.538694586488337, 61.682311640818774], [9.54001172372879, 61.68303026625625], [9.5415187362084, 61.68371146788147], [9.542268617593136, 61.68421390807417], [9.542831922147558, 61.68466389173289], [9.543204978199993, 61.68511527181141], [9.54376507175645, 61.68579010990594], [9.544510487594005, 61.68673783170687], [9.544973470675204, 61.6875077790788], [9.545247585210053, 61.68827018244759], [9.545608931390367, 61.689621034228374], [9.545787032421485, 61.690478596184604], [9.546058683213817, 61.69142538748825], [9.546609428067505, 61.69277929577283], [9.547072580689578, 61.69358973626268], [9.547634231863473, 61.694129621821716], [9.548195335078352, 61.69471447993609], [9.54913515716417, 61.69530544591176], [9.54969608290224, 61.69593978630462], [9.549972262003518, 61.69652226811414], [9.549680105986697, 61.697149574520274], [9.549387712720343, 61.697736373648276], [9.549096476478596, 61.69827372163794], [9.548897253084014, 61.6989947292664], [9.54926754250986, 61.699670961091385], [9.549919109479774, 61.700619394777796], [9.550463580759727, 61.70242299958611], [9.550453076993625, 61.70331802490483], [9.550440048730602, 61.70426694618895], [9.549954417285278, 61.705120524808514], [9.548901003196264, 61.70597395411423], [9.547943973001663, 61.70660173598902], [9.546320819304738, 61.70749541402851], [9.544413191415519, 61.70834622142995], [9.542601724459697, 61.70910635032019], [9.541172015227584, 61.70963871951931], [9.540216234470822, 61.710221507188486], [9.539258295408308, 61.71093919592301], [9.538487013914656, 61.71192982455357], [9.537226874894971, 61.713863863912884], [9.536162868037861, 61.71547725250854], [9.53576434260565, 61.71682925441946], [9.535744765572018, 61.71831339914571], [9.536006700177253, 61.72002478582739], [9.536651845167816, 61.72137800504654], [9.537586792534016, 61.722414316051356], [9.538807287159939, 61.72331803334676], [9.540119520763517, 61.72449088735973], [9.540583312513693, 61.72530136630527], [9.540759088875781, 61.726383827569755], [9.541026190962334, 61.727604927335186], [9.541300890407896, 61.72836735416116], [9.54214506201969, 61.72913451389663], [9.543933295423153, 61.730267822967036], [9.547044258238612, 61.73180483942228], [9.612576910050365, 61.71759277048784], [9.633927389027534, 61.73114629152498], [9.640851351819022, 61.7355611679702], [9.644687776872678, 61.73800673212905], [9.65223025491717, 61.742995243061536], [9.655792426973038, 61.74522266553723], [9.66087893372029, 61.74840204313728], [9.665199832771291, 61.751192312188664], [9.667967543778662, 61.75288924133488], [9.668391221455494, 61.753148979839644], [9.670293670114402, 61.754441038347494], [9.670374900519725, 61.75449594343571], [9.671287524647097, 61.755007415279465], [9.672541134962705, 61.755806068729264], [9.673317735213654, 61.75630089099308], [9.676778921108529, 61.758505752846624], [9.677378584667993, 61.75888712441021], [9.68185491972233, 61.76173285998291], [9.684251496689368, 61.76326597270181], [9.690402761171246, 61.76717164370485], [9.691061353179919, 61.767589785130156], [9.691199270884287, 61.76767755867163], [9.696174688594855, 61.77083302201999], [9.696225701449686, 61.77086541260964], [9.701658424323536, 61.776649458721266], [9.701843330021495, 61.776846296407236], [9.701884411924278, 61.77689008774284], [9.71212380579651, 61.78328040252286], [9.710273570879828, 61.785917190548744], [9.71027807136425, 61.78592195343915], [9.710316210020384, 61.7859631083985], [9.710395820667486, 61.786049236265505], [9.711440459279672, 61.78717790598689], [9.712061243641935, 61.78784821272458], [9.713394589738154, 61.789288727991554], [9.714597982295682, 61.7905883404738], [9.714607128555532, 61.790598141443866], [9.715929552743189, 61.792026146421755], [9.71663255983779, 61.79278526078227], [9.717188046551565, 61.79338562352993], [9.717290192646857, 61.793495650570314], [9.717708079279047, 61.793946914196745], [9.71799263328099, 61.79425401437125], [9.718759659017872, 61.79508243927083], [9.718777467145244, 61.79510157192498], [9.719672691683785, 61.79606792455538], [9.7206739047887, 61.79714894071163], [9.721144026118797, 61.79765628245411], [9.721626348151052, 61.79817677951447], [9.722760338535037, 61.799400742503074], [9.723171286475907, 61.79984460921594], [9.725309174501445, 61.802151971969984], [9.725556925759722, 61.802440628908265], [9.727208168257713, 61.804211471584665], [9.72807873047534, 61.80514837162914], [9.729509682944046, 61.80669771989222], [9.730083588713114, 61.80731213175557], [9.731941419314127, 61.80930041055535], [9.732663411115896, 61.81007301746181], [9.732718262149492, 61.81013901141411], [9.736439334454747, 61.81416901192785], [9.737626667130824, 61.81545011476763], [9.738514846723247, 61.816408752247916], [9.74058999152981, 61.818647898693015], [9.742779720258547, 61.82102267926619], [9.7441125065964, 61.82243382040839], [9.746379661357144, 61.82487169266422], [9.746386088937381, 61.82487859741437], [9.762865822395055, 61.82357196230518], [9.76349846562635, 61.82352181303738], [9.765022051951302, 61.823400779558206], [9.765367484231518, 61.82378233696607], [9.766074357721044, 61.82376434307634], [9.766766301867813, 61.82361090070778], [9.767325043948516, 61.823794100584315], [9.768030036118454, 61.824010053525846], [9.769241683498548, 61.824380123166925], [9.770147415288115, 61.82464862308314], [9.770950238795278, 61.824850117434835], [9.77200356424513, 61.82503434859316], [9.773173627453419, 61.82531290890895], [9.774154882991276, 61.82558408053465], [9.7748705170217, 61.82596244811315], [9.77550325938799, 61.826157430519224], [9.776650388620965, 61.82623713833025], [9.777577378431058, 61.82638042994151], [9.778390049747037, 61.826636328634095], [9.779648861552644, 61.82695420121553], [9.78023298137801, 61.82721038146108], [9.781140473424571, 61.827244934778136], [9.78231177495724, 61.8274064917111], [9.783508051682533, 61.82753317858542], [9.784649852480234, 61.827756394866654], [9.785758855192592, 61.82805951107788], [9.786582269962, 61.82847772163855], [9.788319622263394, 61.82922759275798], [9.78908808566408, 61.82918482610913], [9.789650752562558, 61.82923320558743], [9.790110434303493, 61.829439623225454], [9.790603378925066, 61.829674295556536], [9.79142688131283, 61.82964251455876], [9.792230153608815, 61.82984398380223], [9.793010416982447, 61.829954689649355], [9.793612933209651, 61.83010353770059], [9.794119773093515, 61.830257747158406], [9.794830568278947, 61.83055457019547], [9.795108651434285, 61.83093411288033], [9.79563593985082, 61.831080095080424], [9.79568019134953, 61.831378689888], [9.796438089031284, 61.83139837165668], [9.7976475788831, 61.83133630524558], [9.798313850518046, 61.83122644603359], [9.799527067790127, 61.831254478651616], [9.800122527309266, 61.831223171070924], [9.800674751279583, 61.831109064827025], [9.801544395827053, 61.831141953820755], [9.80249440207546, 61.83115098182213], [9.803292419604908, 61.83104627363804], [9.804298514080333, 61.831174560819925], [9.805447273385777, 61.831244904780675], [9.806417898888135, 61.83124568938509], [9.807568882262055, 61.831415250147], [9.808418824657002, 61.8315644939538], [9.809072514820382, 61.83175110824885], [9.809810922775158, 61.83188703258289], [9.81080238729716, 61.83176261226425], [9.811471838156715, 61.83151794094315], [9.811954413150232, 61.83136534504167], [9.812721201193302, 61.831331379126205], [9.813373957825185, 61.831410059599385], [9.81388905126504, 61.83162748580459], [9.814951986363669, 61.83153264154412], [9.816073698596389, 61.83153916152514], [9.817125121039595, 61.83184874164675], [9.817821746287382, 61.83166813860635], [9.81880962866059, 61.83190341550498], [9.820085879801846, 61.83189756805671], [9.821320895584039, 61.83190823554278], [9.821930501568623, 61.83167933911669], [9.822617321569728, 61.83166919918947], [9.822813351824914, 61.8321985298784], [9.823305809198349, 61.832325091695104], [9.823878458724874, 61.832427597680265], [9.82442009107912, 61.832601087756856], [9.825629330123254, 61.83231374548681], [9.826473456141931, 61.83227371397693], [9.826979008191577, 61.8324366549963], [9.827673957488143, 61.83249004611791], [9.832238224400971, 61.832509031210854], [9.832691954535061, 61.83230120463468], [9.833748628538254, 61.832242057922215], [9.834133413312221, 61.83187867794597], [9.834004391543935, 61.83151402168269], [9.83450517670921, 61.83125380025852], [9.835239465123903, 61.83107480071859], [9.836121915342895, 61.83069408497444], [9.83694024658446, 61.830580862245206], [9.837529653223823, 61.83058506386631], [9.838215403944778, 61.83046693121837], [9.838609133982661, 61.83027482202275], [9.839191481211717, 61.83020677425686], [9.840099335697543, 61.83024094637136], [9.840770396367873, 61.83021221915446], [9.842034614364161, 61.83016082107348], [9.843179461285155, 61.83025787115446], [9.844457811191413, 61.83035093489585], [9.845573308949406, 61.83039287873401], [9.846309931083868, 61.83031260719433], [9.847267644820285, 61.830276629669896], [9.848253591550428, 61.830295688466435], [9.849068240059232, 61.83031721136616], [9.849915481315547, 61.830259160753336], [9.85050647707809, 61.83047920408072], [9.851422562592743, 61.83057658861389], [9.852814311161719, 61.83044899756595], [9.853537838953022, 61.83033211819258], [9.854954497748716, 61.83016936324515], [9.856113700560389, 61.82995203980987], [9.85711335269273, 61.82989048680084], [9.858201725157087, 61.82986833174695], [9.859351136597459, 61.829821466084475], [9.860344562470571, 61.829912693763696], [9.86085479735178, 61.82970689833963], [9.861636075864432, 61.83004198728892], [9.862596165247977, 61.83032988046644], [9.863038953524661, 61.830526409737246], [9.863805282391386, 61.83060919218498], [9.864446746851627, 61.83064221873391], [9.86520824821851, 61.83052670120544], [9.8664370626281, 61.83034779661526], [9.867133028826656, 61.830508717427456], [9.867870705589507, 61.83053651301226], [9.869312962435593, 61.830446544287625], [9.870344633207221, 61.83042208054514], [9.871245597921096, 61.83038381274806], [9.872380780153412, 61.83030931502447], [9.873005607079714, 61.83044064408116], [9.87380029581246, 61.83069527979627], [9.874729839123349, 61.83105391659431], [9.875223470721522, 61.831288291918085], [9.875931306182945, 61.83149468377993], [9.876643512979474, 61.83133236701883], [9.877278054284186, 61.83129309978356], [9.878002479255267, 61.83128417789978], [9.878544482965626, 61.831115403083594], [9.879225279059794, 61.831140922129286], [9.880420185419855, 61.83139238132324], [9.880949192401038, 61.83152918136388], [9.882149586903257, 61.83186189020989], [9.883195033433537, 61.83198188055512], [9.884145305179313, 61.831990350846176], [9.88470340515303, 61.83184014626669], [9.885385213078926, 61.83163166736709], [9.886141002375545, 61.83177690629376], [9.886764294031924, 61.83169210212368], [9.887327644191654, 61.8316232333554], [9.888221458488704, 61.831512613363095], [9.889670695910112, 61.83149466436593], [9.890372133987453, 61.831511720310516], [9.891092368098493, 61.831412606296055], [9.891725131573374, 61.8314991596366], [9.89214752099322, 61.831703915990445], [9.892964502574097, 61.831941182624256], [9.89386763726896, 61.83200180954717], [9.895085080021365, 61.83177724417921], [9.895512472848113, 61.831496267532316], [9.896536707570121, 61.831516402400325], [9.897242651808272, 61.831389824778775], [9.897780258487696, 61.83158967426129], [9.898645332200754, 61.831423938097274], [9.899571582482302, 61.831575443568035], [9.925393265682233, 61.833307063123904], [9.963425896378153, 61.84829349848809], [9.967872768356827, 61.85077777877291], [9.988234695966012, 61.863291181618735], [9.993579277391435, 61.86630953804276], [10.012960443130167, 61.87724971700765], [10.012988363365196, 61.877445488520365], [10.012782486898807, 61.87779540870502], [10.012470225241557, 61.87814910984197], [10.012333794538591, 61.878617687441675], [10.012296644740339, 61.87923938104972], [10.012517469084687, 61.87973056396117], [10.012862448899403, 61.88009033148409], [10.013105993447288, 61.88058602664925], [10.013270765877682, 61.88118267033296], [10.013605915781323, 61.88181797656755], [10.013947799309946, 61.8821396660591], [10.01410642144022, 61.882288998286455], [10.01442100506081, 61.88253269167794], [10.014578593433626, 61.882786605679556], [10.014573820845529, 61.88299828107503], [10.014481305805214, 61.88323024902719], [10.014483003647634, 61.883443148925664], [10.014661223113123, 61.88362080869509], [10.015012161414036, 61.88382632924387], [10.015288623975044, 61.88403859027667], [10.015503479002623, 61.884445259794916], [10.015277192199916, 61.884486430597406], [10.013271091748106, 61.88485221162027], [9.987607868418321, 61.88952572119362], [9.980915981914775, 61.890622026606785], [9.967847877162457, 61.892761572293225], [9.957334451728487, 61.89476912416961], [9.919541108465776, 61.90199478165031], [9.848242726147241, 61.903810272832175], [9.8510099786649, 61.91488791754521], [9.870198599227571, 61.94947077105348], [9.850422652233101, 61.980941176148534], [9.843837344139883, 61.99961522486645], [9.841024819520326, 62.00492748183148], [9.838812277214846, 62.013395057079315], [9.876374176530526, 62.04054670900564], [9.925793956486453, 62.04647505809007], [9.926718976454902, 62.04657145961688], [9.926725626198728, 62.04666013832738], [9.926751804367216, 62.04675007573121], [9.926799434324154, 62.04683549500499], [9.926864075870634, 62.04692118064623], [9.926938285831055, 62.04700236046502], [9.927022941151012, 62.047056575912], [9.927127054097141, 62.04710215137043], [9.927249441859312, 62.04716567237611], [9.927315107114952, 62.047215410141256], [9.927446773754967, 62.047301403448984], [9.927550697472373, 62.04734238345849], [9.927790226491167, 62.047410215538235], [9.92789418091562, 62.047451016470035], [9.92796956157564, 62.047496523328455], [9.927959002338206, 62.04753679806254], [9.927937853618365, 62.04761293822116], [9.927946621293794, 62.04764879636655], [9.927973794678886, 62.047698376576655], [9.928124601828925, 62.04777994567336], [9.928199883730413, 62.0478386733248], [9.928188929100155, 62.04788361160433], [9.928120273664124, 62.04795044651628], [9.928121332438932, 62.04797738446942], [9.928157625167147, 62.048058427498], [9.928183838782632, 62.048152773980746], [9.928173264626718, 62.04819313814306], [9.928104593492405, 62.04826006245141], [9.927968941987109, 62.04833099898926], [9.927871709284465, 62.04838877534874], [9.927756468851701, 62.04848322360386], [9.927688436857835, 62.0485187741121], [9.927686248324166, 62.04852040286318], [9.927468041258392, 62.04863121291194], [9.927382579449432, 62.04870111744376], [9.927360997933087, 62.04875574042959], [9.927407181945831, 62.04880853945093], [9.927333535473139, 62.04884901106472], [9.927253047342823, 62.04891208147679], [9.927191491757757, 62.04899375141618], [9.927146733362806, 62.049013875021885], [9.927062031630548, 62.049083807379525], [9.927010842837841, 62.049149305616524], [9.926973018059433, 62.04923805647304], [9.92692788621347, 62.04927876786033], [9.926882936853108, 62.04930347249276], [9.926819062290152, 62.049321003103415], [9.926735075483364, 62.04936370274718], [9.92665840261025, 62.049470455552054], [9.926451577515593, 62.04967137666359], [9.92626094821025, 62.049829261572725], [9.926131253858975, 62.049912650917605], [9.926064777819715, 62.05000079662162], [9.926037836815887, 62.05007141556956], [9.9259429814069, 62.05013899437118], [9.925802670545716, 62.050159737965785], [9.925647780778966, 62.050229874308535], [9.925531911029653, 62.05027409833641], [9.925435867309087, 62.05029143352001], [9.925310910106013, 62.05031777991468], [9.925204975107281, 62.05035301330443], [9.925042077113634, 62.050365547462846], [9.92493646358792, 62.050382799814], [9.924773389583779, 62.050399825351555], [9.924677198724968, 62.050430649124365], [9.924599282258615, 62.05048400692764], [9.924559115339076, 62.050551169833845], [9.924576423707103, 62.050623058281246], [9.924593717443607, 62.050690448013455], [9.924553785298, 62.05076193781613], [9.92444647077913, 62.05084210160804], [9.924339185020841, 62.050931262736015], [9.92429919301091, 62.05098934572845], [9.924237878578344, 62.05107867043967], [9.924179274452209, 62.05112770135229], [9.924081688367634, 62.05119895696554], [9.924051323824754, 62.05127052914784], [9.924011652986634, 62.051315219352425], [9.923915121600437, 62.051354936533194], [9.923803677256961, 62.05137035402895], [9.923817521944375, 62.05143887634767], [9.923872756261883, 62.051510902269435], [9.923908891910765, 62.051592840446595], [9.92392587697157, 62.051678121650504], [9.923971703223728, 62.05174566269446], [9.924093618760082, 62.05183615782458], [9.924243937046356, 62.051940203753105], [9.9243844960844, 62.05204415998308], [9.92444982951147, 62.05211196938383], [9.924457554117197, 62.05217468847866], [9.92447484831152, 62.05224207822277], [9.924510960014516, 62.05232761382962], [9.924507062907812, 62.05241284562191], [9.924505217507336, 62.05248007031737], [9.92451342490597, 62.05252958255622], [9.92450319600377, 62.05255637483524], [9.924531085709877, 62.052592487612415], [9.92452018288341, 62.05264624410696], [9.92443233863862, 62.05270850261589], [9.924412524381736, 62.052739889896145], [9.924439696410134, 62.052784882642065], [9.924438729974112, 62.05282964884762], [9.924312735883934, 62.05288735369567], [9.924234665696305, 62.05295420033035], [9.924213855008567, 62.053021356353554], [9.92411727384046, 62.05305675373086], [9.924068602394303, 62.053096794292756], [9.923999412569223, 62.05318160070653], [9.923892087765067, 62.05326176394678], [9.923746129416758, 62.05335516830488], [9.923620325755536, 62.05341629823783], [9.92344600712397, 62.05350047110823], [9.923329109016429, 62.053585139405186], [9.923221957018521, 62.053660810395016], [9.92310589447629, 62.05370952389344], [9.922971585722522, 62.05374011227303], [9.922875646888254, 62.05374413525454], [9.922751554794457, 62.05373884444868], [9.922588799440128, 62.05374238510787], [9.922435320118089, 62.053768398341674], [9.92223428276445, 62.05377619601616], [9.922071731999203, 62.05378424178968], [9.921860921936343, 62.05379545735383], [9.921707765743976, 62.05380348897452], [9.921497156982582, 62.05381579096986], [9.921239196316241, 62.0538097945259], [9.921114765802605, 62.053817984329996], [9.920999023759423, 62.053848715225996], [9.920910806991822, 62.05386615611137], [9.92080448675884, 62.053910458715926], [9.920688405357927, 62.053954671423085], [9.920467576290088, 62.05399826248786], [9.920275566104579, 62.05402312329737], [9.920131978795276, 62.05403123597274], [9.92004531312119, 62.05405772987589], [9.919958295235624, 62.054088618972884], [9.919851839249622, 62.054146320502014], [9.919792382198644, 62.05422671581878], [9.919781278782526, 62.054285052934105], [9.919788993092086, 62.054352360301976], [9.919806277919188, 62.054419750524225], [9.919795379915888, 62.054478005248704], [9.919755727394408, 62.05452710340152], [9.919677627959501, 62.05459403671302], [9.919695400462864, 62.0546344557833], [9.919855477964616, 62.05473859634015], [9.919930173778928, 62.054797396828185], [9.919985093493187, 62.05489190373559], [9.91997469719506, 62.054927686012526], [9.91994445247019, 62.05498585744757], [9.919875570818117, 62.05505726895646], [9.919778314838657, 62.05511953790023], [9.919728942030975, 62.05518204226662], [9.91972462183171, 62.0552582623066], [9.919713885907294, 62.055307526628226], [9.919712014468109, 62.05537484054334], [9.919701573781785, 62.05540630291321], [9.919681119279774, 62.05546438533998], [9.919601633403838, 62.05557166132696], [9.919609510156416, 62.055629978309845], [9.91967503169507, 62.055693208825204], [9.91974924259522, 62.05577439247091], [9.91975716153477, 62.0558462055613], [9.919727063054903, 62.055895475955616], [9.919666924622716, 62.05599824718824], [9.919665716443502, 62.056038686372126], [9.919683546480385, 62.05609251214793], [9.91968201304096, 62.05615093210474], [9.91965211960133, 62.05620012008682], [9.919621873911284, 62.05625370330865], [9.919639497464175, 62.05631219959617], [9.919723294761848, 62.05639796484234], [9.919759723672739, 62.05646093268467], [9.919748308891629, 62.05653716113718], [9.91968791515277, 62.05657272003616], [9.919591876065786, 62.05659904830942], [9.919419003070361, 62.05662056534983], [9.919360896166166, 62.056651620253895], [9.919320914439359, 62.05671869900477], [9.919299072820403, 62.056821712205], [9.91927724491537, 62.05692922410276], [9.91924631781758, 62.05701435946907], [9.919215362799708, 62.057090497419516], [9.919222765656848, 62.05717569615169], [9.919211158648558, 62.05725191751542], [9.91917118960123, 62.057323494910854], [9.919121622343955, 62.05738140385975], [9.919071698157044, 62.057462060493634], [9.919080146925696, 62.057515810445565], [9.91916357747405, 62.05761064881256], [9.919152811922151, 62.05765091565645], [9.919122102996043, 62.057740467291865], [9.919129979194425, 62.057798784287215], [9.919175626629663, 62.05787081855267], [9.919200293937465, 62.057969698390956], [9.919292295384933, 62.05810038826301], [9.919357630807927, 62.058163611940586], [9.91947991160681, 62.058240539743736], [9.919545218838385, 62.05829935404783], [9.919638962059071, 62.058371541379266], [9.919752377082986, 62.058422412501734], [9.919827595203543, 62.05847241560123], [9.919873097578838, 62.05855335063194], [9.919871755705188, 62.05860718948665], [9.919861018581384, 62.05865645379536], [9.91985560903954, 62.058858313098455], [9.919834282166597, 62.05894794073496], [9.919823163754335, 62.058997190993196], [9.919820642360316, 62.059095878310366], [9.919837766815848, 62.05917225891331], [9.91983403142641, 62.05925299869615], [9.919822750223483, 62.05931123933621], [9.919819020430994, 62.05945036582401], [9.919807561479711, 62.05951768625712], [9.919787457259295, 62.05956678529018], [9.919727797177686, 62.05965176152232], [9.919716528473025, 62.05971908896613], [9.919724258420679, 62.05978630690557], [9.919751294449178, 62.0598492883294], [9.919759333865342, 62.059903203027595], [9.919738670531544, 62.05996136779963], [9.91964040890732, 62.06006849193509], [9.919619539705995, 62.06012673907476], [9.919598684324294, 62.06018948491269], [9.919549317388597, 62.06025189968566], [9.919471825229218, 62.06029105683375], [9.919355907676385, 62.060335275146066], [9.919134543614659, 62.06039665846903], [9.91903740265832, 62.06044552699952], [9.918989199927138, 62.06046318252607], [9.918873281022298, 62.060507400418196], [9.918697828841811, 62.06056021947964], [9.91858224899375, 62.06059095506342], [9.91837042529456, 62.060648010794544], [9.918273663413514, 62.060696892813695], [9.918195518146103, 62.06075023953923], [9.918079285572826, 62.06081234807965], [9.917953806488017, 62.06085639276305], [9.917722939536011, 62.060912655574086], [9.91754921161843, 62.06097003505372], [9.917384893597818, 62.06103189961331], [9.917278217316362, 62.06108959179399], [9.91717120157302, 62.06115617782153], [9.917084200757374, 62.061200560942154], [9.916996656511614, 62.06124933221321], [9.91689835245944, 62.06135204495462], [9.916819563710227, 62.06144126292333], [9.916711537054377, 62.061552793389794], [9.916584512768392, 62.061655256603935], [9.916418158983149, 62.061797922770374], [9.916368237955401, 62.061869312615556], [9.91634441790091, 62.06196802442695], [9.916294494829632, 62.06204400234859], [9.916225942235366, 62.06210642839729], [9.916040971548837, 62.0622308646862], [9.915885846373728, 62.06231447818656], [9.915865486586508, 62.06235475095432], [9.914012592388394, 62.065295978077216], [9.913405805557115, 62.06628479055775], [9.914080114989984, 62.066684817624754], [9.913492184379903, 62.06731159078122], [9.912229578595417, 62.06853188247596], [9.911441597393107, 62.06904969696249], [9.909619598614858, 62.069889195206365], [9.909327746323193, 62.07002722159549], [9.909323021739528, 62.070027946807706], [9.909234911028447, 62.07003413997509], [9.909195869116198, 62.070047362728765], [9.909123075744342, 62.07005142242474], [9.908808267653585, 62.07013992938245], [9.908674808058654, 62.07019806665095], [9.908620046887835, 62.07023409962475], [9.908422433587695, 62.070314518071974], [9.908312731650618, 62.07039107542852], [9.908273110976085, 62.07040202745462], [9.908227349744958, 62.07044271094575], [9.908049674604055, 62.070527733677814], [9.90794167037658, 62.07055874138086], [9.907755688585883, 62.07059154737336], [9.907449121465946, 62.07071202341315], [9.907336725928193, 62.07074061937074], [9.907013858196853, 62.0707902299948], [9.906910235927336, 62.07083282432247], [9.906851453972477, 62.07084594707358], [9.9066299222153, 62.07103793567547], [9.906541081073366, 62.0710690204804], [9.906462956573021, 62.07108196835978], [9.906375235731222, 62.07108124690634], [9.906101748837996, 62.07111315732887], [9.905881663807559, 62.07116170441269], [9.905766827312224, 62.071228803917755], [9.90566073256511, 62.07133293197993], [9.905496993213214, 62.07141369847874], [9.905303042783556, 62.07153959051303], [9.905115933625535, 62.07159961089031], [9.905007929339941, 62.07162144004991], [9.904722395014124, 62.07171704774584], [9.90462914596699, 62.071734383831796], [9.90431810730794, 62.07185963637405], [9.904079357440233, 62.07199412731864], [9.90405962647249, 62.072047647011544], [9.90397340938793, 62.072051657856015], [9.903848194974868, 62.07208229644983], [9.903692876584369, 62.07217110925622], [9.903614854778207, 62.07221995546943], [9.90349853651825, 62.07227755222667], [9.903353638867268, 62.07233058391392], [9.903199675915758, 62.07236564722992], [9.903083356313585, 62.072423243622644], [9.903015263802878, 62.07246777837944], [9.902898588590016, 62.07252976977991], [9.902802278738378, 62.07255616801957], [9.902668190881029, 62.07256425623377], [9.902505689185126, 62.072566795666425], [9.902352396417587, 62.07256589681829], [9.902227525782298, 62.07258305197757], [9.902044506819399, 62.07264034084407], [9.901880968530078, 62.07267073042852], [9.901775081233923, 62.07269704377996], [9.901599375630095, 62.072758740891736], [9.901464729237095, 62.072784980285], [9.901244241066822, 62.072801567921864], [9.901023569163208, 62.07282723490633], [9.900764394312446, 62.07286515241803], [9.90055242569039, 62.07291777023997], [9.900378791276955, 62.07297054596327], [9.90020517129673, 62.07302323205225], [9.900061151992348, 62.073049303417], [9.899860316076754, 62.073043674596846], [9.899773747132883, 62.07306116468837], [9.89968614722281, 62.07311901103014], [9.899646462602652, 62.07317251199181], [9.899615630901476, 62.073248651805635], [9.899595263349022, 62.073297919171246], [9.899564179657009, 62.073313952809606], [9.899555901138124, 62.07333352893884], [9.899507831339267, 62.07334677510202], [9.89949775237303, 62.073369073557906], [9.899439566773086, 62.07339571022353], [9.899371819750273, 62.07342217312118], [9.899217502196347, 62.07346612571105], [9.89905392298268, 62.07350469746915], [9.898871205073497, 62.073539592178896], [9.898794071471062, 62.073565977467254], [9.898629477721888, 62.07363680880289], [9.898494145988103, 62.07368533153628], [9.89836891509991, 62.073720553103584], [9.898195107419436, 62.07377772819386], [9.898135357566133, 62.07386269406565], [9.89808576458381, 62.073938589340656], [9.898016617564384, 62.07401897911558], [9.89785044769381, 62.074076346461894], [9.897791384691002, 62.07412984972028], [9.89772399471365, 62.07414732855137], [9.897552422091685, 62.07412847481434], [9.897494417927442, 62.07414603093977], [9.897396909804781, 62.07422168242286], [9.89730983183064, 62.07426155367141], [9.897194483381679, 62.07428247558161], [9.896993305220722, 62.07429023498719], [9.896896974322823, 62.07431213032673], [9.89678045518531, 62.07437421280605], [9.896667877774433, 62.07442654486547], [9.89663893807976, 62.07443779912129], [9.896625248819124, 62.074449617777724], [9.896557167741811, 62.074498558450195], [9.896536073366377, 62.07456579173297], [9.896505607846468, 62.074632858121745], [9.896437515775318, 62.074677300064685], [9.89633109111395, 62.07471699452874], [9.896214904434443, 62.074765684030794], [9.896175541955209, 62.074810379503994], [9.896164568876571, 62.07485963438281], [9.896163172562314, 62.07490897382127], [9.896131850370375, 62.07501190472934], [9.89608164368849, 62.07509254492713], [9.865987669487158, 62.09496337401076], [9.864881118925611, 62.095274536303066], [9.865146778287482, 62.095345629689426], [9.991805974428747, 62.12914604972558], [9.971881717121615, 62.13194465495778], [9.981154550613413, 62.135661803762105], [9.980549020507372, 62.13655318520017], [9.983427260298905, 62.13636916605191], [9.98195093642556, 62.13745206121643], [9.984186665840724, 62.13692633342724], [9.984751744071279, 62.13742883535154], [9.982935518164789, 62.13826138233052], [9.984347995219144, 62.138330534199376], [9.974980858265257, 62.14435969011068], [10.218556942678141, 62.38244189495045], [10.218579132846084, 62.38246340034784], [10.218683044802582, 62.38243226251579], [10.218683344379636, 62.382432279119016], [10.218844652833171, 62.382441124482035], [10.219521870270814, 62.382491404626975], [10.220296278862417, 62.382536030360534], [10.220972665868254, 62.38262674753369], [10.221649435919835, 62.382762444210954], [10.222618280326017, 62.38272380284773], [10.223103609911645, 62.38267752904006], [10.223976305775453, 62.382590603593265], [10.22494469614351, 62.38263737286238], [10.226008659604629, 62.38268741859518], [10.227751487233768, 62.382823727746576], [10.229296393926077, 62.38318706136847], [10.229679133669364, 62.38359143400587], [10.228604078063885, 62.38431001439969], [10.228212342298566, 62.38466981096412], [10.22791574185957, 62.38520825442011], [10.227906149591085, 62.38592743688215], [10.227804290379908, 62.386333161690686], [10.228283729274317, 62.38673636099322], [10.22876190165394, 62.387278920140396], [10.22953211042594, 62.387642629666345], [10.230592733505619, 62.38808825156555], [10.231167499496033, 62.3884992073315], [10.23232872405863, 62.38867845037186], [10.232908032001871, 62.388815241144584], [10.233290514559197, 62.38926456117408], [10.23396522487385, 62.38957999903735], [10.234054608668826, 62.390167664245894], [10.23403986396371, 62.391291389898676], [10.235297763615884, 62.39142895052133], [10.23616922955924, 62.39161171586172], [10.237029766207671, 62.39246863798193], [10.236834486470132, 62.39260584772727], [10.237703271914311, 62.39287395179906], [10.239050126087152, 62.393639593809866], [10.239630890434363, 62.39373143420284], [10.240696261531875, 62.39382637415358], [10.241275113748687, 62.39404855200683], [10.24233915251939, 62.394143433335465], [10.24514584830675, 62.394419341419244], [10.245055329516012, 62.39392158803897], [10.245444049035134, 62.39378648706787], [10.246027256930105, 62.393658036644084], [10.246805123400875, 62.39339234013881], [10.247968758487119, 62.393387155994475], [10.248842852723833, 62.39321467566196], [10.250204855580156, 62.39276656653865], [10.250789394753316, 62.39249873988834], [10.252053674517109, 62.39205177213185], [10.25244565180885, 62.39173688998692], [10.253512273689026, 62.391602435682316], [10.255548304066895, 62.39156402100609], [10.256515886025326, 62.391610534087754], [10.25681130816995, 62.391296842721964], [10.257101411184745, 62.391252779699784], [10.25758808688342, 62.39111649249129], [10.257495889237997, 62.39062319159145], [10.257983469068467, 62.39044196578533], [10.258663926046317, 62.39022234945407], [10.259048496924324, 62.39044681812227], [10.259242846222905, 62.390444453207806], [10.259535306703723, 62.39022508943877], [10.259637473720685, 62.389774394007176], [10.260509561329375, 62.38973218404896], [10.261094657793496, 62.3894598399337], [10.261387610078044, 62.38923599277432], [10.262163322890686, 62.389150015837274], [10.262744343250127, 62.38919230374545], [10.262940564976256, 62.38910455815379], [10.262941418611483, 62.38901465089957], [10.263330525374396, 62.38879407712654], [10.263815567736835, 62.38879261854119], [10.264097678993485, 62.389467759526], [10.26448623549033, 62.38946750760177], [10.264683785341651, 62.389065028121045], [10.265458441322272, 62.38910940455281], [10.266329273961487, 62.3891570520855], [10.266712458448987, 62.38960629140717], [10.267193767500451, 62.38992396646958], [10.268064626981978, 62.389971603379855], [10.268840212048971, 62.38997102392206], [10.269706908370239, 62.3904681879265], [10.270382355530426, 62.39073849585885], [10.27076868075178, 62.39074264682072], [10.270963476081048, 62.39065034491516], [10.270870362613413, 62.39033689865326], [10.270679790760221, 62.3900651042324], [10.271068028695915, 62.38997488712937], [10.271738693864275, 62.39064973634449], [10.27222376297722, 62.39060777753222], [10.272419952254632, 62.39038511445606], [10.272328287034762, 62.38993231853231], [10.273199729027459, 62.38993947184214], [10.274073982212709, 62.38984778618784], [10.274748750051877, 62.390122545943726], [10.274842794562598, 62.39039105254287], [10.275129401920157, 62.39070657565031], [10.275227610049528, 62.390570513961215], [10.275912801805765, 62.3899417711677], [10.275817622618405, 62.38980813000491], [10.27494636799149, 62.389760528455604], [10.274753787670312, 62.389578607631876], [10.275532894341973, 62.3892633368462], [10.276307371618993, 62.38926717526692], [10.277375722028388, 62.389092130415], [10.277663473906285, 62.3893132548337], [10.279402141364015, 62.38985796387774], [10.280272027083036, 62.38999542580822], [10.280564701995207, 62.38990643476145], [10.281340684687688, 62.38977539334065], [10.281726907751745, 62.389864948828716], [10.281918476813315, 62.3901322627509], [10.282206832874445, 62.39031292646963], [10.283273517222783, 62.390272681896136], [10.283853928269613, 62.39026989215922], [10.28560118844866, 62.39000539904973], [10.286277941324295, 62.39018573608504], [10.286760865541904, 62.390363994165156], [10.287242681575123, 62.39050623903647], [10.287633492634196, 62.39028116220658], [10.288022688748823, 62.39005153295061], [10.289091679492357, 62.38983145350298], [10.29025724940543, 62.38947524047092], [10.291809907148526, 62.38925354165306], [10.292198745407621, 62.38911832056673], [10.291523616241266, 62.388893100541694], [10.2916231845398, 62.388622173980664], [10.292303292329924, 62.388397891429946], [10.292983875630934, 62.388218588961465], [10.293469916087767, 62.38795175533968], [10.293955617113268, 62.387905247159516], [10.294342898024224, 62.387859902025795], [10.295313940432905, 62.38773089228532], [10.296090210436377, 62.387550317519526], [10.296769335459732, 62.387505848943334], [10.297448891514394, 62.38737595457475], [10.297352484411302, 62.3871928251851], [10.296967576340803, 62.38701342409795], [10.296387999279228, 62.386876897760885], [10.296584631534449, 62.386519319750526], [10.296879113343575, 62.38625048981039], [10.297266089937796, 62.38625009376744], [10.29823424042991, 62.386251371272465], [10.299397442388235, 62.38620977528416], [10.300077934479173, 62.38603043722267], [10.300466034607902, 62.385940136750456], [10.300467199270008, 62.38576480565308], [10.300566208924874, 62.38553882278521], [10.301148344371427, 62.3854910546241], [10.301828765426482, 62.385271236170475], [10.302897734064194, 62.38504206303339], [10.303672035898646, 62.38509071222568], [10.304155935505362, 62.38509357235249], [10.304832918033553, 62.385138926882014], [10.305223260662126, 62.38495875627432], [10.305614108739698, 62.38451329880499], [10.305906922094724, 62.384379295596666], [10.306197590863976, 62.38433065591064], [10.306586157280547, 62.38428532163955], [10.306878863012702, 62.38402090989438], [10.306981471808129, 62.38343531287127], [10.30717682936014, 62.383253049962114], [10.307759383922985, 62.38312432984342], [10.308629721004761, 62.38325713442551], [10.309406252668426, 62.38308099550307], [10.310086803981427, 62.382852150510516], [10.310379464614511, 62.38258773095014], [10.31067333275498, 62.382363821418146], [10.311157377101685, 62.382317200058736], [10.312032140565869, 62.382094898541716], [10.312610603051029, 62.38227179227477], [10.313091783537951, 62.38259379160781], [10.313478977093773, 62.38268329150947], [10.314060592597844, 62.38268041985409], [10.314352132979916, 62.38250588761979], [10.313876294892522, 62.38164447744771], [10.313974306826962, 62.38147241371386], [10.314170247409415, 62.38124519567374], [10.314851429606314, 62.38097588085906], [10.315626522840642, 62.380885096852154], [10.316013452158531, 62.38101954737149], [10.31668841770337, 62.381294105589916], [10.31717334389044, 62.381292459815484], [10.318534229467282, 62.38071327961864], [10.319116422977855, 62.380580005482045], [10.319798420834838, 62.38022076315045], [10.32038147194356, 62.37999758082507], [10.320286032368726, 62.379774033261995], [10.319999114702405, 62.37949907132309], [10.320193668431235, 62.37932126217864], [10.320872383045373, 62.37927666736925], [10.321645266635228, 62.37946006963106], [10.322905269462584, 62.37937208018809], [10.323777055674514, 62.37936994183622], [10.324456789268334, 62.37914999681224], [10.325237104775914, 62.378564711914144], [10.325916651566642, 62.37843018931165], [10.326403397419428, 62.37816327513967], [10.326985314667247, 62.37802996077793], [10.32795648979135, 62.37780631032125], [10.32892530602217, 62.377757940597114], [10.329598630880723, 62.378212242805624], [10.3304715643197, 62.378034735585366], [10.3314426462014, 62.37790098958289], [10.33202231730211, 62.37790247626356], [10.333670031993858, 62.377858890501145], [10.335316172876185, 62.37786019800295], [10.33628612668923, 62.37763644995184], [10.337062447805737, 62.37750062574447], [10.33764312552012, 62.37755158490771], [10.337836762275307, 62.377639019191406], [10.33812616227971, 62.37772966578175], [10.338610022458457, 62.37781784164538], [10.33919017633628, 62.37777884578711], [10.340257093417952, 62.377643756985734], [10.34132371035195, 62.377468181383875], [10.341717795982172, 62.37679342322017], [10.342301269448367, 62.376390307518406], [10.342593841196837, 62.37625622476863], [10.343369622222099, 62.37616081747256], [10.343562887925186, 62.376122328520154], [10.344434983572864, 62.37607510800854], [10.344918733638151, 62.37612278974887], [10.345110504743433, 62.376304577964405], [10.345012557965942, 62.37652612280601], [10.344816998665818, 62.37674889419728], [10.345105779228225, 62.37701936586689], [10.345583416938359, 62.37760642195339], [10.345874189509262, 62.37769709780622], [10.346456580838872, 62.37760868518498], [10.348011119445475, 62.37702222922524], [10.35044145941168, 62.375862532901564], [10.351219622229857, 62.37550186910496], [10.35646381336371, 62.37366728476813], [10.35733582053748, 62.37361998251035], [10.358013857757559, 62.37357968450428], [10.358595658321518, 62.373396778200835], [10.359275954019168, 62.37308676167282], [10.35976320443448, 62.37281526024666], [10.360150266362183, 62.37272926330447], [10.361023772114251, 62.37263702413237], [10.361894858244908, 62.37259415985314], [10.362766879181727, 62.372461392297765], [10.3635422095176, 62.3724153221575], [10.365772490675262, 62.37201310039107], [10.36640412019615, 62.37185430733158], [10.367180353787333, 62.371718318762326], [10.368147865539683, 62.37171909900444], [10.369115717594658, 62.37185927319294], [10.369503601963816, 62.37172381781531], [10.370766950374858, 62.37118587445915], [10.372310913360128, 62.371817343154746], [10.373085608001698, 62.371726235154675], [10.37444279678433, 62.3715960617422], [10.375318349052336, 62.37123401815333], [10.376773086422588, 62.37083278888437], [10.379387585628775, 62.37069943375359], [10.381519575563846, 62.37052301426876], [10.382774601420452, 62.37101885913113], [10.383448612667301, 62.37155833824818], [10.384411991939247, 62.37223332424109], [10.384989770997018, 62.37254927568028], [10.385860679848925, 62.37273107455156], [10.387988441994196, 62.37304451625261], [10.41125066247881, 62.384039168992416], [10.411429079285632, 62.386329166372676], [10.412485543860244, 62.38776687282976], [10.410994750681862, 62.39325258031644], [10.42542715440183, 62.39406992163312], [10.430538492504978, 62.398253114518795], [10.462442004852097, 62.41351448726721], [10.493219447668206, 62.42772419134954], [10.519883505158909, 62.46297411019592], [10.474237280126076, 62.49969202569862], [10.474331078626033, 62.499927709481554], [10.474344028249025, 62.499960249471044], [10.473819912529736, 62.500104787450844], [10.474511185495196, 62.50127308644854], [10.47517189616128, 62.50238940384714], [10.476201321121271, 62.50412886991961], [10.476877430509386, 62.505271392890876], [10.477755057428482, 62.50675378176756], [10.478464839120345, 62.50796356737416], [10.480640637871343, 62.5116697523279], [10.481469299273733, 62.51308101339531], [10.482974336567402, 62.515644199409905], [10.4843065592317, 62.517912765542874], [10.485088646249334, 62.51924452812747], [10.485389787455498, 62.519757196509524], [10.486494751451584, 62.52162084249145], [10.487749087357985, 62.52376464157464], [10.488420939700823, 62.5249074880911], [10.488849217291033, 62.52564536959731], [10.490272252519807, 62.52612506422387], [10.490417955978067, 62.52617437463587], [10.491254226180267, 62.52645614858173], [10.493194697687318, 62.52711052284634], [10.50085082999526, 62.52969131879462], [10.506264457570165, 62.53151562331764], [10.511364928285976, 62.53323395483104], [10.519495447194643, 62.53597233002323], [10.526230110487628, 62.53823987479986], [10.534181713517167, 62.54091638442595], [10.537017705337645, 62.54075975544817], [10.543422720074881, 62.54040589886115], [10.552566821000932, 62.53990026185195], [10.563524118746544, 62.53929335181874], [10.569523332332498, 62.538960835095416], [10.580653320070638, 62.538343062684355], [10.585514185956894, 62.53807298407165], [10.588325344934118, 62.53880314070163], [10.593372106892133, 62.54011365014332], [10.60004507145738, 62.5418459515343], [10.604737110349507, 62.543063832253445], [10.609531211786411, 62.544307774026], [10.617578337672017, 62.546395388868234], [10.622288720265992, 62.54761699806371], [10.628219531977528, 62.54915457779328], [10.63154106236606, 62.550015690973964], [10.634845915890429, 62.55087224315199], [10.636981924149486, 62.55083113016097], [10.646944045007974, 62.55063937366118], [10.656886766410452, 62.55044702447105], [10.659934644960078, 62.5503878963574], [10.663013616867941, 62.55397467437889], [10.666165135490804, 62.55764471449518], [10.67085790765617, 62.56310807896484], [10.674405647402066, 62.56723655255838], [10.677559896746661, 62.57090653296984], [10.67946001651379, 62.57311658803995], [10.681984375405442, 62.5760522064667], [10.683182361923988, 62.57744518704916], [10.685427703585447, 62.580055727294045], [10.686769094364301, 62.58161528704379], [10.688118395675728, 62.58318307626198], [10.69177740177235, 62.584781721333556], [10.7215513873504, 62.600119704706806], [10.753670688511994, 62.61665938919591], [10.753643486151084, 62.61671852670578], [10.74034512834287, 62.645466683146076], [10.787808500097897, 62.67614571643509], [10.792361591145552, 62.67908459921468], [10.80944738712418, 62.683839952337884], [10.825307920117963, 62.688304885256166], [10.851297205060037, 62.69285245080738], [10.861929667085176, 62.69333110602573], [10.862566492527948, 62.69335971055857], [10.917631552617465, 62.69582059868213], [10.924942401823278, 62.696145573183244], [10.928247934599483, 62.69629568244845], [10.92892213816077, 62.69609046010917], [10.929472214295886, 62.695791830739765], [10.92984916090912, 62.69532646193666], [10.930339347741171, 62.694891257760595], [10.931340128443443, 62.694443912057075], [10.933506729194761, 62.69391354286663], [10.942360309717985, 62.69174521287303], [10.98327663469422, 62.68171310406201], [10.985212794623235, 62.68123792606414], [11.043820478494123, 62.6668350449372], [11.067113868976321, 62.66534003695329], [11.122529984933195, 62.661797053879866], [11.12342647392516, 62.6614905005172], [11.128534894133457, 62.66428927555314], [11.129909094656645, 62.665042759578625], [11.131196137450246, 62.666689792212146], [11.132003828558492, 62.667721854787914], [11.132525921250117, 62.668872660304935], [11.133238893093736, 62.67042121936608], [11.13397759193192, 62.67139456079167], [11.134975131479782, 62.672709646038406], [11.135323700251531, 62.67392269564466], [11.13570013225173, 62.67524301467088], [11.135261109397172, 62.67603888319514], [11.134166297039076, 62.67799474304485], [11.134842818143756, 62.67899511925429], [11.140328995830103, 62.67867183123118], [11.143599415659992, 62.67847923757289], [11.145722793113741, 62.6783541475128], [11.146946827499585, 62.67828212509438], [11.149648007652916, 62.67812217713573], [11.149743574706902, 62.67811653521424], [11.149795983455547, 62.67811348184615], [11.153405552890566, 62.677900952709926], [11.154988531678638, 62.67780788908362], [11.158987337970208, 62.67757102895612], [11.160881146695537, 62.677459998370004], [11.163569739535884, 62.67729926020208], [11.16641012634796, 62.67713471600762], [11.169563616327974, 62.67559894093321], [11.16992241797391, 62.67583136740391], [11.1768496568203, 62.67972335079945], [11.186463264194028, 62.685242883416045], [11.194140649182339, 62.68987330658928], [11.200461599138555, 62.69365774213434], [11.206436931426603, 62.69709980344591], [11.210206537176175, 62.699130310927416], [11.212550136729588, 62.70039261650225], [11.21784995313175, 62.70317789418361], [11.22583535817512, 62.70683151813337], [11.243167557175138, 62.713180801594056], [11.25600787749265, 62.71105887267923], [11.271490324714353, 62.70857769027506], [11.279883085033946, 62.71109238906916], [11.280520599050044, 62.711274295532014], [11.291786497897286, 62.714486297878466], [11.294445832053308, 62.71719342687334], [11.296264190835648, 62.7190441595446], [11.298336368099791, 62.72126183268765], [11.29644606434914, 62.72337265538579], [11.296296289499063, 62.72623549570595], [11.296293895190281, 62.726303011235224], [11.29638110316258, 62.726319692177924], [11.296755494537846, 62.726366870441495], [11.297054304139566, 62.726399920749614], [11.29744089773697, 62.726449755741655], [11.297740492658791, 62.726499989549886], [11.298045966703436, 62.72655019811707], [11.298282861290382, 62.72656633471132], [11.29841358009343, 62.72658586995617], [11.298470395835091, 62.72661693481255], [11.298564818162488, 62.726682331934974], [11.298640299232767, 62.726736355521574], [11.298753277899818, 62.7267786974348], [11.298946814188236, 62.72682361397246], [11.29905952467051, 62.7268602870414], [11.299152981983262, 62.72687713106984], [11.299284498548882, 62.72691376089351], [11.299391366810305, 62.72697049922039], [11.299498750118952, 62.72707002685927], [11.299650814328494, 62.727203713510214], [11.299814890164477, 62.727325944462926], [11.299947413478534, 62.72743116725678], [11.299998320022416, 62.727493797959035], [11.29999918317546, 62.72753381070551], [11.299938070541, 62.727585488850856], [11.299870615072814, 62.72763151790128], [11.29984106017773, 62.7277173683427], [11.299861544881866, 62.72780867243389], [11.299938425434261, 62.72793129921845], [11.30005264270085, 62.72809669797067], [11.3000985269226, 62.72816503737773], [11.300197274311014, 62.72825382235912], [11.300379049527661, 62.72838334902128], [11.300522854039471, 62.72849237337597], [11.300637372686493, 62.72862569765323], [11.300661246066896, 62.72870091520597], [11.300587731112088, 62.72875622067078], [11.300514485125907, 62.72882501295774], [11.30049314731946, 62.7288937362434], [11.300487497535686, 62.72897949827525], [11.300467191603003, 62.7290790724951], [11.300394067888533, 62.72915469770939], [11.3001865410689, 62.72922758715459], [11.299971214332983, 62.72927987121427], [11.299822300594553, 62.72929760113052], [11.299636462726628, 62.72933960906285], [11.299563679413893, 62.729418747615185], [11.299520448261266, 62.7295011818729], [11.299439228912378, 62.72954603896387], [11.299306192802936, 62.72961523058731], [11.299217778642321, 62.72967373700491], [11.29912164390915, 62.729718829525574], [11.299003592915795, 62.72978095738908], [11.298856226918597, 62.72987070917468], [11.298760915847382, 62.729967046352485], [11.298605051779939, 62.73000894515513], [11.298553848644397, 62.73006744443954], [11.298570327069358, 62.73013599701789], [11.298608770346767, 62.73020432031605], [11.298655550298687, 62.73029676768587], [11.298626726964578, 62.730351723649676], [11.29855302003982, 62.73040693326364], [11.298464761052117, 62.73046885824886], [11.29842106970423, 62.73052054621099], [11.298415254377982, 62.730602889025086], [11.298438830309575, 62.730667944407465], [11.29853392919472, 62.73076867614768], [11.298653879280069, 62.73087428711707], [11.298815087468865, 62.73099608376985], [11.29896592200108, 62.73110376731622], [11.299039346357413, 62.73119305318344], [11.29903568520339, 62.73126134398503], [11.299052107610295, 62.7313178530572], [11.29912497790016, 62.73137405387257], [11.299192837685636, 62.73143272856418], [11.299281654685046, 62.73151954462115], [11.299309040686143, 62.73159485506221], [11.299284502206081, 62.73167032356563], [11.29919855024423, 62.73172476123152], [11.299184201789975, 62.731786120095634], [11.299191111404559, 62.73186852896227], [11.29922770831122, 62.731956304040125], [11.299277514662544, 62.73206527624661], [11.299259013530163, 62.73220353999895], [11.299276653678072, 62.73229566773483], [11.29936783655868, 62.73237769336447], [11.299511514499738, 62.732437828453286], [11.299744348174139, 62.73245861738178], [11.30002894730991, 62.73244770072385], [11.300240071003811, 62.73245416693151], [11.30045214830199, 62.732492110736146], [11.300621240126377, 62.73250106262944], [11.300901448275829, 62.73253145620034], [11.301171577399606, 62.732586026766086], [11.30142146518077, 62.73267241459707], [11.301671006431878, 62.73275376038018], [11.301888807168773, 62.73283049474163], [11.302006221896924, 62.73289550650383], [11.30204948052012, 62.73295362106834], [11.30208857861531, 62.73305278410974], [11.302122575088076, 62.73317391945343], [11.302087739265565, 62.733283175742], [11.301994129703298, 62.733361227491905], [11.30188472079649, 62.733424664086556], [11.301854401391397, 62.733485332566765], [11.301892259149074, 62.733545910893596], [11.301937836737542, 62.733607411601604], [11.301940564505037, 62.73374048364491], [11.301890825683081, 62.73388583227856], [11.301850883100272, 62.7340045694845], [11.301827415105834, 62.734145038917276], [11.301882736113587, 62.734285158687264], [11.302032749022946, 62.734419955923364], [11.302161732502901, 62.73453811291288], [11.302210094935129, 62.73460085512594], [11.302237646827908, 62.734651456289505], [11.302259989141524, 62.7347264532782], [11.302288662436409, 62.7348447522769], [11.302306909482786, 62.734963405546836], [11.302319446767394, 62.735069776571386], [11.302401202223146, 62.735219399451104], [11.302461859212368, 62.73534510138995], [11.302473874578919, 62.73538055520828], [11.302495310630771, 62.735444025541], [11.302524752085374, 62.73558436159936], [11.302544906675848, 62.73579104282037], [11.302563875900397, 62.73595087317547], [11.302569673601704, 62.73600000232843], [11.30253780160062, 62.73624044973887], [11.302489975842168, 62.736469063897914], [11.302398854710342, 62.7366257235814], [11.302251398834228, 62.73684739868138], [11.302124234561996, 62.737030607048986], [11.302038590578098, 62.73719199401685], [11.301979784751671, 62.73732209634473], [11.301877767703361, 62.737520345685574], [11.301736862283933, 62.737842931631114], [11.301735619871177, 62.73794669289625], [11.301785079217838, 62.738199348674534], [11.301799755058552, 62.73825266591095], [11.301883777013606, 62.738359213499464], [11.302137705269434, 62.73858580491425], [11.302333445642635, 62.7386951164892], [11.30232944426181, 62.73870516578183], [11.302341820963896, 62.73871897165832], [11.302376515271217, 62.73874855279245], [11.302396263222713, 62.73876920290455], [11.30243590004369, 62.73879999263916], [11.30247773435877, 62.73883200850876], [11.302534566783473, 62.73887097969732], [11.302584086213386, 62.73889951357063], [11.302685696558806, 62.73894074293023], [11.302732787354957, 62.73896364113243], [11.3027770699926, 62.73898080384131], [11.302834082034956, 62.73901052354571], [11.302843942476954, 62.73901626509998], [11.302900905194823, 62.73904481523164], [11.30297004675829, 62.73907467472127], [11.303024619571215, 62.73910666656205], [11.303073944595745, 62.73913519512323], [11.30313610621311, 62.73916603887507], [11.303212669275371, 62.739203911996846], [11.303269519920287, 62.739225539419024], [11.303331645651145, 62.739251978753764], [11.303393565675508, 62.739286320745315], [11.303425452626927, 62.739302347905344], [11.303485043457464, 62.73934121160054], [11.303526926486272, 62.739369723673875], [11.303559061743131, 62.739399416794626], [11.30360852234121, 62.73942687034109], [11.30365557903531, 62.739453182168496], [11.303685196879139, 62.73946699273617], [11.303692461803776, 62.73948407868743], [11.30369998271694, 62.7395022497589], [11.303704818534165, 62.739513700105555], [11.303711876991926, 62.739530870481595], [11.30371464987047, 62.73954001986782], [11.303712117437332, 62.7395571173411], [11.303711939516202, 62.73957418696932], [11.303711555105236, 62.739591341023235], [11.30370659428394, 62.739610621151144], [11.303703910974876, 62.7396461369372], [11.303701236180425, 62.73967689011237], [11.303703411132958, 62.73972367710579], [11.30370074245781, 62.739771594621516], [11.303693113809324, 62.739801228795244], [11.303680421108734, 62.739827494444], [11.30367018264205, 62.73986388959807], [11.303667648465145, 62.73991073227894], [11.303662039326264, 62.73995866220501], [11.303641984230829, 62.740007739312304], [11.30363195481857, 62.74004872307751], [11.303616690409541, 62.740083008815006], [11.303601472778256, 62.740113791055784], [11.303584227738252, 62.74013885840722], [11.30357163109129, 62.74016279009496], [11.303564002199442, 62.740192424258744], [11.30355888078816, 62.740200467051714], [11.30355904046225, 62.74020388612088], [11.303551380416959, 62.740211862042244], [11.303519018288485, 62.74024030550194], [11.303498890045137, 62.7402539739292], [11.30347673442025, 62.740261927464694], [11.303439365455281, 62.74027559105153], [11.3034144151862, 62.7402823925825], [11.303382071323924, 62.740290347314705], [11.30330763275879, 62.74030276475558], [11.303252813841404, 62.740311834823785], [11.303195797339827, 62.74031967873514], [11.303141112951863, 62.74032767392691], [11.303076496290208, 62.74033675540668], [11.303016734558831, 62.74034461678927], [11.302959610362837, 62.740354884120876], [11.302920079180938, 62.74036390750344], [11.302890053995181, 62.740375248213894], [11.302855270167122, 62.74038547503186], [11.302810493366955, 62.74039570815466], [11.302765730293348, 62.740410524733505], [11.302723382429438, 62.74042639344675], [11.30267367910723, 62.74044467443035], [11.30263138059499, 62.74046171266131], [11.302601479046235, 62.74047988630189], [11.302556572851149, 62.74050835850852], [11.302521827407896, 62.74052766261302], [11.302471980860807, 62.740559599218756], [11.302436773265216, 62.74058572085815], [11.302406970351912, 62.74060623354781], [11.302377192311464, 62.74063124013154], [11.302357128878445, 62.740655334444504], [11.302339560917623, 62.7406688904539], [11.302312332271322, 62.74068605609209], [11.30230453713587, 62.740695106772975], [11.302299649159597, 62.740712232032884], [11.30228949101504, 62.740733891396935], [11.302277027680919, 62.740756748126614], [11.302269493731043, 62.74078404826121], [11.302266583443883, 62.74080571887772], [11.302266602397792, 62.74082746668066], [11.30226884134006, 62.740850261494714], [11.302276135935164, 62.740889005746794], [11.302288321034961, 62.740915297778955], [11.302298256331225, 62.74092670282076], [11.302320472819552, 62.74095424768989], [11.302347555668865, 62.74098048294342], [11.302377006889786, 62.7410112738401], [11.302396902145729, 62.74103075955679], [11.302421666238208, 62.74105360869512], [11.302441229157955, 62.74106949105247], [11.302480929283519, 62.74109354250999], [11.30252804780603, 62.74111311644358], [11.302564986622789, 62.74112792890231], [11.302609591495509, 62.741151929820134], [11.302654111275015, 62.74117817510194], [11.30266657177222, 62.74118506353712], [11.302691344426774, 62.74119533176585], [11.302733289444934, 62.74121710580434], [11.302740892319436, 62.74122054124993], [11.302785312914114, 62.74123662914369], [11.302827291209818, 62.74125031619137], [11.302839836929667, 62.741254960233704], [11.302877152882287, 62.74126519943212], [11.302916581323952, 62.74127890913872], [11.302961282532038, 62.74129275774487], [11.303013157890694, 62.74130877236323], [11.303080101433672, 62.741320241354885], [11.303102395731237, 62.74132370435283], [11.303181956463002, 62.741332989465974], [11.303253974970387, 62.74133991909312], [11.30330604261071, 62.741343447453], [11.303340734359448, 62.741348045775474], [11.303380344568604, 62.7413571770276], [11.303432291522888, 62.74136636364415], [11.303474476136653, 62.74137214781967], [11.30352931418227, 62.741380152446965], [11.30355409782442, 62.74138251270031], [11.30358368976568, 62.74138715635787], [11.303618371106925, 62.74139966243865], [11.303633342882517, 62.741397450719255], [11.303682984819412, 62.74140783463268], [11.303725729549583, 62.74140132200631], [11.303788857561608, 62.74141197123262], [11.303840544873776, 62.74142636301287], [11.30388428887637, 62.74144629690625], [11.303913418869154, 62.741476539789744], [11.303940684960542, 62.74149819642], [11.303960410635893, 62.741514352424375], [11.303992449585557, 62.74154170636593], [11.304019658622867, 62.741574774303004], [11.30405160771401, 62.74162162651907], [11.304071252039245, 62.74165251818595], [11.304098329440478, 62.74169133398257], [11.304130289990805, 62.741738096612416], [11.304149923258333, 62.741769077838455], [11.304164550967146, 62.74180091574647], [11.304176680988352, 62.74183861894802], [11.30418160600923, 62.74186031619804], [11.304191331861688, 62.74189687770395], [11.304193554392038, 62.74194016118989], [11.304195850765808, 62.741981289865805], [11.304190714858017, 62.74202231267142], [11.304190249206195, 62.74205420240072], [11.304175374913239, 62.742088498474764], [11.304155180939794, 62.74212615917493], [11.30413521500649, 62.74215573804948], [11.304122603930463, 62.742175086307306], [11.304090072750071, 62.74221269167966], [11.304082539230173, 62.74223217365913], [11.304074953454782, 62.74224581305186], [11.304059891290388, 62.742267523101376], [11.304052138098085, 62.74229032429097], [11.304042321733558, 62.742310824523955], [11.304022269679114, 62.74233482950235], [11.30401968408782, 62.74233826613243], [11.304024688673989, 62.74234837292713], [11.304002267900565, 62.74236782228019], [11.303991986229276, 62.742382648775035], [11.30398973402275, 62.74239750701172], [11.303996889565035, 62.742412343425386], [11.304006683751137, 62.74243740405174], [11.304013916698933, 62.74246257695191], [11.304023760420423, 62.742488807123046], [11.304036129043842, 62.74251052068687], [11.30406569373881, 62.74254356076918], [11.304085338660084, 62.742574452435214], [11.304105030389918, 62.742601840604436], [11.30412230667288, 62.742628176644786], [11.304127264574138, 62.742641786930406], [11.30415180322782, 62.742672717599895], [11.304173764788105, 62.742702322288416], [11.304186179516067, 62.74271271408884], [11.304208421491452, 62.7427400795364], [11.304225393265776, 62.74277197915626], [11.304227949710594, 62.74278912078468], [11.304230214592826, 62.7428085912185], [11.304240239934073, 62.742830243047976], [11.304250048430198, 62.74285988712929], [11.30424984554671, 62.74287246285251], [11.30424730944727, 62.74287706903224], [11.304247412102738, 62.74289189942077], [11.304246975619652, 62.74290321088558], [11.304247088624404, 62.74291013344788], [11.304247070686039, 62.742930622140285], [11.304244395182842, 62.74295355705949], [11.304239120938048, 62.742983163398186], [11.304236517365107, 62.74300708872395], [11.30423149551, 62.74302528888495], [11.304231466343966, 62.743045867146435], [11.30422861794532, 62.74306861778283], [11.304223748228255, 62.743102817877194], [11.30421843753274, 62.743128019882604], [11.304215954527974, 62.74314628690365], [11.304225443582212, 62.743169092850344], [11.304242731502299, 62.743195339307796], [11.304255153705851, 62.743230713695986], [11.304257347550719, 62.743257011978216], [11.304259730310953, 62.74326615106722], [11.304274602774017, 62.74329134539678], [11.304316360250073, 62.74332560513939], [11.30432391798066, 62.74334036225417], [11.304333630449612, 62.7433723402782], [11.304338495956163, 62.74340077580163], [11.304333331078828, 62.7434248134081], [11.304335596948478, 62.74345210209597], [11.304337915112745, 62.74348523336945], [11.30432785924415, 62.743513905009316], [11.304315369147764, 62.743535413230894], [11.304307508305815, 62.7435606379482], [11.304297592632683, 62.74357879910294], [11.304289938278894, 62.743603939392614], [11.304277340630701, 62.74362787112793], [11.304264860798503, 62.743641471518615], [11.304252466012125, 62.743652827529274], [11.30424750391545, 62.74366428940904], [11.30423715080524, 62.74368594376651], [11.30423235966865, 62.74370073514392], [11.304229875759905, 62.74371118390777], [11.304221924226729, 62.74372930691845], [11.304214486648995, 62.74374645495131], [11.30420690052217, 62.743760094346555], [11.30419969103, 62.74376916055751], [11.304191983435327, 62.743780639999265], [11.304184397288854, 62.74379427939308], [11.304181803953888, 62.743810296889656], [11.304181626197083, 62.74382736651189], [11.304174131424407, 62.743855925861084], [11.304159030175413, 62.7438763767969], [11.304151710401765, 62.74388319348303], [11.304156561012455, 62.74389922728475], [11.304163876727628, 62.743917482758185], [11.304163808362736, 62.743928983646484], [11.304168684159892, 62.74394951134847], [11.304173518086063, 62.74395628864008], [11.304183518572, 62.7439734465725], [11.304190599878364, 62.74398261953063], [11.304202941287176, 62.743995166141104], [11.304225290846643, 62.744012289815615], [11.304250030846696, 62.74402597171074], [11.304267400705083, 62.7440374824922], [11.304282182098248, 62.74404775686546], [11.304309447137754, 62.744056922140814], [11.304321944754648, 62.744060396513454], [11.304341716283316, 62.74406837593937], [11.304373935933901, 62.74407866018497], [11.304393792538033, 62.7440843952248], [11.30441336879721, 62.744092369497864], [11.304421118382415, 62.74409464045511], [11.304453216615077, 62.744102764730506], [11.304462930472035, 62.74410499754483], [11.304487730480878, 62.7441119411194], [11.30449796952041, 62.744113109383655], [11.304519985744212, 62.744118811407475], [11.304555047252391, 62.74412674409333], [11.304562395033246, 62.74412909432694], [11.304579640782475, 62.74413377207866], [11.304611907305095, 62.74414055277646], [11.304629213812715, 62.744146310498394], [11.304661507465472, 62.7441544398695], [11.304673821073473, 62.74415781949933], [11.304683669525462, 62.74415897746504], [11.304701072297487, 62.7441624012296], [11.304716070658854, 62.74416468330564], [11.304730923251192, 62.744168129783226], [11.304755709328647, 62.74417048984068], [11.304780410390018, 62.74417509427314], [11.304795408764212, 62.744177376340794], [11.304815227193195, 62.7441818522069], [11.304852522236423, 62.7441875970063], [11.30487452737283, 62.744193388544836], [11.304909321794428, 62.744200325594534], [11.30493658717189, 62.74420949075025], [11.304966572770134, 62.74421414442051], [11.30501108117668, 62.74422331422465], [11.305055735370221, 62.74423131961133], [11.305092884766944, 62.744238228751186], [11.305127690506124, 62.74424507617794], [11.305137393250082, 62.74424739851577], [11.305159885304365, 62.74425086634489], [11.305187296561314, 62.74425886704907], [11.305211866131756, 62.74426921928119], [11.305234188239217, 62.744277175858166], [11.305251445394923, 62.74428176395915], [11.305283761793714, 62.74428971405021], [11.305293648659934, 62.74429213108873], [11.305316020364463, 62.744301257198494], [11.30534088151205, 62.74430928060082], [11.305367891047974, 62.744317360556636], [11.305388114419236, 62.744326430097374], [11.30540519046965, 62.744335596509295], [11.305422461837628, 62.74434476806079], [11.305427587604816, 62.74434921650336], [11.305444847776577, 62.74435847762165], [11.305457015816804, 62.74436302158798], [11.30547461705636, 62.74437112344018], [11.305486860042686, 62.74438133085114], [11.305504134415301, 62.74439517543356], [11.305521562801273, 62.74440309299962], [11.305531375971645, 62.74440766483227], [11.305546204597468, 62.74441443558112], [11.305563379882285, 62.7444259410655], [11.305585801339843, 62.744436236679], [11.305600533822439, 62.74444534137205], [11.305648093957547, 62.74445674804924], [11.305672444897647, 62.74445945594275], [11.305744380702466, 62.74445928264564], [11.306618419575058, 62.74445694548143], [11.3124882707806, 62.74441656212028], [11.314670771883923, 62.7444227574052], [11.317985665548877, 62.74439123436786], [11.319013375178766, 62.74438215780469], [11.321255621389568, 62.74438370693804], [11.322596608893722, 62.74435765370067], [11.3226172058058, 62.74435747448518], [11.322670575856307, 62.74435689590756], [11.322844982709078, 62.744353647504525], [11.323645462157934, 62.74426687207396], [11.324864855171624, 62.74413301088561], [11.32690444786505, 62.743918972599346], [11.326957090549616, 62.74391163361496], [11.327051410950826, 62.74389846589066], [11.327145926578543, 62.74388530321369], [11.327237261461176, 62.74387250655195], [11.328909469055583, 62.74452148735251], [11.330148207319008, 62.74499942603686], [11.330673837252986, 62.74520206183097], [11.331876159141338, 62.74566600190201], [11.332124264500946, 62.74576198970569], [11.33240473768421, 62.74587032534251], [11.333751548005548, 62.74639095317933], [11.333816433596317, 62.746416012465374], [11.333836052837219, 62.74642371398215], [11.3338444667216, 62.74641908115992], [11.333861389675477, 62.746410626767414], [11.333896475518314, 62.74639635639146], [11.333950186627101, 62.74638832373723], [11.334019793378998, 62.746384839952064], [11.334065889226279, 62.746382898753986], [11.334120293844158, 62.7463787482581], [11.33418497033002, 62.74636920466137], [11.334211592740676, 62.74636154274301], [11.334258488235912, 62.746350007030294], [11.334318481695101, 62.74633872352879], [11.334367187059044, 62.746331548473066], [11.334403633937189, 62.746329984201004], [11.334448530562145, 62.74632980881834], [11.334480924981486, 62.74632616170408], [11.33451935226486, 62.74632285186441], [11.33456498700987, 62.74632620037678], [11.334586591705017, 62.746330538845875], [11.334634199738812, 62.74634166708292], [11.334674420999042, 62.74634442486857], [11.334706423865093, 62.746351820619175], [11.334723999709471, 62.7463570423456], [11.334750664252615, 62.746356929915216], [11.334792501087367, 62.746352990136], [11.334857948844064, 62.74634670144116], [11.334898891761073, 62.74634049171385], [11.334946107358112, 62.746334266049004], [11.334995395036216, 62.74633186871955], [11.335040326404219, 62.746334569668335], [11.335077293876855, 62.74633670319576], [11.335105803942449, 62.74633277478339], [11.33514263729864, 62.74632178480534], [11.335185563983101, 62.74630906680301], [11.335261486887642, 62.74629100981471], [11.335321913595104, 62.746276232552816], [11.335352618049788, 62.74627514713885], [11.335378845338504, 62.746283290560996], [11.335425394268722, 62.74629663744453], [11.3354749669603, 62.74630772682517], [11.335543798604743, 62.7463310011963], [11.335635744221461, 62.74635119462067], [11.335737912248094, 62.74636797048629], [11.335821788288532, 62.746375821618436], [11.335843020429229, 62.74637053483563], [11.335919566398335, 62.74637271290873], [11.335996317354637, 62.74637166122792], [11.336058518848386, 62.746369420923024], [11.33608582980209, 62.746367258267604], [11.336133008518216, 62.74636606356476], [11.336172658426463, 62.74636395340822], [11.336197441234473, 62.74636163487267], [11.33623220795624, 62.74635939722752], [11.336264486205689, 62.746358262832494], [11.336309165317996, 62.74635826090158], [11.336343900182086, 62.74635943718568], [11.336371273014388, 62.74635835444465], [11.33638621313527, 62.74635955319155], [11.33641585838154, 62.74636068646671], [11.33642853720736, 62.74635957961207], [11.336440691960444, 62.74635953743081], [11.33647271273682, 62.746368371042685], [11.336616718626583, 62.7464396168371], [11.33663154437373, 62.74644647393001], [11.336658791740232, 62.74645113907782], [11.336693690251824, 62.74645573433174], [11.336733381481757, 62.746458028372196], [11.336790361734213, 62.74644891175247], [11.33683270661183, 62.746445613667305], [11.33686252827093, 62.74644216844667], [11.336909770646235, 62.74643414556848], [11.336956939951289, 62.74642513227686], [11.33699430788577, 62.74642404068475], [11.337031542421302, 62.746424023954944], [11.337073855476524, 62.74642413975428], [11.337128334429249, 62.74642412372757], [11.337180459897267, 62.746416228196864], [11.33722281735543, 62.74640493253508], [11.33725289774058, 62.74639466441266], [11.337282493771937, 62.746386720076856], [11.337327249041701, 62.74637189244786], [11.337357134029926, 62.746361619205295], [11.337391789405654, 62.74634922387386], [11.337434189523234, 62.74633442461617], [11.337471468264154, 62.74632299635192], [11.33753122690668, 62.74630253937009], [11.337605936717514, 62.74628319140675], [11.337665487314556, 62.74627072672893], [11.337727577109291, 62.746258328283105], [11.33779727820285, 62.74624460074481], [11.337829362339255, 62.746235553005164], [11.337881663439772, 62.74622307880579], [11.337931425252764, 62.74621053833279], [11.33796381745479, 62.74620374517078], [11.337978781141816, 62.74619685671539], [11.338031196266734, 62.74617872408451], [11.338075681120435, 62.74617080860594], [11.33811063471276, 62.74616390251512], [11.338165309821079, 62.74615598329137], [11.338214946171087, 62.74614919066428], [11.338252005555873, 62.746145844126225], [11.338281826755406, 62.74614239860082], [11.338324233018753, 62.74614018003141], [11.338344211839287, 62.746140251947686], [11.338383626224136, 62.746136876952335], [11.33841383805221, 62.74613344159039], [11.338443236967006, 62.74613339979815], [11.338478074625993, 62.7461290067501], [11.338540254976332, 62.74613008972751], [11.338590054941395, 62.74612671602183], [11.338649478505198, 62.74612790675906], [11.338699246882639, 62.74612794697402], [11.338761096816668, 62.74612695439169], [11.33881344710343, 62.74612355727252], [11.338872945995874, 62.74610992253412], [11.338910513876673, 62.7460882570978], [11.338925440785077, 62.74605638575673], [11.338942916913823, 62.74603239896547], [11.338965678989148, 62.74600055227486], [11.338997960699428, 62.745986746710535], [11.339044934405536, 62.74596981972339], [11.339065018814969, 62.745959560083776], [11.339107139798246, 62.74594699963316], [11.339157108099846, 62.74592646635082], [11.339189493480772, 62.7458991840468], [11.339226889773368, 62.74586151850164], [11.339249405179604, 62.74582849712419], [11.339261861670444, 62.745810220448426], [11.33928438429396, 62.74578978003035], [11.339299391065301, 62.74577148000712], [11.339307023606484, 62.745758918581856], [11.339309247264753, 62.745744149238014], [11.339288774902407, 62.74568169988014], [11.339314874393235, 62.745651377995664], [11.339334750227776, 62.74563805755182], [11.33933987123031, 62.745634686474794], [11.339357200401238, 62.74562767985557], [11.339382124937947, 62.74562105106207], [11.339421857877399, 62.74561984080322], [11.339466391493238, 62.7456210023083], [11.339508847841893, 62.745619952917764], [11.339553506427952, 62.74561536644379], [11.339593330987547, 62.74560867690362], [11.339655491734185, 62.74559726798587], [11.339689991613565, 62.74558927133662], [11.339742392640904, 62.74557913551508], [11.339772162179502, 62.74557452012526], [11.339807154495388, 62.74556887271961], [11.339831812304134, 62.7455643935967], [11.33984301402114, 62.745548330721256], [11.339862848443126, 62.7454199849365], [11.339927033715938, 62.74537960306984], [11.339969255367173, 62.74536938143673], [11.339992107663662, 62.74535101635811], [11.339977257774406, 62.74529536357857], [11.339908179351132, 62.74517925684891], [11.339887775669576, 62.74513046850627], [11.3398864328884, 62.74508756900357], [11.339864167079964, 62.74506011940474], [11.339846771508586, 62.74504870250247], [11.339807187323997, 62.74503607789698], [11.339774769825478, 62.74502570702503], [11.33976351789479, 62.744994770412326], [11.339812349291014, 62.74498022808248], [11.33985953761956, 62.744971034646255], [11.339964375464364, 62.74490304676802], [11.340023571943979, 62.74486496107169], [11.340075193755201, 62.74484213419915], [11.340143467676116, 62.7448288176747], [11.340195424879141, 62.744825409836174], [11.34026607849343, 62.74480712300097], [11.340276647365439, 62.74478825785611], [11.340248804121172, 62.74475679878882], [11.340184827267386, 62.744724397469575], [11.340178709524977, 62.744685237553504], [11.340266043196566, 62.74465884873753], [11.34032138922277, 62.74463126631622], [11.34032839663992, 62.74460161464787], [11.340327141529286, 62.7445390375294], [11.340332126483336, 62.744514635018675], [11.340361562526954, 62.74447792987121], [11.34046449848305, 62.7444252585874], [11.340684523677968, 62.74436854106218], [11.34073177282564, 62.74436042729308], [11.340776574257703, 62.74434676807083], [11.340826351901601, 62.74433090214968], [11.340866012997171, 62.744316030527735], [11.340893458070305, 62.744300121498405], [11.340919583959192, 62.744263240085466], [11.340973652796038, 62.744230142514816], [11.341124377627866, 62.744196599359604], [11.341186920285827, 62.744159948401126], [11.34115756259113, 62.74398736577899], [11.341142437111609, 62.743948150814006], [11.341119423417105, 62.74387772760238], [11.34117076555035, 62.74384923173981], [11.341245946674547, 62.743821267478324], [11.34127330021582, 62.74380292971085], [11.341315469023796, 62.743775722318475], [11.341357886101745, 62.74375283479066], [11.341387849684965, 62.743732408342915], [11.34141761751138, 62.74371988469282], [11.34146240615797, 62.74371422271094], [11.341521804893148, 62.743718736590466], [11.341584009118865, 62.7437211668751], [11.341636374616362, 62.74372235217694], [11.341683444524296, 62.743723579145424], [11.341735563720455, 62.74372358977661], [11.34175006144159, 62.74371570032434], [11.341829783903526, 62.74365424554917], [11.341869751721704, 62.74364953613248], [11.341879867956361, 62.743648541741095], [11.341909736961439, 62.74365417286339], [11.341924593766672, 62.74365761543468], [11.34193210859255, 62.74366338278681], [11.341983762592005, 62.74370193223207], [11.342045098673902, 62.74371611167662], [11.34211051480306, 62.74370685345097], [11.342178776838677, 62.74367304703635], [11.34230848860596, 62.743624037838444], [11.342419012461862, 62.74360337432952], [11.342475688129541, 62.74359191117457], [11.342582354310435, 62.74357707793108], [11.342641264719715, 62.74357762466263], [11.342663072860848, 62.74357873215658], [11.342698747960702, 62.743588108915326], [11.34272830858042, 62.743591485262726], [11.342780272151533, 62.74360065742916], [11.342827548307573, 62.743609707428], [11.342877094977997, 62.743617828088766], [11.342941551853887, 62.743625798085226], [11.342978802892919, 62.743630363261445], [11.343034830382086, 62.74363362044042], [11.343082936646477, 62.74362489921065], [11.343130121813552, 62.743615704651965], [11.343182302853032, 62.74360097891554], [11.34323212009499, 62.7435816085842], [11.343281844083968, 62.74356457223075], [11.343338827774538, 62.743547455425514], [11.343395995613697, 62.743530433258734], [11.343443426632748, 62.7435065974246], [11.343483466665162, 62.743471246341514], [11.343513399303141, 62.74343365493828], [11.343515951062498, 62.74340514516155], [11.3434938271639, 62.74336862376455], [11.34346155410246, 62.743341273491666], [11.343429682812735, 62.74331384381562], [11.343410036064506, 62.74328421648987], [11.343427506717186, 62.74325232119651], [11.343464739140673, 62.743231724278424], [11.343507018513137, 62.743214673618404], [11.343586630503905, 62.743199943534236], [11.343646028364674, 62.74319654861009], [11.343690773734249, 62.74319438944776], [11.343727292113245, 62.74320486626695], [11.343735009190695, 62.74321216644884], [11.34378702511355, 62.74320192932668], [11.343816780787979, 62.74320531053142], [11.343829205149294, 62.743209408431014], [11.343851430512773, 62.743216637259586], [11.343910962043495, 62.74322798314425], [11.343975551492356, 62.74323487778143], [11.344049961543794, 62.74323367101175], [11.34413441667933, 62.743233624497485], [11.344188725448394, 62.74323018663713], [11.344238633223883, 62.743229060400395], [11.344288048178162, 62.74322558488608], [11.344350222331183, 62.74321875734871], [11.344414586835219, 62.74320848220409], [11.34446898820372, 62.743194802335246], [11.344533609691712, 62.74317770428943], [11.344583230480362, 62.743166236281844], [11.344642741030032, 62.74315718254385], [11.344731956157082, 62.74315034024914], [11.34480386751454, 62.74315823396755], [11.344870894837303, 62.74317867104186], [11.344900773686511, 62.743196882514496], [11.344935351601446, 62.743223034388244], [11.34498777761952, 62.74327436323121], [11.345032349542526, 62.743328992138316], [11.34508458247298, 62.74337555320407], [11.34516400981876, 62.743417700295026], [11.345228467529626, 62.743433577146256], [11.345278189562856, 62.74343711853908], [11.34537481922104, 62.74344161183672], [11.345454216610142, 62.74343810790329], [11.345494028340202, 62.74343465147885], [11.345543638112856, 62.74342327270622], [11.345568293655216, 62.743398214091954], [11.345573269768002, 62.74337542877106], [11.345573053016937, 62.74333444590306], [11.345575633541815, 62.74330252210719], [11.345580589241797, 62.74327515327574], [11.345593039986628, 62.74324896809468], [11.345627575934548, 62.74322165060511], [11.345664867272173, 62.74320689571867], [11.345711886431442, 62.74319428122848], [11.345786326309048, 62.74318175166519], [11.345816194838983, 62.74317947405421], [11.345870636390345, 62.74317496065794], [11.345937551195581, 62.74317256925049], [11.346002069404095, 62.74317370990528], [11.346078997793196, 62.743167984654484], [11.346148533446344, 62.743163414825155], [11.346212968894859, 62.743158891903796], [11.346292294664787, 62.74315754234291], [11.346389096722021, 62.74316221916944], [11.346478477100565, 62.743166702721155], [11.346599720785825, 62.74316545573879], [11.346674396655052, 62.74316209780778], [11.34671919458476, 62.7431563445623], [11.346775917940699, 62.743138141289634], [11.346843005219277, 62.743115355209646], [11.346892655643341, 62.743100472409985], [11.346966930097336, 62.74308452316264], [11.347048803514387, 62.74306733387407], [11.347120578933172, 62.74305257757289], [11.347190205898697, 62.74303776531667], [11.347269373807352, 62.74302185341916], [11.347326643538729, 62.74301031396107], [11.34741090904427, 62.74297853918437], [11.347435636959744, 62.74297504909673], [11.347490171986308, 62.74297610897458], [11.347574317595745, 62.74297380579257], [11.347653918441523, 62.742974978773354], [11.347770453088861, 62.74298169584301], [11.347864726925009, 62.74298621600195], [11.347961541141723, 62.74299871007714], [11.348073214048327, 62.74302255391855], [11.348162430895162, 62.7430441958227], [11.348234477365919, 62.74305892081163], [11.348321256510388, 62.74307492772548], [11.348408068991345, 62.7430906658647], [11.348487548494045, 62.743105494257726], [11.34855712536869, 62.743110090257545], [11.348609078672373, 62.74310667927767], [11.348673657690648, 62.743100990763004], [11.348750431587112, 62.743091755417545], [11.348812521240253, 62.74307926241402], [11.348849533858136, 62.74306674601714], [11.348894380571956, 62.74304158313435], [11.348936273820813, 62.743008615259], [11.348978557203484, 62.742962986960755], [11.34901313731726, 62.74290835176296], [11.349040296060883, 62.74286619405481], [11.349055323987887, 62.742836571049125], [11.349079913696203, 62.742810431824616], [11.34908985251373, 62.742780766287616], [11.349109548414432, 62.742754589611444], [11.349141632616371, 62.742716963265465], [11.349168965822464, 62.74268289766872], [11.349206140575214, 62.74265322174121], [11.349255550118745, 62.74262125807248], [11.349335157194725, 62.742593854124166], [11.34939940324437, 62.74257341925078], [11.349471464317531, 62.74255633280727], [11.349548204473267, 62.74254260307359], [11.349602829689575, 62.74253342021003], [11.3496696675139, 62.742522128705595], [11.349746686227496, 62.74251406742425], [11.349793928895846, 62.74251071322887], [11.34985810767371, 62.74250824882316], [11.349949963235211, 62.74251171622362], [11.350019663770876, 62.7425184714269], [11.350103768547472, 62.74252757817807], [11.350175812816, 62.74253439425671], [11.350227981355392, 62.74253557126318], [11.350279914331196, 62.74253548405518], [11.350320205514365, 62.74253922772883], [11.350344463587076, 62.74254111664702], [11.350391759588481, 62.742546839705675], [11.350451064854026, 62.74255368380668], [11.350466025823245, 62.742554701898634], [11.3504761222921, 62.74255703128199], [11.350511995009173, 62.74256164848107], [11.351135445510845, 62.742580735160914], [11.351153181982365, 62.74257832072327], [11.351220214645544, 62.74256703355533], [11.351267209190931, 62.742549833665116], [11.351334126513251, 62.74252362635334], [11.35139107352747, 62.74250992020621], [11.35144581991259, 62.74249975130532], [11.351532552794326, 62.74248601070928], [11.35158955103573, 62.74247347402233], [11.35164675560422, 62.74246085281489], [11.351701212430017, 62.74244034216209], [11.351735918133814, 62.74241635259942], [11.351753224307211, 62.742385710240754], [11.351758315639577, 62.74234926876714], [11.35176074545449, 62.74231850927233], [11.351772760967634, 62.74230372481059], [11.35180511173816, 62.74227976387872], [11.35183972466124, 62.742258108294756], [11.351894146121081, 62.74222519570466], [11.351939030064099, 62.742196528271705], [11.351973640355085, 62.74216696473651], [11.352003428042371, 62.74213044632547], [11.352032791843547, 62.74209418647681], [11.352050089638128, 62.74206677890319], [11.35206008522178, 62.742030285181826], [11.352072394392257, 62.74199726635342], [11.352084941643032, 62.74197341963337], [11.352107143986036, 62.741945959817606], [11.352129459451206, 62.74192551217255], [11.352171607769563, 62.74190153625335], [11.352216151044688, 62.74187879077971], [11.35225566784634, 62.74185708284834], [11.352300408815942, 62.741842250340845], [11.352357291582848, 62.74182746382107], [11.352406812126919, 62.74181041910018], [11.352434238293498, 62.74178983466078], [11.352471500421721, 62.741762586493415], [11.352508496866763, 62.741737488098735], [11.35252834589505, 62.74172272745788], [11.352577932575798, 62.74167818664751], [11.352632360583144, 62.74163727626345], [11.352676808676264, 62.74160419406131], [11.3527438507288, 62.74155633265642], [11.352793200513226, 62.74151529023929], [11.35283284652343, 62.74148459932751], [11.352865135697458, 62.74146746608846], [11.352899828230404, 62.74144356579538], [11.35292465232451, 62.74142183530644], [11.352966598558998, 62.741382038224096], [11.352996530187939, 62.74135702570435], [11.35305114455206, 62.741319355050955], [11.353095754358744, 62.74128178384014], [11.353122596467495, 62.74123737069972], [11.353142334234915, 62.741191784457456], [11.353164640667734, 62.7411428502113], [11.353196915984494, 62.7411131358791], [11.353236569307155, 62.74107444735101], [11.35328856213829, 62.74104371772532], [11.353350496663547, 62.741011808629], [11.353419847389342, 62.74099123509069], [11.35350419584902, 62.74096503047677], [11.353566257421997, 62.74094795180512], [11.353640642219073, 62.74091834305493], [11.353717311245441, 62.74089086044159], [11.35377945382112, 62.74087153723861], [11.353843991772322, 62.74084868177087], [11.353903234551543, 62.740825868423464], [11.353930609807849, 62.74081678472336], [11.35396783442974, 62.74080885553252], [11.353997531475308, 62.74079524918714], [11.35405445726855, 62.7407610529888], [11.354071888128278, 62.74074047817183], [11.354081715191223, 62.740700565229766], [11.354098689840527, 62.7406709923722], [11.354123612346061, 62.74064369282052], [11.354170574328267, 62.740606092558764], [11.354232617974917, 62.74056852464585], [11.35427959075825, 62.74053083477105], [11.354329459984587, 62.74048872703575], [11.354373768599318, 62.74044881123845], [11.354435675814296, 62.74040441020233], [11.354490204999562, 62.74037374606484], [11.354527540180985, 62.74035539563792], [11.354559675427392, 62.740347423957964], [11.354584304899676, 62.740338358676865], [11.35459181541221, 62.74032354684981], [11.354591687444376, 62.74030871632331], [11.354601633711805, 62.74029163136131], [11.354641304315747, 62.74028133927667], [11.354671147471578, 62.74027447623664], [11.354695773667927, 62.740257503011925], [11.354695819121341, 62.7402380940381], [11.354708330890944, 62.74020499044482], [11.354725532785691, 62.74017991652176], [11.354755303945975, 62.74014348705595], [11.354762564316138, 62.74011959268027], [11.3547723151281, 62.740102502631885], [11.35477970353833, 62.74009343878238], [11.354775072753025, 62.740078581156034], [11.354809719926562, 62.74008199726393], [11.35484192815639, 62.74007977857848], [11.354896259674714, 62.740072922548734], [11.354951073993462, 62.74006374263169], [11.355007984939052, 62.740053448948025], [11.355079689841288, 62.74004551645263], [11.355161708107854, 62.74003973888713], [11.355255951957702, 62.740039670507784], [11.355335464189602, 62.74004308351892], [11.355419928030374, 62.74006351909872], [11.35547676766951, 62.74008395610576], [11.355533905767363, 62.740106737245505], [11.355603443006869, 62.74013064911814], [11.355633292506491, 62.74014436439129], [11.355700283675304, 62.74017144511627], [11.35578199543081, 62.74019989655614], [11.355854079437453, 62.74021587673492], [11.355948541164553, 62.74022039648683], [11.356035217202496, 62.74021815410002], [11.356101988410908, 62.74020892476623], [11.356146798576562, 62.740199844062765], [11.35614427826976, 62.74019645373667], [11.35617157116674, 62.74018961402806], [11.356213746828207, 62.74017013079783], [11.35627338801908, 62.74015199966423], [11.356320080922167, 62.7401451244746], [11.356399796287294, 62.740140544455095], [11.356456699494844, 62.74013824768323], [11.356536057398765, 62.74013815139212], [11.356617954078747, 62.74013812096882], [11.356660074161637, 62.74013813616018], [11.35673948739, 62.74014711722292], [11.356818768066072, 62.74016193580929], [11.356888284338066, 62.74018126353157], [11.356977849344712, 62.74020165085004], [11.357072164120078, 62.74022323974897], [11.357148946943559, 62.740239251363214], [11.357208592076908, 62.740252841116025], [11.357287958164077, 62.74027332292986], [11.357367460880164, 62.740300637730215], [11.35743443582568, 62.740335804718505], [11.357498960396686, 62.7403654265085], [11.35755855132191, 62.740398514677445], [11.357615585269475, 62.74043486133315], [11.357657906089042, 62.74047136525801], [11.35767769785064, 62.74049515311455], [11.35770524973819, 62.74051797417568], [11.35775713273121, 62.74055319859769], [11.35778950819928, 62.74057821164874], [11.357829397904435, 62.74062489664408], [11.357841875216586, 62.74063968819667], [11.35785688433708, 62.740662543142406], [11.357879215208635, 62.740686396862586], [11.35791389386776, 62.74071021159172], [11.357948719409734, 62.740721719079296], [11.358000664604996, 62.740734210019966], [11.358060425474557, 62.74075004892774], [11.358132235841184, 62.7407682673252], [11.358194403091638, 62.740785246960975], [11.358236539551768, 62.74079784271271], [11.358268723179751, 62.74080694515565], [11.358283108998563, 62.740812620304524], [11.358397188839463, 62.74084235939559], [11.358345192396191, 62.74102882088186], [11.358212444448489, 62.741132940433154], [11.358203070695595, 62.74121051733978], [11.3582967759179, 62.74139114456507], [11.359351975060143, 62.7413502277849], [11.359867146577326, 62.74118108270896], [11.35997853620842, 62.74118181526862], [11.395896366253519, 62.74138922767411], [11.396488916725923, 62.74859849538889], [11.406578157104908, 62.753844662815], [11.412604549343708, 62.756977323771224], [11.414549639027953, 62.75679203113135], [11.418581742613089, 62.756444935288286], [11.418621162322136, 62.75644153780853], [11.42914040113014, 62.75549047138132], [11.434019476723641, 62.755049101818436], [11.434746779649288, 62.754983197542465], [11.434903826213624, 62.75518559009413], [11.435339345851311, 62.75595953533294], [11.436769935326135, 62.75882176259963], [11.436778982630198, 62.75882963004278], [11.440088443426106, 62.75921558638159], [11.441660804768649, 62.759389599129584], [11.443075423399803, 62.75957622147391], [11.444038716593099, 62.75970323684794], [11.44437789124308, 62.75956958330009], [11.448640275274121, 62.7578888655692], [11.4486666055556, 62.75787856908938], [11.449393564067451, 62.75760240574388], [11.469110388450778, 62.75010844418827], [11.469267452973483, 62.75004868732351], [11.487998955300283, 62.759132059082624], [11.488299804282029, 62.75933834073528], [11.49069940518785, 62.76100249517272], [11.501072947330831, 62.761800570003125], [11.511180472514992, 62.76269881292608], [11.524200976600786, 62.76383925393693], [11.530241550715592, 62.76432090239119], [11.54283390535152, 62.767452506910175], [11.554672646310367, 62.77051062916756], [11.557669094640481, 62.77133757976757], [11.557674227777012, 62.77133896346698], [11.672452419347815, 62.77060082058966], [11.717976025935158, 62.792155369625995], [11.751442102557563, 62.807899919273], [11.767554615025617, 62.81521720374322], [11.780769218424924, 62.821214589338425], [11.785843865646003, 62.82366623530465], [11.796219104611353, 62.82868224261093], [11.798694252087733, 62.82886426718503], [11.80275003570404, 62.82896556944384], [11.807863369615642, 62.82915543530623], [11.809053610993267, 62.828802967190576], [11.813886684467263, 62.82739750645916], [11.814311617655878, 62.827239405451024], [11.814805949093948, 62.827095271851576], [11.815050668361307, 62.82702310412639], [11.815549241542083, 62.82687600963836], [11.816288664031555, 62.826657913801284], [11.816522220278157, 62.82658899461018], [11.817173372789583, 62.826396835837365], [11.82661309327312, 62.823611647724945], [11.830115161810763, 62.82257799601221], [11.833302174825157, 62.82163715533396], [11.849444036982836, 62.8168702524281], [11.854111213534441, 62.81549128765913], [11.871058264097341, 62.8104754621339], [11.885012230207629, 62.80633941685777], [11.888363122851512, 62.80534774400301], [11.88853676486781, 62.80528897315647], [11.888835666285194, 62.8051890455206], [11.888771249162955, 62.80519866962974], [11.888720792638962, 62.805208063614856], [11.888672538494063, 62.805228196381655], [11.888637814941296, 62.80524287924572], [11.888581803269103, 62.805262121671674], [11.888528670798891, 62.805265257935595], [11.888483563413791, 62.80525931901161], [11.888428105090727, 62.805247311908595], [11.888384108190689, 62.805223431022284], [11.888353322707887, 62.8051896914042], [11.888349320599561, 62.80514396792204], [11.888390184179439, 62.80508603189555], [11.888456669568596, 62.80503081881369], [11.888538760603435, 62.804972806887704], [11.888630656056582, 62.804924174779984], [11.888949906049593, 62.80485083847629], [11.88901317579463, 62.804840919415575], [11.889025414115503, 62.80483283576191], [11.889058580952511, 62.80482916776697], [11.889174060464658, 62.804821122389995], [11.889270912173007, 62.80479245251445], [11.889354847532267, 62.80478200232646], [11.889445497890396, 62.80480089618749], [11.889520814189613, 62.804821876260505], [11.889595664198069, 62.80482496931758], [11.88962242056813, 62.804805798037954], [11.889588240094866, 62.80478375165879], [11.889538571146408, 62.80476711192959], [11.889541545105219, 62.804755679161126], [11.889555275776786, 62.80473532142908], [11.889626163636342, 62.80470158535204], [11.889714229418145, 62.804661312114604], [11.889738829436567, 62.80462538428192], [11.889743206955961, 62.804598800872036], [11.889747906066173, 62.80459333520202], [11.88980157458001, 62.804568381070226], [11.88984649352811, 62.804538921431785], [11.889875357881865, 62.80445889033681], [11.889949244649602, 62.80444507341495], [11.89006817736343, 62.804434049407206], [11.890304725923535, 62.804437484380095], [11.890320316128363, 62.80443854782594], [11.890464895839447, 62.80443186364143], [11.89055273474023, 62.8044290450091], [11.890605477577113, 62.80442958252073], [11.890647618702866, 62.80441712937298], [11.89066677760851, 62.80439554409614], [11.890677475928905, 62.804338826921104], [11.890689639895628, 62.80432400405808], [11.890754647920415, 62.80429202390764], [11.890800673319106, 62.804257647670035], [11.890842509757046, 62.80421832784338], [11.891137969894551, 62.804106192139685], [11.89133094106815, 62.80406500339284], [11.891403971043069, 62.804055568576985], [11.891544420300148, 62.80404708518531], [11.891649375708832, 62.80404015266373], [11.891740869482367, 62.80403058684602], [11.891812927882066, 62.8040284965971], [11.891834956164221, 62.80402062912411], [11.891868699759046, 62.804017063068024], [11.891917775840875, 62.80400584084065], [11.892080246149076, 62.803956071640336], [11.892139995350218, 62.80393484436172], [11.892160521962737, 62.80392074521762], [11.892194808820586, 62.803902728086875], [11.892234465132344, 62.803885907613214], [11.892298276685992, 62.80385408001054], [11.892400974330995, 62.80380900813388], [11.892434474042007, 62.80377426473932], [11.892373055164644, 62.803738771032144], [11.89243575943562, 62.80368580830471], [11.892449977392308, 62.8036812715875], [11.892540324471558, 62.80367698003569], [11.892601215067922, 62.80366538985831], [11.8926098405641, 62.80366549064662], [11.892722784914364, 62.80367211891686], [11.89278139704124, 62.80366910221312], [11.892855033403386, 62.80365204432062], [11.892898965933066, 62.803637474141475], [11.892962218186092, 62.80363698537143], [11.893078079646996, 62.80362526219566], [11.893157348619958, 62.803588296007874], [11.893316753153236, 62.80358615865075], [11.893447314119689, 62.80356532756648], [11.893471969549656, 62.8035455701998], [11.893537201244035, 62.803530033085146], [11.89350536500292, 62.8035043563472], [11.893505517526119, 62.80349546632154], [11.893579710875729, 62.80348614594425], [11.893608412325145, 62.803480132449344], [11.893615342830124, 62.80347211082551], [11.89352489509735, 62.80346247682898], [11.89347600946958, 62.803458881475194], [11.893484787003175, 62.8033979894527], [11.893492381879822, 62.80338180777564], [11.893597771813733, 62.80335583900312], [11.893759786625385, 62.8033401043284], [11.89396359834587, 62.80333562348662], [11.893990880437537, 62.80333748380172], [11.894024054799615, 62.80334675068274], [11.894284000870234, 62.80337018953329], [11.894577649520242, 62.80339230610657], [11.89464950441916, 62.80343494638364], [11.894695024104214, 62.803451851991724], [11.894689488737459, 62.80345595185786], [11.894702699451564, 62.803464687843494], [11.894741727229135, 62.803476149961604], [11.894832602498209, 62.80346683801311], [11.894820029040842, 62.803455780476014], [11.89479331534028, 62.80345411254139], [11.894784888314847, 62.80345212979278], [11.894785709381534, 62.80345178859658], [11.894788769757485, 62.803430206619176], [11.894827717932234, 62.80341822074836], [11.894884394337133, 62.80341866388714], [11.894885012731091, 62.80341652157044], [11.89490775761633, 62.803422323956994], [11.894930817813393, 62.803415826290504], [11.89493877519426, 62.803399922050005], [11.894896052652294, 62.803389995372605], [11.894900651871154, 62.80338174254398], [11.89495297481153, 62.803367626531355], [11.895011309554274, 62.80336909439596], [11.895038334967852, 62.803367804710945], [11.895068084704077, 62.8033518426992], [11.895071302887677, 62.8033306235325], [11.895055978507388, 62.803319595102344], [11.89503837901994, 62.80331525384544], [11.895010541257395, 62.80330376941784], [11.894937534990909, 62.80329811477168], [11.894928501652451, 62.80329629830611], [11.894851454596523, 62.80328615260215], [11.894793869324925, 62.80325523625339], [11.89477742414714, 62.80319154135969], [11.894795871376635, 62.803115232043055], [11.89480722425759, 62.80305781048109], [11.89479588637722, 62.803016416935876], [11.894790725751136, 62.803005792596906], [11.894821577856954, 62.80300171283825], [11.894854394956829, 62.80299947311225], [11.89485407559589, 62.802987608207154], [11.894848335744351, 62.80293034815921], [11.894969218122181, 62.80288585577491], [11.896303046194697, 62.80238502553757], [11.897017558639858, 62.80223873875221], [11.897099002545874, 62.80222203070098], [11.898309158765628, 62.80197429482741], [11.89834446104656, 62.80196707853745], [11.905758252271239, 62.80045048603543], [11.90945314292882, 62.79969434400908], [11.926342457197638, 62.79596488971902], [11.946001668947385, 62.79219791920551], [11.954008579960078, 62.7906559021678], [11.964045345336878, 62.78863620078035], [11.983914307362227, 62.784635235952116], [12.00377722287395, 62.780640398954695], [12.019295038736125, 62.77767374826266], [12.029557204600012, 62.77546556137619], [12.040230250103882, 62.77344522397639], [12.061136884753738, 62.76924011041799], [12.068636629578766, 62.767731980238366], [12.070849759523021, 62.76717038838228], [12.08633166706525, 62.76263304631206], [12.097319487654044, 62.7593125957843], [12.106947465700719, 62.75644845101633], [12.115300409962243, 62.75397956591939], [12.122289797891227, 62.75202111294496], [12.13023962299906, 62.749642008830946], [12.136384549800308, 62.74791694421688], [12.117694179852919, 62.79483153907921], [12.103829651637309, 62.82954670899083], [12.098548703710723, 62.84280120785747], [12.091872725300478, 62.85955775967131], [12.074688980966478, 62.90254629683437], [12.097310235029324, 62.9178768208944], [12.134780353661986, 62.94321945840807], [12.15003515804264, 62.95358363632457], [12.170415658858184, 62.96741067287624], [12.178365926891086, 62.972890880682186], [12.218232957442105, 63.00033446849591], [12.199482010030655, 63.021334854342996], [12.169930935458238, 63.054358433408055], [12.141290329315241, 63.08630874915193], [12.118708542408813, 63.110975081484135], [12.100833413722055, 63.13048595153385], [12.072769365469192, 63.16104202273935], [12.052549589838488, 63.18334840912371], [12.052459338190209, 63.18344794351739], [12.04714314973649, 63.189306464448094], [12.024126623264856, 63.21460640709284], [11.998321295797203, 63.242582324871705], [11.97458217601588, 63.26922524880876], [12.017934265919658, 63.30363073077725], [12.03193657577357, 63.31475227996852], [12.033833056502544, 63.316257829484044], [12.060301479389246, 63.336949724195634], [12.084090095307069, 63.35557963210438], [12.098380198976843, 63.36967649776266], [12.14010420021012, 63.41070639272566], [12.171867884172105, 63.44040287371868], [12.188626705858706, 63.456040295338305], [12.192846379251995, 63.4599745838807], [12.212878328266406, 63.478590559213536], [12.191762515952576, 63.516928761686025], [12.182389831840794, 63.533920187843265], [12.158403784244554, 63.578056952770304], [12.149770692944543, 63.5939450002161], [12.17351492551086, 63.60528719232734], [12.197407091392797, 63.616676277330804], [12.227252005127532, 63.63087853093593], [12.25925984390156, 63.64912293091318], [12.299462032081188, 63.671979039514085], [12.311501865272657, 63.68858549481918], [12.330575454317515, 63.71506906589615], [12.347099238312728, 63.72651886563915], [12.380597914482847, 63.749700015004926], [12.402585904098924, 63.76486074269666], [12.421609289943069, 63.77802238703803], [12.4407978221103, 63.79125692784596], [12.48022871909075, 63.81876124884575], [12.498558939630895, 63.832582227736395], [12.538115498919808, 63.86230326298492], [12.57792253368473, 63.892881441835925], [12.609871226410647, 63.91739479036493], [12.651626000998558, 63.94945793437507], [12.683568117551086, 63.9742222490697], [12.759047980170406, 64.0003425030128], [12.834246000291719, 64.02628047305612], [12.92671880180254, 64.05795219748198], [12.998254844986773, 64.0673687161872], [13.01561006315508, 64.06963881779734], [13.084909652426788, 64.07867920659707], [13.115581225337893, 64.08275447178568], [13.115514618171067, 64.08387070320975], [13.095694896027902, 64.41156877611274], [12.617173669644169, 64.58611882661803], [12.534867207301007, 64.61810531640019], [12.534831868149348, 64.61873669901924], [12.514495462978374, 64.9764381471426], [12.510359791329277, 64.97730589648168], [12.51035576089268, 64.97730674142595], [12.507786182681667, 64.9770922092439], [12.504868306034595, 64.97746542506631], [12.497613607670374, 64.979319167958], [12.49155194047652, 64.9808782080043], [12.487359345201437, 64.98194801595119], [12.483962863294554, 64.98288730077921], [12.479075389227743, 64.98390027550012], [12.477433938297205, 64.98421371911645], [12.47573166116178, 64.98427463112189], [12.472643814273255, 64.98418645818023], [12.469922750526557, 64.98358369022473], [12.465471097381144, 64.9826731577507], [12.462397970733885, 64.98399463979513], [12.456469288443502, 64.98635382174336], [12.45175223491486, 64.98800630211103], [12.44103353554114, 64.98942110179696], [12.432169640188855, 64.99049876384429], [12.429022112856012, 64.99088570316378], [12.42351937601314, 64.99156181880176], [12.41784820835592, 64.99207446292567], [12.40817487860007, 64.99273285843556], [12.405260305664669, 64.99260132661277], [12.395719179591913, 64.99189653737069], [12.389166954137567, 64.99121623454798], [12.387136697191323, 64.99072288014766], [12.383341233832542, 64.98983914004758], [12.376710014738498, 64.98802582781093], [12.370907019474483, 64.98642424627462], [12.367839594096154, 64.98526577432128], [12.362668594161292, 64.98393548082154], [12.354533706842588, 64.98169930571079], [12.349446079325167, 64.98039686006148], [12.344399467009739, 64.97889751534304], [12.338640055998763, 64.9773223360516], [12.332053965409267, 64.97554358345967], [12.326434150305415, 64.97386265930776], [12.318681084700412, 64.97168515950689], [12.312177429891106, 64.96995186790693], [12.307005252069406, 64.96826926319157], [12.300770986275806, 64.96661214877491], [12.294417111027785, 64.96488982775232], [12.289676110027523, 64.96357358466896], [12.286114498321103, 64.96253896118189], [12.28323066523247, 64.96172321182917], [12.279744821439625, 64.96057325749962], [12.27682070389444, 64.95978663439], [12.273272172131444, 64.96075360922785], [12.263084593195078, 64.96352875115154], [12.260170356633557, 64.96432236007306], [12.247736813714809, 64.97137758081209], [12.237996136579799, 64.96802866342273], [12.233011493848883, 64.96864467172706], [12.224263926988382, 64.97017757542257], [12.219901379275004, 64.97100147431253], [12.21729083974524, 64.97164261176054], [12.214815708215289, 64.97225049463205], [12.21439520160862, 64.97231061853564], [12.21406000488894, 64.97238212238861], [12.212179330226718, 64.97310468959462], [12.210464691278688, 64.97363682773967], [12.20541583575841, 64.97248164933913], [12.205370903566964, 64.9724713788902], [12.20275193078269, 64.97285565078126], [12.200300586840424, 64.97376267979989], [12.198116204480717, 64.97462125588333], [12.197578042339568, 64.97479181911696], [12.196037861368739, 64.97527993074641], [12.194261928377216, 64.97574904641702], [12.19390971213677, 64.97589696306615], [12.193505852645368, 64.97611673312464], [12.189589344332113, 64.97725967104213], [12.188790459894019, 64.97747270559627], [12.187387584701735, 64.97810394278142], [12.185007730188712, 64.97977689032449], [12.183353701678328, 64.98094851672239], [12.183150903872862, 64.98103565348036], [12.182962974461661, 64.981116515455], [12.182701964749718, 64.98122877356279], [12.182369120386943, 64.98135655673792], [12.180828343688383, 64.98229673208488], [12.17976985536496, 64.98989608985164], [12.183327303969003, 64.99378704049093], [12.191622985541755, 64.99907410459105], [12.187161154509246, 65.00015692978084], [12.187075769066322, 65.00017777034235], [12.186834410884577, 65.00023679910143], [12.186641854549919, 65.00028381631654], [12.186557988677269, 65.0003043260396], [12.162094726680674, 65.0062766292065], [12.161407815151238, 65.00644433683296], [12.16067044868199, 65.00720662739514], [12.157610119601308, 65.01036984851248], [12.157397099813686, 65.01059002156373], [12.156655470872803, 65.01138418266467], [12.156320446967298, 65.01173708901355], [12.15310825476095, 65.01498040436955], [12.152834980450722, 65.01615156294673], [12.152829238772195, 65.01620542273537], [12.152763731719793, 65.01641951214516], [12.152605603575484, 65.01710795052462], [12.15259890570947, 65.0171707719878], [12.150888954953706, 65.01826954342464], [12.149926102842516, 65.01893373784829], [12.14856097300379, 65.01918597171026], [12.147932922749726, 65.01929970002185], [12.13431767310882, 65.0217898607945], [12.133347929138697, 65.02165846539467], [12.133221645272442, 65.02151909688418], [12.133140581292292, 65.02146895932582], [12.133074891944728, 65.02140025879199], [12.133044059380486, 65.02131947561949], [12.133052036383905, 65.02124716010309], [12.133060752018302, 65.02115213935737], [12.132726042538875, 65.02096791094056], [12.132458926267415, 65.02080895591081], [12.132310757780154, 65.02072116060458], [12.132259217501323, 65.02066907489176], [12.132190522181446, 65.02056116335946], [12.132027471519057, 65.02047945781993], [12.131931980886622, 65.0204311977289], [12.131885104903914, 65.02037920142344], [12.131771209044084, 65.02017999306186], [12.13173362213194, 65.02013841227462], [12.13134584984531, 65.01982357991156], [12.131288476452449, 65.01979221540854], [12.131215997701286, 65.01977097758606], [12.131113750629556, 65.01976191960301], [12.13096291873762, 65.01974842615769], [12.130781615956437, 65.01976155669857], [12.130600341598479, 65.01976849135715], [12.130484143969193, 65.01974497652387], [12.130392397526176, 65.01971528612694], [12.130242509600611, 65.019679180435], [12.129991136323044, 65.01960915580426], [12.129861297495344, 65.01955448709533], [12.129699415868474, 65.01945412282664], [12.129514095891745, 65.01932879248037], [12.129414750508277, 65.01924336907362], [12.129287525366344, 65.0191308289015], [12.129207275586255, 65.01907325120497], [12.129086429259354, 65.01902387320283], [12.12901888706094, 65.01898045867715], [12.128955911318931, 65.01895185913209], [12.128901288249846, 65.01891866069876], [12.128854989064948, 65.01887322981128], [12.128824855475132, 65.01882559524176], [12.128832245267413, 65.01878056776212], [12.128826822489275, 65.01871841154596], [12.128777247702693, 65.01870740096108], [12.12872677674147, 65.01871065137351], [12.128628579637716, 65.01874890440781], [12.128560103868919, 65.01872603596703], [12.127772168609976, 65.01811991058844], [12.12775139974138, 65.01810370634922], [12.127721163273764, 65.0180511305147], [12.127686535148468, 65.01798015095275], [12.127650807096213, 65.01794111914239], [12.127588974479771, 65.01787231039555], [12.127536725629843, 65.01783089542943], [12.127490565824308, 65.01778025831184], [12.127475095720742, 65.01776415593251], [12.127428068065727, 65.01772948656121], [12.12740172183647, 65.01771577920886], [12.127291145058102, 65.01765788648073], [12.12725924023627, 65.01764847240766], [12.127130174190889, 65.0176361119157], [12.127071055046278, 65.01763093376579], [12.126968556813594, 65.01763021940111], [12.12686628016142, 65.017629419428], [12.126860760283439, 65.01762940304687], [12.12673153933096, 65.01762835407341], [12.126602531684435, 65.01761347983309], [12.12650667274069, 65.01759448379765], [12.126378332008988, 65.01756157231107], [12.126294025953575, 65.01752205451378], [12.126214699743299, 65.0174895471113], [12.126177952056352, 65.01746198973751], [12.126084962807985, 65.01737686573325], [12.126005687644314, 65.01732612970743], [12.125926999859358, 65.01727980515795], [12.125869215404117, 65.01724052804006], [12.125828791730099, 65.01718793531411], [12.125788669226655, 65.0171167596821], [12.125763918627841, 65.01706653395024], [12.125739902920305, 65.01699566825627], [12.125683577555286, 65.016929029999], [12.125632550614664, 65.01686249368358], [12.125602261269803, 65.01681440633374], [12.125571913622602, 65.01677080787579], [12.125546922605979, 65.01672282247932], [12.125536944753884, 65.01670898078258], [12.125502014899473, 65.01664481961765], [12.125440509620372, 65.01656910150909], [12.125416909388488, 65.01649833353682], [12.125403790492175, 65.01642291806525], [12.12536916089966, 65.01635202760194], [12.125334840437354, 65.01627629385263], [12.125304562203503, 65.01622614122478], [12.125290998297139, 65.0161667016509], [12.125276226681624, 65.01613229315737], [12.125272233782201, 65.01610033713959], [12.125272754951142, 65.01609352233591], [12.12526167695978, 65.01609582352206], [12.125219314954762, 65.01607704804712], [12.125195048652612, 65.01602234148356], [12.125169739765974, 65.01598324012738], [12.125149999308608, 65.0159397559271], [12.125130538956633, 65.01589169729073], [12.125084194672098, 65.0158389005379], [12.125053780806468, 65.01579988049049], [12.125023174712627, 65.01575870152368], [12.125008635174929, 65.01572214224961], [12.125005580222572, 65.01566963996332], [12.12499679390436, 65.0156171171491], [12.124998600915685, 65.01558060313872], [12.124995497450165, 65.01553052453002], [12.124991612001821, 65.0154916559278], [12.124977043393477, 65.01545734109928], [12.124967047001496, 65.01544367859516], [12.124936499631092, 65.01539998631777], [12.124921370999113, 65.0153748203505], [12.124869238171474, 65.01532649190068], [12.124853973306736, 65.0153104829521], [12.124807533111873, 65.01526450907791], [12.124797073814635, 65.01525514807183], [12.12479828197103, 65.01523011699304], [12.124799278212036, 65.01520508183455], [12.124811033101507, 65.01518465401915], [12.124816881437162, 65.0151756967577], [12.124839645766214, 65.01515754629769], [12.12489937986469, 65.01513525831004], [12.124976463560328, 65.01510172002308], [12.125020226263823, 65.01508379416063], [12.12505902964873, 65.01505670297199], [12.125099252725192, 65.01500458476893], [12.125160966022221, 65.01494812080165], [12.125217381301972, 65.01489155483216], [12.125258329242186, 65.01481888623819], [12.125283868337071, 65.01472562613363], [12.125286660974627, 65.01466416656353], [12.12528301632967, 65.01462305759321], [12.125216749588015, 65.01453835739882], [12.125209740556631, 65.01445156501983], [12.125202799666429, 65.01436019412625], [12.12517831303036, 65.0143075486963], [12.125154600788314, 65.01422995363284], [12.125142874028551, 65.0141317555679], [12.125124284217037, 65.01406772917294], [12.125126662956703, 65.01400617182921], [12.125123868614676, 65.01394927432962], [12.125110673869376, 65.01387852694685], [12.125087300368362, 65.01379384414263], [12.125052857523483, 65.01372520213039], [12.125033148079655, 65.01367947346134], [12.125004360822393, 65.01360169085585], [12.124985270103686, 65.01354232441253], [12.124946217071674, 65.01345536411179], [12.124926537247628, 65.0134073909793], [12.12487561612278, 65.01333403145038], [12.124819600094984, 65.01326066361086], [12.124769982430992, 65.01317125483912], [12.124723740895195, 65.01311163501697], [12.124689019747587, 65.01304756735698], [12.124658368377643, 65.01301078760167], [12.124632812214385, 65.0129740161403], [12.124566144655557, 65.01290295751303], [12.124534451066763, 65.01287980733971], [12.12452464809542, 65.01286830372133], [12.12448239916685, 65.01284063987103], [12.124435162391903, 65.0128060551248], [12.124377591909536, 65.01276687115369], [12.12433078883253, 65.0127322049208], [12.124268559891787, 65.01267712630381], [12.124231869325705, 65.01264714479288], [12.12419628981392, 65.01259895515605], [12.124191832985657, 65.01258512984728], [12.124145418225224, 65.01253700094246], [12.124088535997869, 65.01247960058524], [12.124077367767462, 65.01245711497248], [12.122755062031676, 65.01260810259188], [12.119992405405446, 65.01292330245442], [12.12340569878838, 65.0088771189436], [12.131711706328694, 64.99902560652683], [12.125959862509482, 65.00073649312934], [12.122312724843354, 65.00182116176661], [12.114132890505894, 65.00425321987784], [12.10240528171684, 65.00251767277763], [12.100780263206577, 65.00227706548499], [12.09363463414503, 65.00121873154357], [12.085053614651017, 64.9999476605113], [12.079052226436152, 65.00227020833655], [12.07889715000597, 65.00236461028194], [12.078802762407225, 65.00243002581516], [12.078696675906858, 65.00251119729947], [12.078606950362609, 65.0025902641978], [12.078527665209135, 65.00266702087475], [12.078404090424819, 65.00277999941326], [12.0783474076577, 65.00284803842735], [12.078324523227803, 65.00287291501499], [12.078285048752798, 65.00291363146181], [12.078233789370955, 65.00297477194619], [12.078182251661866, 65.0030403971182], [12.078104340897564, 65.00309679522614], [12.078020965739881, 65.00315075147076], [12.07793227542854, 65.00320478324798], [12.077826613608549, 65.0032723124514], [12.077727388577017, 65.00332173757148], [12.077600356343076, 65.0033866930519], [12.077478111929596, 65.00346997217], [12.07738928661677, 65.00353298131529], [12.077361052598446, 65.00356017773352], [12.07726042126983, 65.00364378999423], [12.077114059693365, 65.00377482093397], [12.07701712521172, 65.00389254077994], [12.076976971260402, 65.00394913876497], [12.076947262561395, 65.00400145109559], [12.076926983416438, 65.00410145385047], [12.076899981725084, 65.00422215928829], [12.076896317391883, 65.00430416752198], [12.076915351747694, 65.00435914044111], [12.076930336614906, 65.00437739443387], [12.077010484725555, 65.00439180544348], [12.077123732747577, 65.0043927653478], [12.077274588018886, 65.00438952221945], [12.077468689527464, 65.00438874194934], [12.077554921271451, 65.00439411184288], [12.07767203460862, 65.00441795695389], [12.077745900910283, 65.00445487495661], [12.077840366540388, 65.00451500606141], [12.07791703973856, 65.00460002350574], [12.077885643500787, 65.00470465811414], [12.077850987669011, 65.0047614537327], [12.07779462341451, 65.00481099942789], [12.077733374335141, 65.00484697904524], [12.077667445406266, 65.00488304664498], [12.077584063715607, 65.004937002607], [12.077357900614176, 65.00504455986729], [12.077231690219069, 65.00509803646405], [12.07710077739305, 65.00513821985749], [12.076915219880973, 65.00518891788934], [12.076822855410263, 65.00520659677458], [12.076752129863344, 65.00521275547986], [12.07660649894164, 65.00522059059944], [12.07652544087724, 65.00522223633702], [12.076342665836515, 65.00521838790608], [12.076111092819763, 65.00521430203634], [12.07588480175976, 65.00521238472578], [12.075609589072679, 65.00521911777811], [12.07548036445086, 65.00522251359124], [12.075350706341988, 65.00522599060461], [12.07522096179043, 65.00523413557461], [12.075145209033533, 65.00523579469092], [12.07505400688839, 65.00523508563161], [12.074918917895692, 65.0052338759165], [12.074789461684139, 65.00523744620311], [12.074600833791564, 65.00524246127962], [12.074427904479204, 65.00524562845786], [12.074245033247447, 65.00524653513963], [12.074104562040368, 65.00524988898174], [12.073920330100968, 65.00527097431667], [12.073785135617388, 65.00528817116417], [12.073600671717632, 65.00530943117262], [12.073454183041111, 65.00533089651437], [12.073280454538802, 65.00535685672575], [12.0731115450347, 65.00539889618457], [12.072969273336366, 65.00544774391463], [12.072880974401658, 65.00549028581074], [12.0728248592158, 65.00554908440736], [12.07281661774339, 65.00559912283799], [12.072838163274763, 65.00572024079872], [12.072833509020834, 65.00582279464766], [12.072763922814596, 65.0059270389749], [12.072658641124763, 65.00599475192672], [12.07252761179, 65.00603007981955], [12.07237523488736, 65.006060678458], [12.072212824383989, 65.00608209986736], [12.072087744903355, 65.00610380416185], [12.072005840810982, 65.00613057581681], [12.071921956964129, 65.00620059378386], [12.07183799135774, 65.00626360545061], [12.071775564866009, 65.00633152967072], [12.071765489830579, 65.00644089208407], [12.07177207824611, 65.00652992654759], [12.071762668344796, 65.00661191200336], [12.071760244990793, 65.00666888956067], [12.071783916539314, 65.00673957997289], [12.071793819355573, 65.0067557591693], [12.071788147404181, 65.00676489766975], [12.07176174115293, 65.0068741194012], [12.071731238613122, 65.00694904574318], [12.071597423122888, 65.00705041348405], [12.071496938858788, 65.00712270997846], [12.071369641498235, 65.00720139534631], [12.071180911539248, 65.00731371927328], [12.070965949775148, 65.00742130764229], [12.070805889522006, 65.00750446865108], [12.070672834774948, 65.00758528561596], [12.070577820092273, 65.00765993394715], [12.070553486984188, 65.00772115143424], [12.070572631579084, 65.00776921261225], [12.070613346207313, 65.00782191772973], [12.07067607937189, 65.00786355998352], [12.070828721385205, 65.00794683870681], [12.07092835497607, 65.00800240582394], [12.071032682296103, 65.00808294045707], [12.071109825094874, 65.00816357039206], [12.071143890297206, 65.00824595960054], [12.071156371129995, 65.0083257701383], [12.071156928631943, 65.00843300621163], [12.071142653796045, 65.00850124612464], [12.071105307929754, 65.0086172578629], [12.071013345911892, 65.00873956213061], [12.070945416792993, 65.00881887299192], [12.070834095587514, 65.00889311185522], [12.07069088963904, 65.00895801421314], [12.070531694530366, 65.009068043236], [12.070501834516543, 65.00908865099568], [12.070483398788808, 65.00913866896742], [12.070485767568995, 65.00920032052244], [12.070526773428357, 65.00924845136939], [12.070568126492587, 65.00928760868221], [12.070678467748818, 65.00935012120715], [12.070692606519582, 65.00939350416837], [12.070723111742078, 65.00943478350699], [12.070748455776668, 65.00946698125848], [12.070753617057422, 65.00947606283951], [12.070773630950137, 65.00951040110559], [12.070782598821802, 65.00954479208866], [12.070747540621985, 65.00961280387902], [12.0707309492495, 65.00973119837569], [12.070690743481896, 65.00978806336926], [12.070661946846055, 65.00982413820016], [12.070605340298602, 65.00988535120192], [12.070572061347516, 65.00991002286695], [12.070555405341727, 65.00991670076381], [12.070435013733308, 65.00996130597326], [12.070318814384095, 65.0100218885319], [12.070202382018488, 65.01009620634572], [12.07011776767818, 65.01017078917253], [12.069978868988123, 65.01026990075404], [12.069856235865759, 65.01036008165217], [12.06978937724504, 65.01040052824608], [12.06975082432658, 65.01042294097587], [12.069550480081109, 65.01043957437429], [12.06941566751789, 65.01044528036486], [12.069281020044057, 65.01044173972691], [12.069097911195843, 65.01044254618557], [12.068929765373413, 65.01046178641401], [12.068820971834146, 65.01048578366685], [12.068733654201026, 65.01050562244725], [12.068630035364695, 65.01053663600902], [12.068460448282197, 65.01059221781398], [12.068350563047813, 65.0106300230334], [12.068234726129743, 65.01069303589146], [12.06817832152787, 65.01074266740386], [12.068158807040312, 65.0108198744242], [12.068170646858558, 65.01091125736636], [12.068178538610915, 65.01097283785595], [12.068143564033807, 65.01103420534386], [12.068000383873283, 65.01109677100114], [12.067918769754383, 65.01111878680992], [12.067695797601441, 65.01115580791003], [12.067515993319645, 65.01119996266378], [12.067390048159425, 65.01124670160549], [12.067241268607917, 65.01131382639376], [12.067185106795181, 65.0113612172578], [12.067202717789945, 65.01145028897142], [12.067195257436245, 65.0115027672868], [12.067085666411216, 65.01153590765429], [12.066976513292381, 65.01156699106635], [12.066899525921114, 65.01160292696487], [12.066847151544206, 65.01167769237249], [12.066841172421974, 65.01169347014743], [12.066753457019425, 65.01172461527813], [12.06658022634244, 65.01174366332415], [12.066461263037585, 65.01175192318581], [12.06633600585435, 65.01178268979348], [12.066250982747366, 65.01186857787766], [12.066166785296057, 65.01194307709487], [12.066121603611707, 65.01199292841488], [12.066053203427893, 65.01207438340481], [12.065995976907654, 65.0121468979451], [12.06595499475623, 65.01221263715618], [12.065891934495868, 65.01229186211258], [12.065834741268079, 65.01236213216912], [12.065764619444789, 65.01248243815695], [12.065694104147969, 65.01261405163497], [12.065620216492773, 65.01269324335581], [12.06552606939905, 65.01275389662464], [12.065383768931632, 65.01280058205498], [12.065273850551637, 65.0128385641643], [12.065203481889572, 65.01284705965172], [12.065090410573912, 65.01284609472334], [12.064896670367391, 65.01283528228895], [12.064708685453565, 65.01282233763627], [12.064483236668408, 65.01280443553846], [12.064230962509846, 65.01277945007202], [12.063929808496008, 65.01275871175856], [12.06374705288788, 65.01275035887565], [12.063687893491359, 65.01274766898989], [12.06361295602794, 65.01273784375607], [12.063586061769948, 65.01273524944129], [12.063369426290198, 65.01276080430323], [12.063297816233364, 65.01279217442146], [12.063185910334747, 65.01287331151902], [12.062965485707036, 65.01298545185182], [12.062860239747174, 65.01304848956725], [12.062754150818304, 65.01312498118904], [12.062783918791023, 65.01318447790514], [12.062895242768029, 65.0132264504755], [12.062958739722633, 65.01324763572242], [12.063038187561393, 65.01328018049625], [12.06302166070918, 65.01329144013924], [12.062971434556886, 65.01332529616514], [12.062884369386946, 65.01334271199485], [12.062813821239738, 65.0133489577657], [12.062700590321775, 65.01335714789641], [12.062560252665973, 65.01336273927183], [12.062376384628486, 65.01337025814364], [12.062219657656518, 65.01337813111073], [12.062052651751948, 65.01337906641501], [12.061961422585044, 65.01336676456829], [12.061844713557967, 65.01332935513344], [12.06174424139976, 65.01328526037925], [12.061664804996317, 65.01325262531421], [12.061523579318571, 65.01316013253951], [12.061430264454332, 65.01308187335378], [12.061310539431739, 65.01298504383287], [12.061120681854339, 65.01289455714284], [12.06099340672426, 65.01285478375999], [12.060885351519193, 65.0128584045558], [12.060765379865696, 65.01288927069278], [12.060656663276117, 65.01290661828966], [12.060613380119104, 65.01290630516468], [12.060447003813863, 65.01289575613337], [12.060275153387607, 65.0128828540581], [12.060065538837126, 65.01286965734546], [12.059871800649285, 65.01285883840268], [12.059721000024675, 65.01285533049956], [12.05952179649529, 65.01285365328768], [12.059305957251812, 65.01285649762791], [12.058960934065114, 65.01285814457324], [12.058771612607789, 65.01287471156472], [12.05861407617326, 65.01290537496884], [12.05857414271162, 65.01294598800843], [12.058598743372817, 65.01299640353574], [12.058542562702865, 65.01304379106035], [12.05843705943479, 65.0131090658519], [12.058349975189115, 65.01314012889267], [12.058212533608614, 65.01318690342389], [12.05802118675852, 65.01324689471193], [12.057921977428919, 65.01329163825756], [12.05786608644926, 65.01333445126055], [12.057781128526859, 65.01342716138832], [12.057728159607414, 65.01352247742216], [12.05770679365281, 65.01363161727849], [12.057594964602552, 65.01371957710967], [12.05743577939114, 65.01378442218846], [12.057272233315993, 65.01381945606454], [12.057092551277112, 65.01386602591295], [12.056792538378367, 65.01394084724551], [12.056525279655267, 65.01400939868233], [12.05632359344165, 65.01405328883953], [12.056149721811455, 65.01408371760493], [12.055943515848512, 65.01410695304725], [12.055808028278198, 65.01412628398722], [12.055584839208787, 65.0141745088672], [12.05534124478814, 65.01419979025697], [12.055135591606433, 65.01421414490433], [12.054936388264075, 65.01421237192714], [12.054779734509461, 65.01421565863022], [12.054569175694253, 65.01422057612997], [12.054455807030697, 65.01422417737786], [12.054277632325798, 65.01423197830599], [12.05409451725951, 65.0142325870424], [12.05392763136003, 65.01422660079511], [12.053706724388316, 65.01421559721439], [12.05356185991163, 65.01421211050656], [12.053437508074081, 65.01421324918243], [12.053281030789972, 65.01421878290239], [12.053087311189628, 65.01420580033384], [12.052927104381435, 65.01418162470594], [12.052768167743624, 65.01412092365999], [12.05259642923879, 65.01410118990279], [12.052424156821491, 65.01409976546621], [12.052304931664805, 65.01411025421442], [12.052060679067647, 65.0141491675443], [12.051766692916468, 65.01420577794438], [12.05154850584098, 65.01427017062535], [12.05135633923305, 65.01433929756845], [12.051245490483375, 65.01440661737936], [12.051166868685014, 65.01447439385575], [12.051067285543251, 65.01452622024672], [12.050935675616799, 65.01456807449435], [12.050815185123803, 65.01461499765126], [12.050730890627554, 65.01469182193726], [12.05070056715377, 65.0147645033996], [12.050576606209484, 65.01487745381567], [12.050433576408828, 65.01494000652643], [12.050166746376052, 65.01499481538795], [12.049955140035223, 65.01502260590459], [12.049760223311276, 65.01504156578619], [12.04955414531939, 65.01506928534947], [12.04939567096144, 65.01511590603229], [12.04930133793116, 65.01517205586528], [12.049189474792184, 65.01526000924207], [12.049039176027732, 65.0153613921744], [12.048960626966025, 65.01542458902644], [12.048974864132411, 65.01547255647971], [12.049027102785011, 65.01550717553704], [12.049133689390915, 65.0155573269355], [12.047718333655022, 65.017491401966], [12.045221262382318, 65.02158470471768], [12.044519869160052, 65.02257493322368], [12.043628506678075, 65.02416371895056], [12.043593908309672, 65.02420182980349], [12.041047463298026, 65.0298289542408], [12.036030955500108, 65.03014172412959], [12.04012528238929, 65.03476835609091], [12.039299294644772, 65.03926099665185], [12.036743288132513, 65.04403384298665], [12.037704727454189, 65.0477252842412], [12.045372832530433, 65.05605811979531], [12.045427113647595, 65.05750459099978], [12.045363025993822, 65.05771050294727], [12.045172952223101, 65.05787863231411], [12.044933991814682, 65.05804642400571], [12.044669214428195, 65.05825519467166], [12.044429164074428, 65.05845385676783], [12.044311329596166, 65.05863796129456], [12.044317343750974, 65.05877170888039], [12.044578154927036, 65.05893833180905], [12.044779847668098, 65.05905304652825], [12.044773684828764, 65.05919688088815], [12.044657833034497, 65.05934007414804], [12.04440746615714, 65.0594974021166], [12.044293990513097, 65.05957885679211], [12.044226032314448, 65.05973898156348], [12.044252734060533, 65.06002185385618], [12.04436363517469, 65.06011133554657], [12.04463841487879, 65.0602077379181], [12.044668490038239, 65.06052929252483], [12.044511899999817, 65.06059283256043], [12.044481539106004, 65.06069972816503], [12.044365632125865, 65.06083950765168], [12.044359161921195, 65.06098800575448], [12.04447852142146, 65.0611489590001], [12.044670532730883, 65.06128781918953], [12.044711416539007, 65.06139872707621], [12.044712212712485, 65.06157763276714], [12.04482198786569, 65.06173489389064], [12.04497734138523, 65.06184563892337], [12.045306247080717, 65.06194715042481], [12.045660930296789, 65.06201764914552], [12.046135961575281, 65.06216739645147], [12.046230745162239, 65.06225655815327], [12.046214544516399, 65.06234514424182], [12.046111182525722, 65.06244853272578], [12.045985833861293, 65.06248925260486], [12.045872068622405, 65.06255597497952], [12.045806134747291, 65.06264411746878], [12.045820579521084, 65.06273259045744], [12.048811011377667, 65.06558579224617], [12.048860802827534, 65.06686899532104], [12.040413069888503, 65.0675738969453], [12.035169240009399, 65.06744274504736], [12.028328842578711, 65.06831236411172], [11.984131789990032, 65.0680250396213], [11.984330498258178, 65.0706101980672], [11.981741868420784, 65.07083558174939], [11.981555968116739, 65.0708591320159], [11.980374479903313, 65.07100888381953], [11.979387820089125, 65.07130212183479], [11.97780625029148, 65.07205168222865], [11.973153437668753, 65.0734588347457], [11.969417739376317, 65.0743624674529], [11.966959466843848, 65.07484601749078], [11.965735145118755, 65.07516946633363], [11.964329262794797, 65.0757353861644], [11.963827014055552, 65.07594746955026], [11.963354565160657, 65.07614641556843], [11.963208098885389, 65.07620819438253], [11.961208225886592, 65.07705013385049], [11.961021638744038, 65.07712950648936], [11.959581455943903, 65.0777703078055], [11.926096064256043, 65.09667690805995], [11.92517265276698, 65.09722383651486], [11.925094278276314, 65.09726973624574], [11.920935428206144, 65.09970540969553], [11.923513021297916, 65.10073437114487], [11.926061347978775, 65.10174723664953], [11.930785389601663, 65.10363694152919], [11.932275577239645, 65.10418469662817], [11.934162279135185, 65.10495520063775], [11.93727543103451, 65.10621266103432], [11.93745197619396, 65.10628398841428], [11.943695317807185, 65.10877155863983], [11.944892943755203, 65.10924558144852], [11.946211471489104, 65.10976956846669], [11.949893669981735, 65.11162408339041], [11.953943491273813, 65.11366595289597], [11.958125129429837, 65.11577396397911], [11.95901926215651, 65.11622427765701], [11.960207336456573, 65.11682244815121], [11.955682001233662, 65.11752678150766], [11.953385168556512, 65.11787766458067], [11.949637366004787, 65.11846354886839], [11.949567031844822, 65.11847451015699], [11.945156287135193, 65.1211094257115], [11.942288129336731, 65.12278961327816], [11.939279154992617, 65.12461532935794], [11.935947601882987, 65.12662523961184], [11.937213360013706, 65.12984779337805], [11.937211335415592, 65.12984685390121], [11.938139846433495, 65.13229283551544], [11.940069613717721, 65.13737431702233], [11.940121419503164, 65.13752463743282], [11.940071456135156, 65.13755460149244], [11.940024645920685, 65.13760348982522], [11.939933775894033, 65.13766072889743], [11.939795122353384, 65.13773270885838], [11.93976519027221, 65.13775176588497], [11.939720382993954, 65.13779252240437], [11.939687846461066, 65.13783047596016], [11.939674650972542, 65.1378727760398], [11.939655259634954, 65.13791144704895], [11.939629457959516, 65.13795205277098], [11.93962623802004, 65.13797443930052], [11.939616936581828, 65.13800146153248], [11.939612402037788, 65.13804636330629], [11.939610103275504, 65.13808852665083], [11.939600801778095, 65.13811554888119], [11.939606690074486, 65.13814961696228], [11.93963123675859, 65.13817544435899], [11.939704912152626, 65.1382026341409], [11.939738113849264, 65.13822926690531], [11.939749738381568, 65.13825429157339], [11.93974102707545, 65.13829470741815], [11.939774351236567, 65.13832583312762], [11.93983959149647, 65.13835401812199], [11.939926428332974, 65.13838920009134], [11.939951841954558, 65.13839825082627], [11.940177887868574, 65.13852886796447], [11.940377355898251, 65.13864574023411], [11.94055571181352, 65.13867919768555], [11.940676728427654, 65.13871588516677], [11.940681998300617, 65.13878496608596], [11.940759634256924, 65.13889818340245], [11.940891523033413, 65.13898682260844], [11.941030973714364, 65.13910058292714], [11.941160490638069, 65.13918019255416], [11.94129560085771, 65.13924644484923], [11.941468297714568, 65.13933834111273], [11.941702849900718, 65.13943598975426], [11.94191257085986, 65.13954732118516], [11.942100934433208, 65.13965884522783], [11.942280697748036, 65.13972277442885], [11.942389226810693, 65.13976234896884], [11.94242957370782, 65.1398122077186], [11.942481937825523, 65.13988000395838], [11.942611153609684, 65.13994191369181], [11.942632499669642, 65.13995851472067], [11.942676493500734, 65.1399896777145], [11.942721179439712, 65.14002965608596], [11.942748683758307, 65.14007431328494], [11.942764925679203, 65.14010374266665], [11.94282693903614, 65.14015260627653], [11.942914377422527, 65.14020118014912], [11.942973335046112, 65.14023210939123], [11.943045239701128, 65.14026734406592], [11.943137265534903, 65.14031870562414], [11.943263398712377, 65.14037776779001], [11.943317956080866, 65.14040429631923], [11.943459159282671, 65.14046591085435], [11.94358989464671, 65.14052578504175], [11.943664272144067, 65.14056735643831], [11.943719069650147, 65.1406010744146], [11.943791195789853, 65.14063810939179], [11.943911034729139, 65.14069812033055], [11.943965929303586, 65.14072914592032], [11.944057426663836, 65.14077771200782], [11.944118872233203, 65.14081300230471], [11.94416286256143, 65.14084236856077], [11.944199987648672, 65.14085722542562], [11.944200233778654, 65.14086621132769], [11.944262261847, 65.14091498476036], [11.9442851488058, 65.1409534404842], [11.944306612890301, 65.14100426081548], [11.944325311546104, 65.14103832032278], [11.944373806914493, 65.14107119108235], [11.944445832127691, 65.14110912173862], [11.944516520210275, 65.14116238240828], [11.944550435762542, 65.14120699027818], [11.94454697993066, 65.14122218733209], [11.944520600130605, 65.14124931070698], [11.944496252664884, 65.14127916977145], [11.944465018932208, 65.14129469866208], [11.944412667889516, 65.14131572444653], [11.944349727820287, 65.14133419931925], [11.944286714827259, 65.14135886948972], [11.944235281568524, 65.14139787569353], [11.944220411270383, 65.14144921262005], [11.944232730240852, 65.14148493825097], [11.944233307023602, 65.1414854888625], [11.944215135650229, 65.14151915596003], [11.944380175973288, 65.141583231241], [11.944472740880206, 65.14160586402491], [11.944494903361464, 65.14162095463843], [11.944494162165194, 65.14164779236641], [11.944451058475387, 65.1416885850008], [11.944343929602972, 65.14176839661106], [11.944274707920417, 65.14178952748887], [11.944114623836347, 65.14178806010484], [11.943902655870744, 65.14177017741088], [11.943674630247164, 65.14176759373929], [11.943429032388932, 65.14180273035711], [11.943303003551716, 65.14180016036799], [11.943150029803864, 65.14176102740818], [11.943062903123819, 65.14176715374414], [11.942943103509027, 65.14180314869857], [11.942820806856444, 65.14188121301139], [11.942675385824597, 65.14200442850735], [11.94254314639925, 65.14214102485549], [11.942474444564125, 65.14227065472296], [11.942419110806274, 65.14241205279366], [11.942360259266067, 65.14252284405933], [11.942305698760613, 65.1426371355793], [11.942255588417868, 65.14280172105653], [11.942263526820282, 65.1429273460654], [11.942301869824217, 65.14306320083536], [11.942323559748504, 65.14307127703258], [11.942399855617829, 65.14310920592962], [11.94242284213579, 65.14314308371854], [11.94242402136846, 65.14317175681694], [11.942432757509826, 65.14322375475783], [11.942460483944364, 65.1432702126596], [11.942515648251783, 65.14331004548994], [11.942559066134631, 65.14332772533744], [11.942651759318931, 65.14334928407918], [11.942759054584188, 65.1433644947154], [11.942844392355516, 65.1433683905839], [11.942940416373025, 65.14337214510321], [11.943008900469149, 65.1433778525763], [11.943080232054978, 65.14339960406738], [11.943171553874846, 65.14343307909088], [11.943286101765233, 65.14347241620561], [11.943387914374568, 65.14350745214517], [11.943448420489483, 65.14352314513305], [11.943517603192173, 65.14354503220461], [11.94359758495469, 65.14357136044572], [11.94368433104417, 65.1436019577655], [11.94379266502942, 65.14364152700959], [11.943825014194195, 65.14365341264907], [11.944144172475808, 65.1437283535911], [11.94425224212577, 65.14380545717883], [11.944393412314293, 65.14391017804282], [11.944506121171187, 65.14400075749859], [11.944609448393503, 65.1440671666894], [11.944714439292262, 65.14412283265449], [11.944779786620622, 65.14420032237398], [11.94480620446324, 65.14426561292849], [11.944805420751244, 65.14434103633035], [11.944770624282958, 65.14437265830352], [11.944650602202085, 65.1444086502307], [11.944471188792711, 65.14444334169124], [11.94439521631063, 65.1444600243047], [11.944295345417066, 65.14451375981267], [11.944182611516373, 65.1446124966897], [11.944084985121965, 65.14466897209107], [11.94394092916352, 65.14473204484905], [11.943868019426679, 65.14476845778476], [11.943793480548031, 65.14481345912179], [11.943768616862009, 65.14484591205496], [11.94378351011461, 65.14487226025165], [11.943838113923134, 65.14490588426786], [11.943908228732635, 65.1449456620519], [11.944002082356855, 65.14499427595845], [11.944061051759672, 65.1450252048078], [11.944187415373426, 65.14508247429977], [11.94420436154366, 65.14509099234093], [11.944325185029042, 65.1451611710496], [11.94456308944239, 65.14528214297358], [11.944727398672201, 65.14537503117651], [11.944804756531191, 65.14543534270778], [11.944855762710995, 65.14547984966119], [11.944904625086552, 65.14550033396473], [11.944957513407513, 65.14550994362784], [11.945023734077932, 65.14550940715297], [11.945086391888701, 65.14552684960327], [11.945111016539462, 65.1455446844994], [11.945128370610163, 65.14556820879989], [11.945268484533353, 65.14564327020702], [11.945335986459538, 65.14572619201539], [11.945340392134131, 65.14581402492438], [11.94526006728277, 65.1459259962251], [11.945118626191515, 65.1460034030454], [11.945074344386558, 65.14601543313233], [11.944895640206182, 65.14606612567239], [11.94469037292837, 65.14610469130899], [11.944459918438396, 65.14614328215963], [11.944236583429443, 65.14620159610442], [11.944006722738196, 65.1462572620588], [11.943834635371104, 65.14631347680438], [11.943696523281837, 65.14633966940801], [11.943671868378111, 65.14634248969004], [11.943634336182456, 65.14636076397686], [11.9436250356685, 65.14638778643622], [11.943636893383792, 65.1464164077742], [11.943655728109366, 65.14645487070642], [11.943678832499044, 65.14648776272578], [11.943705656111074, 65.14652171846123], [11.943754543548936, 65.14656609277728], [11.943826914809927, 65.1466104069667], [11.943929674946752, 65.1466651297685], [11.944023527979603, 65.1467119473675], [11.944132803440663, 65.14676940728435], [11.944213853613396, 65.14681991536592], [11.944312569053729, 65.14688012357855], [11.944356600423053, 65.14690922100631], [11.944381148651814, 65.14694070538411], [11.94436896216335, 65.14698167922643], [11.944346821582842, 65.14700529670354], [11.94432396930053, 65.14703509647767], [11.944304447282136, 65.14707304691899], [11.944301469507133, 65.14710262312235], [11.944324132420224, 65.14713379965309], [11.944390097639666, 65.14717816257497], [11.944445605215545, 65.14722437792304], [11.944505262440615, 65.14726421159048], [11.944566739754944, 65.1473067765889], [11.944622247903148, 65.1473529918734], [11.944649303488111, 65.14738865849796], [11.94468309713447, 65.14742697708257], [11.944710948202072, 65.14747613121861], [11.944702374533707, 65.14752095067736], [11.944682061005377, 65.14754352773484], [11.944629913651776, 65.1475682400873], [11.944524824056348, 65.14759860908349], [11.944404427300782, 65.14762660042426], [11.944367106701636, 65.147644879226], [11.944374114529378, 65.14766002012345], [11.944400704290343, 65.14768490024521], [11.944499067289254, 65.14773522212411], [11.94457064101197, 65.14776425213445], [11.94462915793733, 65.14778619054536], [11.944672930883229, 65.14780827749844], [11.944799095988694, 65.14786554218065], [11.94486470093719, 65.14789822237003], [11.945073430428257, 65.14796507247742], [11.945080683599468, 65.14800590363045], [11.945168001082857, 65.14804836621443], [11.94519636865066, 65.14806151745793], [11.945286809570879, 65.14813062699098], [11.945367026466167, 65.14815875499227], [11.945514601879147, 65.14817280821761], [11.945700006297539, 65.14821610133242], [11.945823795919706, 65.14826622180236], [11.94584819702525, 65.14833425502675], [11.945883859535162, 65.1484101513923], [11.945916319233744, 65.14846379975644], [11.945903824364889, 65.148518597946], [11.945901184466171, 65.14855267146812], [11.945895598577318, 65.14857339329218], [11.94590022782827, 65.14858139075899], [11.945940783449936, 65.14862774991447], [11.945964032594349, 65.14867240938482], [11.946028838176103, 65.14868980524906], [11.946116166179689, 65.14873406360539], [11.946159615881626, 65.14875156325118], [11.946203055332433, 65.1487691524833], [11.946225588139397, 65.1487959253884], [11.94622723487847, 65.14883170277835], [11.946186351191137, 65.14886796100404], [11.94616683395318, 65.14890402577551], [11.946125747434449, 65.14894019004737], [11.94604169110995, 65.1489676656729], [11.945957110219476, 65.14897743825914], [11.945872360391625, 65.14899609841663], [11.945808483733929, 65.14899659334726], [11.945681436635615, 65.14901555925245], [11.945532776100249, 65.14902573251024], [11.945427095348666, 65.14904450484379], [11.94536345479074, 65.14905407507662], [11.945298648768855, 65.14903667892364], [11.945213405336219, 65.14903736691863], [11.945126783711853, 65.149011084167], [11.945019457619445, 65.14899407881828], [11.944912141979001, 65.14897698379471], [11.944805285764804, 65.14896887892824], [11.944698675923837, 65.14896975987979], [11.944571158663376, 65.14897982420703], [11.944443405403446, 65.1489808129329], [11.944316357434484, 65.14899977767796], [11.944209747461773, 65.14900065828141], [11.944082699235498, 65.14901962282737], [11.943955191830733, 65.14902959703028], [11.943806989546633, 65.14904875880869], [11.943700625337764, 65.14905862494312], [11.943594686941262, 65.14906849968403], [11.94348808699904, 65.14906929017472], [11.943444671499252, 65.14906077131383], [11.943381007610983, 65.14906126955113], [11.94327369278379, 65.14904417335886], [11.943188449303038, 65.1490448602027], [11.943104133560315, 65.14906343787142], [11.943019594436311, 65.14908210074871], [11.9429146160764, 65.1491188474329], [11.94283029990967, 65.14913742494569], [11.9427466775423, 65.1491740681393], [11.942640994276696, 65.14919283849835], [11.942514648120172, 65.14922977783685], [11.942430321003668, 65.14924844472017], [11.942345791144936, 65.14926701761424], [11.942282840998645, 65.14928540191552], [11.942197596731626, 65.14928608819272], [11.942112597892656, 65.14929576031544], [11.942005518032738, 65.14928773870791], [11.941941853588283, 65.1492882363319], [11.94183524242019, 65.14928911524215], [11.941727917374571, 65.14927210754304], [11.941620858381086, 65.14926390646517], [11.941557215963549, 65.14927347507447], [11.94153561417527, 65.14926459236638], [11.941493807095926, 65.14928286880408], [11.941473601748463, 65.1493100279499], [11.941410650904665, 65.1493284118819], [11.941368843638614, 65.1493466882838], [11.941304955775703, 65.14934727089074], [11.94124088594037, 65.14934758033118], [11.941176987748223, 65.14934825248189], [11.941112641839824, 65.1493398447683], [11.941047592884464, 65.14931346089433], [11.94100394305787, 65.1492958658365], [11.94085272385817, 65.1492522765494], [11.940788143631567, 65.14923479320564], [11.940681074767765, 65.14922668105712], [11.940658781828605, 65.1492089828358], [11.940593488729297, 65.14917361287361], [11.940571664074637, 65.14916481528121], [11.940548210664543, 65.14912015066996], [11.940526599013126, 65.14911135741667], [11.940461796072801, 65.14909395918724], [11.940375391980316, 65.14906767805722], [11.940289680303023, 65.14905946261112], [11.940203979008675, 65.14905115751809], [11.940097124016614, 65.1490430493025], [11.940011880501967, 65.1490437343407], [11.93992642404022, 65.14904441498409], [11.939861834605553, 65.1490270208441], [11.939797032312322, 65.14900962233013], [11.93968926250956, 65.14898353334321], [11.939560115959233, 65.14895772638178], [11.939495069489743, 65.14893134184416], [11.93943073547003, 65.14892284381729], [11.939408911408831, 65.14891404605802], [11.939365465940904, 65.14889654447536], [11.939300674626235, 65.1488790561514], [11.939235628608083, 65.14885267150298], [11.93912880620485, 65.14885354414959], [11.939043318895068, 65.14884524274517], [11.938979899857932, 65.14885472501116], [11.938916714792327, 65.14887328274314], [11.93887445960693, 65.14888247860566], [11.938810817146136, 65.14889204604974], [11.938769221745689, 65.14891032607103], [11.938769476378722, 65.14891922236788], [11.915473684751829, 65.16044506554843], [11.83619744648085, 65.15792378151274], [11.486048403039366, 65.2368577958527], [11.400403170850485, 65.29570335497473], [11.023354541389859, 65.3939136825315], [11.021360867086107, 65.39442845725651], [11.021157416172993, 65.3944636230892], [10.984334205245665, 65.40082605286948], [10.873776043246211, 65.41985586568623]]]}, "properties": {"objectid": 3, "globalid": null, "st_area(shape)": 104219851962.26526, "st_perimeter(shape)": 1773322.6269472444, "budomr": "NO 3"}}]}