{"type": "FeatureCollection", "features": [{"type": "Feature", "id": 4, "geometry": {"type": "Polygon", "coordinates": [[[28.335956330391294, 71.29422914338528], [28.317892565828668, 71.29557007834477], [28.299638661571556, 71.29683086066943], [27.98384071459443, 71.31675038143827], [27.975661897161014, 71.31725867727674], [27.774308152767098, 71.32965300679892], [27.772762242387067, 71.32974720414623], [27.745564221685353, 71.33120419781847], [27.717789483685966, 71.33228199520693], [27.06070223411758, 71.35178606696269], [26.681107348594587, 71.36199301248547], [25.963703945944317, 71.3791712155713], [25.7151616648718, 71.38448003393994], [25.710745648725187, 71.38456636460536], [25.682708135325054, 71.38487875561317], [25.65465497971943, 71.38478369866229], [25.626644816862466, 71.38428158288544], [25.598736015647496, 71.38337339188715], [25.570986857548995, 71.38206105597254], [25.543455095830275, 71.38034720291833], [24.91979651345922, 71.33567676408319], [24.629253483711583, 71.3140849696482], [24.342106395116144, 71.30811873883897], [24.01632641268563, 71.30081364906601], [23.988785331514595, 71.29997180586402], [23.96112828587819, 71.29871934759367], [23.875718180365364, 71.29419360372782], [23.85567078324388, 71.29301647306048], [23.82842461287524, 71.29105859479002], [23.801486835366703, 71.28870541109261], [23.774913085751407, 71.2859619279966], [23.748758906503657, 71.2828338144574], [23.72307866943488, 71.2793275413947], [23.69792505010087, 71.27545049402434], [23.689546373085726, 71.27408256316471], [23.66861412651243, 71.270499174517], [23.64457541526876, 71.26595668539073], [23.247464193885733, 71.18622805944675], [22.847005758310864, 71.10428936435451], [22.476382824394246, 71.02705678543238], [22.464989247863162, 71.02460256437872], [22.298338220205803, 70.98768039843587], [22.240448232351337, 70.97478658382197], [21.911941684522695, 70.90094906905924], [21.701190725119716, 70.8529742437359], [21.175927513964744, 70.79001796313794], [21.175926375713637, 70.79001782128685], [20.479732524646202, 70.70361634697721], [19.879470309166674, 70.62636884121275], [19.692037731791626, 70.60171903374868], [19.6915786516162, 70.60165829579779], [19.385924032413484, 70.56083369539128], [18.85320199446685, 70.4880464777092], [18.847174428428513, 70.48719806897876], [18.8227700035437, 70.48348796445202], [18.798899034779055, 70.47941148427327], [18.359490424607177, 70.39926668680896], [18.337538885021935, 70.3950109158543], [18.315040006980862, 70.39019046245737], [18.293220360276536, 70.38503242242483], [18.272124907454238, 70.3795472778263], [18.251796758136702, 70.37374663150813], [18.232277035634844, 70.36764239858697], [18.21360519897699, 70.3612471569832], [18.195819559694954, 70.35457404583516], [18.178955726893065, 70.3476370598154], [18.163047310177, 70.34045040536631], [17.904274043572244, 70.21690598537977], [17.90187764991205, 70.21574446608659], [17.80524865777594, 70.16841666876262], [17.614608950432316, 70.07424502835958], [17.453682359223446, 69.99391672346638], [17.451947795267017, 69.99304175181256], [17.43780096048519, 69.98550107404013], [17.42466889562891, 69.9777491296609], [17.16004652017458, 69.81154358331536], [17.055514518050312, 69.74504305778316], [16.90223330073314, 69.71361370231408], [16.811475882712973, 69.69489711228864], [16.677008552362967, 69.66701883023467], [16.570397714947667, 69.6494217786906], [16.25435079988956, 69.59670059381385], [15.792194420088824, 69.51809843537976], [15.789968944982379, 69.51771561303059], [15.785379768197172, 69.51691696424189], [15.76278047898508, 69.51271127505412], [15.756139292670637, 69.51133680233822], [15.740753583489486, 69.50815094973682], [15.71934439412813, 69.503245525149], [15.698596568072455, 69.49800509827449], [15.287953426429889, 69.38819360145814], [15.155474330182324, 69.35231813519971], [15.022083467900863, 69.31597224758373], [14.815839008344373, 69.25933068564235], [14.805827735380538, 69.25650206903516], [14.786606524461057, 69.25067888596651], [14.76815384000561, 69.24455316705121], [14.750507323464452, 69.23813731758898], [14.73370268544613, 69.23144482080633], [14.618429576423086, 69.18323768176161], [14.373978587763478, 69.08004079197453], [14.344452340832273, 69.06748625615658], [14.188904045270203, 69.00102507284133], [13.948605231677154, 68.8972777335962], [13.89190942712819, 68.87260761526808], [13.881584453320231, 68.86796764008714], [13.866774280946572, 68.86077133940448], [13.852885545257694, 68.8533407721315], [13.8399455300733, 68.84569115137205], [13.827980120444922, 68.83783821249094], [13.817012581927791, 68.82979793351382], [13.80706428947119, 68.82158698642546], [13.738069564507938, 68.76075967797523], [13.721632021975, 68.74621474112489], [13.700986903311277, 68.73364228127828], [13.491803400404228, 68.60530741909024], [13.388008168043134, 68.54098427760789], [13.263980806382547, 68.4635555229325], [13.234402175636644, 68.45560027058173], [13.016073324926776, 68.39654513330763], [13.003692575237114, 68.39317853613775], [12.83252860099987, 68.34643915942786], [12.820868094997548, 68.34314979386599], [12.802130964250763, 68.33745339664956], [12.784115998369522, 68.33144931422538], [12.766859764051796, 68.32515011247631], [12.75039695901688, 68.31856869776253], [12.734760871227472, 68.31171858983507], [12.676659733774834, 68.28501857603474], [12.643674934902721, 68.26982397977656], [12.635645397695804, 68.26602777522334], [12.621396554652968, 68.25878435293392], [12.608050009974011, 68.25130963595419], [12.595632241505582, 68.24361885799624], [12.589818201261384, 68.23961793499849], [12.584167366413801, 68.2357278410196], [12.47010272579442, 68.15245229735704], [12.419324908817705, 68.11512706932932], [12.394296219184758, 68.09669115328909], [12.305893785042025, 68.031308391968], [12.297979366202464, 68.02517585102964], [12.288429856129884, 68.01695558718569], [12.279883327370301, 68.00858229506487], [12.272356016950352, 68.00007301840785], [12.166603666609205, 67.87007781484957], [12.128473662113542, 67.82279783500438], [11.987723449181582, 67.78182107605264], [11.706508187161145, 67.69915328848617], [11.69663840288837, 67.69623263144196], [11.689227421541775, 67.69399751666249], [11.67122246640376, 67.68820325689667], [11.629878592829002, 67.67426018461087], [11.62143110829237, 67.671344770044], [11.507000699505578, 67.63086281604808], [11.502219021099132, 67.62914493804676], [11.485575287962996, 67.6228076072455], [11.469705364233675, 67.61618991121375], [11.454641313601915, 67.60930535200728], [11.440413557173336, 67.60216811686558], [11.427050419645992, 67.59479297609295], [11.414578422133935, 67.58719492779535], [11.403022688260945, 67.57938965375463], [11.39240534858002, 67.57139321244475], [11.382747933400431, 67.563221820494], [11.374068485217835, 67.5548923254486], [11.366384241016778, 67.54642163486321], [11.359709464210663, 67.53782711527515], [11.321325870015487, 67.48384620069685], [11.318488957279685, 67.47966835843842], [11.31335799561307, 67.47092133756863], [11.313216244398136, 67.47065148477282], [11.310119833258591, 67.46420637864271], [11.306784347800754, 67.45533260468687], [11.304494164244748, 67.4464102464219], [11.303253042601641, 67.43745733287307], [11.303062367691453, 67.42849199842554], [11.303921161561794, 67.41953248266087], [11.30582661707131, 67.41059678304318], [11.30877357441692, 67.40170309206741], [11.312754862998371, 67.39286917647631], [11.31776166699534, 67.38411310467208], [11.323782525514389, 67.37545223628385], [11.345686166542237, 67.34651615449697], [11.351358100400653, 67.33949619246219], [11.359172084942902, 67.33105233707754], [11.667530709756145, 67.01559660526942], [11.858834699150202, 66.81537148016871], [11.653860353745166, 66.72382222403289], [11.64795123855315, 66.72112054003468], [11.633673287996563, 66.71415777083374], [11.620209108845103, 66.70694680147888], [11.607585873738874, 66.69950235219066], [11.595828297570511, 66.69183971636905], [11.584960249685599, 66.68397461356388], [11.575002724442216, 66.67592314356502], [11.56745306121439, 66.66904787323907], [11.565975442681607, 66.66770172924191], [11.297772428714632, 66.4044874989302], [11.093268667895995, 66.19973989244856], [11.091390986437004, 66.19781406945681], [11.08383466317947, 66.18938285416567], [11.077228958113098, 66.18082260950843], [11.071586762534627, 66.17215069499042], [10.953886355126699, 65.9714175910917], [10.798682597131982, 65.70181048686409], [10.674973099947149, 65.5724036409522], [10.641885927277041, 65.53756008241002], [10.608884977398743, 65.50270908246428], [10.579114245690548, 65.47118480303972], [10.57806031107434, 65.47017500091107], [10.873776043246211, 65.41985586568623], [10.984334205245665, 65.40082605286948], [11.021157416172993, 65.3944636230892], [11.021360867086107, 65.39442845725651], [11.023354541389859, 65.3939136825315], [11.400403170850485, 65.29570335497473], [11.486048403039366, 65.2368577958527], [11.83619744648085, 65.15792378151274], [11.915473684751829, 65.16044506554843], [11.938769476378722, 65.14891922236788], [11.938769221745689, 65.14891032607103], [11.938810817146136, 65.14889204604974], [11.93887445960693, 65.14888247860566], [11.938916714792327, 65.14887328274314], [11.938979899857932, 65.14885472501116], [11.939043318895068, 65.14884524274517], [11.93912880620485, 65.14885354414959], [11.939235628608083, 65.14885267150298], [11.939300674626235, 65.1488790561514], [11.939365465940904, 65.14889654447536], [11.939408911408831, 65.14891404605802], [11.93943073547003, 65.14892284381729], [11.939495069489743, 65.14893134184416], [11.939560115959233, 65.14895772638178], [11.93968926250956, 65.14898353334321], [11.939797032312322, 65.14900962233013], [11.939861834605553, 65.1490270208441], [11.93992642404022, 65.14904441498409], [11.940011880501967, 65.1490437343407], [11.940097124016614, 65.1490430493025], [11.940203979008675, 65.14905115751809], [11.940289680303023, 65.14905946261112], [11.940375391980316, 65.14906767805722], [11.940461796072801, 65.14909395918724], [11.940526599013126, 65.14911135741667], [11.940548210664543, 65.14912015066996], [11.940571664074637, 65.14916481528121], [11.940593488729297, 65.14917361287361], [11.940658781828605, 65.1492089828358], [11.940681074767765, 65.14922668105712], [11.940788143631567, 65.14923479320564], [11.94085272385817, 65.1492522765494], [11.94100394305787, 65.1492958658365], [11.941047592884464, 65.14931346089433], [11.941112641839824, 65.1493398447683], [11.941176987748223, 65.14934825248189], [11.94124088594037, 65.14934758033118], [11.941304955775703, 65.14934727089074], [11.941368843638614, 65.1493466882838], [11.941410650904665, 65.1493284118819], [11.941473601748463, 65.1493100279499], [11.941493807095926, 65.14928286880408], [11.94153561417527, 65.14926459236638], [11.941557215963549, 65.14927347507447], [11.941620858381086, 65.14926390646517], [11.941727917374571, 65.14927210754304], [11.94183524242019, 65.14928911524215], [11.941941853588283, 65.1492882363319], [11.942005518032738, 65.14928773870791], [11.942112597892656, 65.14929576031544], [11.942197596731626, 65.14928608819272], [11.942282840998645, 65.14928540191552], [11.942345791144936, 65.14926701761424], [11.942430321003668, 65.14924844472017], [11.942514648120172, 65.14922977783685], [11.942640994276696, 65.14919283849835], [11.9427466775423, 65.1491740681393], [11.94283029990967, 65.14913742494569], [11.9429146160764, 65.1491188474329], [11.943019594436311, 65.14908210074871], [11.943104133560315, 65.14906343787142], [11.943188449303038, 65.1490448602027], [11.94327369278379, 65.14904417335886], [11.943381007610983, 65.14906126955113], [11.943444671499252, 65.14906077131383], [11.94348808699904, 65.14906929017472], [11.943594686941262, 65.14906849968403], [11.943700625337764, 65.14905862494312], [11.943806989546633, 65.14904875880869], [11.943955191830733, 65.14902959703028], [11.944082699235498, 65.14901962282737], [11.944209747461773, 65.14900065828141], [11.944316357434484, 65.14899977767796], [11.944443405403446, 65.1489808129329], [11.944571158663376, 65.14897982420703], [11.944698675923837, 65.14896975987979], [11.944805285764804, 65.14896887892824], [11.944912141979001, 65.14897698379471], [11.945019457619445, 65.14899407881828], [11.945126783711853, 65.149011084167], [11.945213405336219, 65.14903736691863], [11.945298648768855, 65.14903667892364], [11.94536345479074, 65.14905407507662], [11.945427095348666, 65.14904450484379], [11.945532776100249, 65.14902573251024], [11.945681436635615, 65.14901555925245], [11.945808483733929, 65.14899659334726], [11.945872360391625, 65.14899609841663], [11.945957110219476, 65.14897743825914], [11.94604169110995, 65.1489676656729], [11.946125747434449, 65.14894019004737], [11.94616683395318, 65.14890402577551], [11.946186351191137, 65.14886796100404], [11.94622723487847, 65.14883170277835], [11.946225588139397, 65.1487959253884], [11.946203055332433, 65.1487691524833], [11.946159615881626, 65.14875156325118], [11.946116166179689, 65.14873406360539], [11.946028838176103, 65.14868980524906], [11.945964032594349, 65.14867240938482], [11.945940783449936, 65.14862774991447], [11.94590022782827, 65.14858139075899], [11.945895598577318, 65.14857339329218], [11.945901184466171, 65.14855267146812], [11.945903824364889, 65.148518597946], [11.945916319233744, 65.14846379975644], [11.945883859535162, 65.1484101513923], [11.94584819702525, 65.14833425502675], [11.945823795919706, 65.14826622180236], [11.945700006297539, 65.14821610133242], [11.945514601879147, 65.14817280821761], [11.945367026466167, 65.14815875499227], [11.945286809570879, 65.14813062699098], [11.94519636865066, 65.14806151745793], [11.945168001082857, 65.14804836621443], [11.945080683599468, 65.14800590363045], [11.945073430428257, 65.14796507247742], [11.94486470093719, 65.14789822237003], [11.944799095988694, 65.14786554218065], [11.944672930883229, 65.14780827749844], [11.94462915793733, 65.14778619054536], [11.94457064101197, 65.14776425213445], [11.944499067289254, 65.14773522212411], [11.944400704290343, 65.14768490024521], [11.944374114529378, 65.14766002012345], [11.944367106701636, 65.147644879226], [11.944404427300782, 65.14762660042426], [11.944524824056348, 65.14759860908349], [11.944629913651776, 65.1475682400873], [11.944682061005377, 65.14754352773484], [11.944702374533707, 65.14752095067736], [11.944710948202072, 65.14747613121861], [11.94468309713447, 65.14742697708257], [11.944649303488111, 65.14738865849796], [11.944622247903148, 65.1473529918734], [11.944566739754944, 65.1473067765889], [11.944505262440615, 65.14726421159048], [11.944445605215545, 65.14722437792304], [11.944390097639666, 65.14717816257497], [11.944324132420224, 65.14713379965309], [11.944301469507133, 65.14710262312235], [11.944304447282136, 65.14707304691899], [11.94432396930053, 65.14703509647767], [11.944346821582842, 65.14700529670354], [11.94436896216335, 65.14698167922643], [11.944381148651814, 65.14694070538411], [11.944356600423053, 65.14690922100631], [11.944312569053729, 65.14688012357855], [11.944213853613396, 65.14681991536592], [11.944132803440663, 65.14676940728435], [11.944023527979603, 65.1467119473675], [11.943929674946752, 65.1466651297685], [11.943826914809927, 65.1466104069667], [11.943754543548936, 65.14656609277728], [11.943705656111074, 65.14652171846123], [11.943678832499044, 65.14648776272578], [11.943655728109366, 65.14645487070642], [11.943636893383792, 65.1464164077742], [11.9436250356685, 65.14638778643622], [11.943634336182456, 65.14636076397686], [11.943671868378111, 65.14634248969004], [11.943696523281837, 65.14633966940801], [11.943834635371104, 65.14631347680438], [11.944006722738196, 65.1462572620588], [11.944236583429443, 65.14620159610442], [11.944459918438396, 65.14614328215963], [11.94469037292837, 65.14610469130899], [11.944895640206182, 65.14606612567239], [11.945074344386558, 65.14601543313233], [11.945118626191515, 65.1460034030454], [11.94526006728277, 65.1459259962251], [11.945340392134131, 65.14581402492438], [11.945335986459538, 65.14572619201539], [11.945268484533353, 65.14564327020702], [11.945128370610163, 65.14556820879989], [11.945111016539462, 65.1455446844994], [11.945086391888701, 65.14552684960327], [11.945023734077932, 65.14550940715297], [11.944957513407513, 65.14550994362784], [11.944904625086552, 65.14550033396473], [11.944855762710995, 65.14547984966119], [11.944804756531191, 65.14543534270778], [11.944727398672201, 65.14537503117651], [11.94456308944239, 65.14528214297358], [11.944325185029042, 65.1451611710496], [11.94420436154366, 65.14509099234093], [11.944187415373426, 65.14508247429977], [11.944061051759672, 65.1450252048078], [11.944002082356855, 65.14499427595845], [11.943908228732635, 65.1449456620519], [11.943838113923134, 65.14490588426786], [11.94378351011461, 65.14487226025165], [11.943768616862009, 65.14484591205496], [11.943793480548031, 65.14481345912179], [11.943868019426679, 65.14476845778476], [11.94394092916352, 65.14473204484905], [11.944084985121965, 65.14466897209107], [11.944182611516373, 65.1446124966897], [11.944295345417066, 65.14451375981267], [11.94439521631063, 65.1444600243047], [11.944471188792711, 65.14444334169124], [11.944650602202085, 65.1444086502307], [11.944770624282958, 65.14437265830352], [11.944805420751244, 65.14434103633035], [11.94480620446324, 65.14426561292849], [11.944779786620622, 65.14420032237398], [11.944714439292262, 65.14412283265449], [11.944609448393503, 65.1440671666894], [11.944506121171187, 65.14400075749859], [11.944393412314293, 65.14391017804282], [11.94425224212577, 65.14380545717883], [11.944144172475808, 65.1437283535911], [11.943825014194195, 65.14365341264907], [11.94379266502942, 65.14364152700959], [11.94368433104417, 65.1436019577655], [11.94359758495469, 65.14357136044572], [11.943517603192173, 65.14354503220461], [11.943448420489483, 65.14352314513305], [11.943387914374568, 65.14350745214517], [11.943286101765233, 65.14347241620561], [11.943171553874846, 65.14343307909088], [11.943080232054978, 65.14339960406738], [11.943008900469149, 65.1433778525763], [11.942940416373025, 65.14337214510321], [11.942844392355516, 65.1433683905839], [11.942759054584188, 65.1433644947154], [11.942651759318931, 65.14334928407918], [11.942559066134631, 65.14332772533744], [11.942515648251783, 65.14331004548994], [11.942460483944364, 65.1432702126596], [11.942432757509826, 65.14322375475783], [11.94242402136846, 65.14317175681694], [11.94242284213579, 65.14314308371854], [11.942399855617829, 65.14310920592962], [11.942323559748504, 65.14307127703258], [11.942301869824217, 65.14306320083536], [11.942263526820282, 65.1429273460654], [11.942255588417868, 65.14280172105653], [11.942305698760613, 65.1426371355793], [11.942360259266067, 65.14252284405933], [11.942419110806274, 65.14241205279366], [11.942474444564125, 65.14227065472296], [11.94254314639925, 65.14214102485549], [11.942675385824597, 65.14200442850735], [11.942820806856444, 65.14188121301139], [11.942943103509027, 65.14180314869857], [11.943062903123819, 65.14176715374414], [11.943150029803864, 65.14176102740818], [11.943303003551716, 65.14180016036799], [11.943429032388932, 65.14180273035711], [11.943674630247164, 65.14176759373929], [11.943902655870744, 65.14177017741088], [11.944114623836347, 65.14178806010484], [11.944274707920417, 65.14178952748887], [11.944343929602972, 65.14176839661106], [11.944451058475387, 65.1416885850008], [11.944494162165194, 65.14164779236641], [11.944494903361464, 65.14162095463843], [11.944472740880206, 65.14160586402491], [11.944380175973288, 65.141583231241], [11.944215135650229, 65.14151915596003], [11.944233307023602, 65.1414854888625], [11.944232730240852, 65.14148493825097], [11.944220411270383, 65.14144921262005], [11.944235281568524, 65.14139787569353], [11.944286714827259, 65.14135886948972], [11.944349727820287, 65.14133419931925], [11.944412667889516, 65.14131572444653], [11.944465018932208, 65.14129469866208], [11.944496252664884, 65.14127916977145], [11.944520600130605, 65.14124931070698], [11.94454697993066, 65.14122218733209], [11.944550435762542, 65.14120699027818], [11.944516520210275, 65.14116238240828], [11.944445832127691, 65.14110912173862], [11.944373806914493, 65.14107119108235], [11.944325311546104, 65.14103832032278], [11.944306612890301, 65.14100426081548], [11.9442851488058, 65.1409534404842], [11.944262261847, 65.14091498476036], [11.944200233778654, 65.14086621132769], [11.944199987648672, 65.14085722542562], [11.94416286256143, 65.14084236856077], [11.944118872233203, 65.14081300230471], [11.944057426663836, 65.14077771200782], [11.943965929303586, 65.14072914592032], [11.943911034729139, 65.14069812033055], [11.943791195789853, 65.14063810939179], [11.943719069650147, 65.1406010744146], [11.943664272144067, 65.14056735643831], [11.94358989464671, 65.14052578504175], [11.943459159282671, 65.14046591085435], [11.943317956080866, 65.14040429631923], [11.943263398712377, 65.14037776779001], [11.943137265534903, 65.14031870562414], [11.943045239701128, 65.14026734406592], [11.942973335046112, 65.14023210939123], [11.942914377422527, 65.14020118014912], [11.94282693903614, 65.14015260627653], [11.942764925679203, 65.14010374266665], [11.942748683758307, 65.14007431328494], [11.942721179439712, 65.14002965608596], [11.942676493500734, 65.1399896777145], [11.942632499669642, 65.13995851472067], [11.942611153609684, 65.13994191369181], [11.942481937825523, 65.13988000395838], [11.94242957370782, 65.1398122077186], [11.942389226810693, 65.13976234896884], [11.942280697748036, 65.13972277442885], [11.942100934433208, 65.13965884522783], [11.94191257085986, 65.13954732118516], [11.941702849900718, 65.13943598975426], [11.941468297714568, 65.13933834111273], [11.94129560085771, 65.13924644484923], [11.941160490638069, 65.13918019255416], [11.941030973714364, 65.13910058292714], [11.940891523033413, 65.13898682260844], [11.940759634256924, 65.13889818340245], [11.940681998300617, 65.13878496608596], [11.940676728427654, 65.13871588516677], [11.94055571181352, 65.13867919768555], [11.940377355898251, 65.13864574023411], [11.940177887868574, 65.13852886796447], [11.939951841954558, 65.13839825082627], [11.939926428332974, 65.13838920009134], [11.93983959149647, 65.13835401812199], [11.939774351236567, 65.13832583312762], [11.93974102707545, 65.13829470741815], [11.939749738381568, 65.13825429157339], [11.939738113849264, 65.13822926690531], [11.939704912152626, 65.1382026341409], [11.93963123675859, 65.13817544435899], [11.939606690074486, 65.13814961696228], [11.939600801778095, 65.13811554888119], [11.939610103275504, 65.13808852665083], [11.939612402037788, 65.13804636330629], [11.939616936581828, 65.13800146153248], [11.93962623802004, 65.13797443930052], [11.939629457959516, 65.13795205277098], [11.939655259634954, 65.13791144704895], [11.939674650972542, 65.1378727760398], [11.939687846461066, 65.13783047596016], [11.939720382993954, 65.13779252240437], [11.93976519027221, 65.13775176588497], [11.939795122353384, 65.13773270885838], [11.939933775894033, 65.13766072889743], [11.940024645920685, 65.13760348982522], [11.940071456135156, 65.13755460149244], [11.940121419503164, 65.13752463743282], [11.940069613717721, 65.13737431702233], [11.938139846433495, 65.13229283551544], [11.937211335415592, 65.12984685390121], [11.937213360013706, 65.12984779337805], [11.935947601882987, 65.12662523961184], [11.939279154992617, 65.12461532935794], [11.942288129336731, 65.12278961327816], [11.945156287135193, 65.1211094257115], [11.949567031844822, 65.11847451015699], [11.949637366004787, 65.11846354886839], [11.953385168556512, 65.11787766458067], [11.955682001233662, 65.11752678150766], [11.960207336456573, 65.11682244815121], [11.95901926215651, 65.11622427765701], [11.958125129429837, 65.11577396397911], [11.953943491273813, 65.11366595289597], [11.949893669981735, 65.11162408339041], [11.946211471489104, 65.10976956846669], [11.944892943755203, 65.10924558144852], [11.943695317807185, 65.10877155863983], [11.93745197619396, 65.10628398841428], [11.93727543103451, 65.10621266103432], [11.934162279135185, 65.10495520063775], [11.932275577239645, 65.10418469662817], [11.930785389601663, 65.10363694152919], [11.926061347978775, 65.10174723664953], [11.923513021297916, 65.10073437114487], [11.920935428206144, 65.09970540969553], [11.925094278276314, 65.09726973624574], [11.92517265276698, 65.09722383651486], [11.926096064256043, 65.09667690805995], [11.959581455943903, 65.0777703078055], [11.961021638744038, 65.07712950648936], [11.961208225886592, 65.07705013385049], [11.963208098885389, 65.07620819438253], [11.963354565160657, 65.07614641556843], [11.963827014055552, 65.07594746955026], [11.964329262794797, 65.0757353861644], [11.965735145118755, 65.07516946633363], [11.966959466843848, 65.07484601749078], [11.969417739376317, 65.0743624674529], [11.973153437668753, 65.0734588347457], [11.97780625029148, 65.07205168222865], [11.979387820089125, 65.07130212183479], [11.980374479903313, 65.07100888381953], [11.981555968116739, 65.0708591320159], [11.981741868420784, 65.07083558174939], [11.984330498258178, 65.0706101980672], [11.984131789990032, 65.0680250396213], [12.028328842578711, 65.06831236411172], [12.035169240009399, 65.06744274504736], [12.040413069888503, 65.0675738969453], [12.048860802827534, 65.06686899532104], [12.048811011377667, 65.06558579224617], [12.045820579521084, 65.06273259045744], [12.045806134747291, 65.06264411746878], [12.045872068622405, 65.06255597497952], [12.045985833861293, 65.06248925260486], [12.046111182525722, 65.06244853272578], [12.046214544516399, 65.06234514424182], [12.046230745162239, 65.06225655815327], [12.046135961575281, 65.06216739645147], [12.045660930296789, 65.06201764914552], [12.045306247080717, 65.06194715042481], [12.04497734138523, 65.06184563892337], [12.04482198786569, 65.06173489389064], [12.044712212712485, 65.06157763276714], [12.044711416539007, 65.06139872707621], [12.044670532730883, 65.06128781918953], [12.04447852142146, 65.0611489590001], [12.044359161921195, 65.06098800575448], [12.044365632125865, 65.06083950765168], [12.044481539106004, 65.06069972816503], [12.044511899999817, 65.06059283256043], [12.044668490038239, 65.06052929252483], [12.04463841487879, 65.0602077379181], [12.04436363517469, 65.06011133554657], [12.044252734060533, 65.06002185385618], [12.044226032314448, 65.05973898156348], [12.044293990513097, 65.05957885679211], [12.04440746615714, 65.0594974021166], [12.044657833034497, 65.05934007414804], [12.044773684828764, 65.05919688088815], [12.044779847668098, 65.05905304652825], [12.044578154927036, 65.05893833180905], [12.044317343750974, 65.05877170888039], [12.044311329596166, 65.05863796129456], [12.044429164074428, 65.05845385676783], [12.044669214428195, 65.05825519467166], [12.044933991814682, 65.05804642400571], [12.045172952223101, 65.05787863231411], [12.045363025993822, 65.05771050294727], [12.045427113647595, 65.05750459099978], [12.045372832530433, 65.05605811979531], [12.037704727454189, 65.0477252842412], [12.036743288132513, 65.04403384298665], [12.039299294644772, 65.03926099665185], [12.04012528238929, 65.03476835609091], [12.036030955500108, 65.03014172412959], [12.041047463298026, 65.0298289542408], [12.043593908309672, 65.02420182980349], [12.043628506678075, 65.02416371895056], [12.044519869160052, 65.02257493322368], [12.045221262382318, 65.02158470471768], [12.047718333655022, 65.017491401966], [12.049133689390915, 65.0155573269355], [12.049027102785011, 65.01550717553704], [12.048974864132411, 65.01547255647971], [12.048960626966025, 65.01542458902644], [12.049039176027732, 65.0153613921744], [12.049189474792184, 65.01526000924207], [12.04930133793116, 65.01517205586528], [12.04939567096144, 65.01511590603229], [12.04955414531939, 65.01506928534947], [12.049760223311276, 65.01504156578619], [12.049955140035223, 65.01502260590459], [12.050166746376052, 65.01499481538795], [12.050433576408828, 65.01494000652643], [12.050576606209484, 65.01487745381567], [12.05070056715377, 65.0147645033996], [12.050730890627554, 65.01469182193726], [12.050815185123803, 65.01461499765126], [12.050935675616799, 65.01456807449435], [12.051067285543251, 65.01452622024672], [12.051166868685014, 65.01447439385575], [12.051245490483375, 65.01440661737936], [12.05135633923305, 65.01433929756845], [12.05154850584098, 65.01427017062535], [12.051766692916468, 65.01420577794438], [12.052060679067647, 65.0141491675443], [12.052304931664805, 65.01411025421442], [12.052424156821491, 65.01409976546621], [12.05259642923879, 65.01410118990279], [12.052768167743624, 65.01412092365999], [12.052927104381435, 65.01418162470594], [12.053087311189628, 65.01420580033384], [12.053281030789972, 65.01421878290239], [12.053437508074081, 65.01421324918243], [12.05356185991163, 65.01421211050656], [12.053706724388316, 65.01421559721439], [12.05392763136003, 65.01422660079511], [12.05409451725951, 65.0142325870424], [12.054277632325798, 65.01423197830599], [12.054455807030697, 65.01422417737786], [12.054569175694253, 65.01422057612997], [12.054779734509461, 65.01421565863022], [12.054936388264075, 65.01421237192714], [12.055135591606433, 65.01421414490433], [12.05534124478814, 65.01419979025697], [12.055584839208787, 65.0141745088672], [12.055808028278198, 65.01412628398722], [12.055943515848512, 65.01410695304725], [12.056149721811455, 65.01408371760493], [12.05632359344165, 65.01405328883953], [12.056525279655267, 65.01400939868233], [12.056792538378367, 65.01394084724551], [12.057092551277112, 65.01386602591295], [12.057272233315993, 65.01381945606454], [12.05743577939114, 65.01378442218846], [12.057594964602552, 65.01371957710967], [12.05770679365281, 65.01363161727849], [12.057728159607414, 65.01352247742216], [12.057781128526859, 65.01342716138832], [12.05786608644926, 65.01333445126055], [12.057921977428919, 65.01329163825756], [12.05802118675852, 65.01324689471193], [12.058212533608614, 65.01318690342389], [12.058349975189115, 65.01314012889267], [12.05843705943479, 65.0131090658519], [12.058542562702865, 65.01304379106035], [12.058598743372817, 65.01299640353574], [12.05857414271162, 65.01294598800843], [12.05861407617326, 65.01290537496884], [12.058771612607789, 65.01287471156472], [12.058960934065114, 65.01285814457324], [12.059305957251812, 65.01285649762791], [12.05952179649529, 65.01285365328768], [12.059721000024675, 65.01285533049956], [12.059871800649285, 65.01285883840268], [12.060065538837126, 65.01286965734546], [12.060275153387607, 65.0128828540581], [12.060447003813863, 65.01289575613337], [12.060613380119104, 65.01290630516468], [12.060656663276117, 65.01290661828966], [12.060765379865696, 65.01288927069278], [12.060885351519193, 65.0128584045558], [12.06099340672426, 65.01285478375999], [12.061120681854339, 65.01289455714284], [12.061310539431739, 65.01298504383287], [12.061430264454332, 65.01308187335378], [12.061523579318571, 65.01316013253951], [12.061664804996317, 65.01325262531421], [12.06174424139976, 65.01328526037925], [12.061844713557967, 65.01332935513344], [12.061961422585044, 65.01336676456829], [12.062052651751948, 65.01337906641501], [12.062219657656518, 65.01337813111073], [12.062376384628486, 65.01337025814364], [12.062560252665973, 65.01336273927183], [12.062700590321775, 65.01335714789641], [12.062813821239738, 65.0133489577657], [12.062884369386946, 65.01334271199485], [12.062971434556886, 65.01332529616514], [12.06302166070918, 65.01329144013924], [12.063038187561393, 65.01328018049625], [12.062958739722633, 65.01324763572242], [12.062895242768029, 65.0132264504755], [12.062783918791023, 65.01318447790514], [12.062754150818304, 65.01312498118904], [12.062860239747174, 65.01304848956725], [12.062965485707036, 65.01298545185182], [12.063185910334747, 65.01287331151902], [12.063297816233364, 65.01279217442146], [12.063369426290198, 65.01276080430323], [12.063586061769948, 65.01273524944129], [12.06361295602794, 65.01273784375607], [12.063687893491359, 65.01274766898989], [12.06374705288788, 65.01275035887565], [12.063929808496008, 65.01275871175856], [12.064230962509846, 65.01277945007202], [12.064483236668408, 65.01280443553846], [12.064708685453565, 65.01282233763627], [12.064896670367391, 65.01283528228895], [12.065090410573912, 65.01284609472334], [12.065203481889572, 65.01284705965172], [12.065273850551637, 65.0128385641643], [12.065383768931632, 65.01280058205498], [12.06552606939905, 65.01275389662464], [12.065620216492773, 65.01269324335581], [12.065694104147969, 65.01261405163497], [12.065764619444789, 65.01248243815695], [12.065834741268079, 65.01236213216912], [12.065891934495868, 65.01229186211258], [12.06595499475623, 65.01221263715618], [12.065995976907654, 65.0121468979451], [12.066053203427893, 65.01207438340481], [12.066121603611707, 65.01199292841488], [12.066166785296057, 65.01194307709487], [12.066250982747366, 65.01186857787766], [12.06633600585435, 65.01178268979348], [12.066461263037585, 65.01175192318581], [12.06658022634244, 65.01174366332415], [12.066753457019425, 65.01172461527813], [12.066841172421974, 65.01169347014743], [12.066847151544206, 65.01167769237249], [12.066899525921114, 65.01160292696487], [12.066976513292381, 65.01156699106635], [12.067085666411216, 65.01153590765429], [12.067195257436245, 65.0115027672868], [12.067202717789945, 65.01145028897142], [12.067185106795181, 65.0113612172578], [12.067241268607917, 65.01131382639376], [12.067390048159425, 65.01124670160549], [12.067515993319645, 65.01119996266378], [12.067695797601441, 65.01115580791003], [12.067918769754383, 65.01111878680992], [12.068000383873283, 65.01109677100114], [12.068143564033807, 65.01103420534386], [12.068178538610915, 65.01097283785595], [12.068170646858558, 65.01091125736636], [12.068158807040312, 65.0108198744242], [12.06817832152787, 65.01074266740386], [12.068234726129743, 65.01069303589146], [12.068350563047813, 65.0106300230334], [12.068460448282197, 65.01059221781398], [12.068630035364695, 65.01053663600902], [12.068733654201026, 65.01050562244725], [12.068820971834146, 65.01048578366685], [12.068929765373413, 65.01046178641401], [12.069097911195843, 65.01044254618557], [12.069281020044057, 65.01044173972691], [12.06941566751789, 65.01044528036486], [12.069550480081109, 65.01043957437429], [12.06975082432658, 65.01042294097587], [12.06978937724504, 65.01040052824608], [12.069856235865759, 65.01036008165217], [12.069978868988123, 65.01026990075404], [12.07011776767818, 65.01017078917253], [12.070202382018488, 65.01009620634572], [12.070318814384095, 65.0100218885319], [12.070435013733308, 65.00996130597326], [12.070555405341727, 65.00991670076381], [12.070572061347516, 65.00991002286695], [12.070605340298602, 65.00988535120192], [12.070661946846055, 65.00982413820016], [12.070690743481896, 65.00978806336926], [12.0707309492495, 65.00973119837569], [12.070747540621985, 65.00961280387902], [12.070782598821802, 65.00954479208866], [12.070773630950137, 65.00951040110559], [12.070753617057422, 65.00947606283951], [12.070748455776668, 65.00946698125848], [12.070723111742078, 65.00943478350699], [12.070692606519582, 65.00939350416837], [12.070678467748818, 65.00935012120715], [12.070568126492587, 65.00928760868221], [12.070526773428357, 65.00924845136939], [12.070485767568995, 65.00920032052244], [12.070483398788808, 65.00913866896742], [12.070501834516543, 65.00908865099568], [12.070531694530366, 65.009068043236], [12.07069088963904, 65.00895801421314], [12.070834095587514, 65.00889311185522], [12.070945416792993, 65.00881887299192], [12.071013345911892, 65.00873956213061], [12.071105307929754, 65.0086172578629], [12.071142653796045, 65.00850124612464], [12.071156928631943, 65.00843300621163], [12.071156371129995, 65.0083257701383], [12.071143890297206, 65.00824595960054], [12.071109825094874, 65.00816357039206], [12.071032682296103, 65.00808294045707], [12.07092835497607, 65.00800240582394], [12.070828721385205, 65.00794683870681], [12.07067607937189, 65.00786355998352], [12.070613346207313, 65.00782191772973], [12.070572631579084, 65.00776921261225], [12.070553486984188, 65.00772115143424], [12.070577820092273, 65.00765993394715], [12.070672834774948, 65.00758528561596], [12.070805889522006, 65.00750446865108], [12.070965949775148, 65.00742130764229], [12.071180911539248, 65.00731371927328], [12.071369641498235, 65.00720139534631], [12.071496938858788, 65.00712270997846], [12.071597423122888, 65.00705041348405], [12.071731238613122, 65.00694904574318], [12.07176174115293, 65.0068741194012], [12.071788147404181, 65.00676489766975], [12.071793819355573, 65.0067557591693], [12.071783916539314, 65.00673957997289], [12.071760244990793, 65.00666888956067], [12.071762668344796, 65.00661191200336], [12.07177207824611, 65.00652992654759], [12.071765489830579, 65.00644089208407], [12.071775564866009, 65.00633152967072], [12.07183799135774, 65.00626360545061], [12.071921956964129, 65.00620059378386], [12.072005840810982, 65.00613057581681], [12.072087744903355, 65.00610380416185], [12.072212824383989, 65.00608209986736], [12.07237523488736, 65.006060678458], [12.07252761179, 65.00603007981955], [12.072658641124763, 65.00599475192672], [12.072763922814596, 65.0059270389749], [12.072833509020834, 65.00582279464766], [12.072838163274763, 65.00572024079872], [12.07281661774339, 65.00559912283799], [12.0728248592158, 65.00554908440736], [12.072880974401658, 65.00549028581074], [12.072969273336366, 65.00544774391463], [12.0731115450347, 65.00539889618457], [12.073280454538802, 65.00535685672575], [12.073454183041111, 65.00533089651437], [12.073600671717632, 65.00530943117262], [12.073785135617388, 65.00528817116417], [12.073920330100968, 65.00527097431667], [12.074104562040368, 65.00524988898174], [12.074245033247447, 65.00524653513963], [12.074427904479204, 65.00524562845786], [12.074600833791564, 65.00524246127962], [12.074789461684139, 65.00523744620311], [12.074918917895692, 65.0052338759165], [12.07505400688839, 65.00523508563161], [12.075145209033533, 65.00523579469092], [12.07522096179043, 65.00523413557461], [12.075350706341988, 65.00522599060461], [12.07548036445086, 65.00522251359124], [12.075609589072679, 65.00521911777811], [12.07588480175976, 65.00521238472578], [12.076111092819763, 65.00521430203634], [12.076342665836515, 65.00521838790608], [12.07652544087724, 65.00522223633702], [12.07660649894164, 65.00522059059944], [12.076752129863344, 65.00521275547986], [12.076822855410263, 65.00520659677458], [12.076915219880973, 65.00518891788934], [12.07710077739305, 65.00513821985749], [12.077231690219069, 65.00509803646405], [12.077357900614176, 65.00504455986729], [12.077584063715607, 65.004937002607], [12.077667445406266, 65.00488304664498], [12.077733374335141, 65.00484697904524], [12.07779462341451, 65.00481099942789], [12.077850987669011, 65.0047614537327], [12.077885643500787, 65.00470465811414], [12.07791703973856, 65.00460002350574], [12.077840366540388, 65.00451500606141], [12.077745900910283, 65.00445487495661], [12.07767203460862, 65.00441795695389], [12.077554921271451, 65.00439411184288], [12.077468689527464, 65.00438874194934], [12.077274588018886, 65.00438952221945], [12.077123732747577, 65.0043927653478], [12.077010484725555, 65.00439180544348], [12.076930336614906, 65.00437739443387], [12.076915351747694, 65.00435914044111], [12.076896317391883, 65.00430416752198], [12.076899981725084, 65.00422215928829], [12.076926983416438, 65.00410145385047], [12.076947262561395, 65.00400145109559], [12.076976971260402, 65.00394913876497], [12.07701712521172, 65.00389254077994], [12.077114059693365, 65.00377482093397], [12.07726042126983, 65.00364378999423], [12.077361052598446, 65.00356017773352], [12.07738928661677, 65.00353298131529], [12.077478111929596, 65.00346997217], [12.077600356343076, 65.0033866930519], [12.077727388577017, 65.00332173757148], [12.077826613608549, 65.0032723124514], [12.07793227542854, 65.00320478324798], [12.078020965739881, 65.00315075147076], [12.078104340897564, 65.00309679522614], [12.078182251661866, 65.0030403971182], [12.078233789370955, 65.00297477194619], [12.078285048752798, 65.00291363146181], [12.078324523227803, 65.00287291501499], [12.0783474076577, 65.00284803842735], [12.078404090424819, 65.00277999941326], [12.078527665209135, 65.00266702087475], [12.078606950362609, 65.0025902641978], [12.078696675906858, 65.00251119729947], [12.078802762407225, 65.00243002581516], [12.07889715000597, 65.00236461028194], [12.079052226436152, 65.00227020833655], [12.085053614651017, 64.9999476605113], [12.09363463414503, 65.00121873154357], [12.100780263206577, 65.00227706548499], [12.10240528171684, 65.00251767277763], [12.114132890505894, 65.00425321987784], [12.122312724843354, 65.00182116176661], [12.125959862509482, 65.00073649312934], [12.131711706328694, 64.99902560652683], [12.12340569878838, 65.0088771189436], [12.119992405405446, 65.01292330245442], [12.122755062031676, 65.01260810259188], [12.124077367767462, 65.01245711497248], [12.124088535997869, 65.01247960058524], [12.124145418225224, 65.01253700094246], [12.124191832985657, 65.01258512984728], [12.12419628981392, 65.01259895515605], [12.124231869325705, 65.01264714479288], [12.124268559891787, 65.01267712630381], [12.12433078883253, 65.0127322049208], [12.124377591909536, 65.01276687115369], [12.124435162391903, 65.0128060551248], [12.12448239916685, 65.01284063987103], [12.12452464809542, 65.01286830372133], [12.124534451066763, 65.01287980733971], [12.124566144655557, 65.01290295751303], [12.124632812214385, 65.0129740161403], [12.124658368377643, 65.01301078760167], [12.124689019747587, 65.01304756735698], [12.124723740895195, 65.01311163501697], [12.124769982430992, 65.01317125483912], [12.124819600094984, 65.01326066361086], [12.12487561612278, 65.01333403145038], [12.124926537247628, 65.0134073909793], [12.124946217071674, 65.01345536411179], [12.124985270103686, 65.01354232441253], [12.125004360822393, 65.01360169085585], [12.125033148079655, 65.01367947346134], [12.125052857523483, 65.01372520213039], [12.125087300368362, 65.01379384414263], [12.125110673869376, 65.01387852694685], [12.125123868614676, 65.01394927432962], [12.125126662956703, 65.01400617182921], [12.125124284217037, 65.01406772917294], [12.125142874028551, 65.0141317555679], [12.125154600788314, 65.01422995363284], [12.12517831303036, 65.0143075486963], [12.125202799666429, 65.01436019412625], [12.125209740556631, 65.01445156501983], [12.125216749588015, 65.01453835739882], [12.12528301632967, 65.01462305759321], [12.125286660974627, 65.01466416656353], [12.125283868337071, 65.01472562613363], [12.125258329242186, 65.01481888623819], [12.125217381301972, 65.01489155483216], [12.125160966022221, 65.01494812080165], [12.125099252725192, 65.01500458476893], [12.12505902964873, 65.01505670297199], [12.125020226263823, 65.01508379416063], [12.124976463560328, 65.01510172002308], [12.12489937986469, 65.01513525831004], [12.124839645766214, 65.01515754629769], [12.124816881437162, 65.0151756967577], [12.124811033101507, 65.01518465401915], [12.124799278212036, 65.01520508183455], [12.12479828197103, 65.01523011699304], [12.124797073814635, 65.01525514807183], [12.124807533111873, 65.01526450907791], [12.124853973306736, 65.0153104829521], [12.124869238171474, 65.01532649190068], [12.124921370999113, 65.0153748203505], [12.124936499631092, 65.01539998631777], [12.124967047001496, 65.01544367859516], [12.124977043393477, 65.01545734109928], [12.124991612001821, 65.0154916559278], [12.124995497450165, 65.01553052453002], [12.124998600915685, 65.01558060313872], [12.12499679390436, 65.0156171171491], [12.125005580222572, 65.01566963996332], [12.125008635174929, 65.01572214224961], [12.125023174712627, 65.01575870152368], [12.125053780806468, 65.01579988049049], [12.125084194672098, 65.0158389005379], [12.125130538956633, 65.01589169729073], [12.125149999308608, 65.0159397559271], [12.125169739765974, 65.01598324012738], [12.125195048652612, 65.01602234148356], [12.125219314954762, 65.01607704804712], [12.12526167695978, 65.01609582352206], [12.125272754951142, 65.01609352233591], [12.125272233782201, 65.01610033713959], [12.125276226681624, 65.01613229315737], [12.125290998297139, 65.0161667016509], [12.125304562203503, 65.01622614122478], [12.125334840437354, 65.01627629385263], [12.12536916089966, 65.01635202760194], [12.125403790492175, 65.01642291806525], [12.125416909388488, 65.01649833353682], [12.125440509620372, 65.01656910150909], [12.125502014899473, 65.01664481961765], [12.125536944753884, 65.01670898078258], [12.125546922605979, 65.01672282247932], [12.125571913622602, 65.01677080787579], [12.125602261269803, 65.01681440633374], [12.125632550614664, 65.01686249368358], [12.125683577555286, 65.016929029999], [12.125739902920305, 65.01699566825627], [12.125763918627841, 65.01706653395024], [12.125788669226655, 65.0171167596821], [12.125828791730099, 65.01718793531411], [12.125869215404117, 65.01724052804006], [12.125926999859358, 65.01727980515795], [12.126005687644314, 65.01732612970743], [12.126084962807985, 65.01737686573325], [12.126177952056352, 65.01746198973751], [12.126214699743299, 65.0174895471113], [12.126294025953575, 65.01752205451378], [12.126378332008988, 65.01756157231107], [12.12650667274069, 65.01759448379765], [12.126602531684435, 65.01761347983309], [12.12673153933096, 65.01762835407341], [12.126860760283439, 65.01762940304687], [12.12686628016142, 65.017629419428], [12.126968556813594, 65.01763021940111], [12.127071055046278, 65.01763093376579], [12.127130174190889, 65.0176361119157], [12.12725924023627, 65.01764847240766], [12.127291145058102, 65.01765788648073], [12.12740172183647, 65.01771577920886], [12.127428068065727, 65.01772948656121], [12.127475095720742, 65.01776415593251], [12.127490565824308, 65.01778025831184], [12.127536725629843, 65.01783089542943], [12.127588974479771, 65.01787231039555], [12.127650807096213, 65.01794111914239], [12.127686535148468, 65.01798015095275], [12.127721163273764, 65.0180511305147], [12.12775139974138, 65.01810370634922], [12.127772168609976, 65.01811991058844], [12.128560103868919, 65.01872603596703], [12.128628579637716, 65.01874890440781], [12.12872677674147, 65.01871065137351], [12.128777247702693, 65.01870740096108], [12.128826822489275, 65.01871841154596], [12.128832245267413, 65.01878056776212], [12.128824855475132, 65.01882559524176], [12.128854989064948, 65.01887322981128], [12.128901288249846, 65.01891866069876], [12.128955911318931, 65.01895185913209], [12.12901888706094, 65.01898045867715], [12.129086429259354, 65.01902387320283], [12.129207275586255, 65.01907325120497], [12.129287525366344, 65.0191308289015], [12.129414750508277, 65.01924336907362], [12.129514095891745, 65.01932879248037], [12.129699415868474, 65.01945412282664], [12.129861297495344, 65.01955448709533], [12.129991136323044, 65.01960915580426], [12.130242509600611, 65.019679180435], [12.130392397526176, 65.01971528612694], [12.130484143969193, 65.01974497652387], [12.130600341598479, 65.01976849135715], [12.130781615956437, 65.01976155669857], [12.13096291873762, 65.01974842615769], [12.131113750629556, 65.01976191960301], [12.131215997701286, 65.01977097758606], [12.131288476452449, 65.01979221540854], [12.13134584984531, 65.01982357991156], [12.13173362213194, 65.02013841227462], [12.131771209044084, 65.02017999306186], [12.131885104903914, 65.02037920142344], [12.131931980886622, 65.0204311977289], [12.132027471519057, 65.02047945781993], [12.132190522181446, 65.02056116335946], [12.132259217501323, 65.02066907489176], [12.132310757780154, 65.02072116060458], [12.132458926267415, 65.02080895591081], [12.132726042538875, 65.02096791094056], [12.133060752018302, 65.02115213935737], [12.133052036383905, 65.02124716010309], [12.133044059380486, 65.02131947561949], [12.133074891944728, 65.02140025879199], [12.133140581292292, 65.02146895932582], [12.133221645272442, 65.02151909688418], [12.133347929138697, 65.02165846539467], [12.13431767310882, 65.0217898607945], [12.147932922749726, 65.01929970002185], [12.14856097300379, 65.01918597171026], [12.149926102842516, 65.01893373784829], [12.150888954953706, 65.01826954342464], [12.15259890570947, 65.0171707719878], [12.152605603575484, 65.01710795052462], [12.152763731719793, 65.01641951214516], [12.152829238772195, 65.01620542273537], [12.152834980450722, 65.01615156294673], [12.15310825476095, 65.01498040436955], [12.156320446967298, 65.01173708901355], [12.156655470872803, 65.01138418266467], [12.157397099813686, 65.01059002156373], [12.157610119601308, 65.01036984851248], [12.16067044868199, 65.00720662739514], [12.161407815151238, 65.00644433683296], [12.162094726680674, 65.0062766292065], [12.186557988677269, 65.0003043260396], [12.186641854549919, 65.00028381631654], [12.186834410884577, 65.00023679910143], [12.187075769066322, 65.00017777034235], [12.187161154509246, 65.00015692978084], [12.191622985541755, 64.99907410459105], [12.183327303969003, 64.99378704049093], [12.17976985536496, 64.98989608985164], [12.180828343688383, 64.98229673208488], [12.182369120386943, 64.98135655673792], [12.182701964749718, 64.98122877356279], [12.182962974461661, 64.981116515455], [12.183150903872862, 64.98103565348036], [12.183353701678328, 64.98094851672239], [12.185007730188712, 64.97977689032449], [12.187387584701735, 64.97810394278142], [12.188790459894019, 64.97747270559627], [12.189589344332113, 64.97725967104213], [12.193505852645368, 64.97611673312464], [12.19390971213677, 64.97589696306615], [12.194261928377216, 64.97574904641702], [12.196037861368739, 64.97527993074641], [12.197578042339568, 64.97479181911696], [12.198116204480717, 64.97462125588333], [12.200300586840424, 64.97376267979989], [12.20275193078269, 64.97285565078126], [12.205370903566964, 64.9724713788902], [12.20541583575841, 64.97248164933913], [12.210464691278688, 64.97363682773967], [12.212179330226718, 64.97310468959462], [12.21406000488894, 64.97238212238861], [12.21439520160862, 64.97231061853564], [12.214815708215289, 64.97225049463205], [12.21729083974524, 64.97164261176054], [12.219901379275004, 64.97100147431253], [12.224263926988382, 64.97017757542257], [12.233011493848883, 64.96864467172706], [12.237996136579799, 64.96802866342273], [12.247736813714809, 64.97137758081209], [12.260170356633557, 64.96432236007306], [12.263084593195078, 64.96352875115154], [12.273272172131444, 64.96075360922785], [12.27682070389444, 64.95978663439], [12.279744821439625, 64.96057325749962], [12.28323066523247, 64.96172321182917], [12.286114498321103, 64.96253896118189], [12.289676110027523, 64.96357358466896], [12.294417111027785, 64.96488982775232], [12.300770986275806, 64.96661214877491], [12.307005252069406, 64.96826926319157], [12.312177429891106, 64.96995186790693], [12.318681084700412, 64.97168515950689], [12.326434150305415, 64.97386265930776], [12.332053965409267, 64.97554358345967], [12.338640055998763, 64.9773223360516], [12.344399467009739, 64.97889751534304], [12.349446079325167, 64.98039686006148], [12.354533706842588, 64.98169930571079], [12.362668594161292, 64.98393548082154], [12.367839594096154, 64.98526577432128], [12.370907019474483, 64.98642424627462], [12.376710014738498, 64.98802582781093], [12.383341233832542, 64.98983914004758], [12.387136697191323, 64.99072288014766], [12.389166954137567, 64.99121623454798], [12.395719179591913, 64.99189653737069], [12.405260305664669, 64.99260132661277], [12.40817487860007, 64.99273285843556], [12.41784820835592, 64.99207446292567], [12.42351937601314, 64.99156181880176], [12.429022112856012, 64.99088570316378], [12.432169640188855, 64.99049876384429], [12.44103353554114, 64.98942110179696], [12.45175223491486, 64.98800630211103], [12.456469288443502, 64.98635382174336], [12.462397970733885, 64.98399463979513], [12.465471097381144, 64.9826731577507], [12.469922750526557, 64.98358369022473], [12.472643814273255, 64.98418645818023], [12.47573166116178, 64.98427463112189], [12.477433938297205, 64.98421371911645], [12.479075389227743, 64.98390027550012], [12.483962863294554, 64.98288730077921], [12.487359345201437, 64.98194801595119], [12.49155194047652, 64.9808782080043], [12.497613607670374, 64.979319167958], [12.504868306034595, 64.97746542506631], [12.507786182681667, 64.9770922092439], [12.51035576089268, 64.97730674142595], [12.510359791329277, 64.97730589648168], [12.514495462978374, 64.9764381471426], [12.534831868149348, 64.61873669901924], [12.534867207301007, 64.61810531640019], [12.617173669644169, 64.58611882661803], [13.095694896027902, 64.41156877611274], [13.115514618171067, 64.08387070320975], [13.115581225337893, 64.08275447178568], [13.145124310523755, 64.08667257274418], [13.211109667054469, 64.09536682559832], [13.29848384418389, 64.08736231918058], [13.378463022432003, 64.07966538031792], [13.44943900271815, 64.07340041227272], [13.5376836422353, 64.06552569154478], [13.599733748714778, 64.05883225428128], [13.625658970650978, 64.05602687880541], [13.661301855243053, 64.05218773173193], [13.715399082645293, 64.04628991032237], [13.804351454920265, 64.03274156114074], [13.842487463102737, 64.02690645929775], [13.888561781953968, 64.0198483756056], [13.915929445685226, 64.0157113466039], [13.96752672051623, 64.00797039263317], [13.990207574983604, 64.0294066301775], [14.012246798560128, 64.05025360795284], [14.02657102557919, 64.06440546686068], [14.053428716019125, 64.09098549955895], [14.07063090617999, 64.10795992787115], [14.094967979569928, 64.13251027217798], [14.111760868849672, 64.14947786036836], [14.11993481896507, 64.15769689809204], [14.1246987723579, 64.16248463890105], [14.157110092020146, 64.19505543542991], [14.152992307744267, 64.22476046391463], [14.1483204345508, 64.25841525905636], [14.144706211451993, 64.28428163746622], [14.139371748101865, 64.31471204254531], [14.139342804409587, 64.31487753740268], [14.129231163930168, 64.37241842526572], [14.124868760746555, 64.3981833346939], [14.11857718787632, 64.43504309869243], [14.113871619009586, 64.46248276427573], [14.085233167820082, 64.47824942225753], [14.055147611786172, 64.48281808193617], [13.945838021092502, 64.49907276129365], [13.891176912485726, 64.50713312071258], [13.840811966870545, 64.52262263284587], [13.786990594348337, 64.53915357778695], [13.750860514587881, 64.55022519845667], [13.700466708449419, 64.56596637562004], [13.654259625512175, 64.58034097446195], [13.68311894363173, 64.61395025794735], [13.705473168135525, 64.63995683038284], [13.75735818653868, 64.68171404160495], [13.794662901705006, 64.71158275588922], [13.817322034849257, 64.73010231313343], [13.855278160239514, 64.76099646302983], [13.873381978690421, 64.77570759219175], [13.916473744421978, 64.81025966028547], [13.931266458446503, 64.82212438133514], [13.977565221555459, 64.85966235256319], [14.01522688353353, 64.8898048698281], [14.046426354411137, 64.91452624672638], [14.058115908251299, 64.92377535623486], [14.077299686268567, 64.93893620621263], [14.093703604717074, 64.95132450128425], [14.12988839394531, 64.97855914378513], [14.176846574632645, 65.01251979570648], [14.226989271693009, 65.04868202818203], [14.245724926628366, 65.0620230369319], [14.29342833835958, 65.09588885826103], [14.325985837435844, 65.11891515016839], [14.335026406329318, 65.14187289844571], [14.343455551004654, 65.16315743420301], [14.355593999439684, 65.19376218925751], [14.364678193505902, 65.21488046771523], [14.378798104152137, 65.24761968701182], [14.38323976821227, 65.24978093555723], [14.411572274963333, 65.26355624869419], [14.47456108877421, 65.29409847260246], [14.50683155460504, 65.30972858400048], [14.503789782469694, 65.35062672852288], [14.502018841788162, 65.3739355131054], [14.50200919602685, 65.37445615918597], [14.501165431933615, 65.41962462800053], [14.501089681644206, 65.42360835132008], [14.500698102746401, 65.44420288126109], [14.50032894614417, 65.45904025000382], [14.499584555234831, 65.48876970227832], [14.499436580935345, 65.49467271156318], [14.49877296115183, 65.52129703710315], [14.503091839953278, 65.53884488185672], [14.506166294046366, 65.55130908284598], [14.514245372593761, 65.58426966274584], [14.521408329682744, 65.61295693097858], [14.521590428254264, 65.61375953416034], [14.529862872592263, 65.65019168012351], [14.541469624675562, 65.70075178341237], [14.55931495856281, 65.72457939138259], [14.578846659297383, 65.75060640799876], [14.60053267799804, 65.77941018025768], [14.625477676322166, 65.81180736604344], [14.608002439144212, 65.84993949440226], [14.602310080139175, 65.86224838409156], [14.593937512839116, 65.88055056581051], [14.584404798787322, 65.90134089499759], [14.579116945626215, 65.92778944725177], [14.573124449212992, 65.95786014136249], [14.567455291162263, 65.97418161264696], [14.557679087749811, 66.00254999718426], [14.550938297959389, 66.0221259155143], [14.5455570987801, 66.04178008068907], [14.54140504263101, 66.05503268125865], [14.528795263584113, 66.09555948943819], [14.516289808639096, 66.13257827974344], [14.61072363933752, 66.13622867857701], [14.683841763990543, 66.13900808756546], [14.743670593438175, 66.1413457806733], [14.804401573538446, 66.14375333355561], [14.863722633707624, 66.14598956730299], [14.912547960458362, 66.14832935645978], [14.91750100946148, 66.14856587174604], [15.035682668203942, 66.15355669818724], [15.126810650296097, 66.1801412388498], [15.195411384808892, 66.19996704906417], [15.226302717273636, 66.20924703743022], [15.229215729949548, 66.21012141765206], [15.305565707140225, 66.23273743475121], [15.345732507451501, 66.24392080636335], [15.424908712394421, 66.26589356738353], [15.45050974047196, 66.27298496740298], [15.484732311904382, 66.28245912227706], [15.474245527146973, 66.30393480311203], [15.453937131245647, 66.34534777972063], [15.442063997666372, 66.36905476351936], [15.430396549606463, 66.3922153236946], [15.408593684967718, 66.43006268109525], [15.386004651963452, 66.46915480179177], [15.377226873890644, 66.48430530734097], [15.432192832009349, 66.51384097517936], [15.451058376319976, 66.52396988288393], [15.517291937765432, 66.55128634947593], [15.533365159662443, 66.55785782598981], [15.555812282694681, 66.56717481277566], [15.621368715245143, 66.5943353726029], [15.65241593984687, 66.61812024814057], [15.696955615553104, 66.65212872016494], [15.716378593787564, 66.66703019155237], [15.7356562297491, 66.6814687881942], [15.75874421857128, 66.69884605885743], [15.76810682063321, 66.70588481372408], [15.807619194529794, 66.73548405689499], [15.86140466884871, 66.77460985493053], [15.906792306866022, 66.80753275213156], [15.925218781989662, 66.82152599006267], [15.956608770418834, 66.84527584293731], [15.97430254091984, 66.8586410706331], [15.993639447703309, 66.87322822251242], [16.038761895501125, 66.9124470847806], [16.080393100607587, 66.9312348479456], [16.12929993906822, 66.95326293451276], [16.148274446626136, 66.96187203573982], [16.19401767975818, 66.98259233011026], [16.27777900768969, 67.00958880964521], [16.306397114115843, 67.01878861987056], [16.3610352721993, 67.03670833827108], [16.36285771355894, 67.03730528751116], [16.387759275858468, 67.04546130927255], [16.389631175802414, 67.06904120502483], [16.390901739104955, 67.08408691282106], [16.393644638473443, 67.10964536659013], [16.398276568402956, 67.15788342517398], [16.401371937800135, 67.18048278645567], [16.404099819177407, 67.20497337846535], [16.365400069587213, 67.23476689162032], [16.32997967835434, 67.26204980053679], [16.292750733107436, 67.28921823710338], [16.26464604448422, 67.30974784055854], [16.211424445095915, 67.34842149311996], [16.179964820516958, 67.3712241206968], [16.151925392593125, 67.39118428053436], [16.089829849687263, 67.43527832267507], [16.1130591091072, 67.46397339826547], [16.13138762747465, 67.48648431530975], [16.158001925810215, 67.51915787723875], [16.245694654120292, 67.52526973938886], [16.285595208068244, 67.52798975844262], [16.379171406565423, 67.53263277754805], [16.407567802760294, 67.53402604942127], [16.443659746055356, 67.55906441612908], [16.494876584926892, 67.59446057688105], [16.517587135863337, 67.61400008304666], [16.55628501020023, 67.64719274037365], [16.580517381368793, 67.68000975561617], [16.60101342891861, 67.71106453905064], [16.617561081440478, 67.7362117442984], [16.637915118212323, 67.76701304037104], [16.652833105428645, 67.78789974233524], [16.678927920401843, 67.82442233702434], [16.692427968340464, 67.84493687292385], [16.70358350423973, 67.86190160583062], [16.710047962633748, 67.87173177343942], [16.724729624940018, 67.89402518224304], [16.738120161439724, 67.91421042437648], [16.78605432975212, 67.92991079217262], [16.83338588501231, 67.94521818568124], [16.907871824999845, 67.9700206229498], [16.929849425464987, 67.97732214772859], [16.953716404997998, 67.98440966596401], [17.014591176186173, 68.00245156487208], [17.047238874607228, 68.01211111487117], [17.11072867820914, 68.03040502986417], [17.1805076092846, 68.05045941171926], [17.208698156184592, 68.07047745446108], [17.252632622516266, 68.10157849572255], [17.28152447885858, 68.11881456136045], [17.352312425734738, 68.10421357817008], [17.354802493646318, 68.10368560176562], [17.40369546452406, 68.09367419071994], [17.406573800004185, 68.09308160085655], [17.44061900780504, 68.0860657730553], [17.495376156126582, 68.0748347588403], [17.54589913301516, 68.0639933976021], [17.599239280296995, 68.05251202268666], [17.664746373879524, 68.03837932649952], [17.71225827693493, 68.02447989155856], [17.789772751739264, 68.00172341946077], [17.848469808636647, 67.98448123573873], [17.89976266512307, 67.96937037592785], [17.92020448500707, 67.9880876581302], [17.953715785068592, 68.018692656576], [17.97376501639961, 68.03696183304241], [17.993753015402397, 68.05512427995322], [18.014677624744895, 68.07411519672776], [18.020909853457265, 68.07978991070534], [18.03464610061026, 68.09228644967368], [18.052329076995605, 68.10822112636491], [18.0623477296848, 68.11699875354857], [18.095805662998167, 68.14615762826011], [18.12534443516594, 68.17423550231085], [18.139086973193812, 68.18721435593648], [18.15135489528493, 68.19878935571596], [18.144037043151048, 68.22822573839626], [18.13888946096271, 68.24901792695412], [18.1357483947521, 68.25981185087737], [18.1334476541532, 68.26862454960245], [18.13244446708224, 68.272574359378], [18.126881758464574, 68.29444986408707], [18.12289878525547, 68.30926200178783], [18.114617879193638, 68.34052541256412], [18.107606160706986, 68.37419321893309], [18.101091513533206, 68.40604300033718], [18.103283806069435, 68.41815091122149], [18.105880037993387, 68.43070948968287], [18.11067125351931, 68.45454260913414], [18.1128133427433, 68.46533177112101], [18.11773962812667, 68.48980780492423], [18.120315599347784, 68.5045792011951], [18.122782930079843, 68.51864115577432], [18.125923576695527, 68.53651470797568], [18.226357469246352, 68.55272766788774], [18.299921369972658, 68.56454238964747], [18.331874360961184, 68.56978819135688], [18.40568929383107, 68.58187751331272], [18.438807568216042, 68.57135661791146], [18.485534386217218, 68.55648542460385], [18.552598533221488, 68.532783649521], [18.621223955717078, 68.50695764779813], [18.684955085644358, 68.50850663589186], [18.734702603996485, 68.51025348041965], [18.740312948444824, 68.51044957563693], [18.829632538668122, 68.51287651477645], [18.901966521359586, 68.51480530472939], [18.983802149564177, 68.51696323773133], [19.031964076510125, 68.50886164382754], [19.09113372117969, 68.498919513044], [19.139970818523796, 68.49067661933752], [19.231537868854705, 68.47515490372807], [19.268690163177638, 68.46890850141419], [19.352331643274614, 68.45468544323104], [19.449347622516175, 68.43824699556468], [19.500851151912837, 68.4293780041215], [19.554090811704874, 68.42028739353219], [19.653141725422444, 68.40329195793215], [19.707592516601274, 68.39391437130688], [19.7809512108209, 68.38095112455352], [19.824909787969272, 68.37316623404631], [19.921397092150475, 68.35601380336524], [19.954537248195827, 68.37485091155054], [19.977956446106504, 68.38815549384864], [20.01122294625077, 68.40216084057654], [20.070355544825997, 68.42698362448235], [20.11057354580859, 68.44381986787451], [20.154213934526044, 68.46153909472159], [20.22654380841654, 68.49081438880805], [20.14057497475229, 68.50801869314112], [20.06664445852992, 68.52272443202058], [20.025884406957037, 68.53081393809455], [20.001720619233627, 68.53824677687331], [19.93750399096404, 68.55794179693419], [19.991600146118436, 68.57358619812136], [20.052246932009716, 68.59107043969779], [20.083653405061792, 68.60673927364819], [20.161406912839777, 68.645387944692], [20.20283499431722, 68.66592384406238], [20.216299344750144, 68.68002329361038], [20.246680254133587, 68.71185672419625], [20.273850857880912, 68.74026879251699], [20.300984978685793, 68.76757553590848], [20.30610453367141, 68.7726656050106], [20.316277916523806, 68.78277330400302], [20.33587305710353, 68.80231445193921], [20.32925237876065, 68.827466521356], [20.321853730751574, 68.85560499540824], [20.313731208396526, 68.89312868641278], [20.30940673989771, 68.91313293336823], [20.306589550636474, 68.92618235111489], [20.26290663298462, 68.94476398263669], [20.237872559489723, 68.9560748414496], [20.188292037942983, 68.98134677145326], [20.13077829412691, 69.01057616360572], [20.10836390225075, 69.02192455762048], [20.06004720236811, 69.045757809512], [20.143215436477306, 69.04815733978138], [20.19424131814556, 69.04961145496121], [20.30308251429647, 69.05265761474932], [20.44020702361562, 69.05678847953577], [20.468909498532344, 69.05763531427031], [20.54864730064813, 69.05997362270188], [20.55232746452579, 69.06007679861047], [20.59366495671598, 69.07509038544711], [20.618983274419517, 69.08427096912831], [20.631929510220576, 69.08896462633935], [20.64154388137855, 69.09244699007175], [20.65355716064, 69.09679073106237], [20.667489292287087, 69.10182895522041], [20.699246273859007, 69.11328134340157], [20.70618564159903, 69.11578100189587], [20.717322288196463, 69.11979130046392], [20.74304083650708, 69.11341226185098], [20.74982533924356, 69.11169833613263], [20.761948101361344, 69.10867626839423], [20.83456021572211, 69.09054867741565], [20.88119971702115, 69.07886079257665], [20.888466282896086, 69.07711588696557], [20.988567168496246, 69.0529833964636], [21.05754394671801, 69.036289671194], [21.080169254764808, 69.06633494965263], [21.108675085270733, 69.10392915967668], [21.05562541628813, 69.12208528754842], [21.046733620527423, 69.13952109815659], [21.031800277693243, 69.15277458469325], [21.00923477406484, 69.17276845505974], [20.987575195430104, 69.19192745654959], [20.995656482979896, 69.20756271405936], [21.00203150717229, 69.21986710461718], [21.003313490812758, 69.22233818272059], [21.026310014221842, 69.23192346879718], [21.03205126381884, 69.23430896562238], [21.096169937199505, 69.26091197287444], [21.208024754805457, 69.2921150104273], [21.26500622785511, 69.3080285454138], [21.27882110224537, 69.31188412797032], [21.365653906881754, 69.3026256014602], [21.44165502491824, 69.29455887628954], [21.510542926287936, 69.28791451533912], [21.555282953612302, 69.28357345346284], [21.58604533360191, 69.28057957159382], [21.627086473808795, 69.27658826445933], [21.65913965908561, 69.25592182907961], [21.681783006195268, 69.2412959114365], [21.69424279603972, 69.23326932673481], [21.723341551203863, 69.21448969487159], [21.769291376913188, 69.18828654036938], [21.789550841658706, 69.17671044635638], [21.807295228858838, 69.1665614060663], [21.84639965848198, 69.14415918201824], [21.901947693714774, 69.1153809274949], [21.938016443163512, 69.09664216311725], [21.976657135052477, 69.07651986343811], [21.983608755488675, 69.07289367421919], [21.98361888441154, 69.07288748831029], [22.007396158611094, 69.05851809676872], [22.02455468586075, 69.0481393677636], [22.053030541965544, 69.0308847826217], [22.090686014365357, 69.00799801600193], [22.161826270728007, 68.96483661054162], [22.175762501291185, 68.95632435252026], [22.187389713097172, 68.92925480850576], [22.19186798038412, 68.91877365302624], [22.25895168521825, 68.87762196244688], [22.264997300993628, 68.87390619434018], [22.340780700935326, 68.82722565183165], [22.347910392981177, 68.80493681747973], [22.35371581006015, 68.78703092482732], [22.364187005939552, 68.75160376891871], [22.374521946382572, 68.71666653408798], [22.404743838248653, 68.72191400677897], [22.43432946861209, 68.72704643309825], [22.5353894104978, 68.74451263538948], [22.59328667467784, 68.72938637218853], [22.605766730156347, 68.72612092293636], [22.63545021111083, 68.72026107481892], [22.657695521987737, 68.71589966936028], [22.67799035556688, 68.71189903986111], [22.68596359040268, 68.71032661232856], [22.699792742078312, 68.70759589348286], [22.715133745501234, 68.70455672466657], [22.745293954841685, 68.69858470193716], [22.80082414976588, 68.68754812952578], [22.87472822349331, 68.68812832795793], [22.955077923555987, 68.68872337054599], [23.01062117782284, 68.68911117260565], [23.04595226953123, 68.68934353717113], [23.054442357237125, 68.68508126009708], [23.067299093097013, 68.67863279870645], [23.101913342376815, 68.6612577129971], [23.167582272254883, 68.62851889837258], [23.22079914407084, 68.64115335072128], [23.23511583548304, 68.6445458130909], [23.312753883499862, 68.66307398101345], [23.31786146933073, 68.6642903755803], [23.339888175012547, 68.66954197513517], [23.363753410106874, 68.67522532393443], [23.389736051678558, 68.68097470116453], [23.440635572561245, 68.69216348848796], [23.545826487942954, 68.69824544325199], [23.589506324154822, 68.70074511470551], [23.673520268100294, 68.70552133240966], [23.73106343048534, 68.75075137227415], [23.743393813329025, 68.7697229678721], [23.75383602751445, 68.78575920269344], [23.775391564088515, 68.81885127434563], [23.813853069029165, 68.82594936590564], [23.871460733277416, 68.8365191513], [23.949364986900658, 68.82999878425602], [23.983330832530516, 68.82714342753586], [24.01472986197366, 68.81109771411818], [24.075591597535276, 68.77996685074515], [24.158551056848218, 68.7897096133745], [24.15296244003702, 68.75359103358663], [24.171568040221285, 68.75079866342624], [24.17705438667209, 68.7499723986448], [24.208049531988568, 68.74530768549666], [24.22215032849346, 68.7393312052482], [24.250964691786223, 68.72713205134932], [24.277783124502893, 68.72203243681328], [24.302260046977207, 68.71735026320722], [24.326899465803667, 68.71470049258188], [24.401058975219804, 68.70668777183295], [24.432378266135295, 68.70329074080679], [24.467630273982902, 68.69956655073548], [24.492560157378943, 68.69645125734435], [24.50916109830531, 68.69436589099587], [24.576057921474412, 68.68597831956312], [24.608387954585602, 68.68190160309571], [24.671568187654422, 68.66544972291389], [24.716417841681203, 68.65376466433428], [24.783424673957235, 68.6362345921935], [24.79315375053134, 68.62665583895], [24.79858081489994, 68.62130361981328], [24.80115300562748, 68.61876466451879], [24.812742116980242, 68.60727907939845], [24.82854842759357, 68.59125134082406], [24.85716606235727, 68.56220985731268], [24.90316569540456, 68.55459184267977], [24.905085438316817, 68.57001723241788], [24.905957818233315, 68.57710334370307], [24.906566416714032, 68.5819054837881], [24.916810648760954, 68.60499162063915], [24.91690666536837, 68.6052080983088], [24.916920687653533, 68.60523954965446], [24.9169240807011, 68.60524660299085], [24.916966452894574, 68.60524916306102], [24.917116651984795, 68.60525791982114], [24.917208171521146, 68.60526263715968], [24.917304423510643, 68.6052696124159], [24.917420409792236, 68.60526235561342], [24.91754453848806, 68.60525887706612], [24.91764300148722, 68.60523515895122], [24.917727543324418, 68.6052364818781], [24.917785165399184, 68.6052531894435], [24.917880377555026, 68.60529849641956], [24.918012037199375, 68.60534644329537], [24.91818217432397, 68.60535646255963], [24.918322723318408, 68.60535137256171], [24.918479191005474, 68.6053385345625], [24.918553142015952, 68.60532334665432], [24.91868421003556, 68.60533487170382], [24.918713867916036, 68.60537854330074], [24.918794142538285, 68.60542655162132], [24.918821932366136, 68.60546770431596], [24.918911654888063, 68.6055062635387], [24.91908549007902, 68.6055095325884], [24.91925019991104, 68.60547117401636], [24.919435470910468, 68.60549117494843], [24.919600036172042, 68.60552990949054], [24.91969718075386, 68.60555224738344], [24.9197894772636, 68.60559545967288], [24.919911343411126, 68.60562421757515], [24.920125441274216, 68.60566318089988], [24.920351290323694, 68.60570788418042], [24.9205303424473, 68.60574122222631], [24.92072240973129, 68.6057669846274], [24.920862945230198, 68.6057713249893], [24.92090899056151, 68.60582499536426], [24.920835985936648, 68.60584620416394], [24.920711483330194, 68.60588616396657], [24.92059358970485, 68.60594595420379], [24.920474337797714, 68.60595703477472], [24.920448026287303, 68.60600775220962], [24.920337108587866, 68.60606313715748], [24.92025762969212, 68.60611438562897], [24.92030558115733, 68.60620240435466], [24.920494659379454, 68.60627269150764], [24.920591390891502, 68.60625288357501], [24.920723493570183, 68.60625446080854], [24.920840802963443, 68.60633146336858], [24.920824046544194, 68.6063779852314], [24.92076375648822, 68.60642491894082], [24.920851221534168, 68.60644837606633], [24.921001040586496, 68.60648354275197], [24.921194290739823, 68.60647685885154], [24.921301590836688, 68.60648798171361], [24.92143173330273, 68.60647235350801], [24.921554793189213, 68.60652715788618], [24.921651150328884, 68.6065482721493], [24.92176910570518, 68.60651423306193], [24.921901481706417, 68.60649692996333], [24.922082499409637, 68.60652407376999], [24.92224274431754, 68.60654084451693], [24.922342105986456, 68.60650800135112], [24.92247636683252, 68.60646764143999], [24.922759121959917, 68.60649009481276], [24.92297458039508, 68.60649532869918], [24.923160916514757, 68.60649875738854], [24.923309764952446, 68.60653062444104], [24.92331855453747, 68.60659040982736], [24.92302442156452, 68.60662096141391], [24.923028543986124, 68.60667585507161], [24.923081891102623, 68.6067135831853], [24.923199847587963, 68.60675136855058], [24.923382087579316, 68.60674950867948], [24.92344139842589, 68.60679948780547], [24.92336402754058, 68.60686602973814], [24.923203229177513, 68.6069159491505], [24.92306449863422, 68.60695575919101], [24.9229705958154, 68.60697077516424], [24.922863034168994, 68.60700528524288], [24.922725905821427, 68.6069980228707], [24.92265214868795, 68.6070336966279], [24.922604754674094, 68.60708503348619], [24.922591646957496, 68.60714974853593], [24.922610574871833, 68.60725119196414], [24.92266874624066, 68.6073142076068], [24.922859900923314, 68.60734011332782], [24.922933786832647, 68.60740772644368], [24.923064499734515, 68.60744792759834], [24.923124873530718, 68.6075325775334], [24.923243391827327, 68.60757105519853], [24.92342665242415, 68.60757258110146], [24.923606029175314, 68.60757152642448], [24.923821232759664, 68.6076112367457], [24.923938363181723, 68.60765161032232], [24.924171153638024, 68.60767005064265], [24.92428639823721, 68.60765331134361], [24.92434560526587, 68.60757723865638], [24.924471976435264, 68.60756428120287], [24.924536138705204, 68.607601184462], [24.92453607955718, 68.60764335844688], [24.924466378124585, 68.60770481961721], [24.924490090426364, 68.60776408034565], [24.924644351982455, 68.60777966348874], [24.924788310358778, 68.6077654784233], [24.92492488247737, 68.60774420534489], [24.925196632754563, 68.60772414198883], [24.92545561397973, 68.60769105291878], [24.92569373036374, 68.60765240283023], [24.925899484024157, 68.60762139091091], [24.92617736006746, 68.60757275700931], [24.926444729106358, 68.607526742807], [24.926596265416514, 68.60750004352546], [24.926857074194242, 68.60744879608924], [24.927068345617435, 68.60738117841892], [24.927242409331313, 68.6073832472256], [24.927486350304783, 68.60740718643997], [24.92770450005323, 68.60743066464852], [24.92789339562415, 68.60746150593444], [24.927949735768482, 68.60751147944599], [24.928030700679223, 68.60754538674229], [24.928055352596218, 68.60760840050226], [24.92820391770742, 68.60764182251931], [24.928367265704598, 68.60767218828117], [24.928460675300816, 68.60770725945835], [24.92859397791192, 68.60772707892248], [24.92871256593351, 68.60777180670503], [24.928898775966868, 68.6078138710586], [24.929102474623594, 68.60786060806761], [24.92928471092354, 68.6079093475225], [24.929330714919672, 68.60792447598914], [24.929389780977008, 68.60795995798696], [24.929397104825327, 68.6080353391657], [24.9293908176848, 68.60810527265687], [24.92932661843971, 68.60818237052129], [24.929219006615543, 68.60827184611637], [24.929227157334875, 68.6083368394043], [24.92940059447263, 68.60838310975798], [24.929509965335704, 68.60843110641311], [24.92946990494619, 68.60847992361427], [24.929464898192563, 68.60853436359585], [24.92947222261049, 68.60860974476992], [24.92945837309671, 68.60868221414952], [24.92936709462643, 68.60874595942282], [24.92943132943333, 68.60882194455664], [24.929533592961043, 68.60886737145199], [24.929668987854352, 68.60890076019051], [24.929744395439485, 68.60892665424103], [24.92988226801953, 68.60894166665376], [24.929942052289285, 68.60898653769948], [24.930051532775046, 68.60903198836263], [24.930115154791743, 68.60911326990421], [24.930222182342565, 68.60918716187214], [24.930343688822425, 68.60925620180632], [24.93050021192154, 68.60933077586243], [24.930643576671102, 68.60939479657719], [24.930674283573378, 68.60944965073928], [24.93079426291195, 68.60945629561934], [24.9307680184627, 68.60951045794333], [24.930812298696345, 68.60957067129875], [24.93094910578805, 68.60962945931738], [24.930884494672316, 68.6097117517288], [24.930985072895346, 68.60977786514951], [24.931093280357114, 68.6098388085989], [24.93120750470411, 68.60989041555888], [24.93129403082266, 68.60993006728849], [24.931359232016934, 68.60996146559611], [24.931602048298526, 68.60996333887707], [24.93177893104909, 68.60996777556632], [24.93179019021611, 68.60991232827297], [24.931834943581357, 68.60983230552687], [24.931989792452864, 68.60980576741832], [24.932073113032594, 68.60984769547153], [24.93223171035889, 68.60984623676241], [24.932403015519224, 68.60984374945714], [24.93259104761962, 68.60993766836786], [24.93277831968927, 68.60998927972886], [24.932969807996784, 68.61007201903232], [24.933097128729933, 68.6101540431463], [24.933124535243262, 68.61024264934458], [24.93310900649496, 68.61033580641165], [24.933182687642784, 68.61042900416871], [24.933229333648477, 68.61049560625284], [24.933356140081308, 68.61058536970027], [24.93354967281369, 68.61064486079722], [24.933714677440506, 68.61069888529836], [24.933823880755085, 68.61072866125302], [24.933841518991468, 68.61079372515321], [24.93398368448669, 68.61079551053037], [24.93415678281834, 68.61076643320737], [24.934337569670852, 68.61081017651918], [24.934446177727324, 68.61086864601755], [24.934489469337414, 68.61093662666875], [24.934534109548192, 68.61099427892324], [24.93450027040354, 68.61105088954399], [24.93454725442322, 68.61108264595153], [24.9344854076376, 68.61114663741985], [24.93456307264511, 68.6112203712959], [24.934542742598538, 68.6112849747721], [24.93447993665682, 68.61133959141604], [24.934642740525078, 68.61136309272393], [24.93481255282705, 68.61136613387698], [24.93494045323685, 68.61136767955398], [24.935023388241323, 68.61139203554828], [24.935035621453835, 68.61141552187827], [24.9351852165747, 68.61141223886946], [24.93533435994212, 68.61141406134205], [24.93552441282447, 68.61138288507037], [24.93565961250139, 68.61136295519958], [24.935783210682835, 68.61138878963921], [24.93578535567644, 68.6114558643824], [24.93577269656168, 68.61151538620472], [24.935838996261662, 68.61156812114116], [24.93596466071196, 68.6115930162714], [24.936056782855353, 68.61159678202003], [24.936008959335997, 68.61165322810271], [24.936059859625367, 68.61171876045577], [24.936226388875266, 68.61176226288615], [24.93632125425657, 68.61181275279712], [24.93646616911068, 68.61186126032307], [24.936628479217614, 68.61187363431253], [24.936811581270067, 68.61189139064999], [24.936983983192025, 68.6119152254352], [24.937097101551323, 68.61193705785998], [24.937168137580088, 68.61197536254544], [24.937268706388632, 68.61202415208942], [24.937408297522754, 68.61205184475965], [24.937367836779476, 68.61210585771676], [24.937415957767705, 68.61212457699952], [24.93758676101709, 68.61212148028095], [24.93776564317043, 68.61210810756964], [24.937927719417488, 68.61210271871587], [24.938106220270484, 68.61209127286165], [24.93824777218247, 68.61210778370662], [24.93838118866503, 68.61211054025858], [24.938504886025125, 68.61210934089603], [24.93867451954458, 68.61211919100204], [24.938786620177517, 68.61213373696204], [24.93883342039945, 68.61219896896793], [24.938799810968327, 68.61226218778408], [24.93885303773939, 68.61229121365201], [24.93887369564215, 68.61233687126513], [24.938858260930814, 68.61237071174018], [24.938977218683238, 68.61238503065901], [24.939103454153724, 68.61241007122277], [24.939308654093633, 68.61241499117801], [24.939459077551433, 68.6124013163926], [24.93959771624955, 68.6123457179314], [24.939741116022102, 68.61235023689075], [24.939885589445186, 68.6123260329759], [24.9400672199916, 68.6122815679897], [24.940246754873254, 68.61226298426384], [24.94046110971937, 68.61225003518193], [24.9406784537743, 68.6122059815867], [24.940867233174316, 68.61216417332713], [24.941018963995173, 68.61214397995174], [24.941123658906765, 68.61212250711367], [24.941092845231516, 68.61208470993401], [24.94120953212161, 68.61203504279588], [24.941295482268625, 68.61201332603385], [24.94148933543548, 68.61203732970489], [24.94169494828459, 68.61206707181337], [24.941951061513222, 68.61205027265409], [24.942028843617706, 68.61197861685055], [24.942160332933373, 68.61191038195824], [24.942336436876374, 68.61187857759816], [24.942501736901292, 68.6118598416324], [24.942700931778077, 68.61185967339314], [24.94296649590934, 68.61183623301396], [24.94319415820202, 68.61179582351006], [24.943300597363073, 68.61171992001967], [24.943398088732312, 68.61167456899383], [24.94355979909171, 68.61160725282143], [24.943768521411016, 68.61157005683795], [24.943926259529484, 68.61157997546995], [24.944162858803967, 68.61161122376242], [24.9443839400081, 68.61164666142716], [24.944400172866747, 68.61170128913885], [24.944288666876027, 68.61173196740032], [24.944123790137418, 68.61173109028303], [24.943928714304153, 68.61175713449153], [24.94388884237999, 68.61181909576717], [24.94397239536003, 68.6118564709114], [24.944076988861624, 68.61190311270968], [24.94431750391282, 68.61192533038766], [24.9445441458423, 68.61193041715099], [24.94465216447589, 68.61194193760706], [24.944676271562386, 68.6119819479413], [24.94483567226025, 68.61200890787028], [24.94499600669371, 68.61205739706998], [24.945103329726212, 68.612074581727], [24.94522270451161, 68.61209648972894], [24.945329805578897, 68.6121070668582], [24.94544593611011, 68.61215782722654], [24.94547709324354, 68.61220748437279], [24.945565480960866, 68.61225010311699], [24.94571154402303, 68.61228556618082], [24.94585042927817, 68.61227221026186], [24.945978274700824, 68.61224472909909], [24.94612893456495, 68.61223103396127], [24.94627041825981, 68.61223792889112], [24.946362954090556, 68.61223649498628], [24.9464652909874, 68.61218087685596], [24.946553390614802, 68.61217063785537], [24.946707090521745, 68.61220428452799], [24.946761068323692, 68.61223607513787], [24.946925202362408, 68.61223028277034], [24.94712292966273, 68.61224570556209], [24.94722630546097, 68.61228071888367], [24.947349760806677, 68.61232895563752], [24.947459534729113, 68.61237438007127], [24.947558664052096, 68.61245599100063], [24.947657833638484, 68.6125376902035], [24.947701410759596, 68.612605652642], [24.9476024405427, 68.6126771237565], [24.94736276180853, 68.61273122469927], [24.947334778006777, 68.6128036339712], [24.947435315237737, 68.61287228259062], [24.94760923394384, 68.6129133395369], [24.947756572090643, 68.61293330721132], [24.94777350520096, 68.6129828144698], [24.947571153491918, 68.61301927263189], [24.947379675435805, 68.61303449486316], [24.947358806972055, 68.61308670873433], [24.947474947247674, 68.61313746761621], [24.947434163696265, 68.61319404282807], [24.947451160262315, 68.61324091618769], [24.947362902454238, 68.61328635416521], [24.947300803633322, 68.61333250026478], [24.94728236439761, 68.61337903698438], [24.947359124874517, 68.61339287267516], [24.947394230866248, 68.61345245214297], [24.947434106528227, 68.61349270158215], [24.947406294447013, 68.61355938688517], [24.947529651067587, 68.61362848940902], [24.947588664693782, 68.61368374167888], [24.94753289484713, 68.61374792149064], [24.94760196679609, 68.61376956162681], [24.947706820640793, 68.61378897827595], [24.94792494913133, 68.61381497507456], [24.948043728424846, 68.61383718926065], [24.948173350468547, 68.6138958509783], [24.948210366622437, 68.61395858156244], [24.94837950528641, 68.61397616126229], [24.948499449600575, 68.61398542716545], [24.948671773729778, 68.61396681108334], [24.948783131208817, 68.61399409264926], [24.948750078746357, 68.61404295188204], [24.94882490018757, 68.61408021108693], [24.94898172701785, 68.61407693891826], [24.94905267959539, 68.61407778815973], [24.949132051829203, 68.61406580101745], [24.949275465479023, 68.61405199136574], [24.949409232572386, 68.61406659984696], [24.949440913580716, 68.6141085166012], [24.949274031059755, 68.61414540141054], [24.94928405756601, 68.61419223686455], [24.949146148674007, 68.61422168053465], [24.949161577374102, 68.61428669559898], [24.949244883716375, 68.61430848431218], [24.94923493127301, 68.61433955092392], [24.9490976724973, 68.61436378617157], [24.94904184171022, 68.61443060039949], [24.949036191632878, 68.61449016062315], [24.948994591692454, 68.61455712413046], [24.948881386071967, 68.6146284467523], [24.948798560577128, 68.61467936598724], [24.94864282237617, 68.6147500494212], [24.94845585158586, 68.61477371015252], [24.948282051358554, 68.6148079223851], [24.948140244959177, 68.61480367766276], [24.948035346410734, 68.61478417299068], [24.947894667081698, 68.6147846676803], [24.947801720146508, 68.61478131961915], [24.947697211876537, 68.61479933884529], [24.947471110212074, 68.61472166740865], [24.94728196065341, 68.61470491641617], [24.947145249945624, 68.6147214988841], [24.946935215570164, 68.61476303871311], [24.94671785986755, 68.61480710052453], [24.946520890493364, 68.61486173728382], [24.946407917446095, 68.61493304389822], [24.946386454084323, 68.61501059649517], [24.94641580103151, 68.61507840975541], [24.94645825446767, 68.61515940880199], [24.946609432748133, 68.61521569897657], [24.946750498353808, 68.61525327392486], [24.946931309150916, 68.61527415045677], [24.947064021121417, 68.61529916310505], [24.947110340985702, 68.61533603581638], [24.947236690391435, 68.61535571382865], [24.947326564651195, 68.61538273520131], [24.947366319425534, 68.61541437611511], [24.947485452289293, 68.6154340306027], [24.94769781012548, 68.61544431958217], [24.947843907229675, 68.61540205514123], [24.948032008402965, 68.6153653587493], [24.948168110531743, 68.61535407225755], [24.948296137359414, 68.61535306195232], [24.948516200148344, 68.61535835590564], [24.948694346252303, 68.615352725366], [24.948893980784636, 68.61534735554174], [24.94908126161391, 68.61532104591886], [24.949228927563055, 68.61526063838924], [24.949300154697756, 68.61518102539507], [24.94939180964632, 68.61511207557223], [24.949573684910515, 68.61506758583413], [24.949832711850085, 68.61503445871327], [24.95003165277468, 68.61503420761916], [24.950243229751376, 68.61505496966566], [24.950448062319346, 68.61506788034386], [24.950688615045056, 68.61508120059632], [24.950871281512477, 68.61510676917038], [24.950979263488477, 68.61517034747536], [24.95106141263441, 68.61520508319904], [24.951203670068118, 68.61520421980067], [24.951357489997598, 68.61523196131499], [24.95154717305726, 68.61525765506569], [24.95177349660176, 68.61527082466588], [24.952009005580784, 68.6152434497786], [24.9520301149993, 68.61518568809012], [24.9521419490117, 68.61512741413516], [24.952295346265455, 68.61506983599041], [24.95252997636341, 68.61502274111015], [24.952726972623513, 68.61502813516962], [24.95279444451135, 68.6150678266775], [24.952998422645255, 68.61509103382151], [24.953217322548557, 68.61510926958546], [24.95345869315917, 68.61511219792365], [24.953576356593352, 68.61507860705595], [24.953516425870472, 68.6150246803708], [24.953435534600132, 68.61499331709865], [24.953423376304418, 68.61496338718382], [24.953484203388577, 68.6149466088011], [24.953674368958573, 68.61493064221143], [24.953894899476015, 68.61492810124523], [24.95409296018997, 68.61494086720921], [24.954382509693108, 68.61496259688272], [24.954643556971078, 68.61498394009263], [24.954945834476383, 68.61502132559026], [24.955227618955796, 68.61505068200692], [24.955388394162306, 68.61508117949334], [24.95566357284778, 68.61510521544074], [24.955889144901473, 68.6151261334845], [24.955976959309492, 68.61515463400225], [24.95587330225442, 68.6152056210703], [24.95558233047403, 68.61519404580633], [24.95547796358267, 68.61531336877704], [24.955695268053578, 68.6153441219949], [24.95593509705477, 68.61531086054488], [24.95610802495771, 68.61529746134154], [24.95631658234903, 68.61527150648106], [24.956447365487694, 68.61531104792675], [24.956509275350438, 68.61535605839379], [24.956432441501388, 68.61541533153643], [24.956231649340566, 68.61544309065619], [24.95612075772365, 68.61551010909045], [24.956068440559005, 68.61560193044545], [24.956191223617463, 68.61564358191491], [24.95631675700755, 68.61559482685269], [24.956478129436473, 68.61551844816105], [24.956542749376286, 68.61547296384326], [24.956748796950116, 68.615509647743], [24.956594894140324, 68.61556608151872], [24.956467853269043, 68.61563088923609], [24.95653247307545, 68.61570802583438], [24.956699948159063, 68.61568189122302], [24.956821067776104, 68.61562106438967], [24.95692791107346, 68.61559827448389], [24.957087689952175, 68.61565649238786], [24.957022398155395, 68.615709907583], [24.956839967793567, 68.61577811068229], [24.957007274228452, 68.61581429400037], [24.957241852512453, 68.61583920816764], [24.95715612222242, 68.61593465596141], [24.957218375052467, 68.61597765055849], [24.957322946839245, 68.61606074762348], [24.957277128512526, 68.6161237939686], [24.957477379767, 68.61618857615457], [24.957727953896082, 68.61624863264885], [24.957892142425724, 68.61633443079172], [24.95778364185917, 68.61640012866718], [24.957808072149444, 68.61646243057], [24.957791994688396, 68.61656079747992], [24.9578159683022, 68.61661042917032], [24.957719940302162, 68.61665071345014], [24.95773519353172, 68.61671583027565], [24.957842451463026, 68.61678715793352], [24.95795311057907, 68.61689492392357], [24.95810753993907, 68.61700053199857], [24.958153987286536, 68.61711530327453], [24.95824626433129, 68.61719423614758], [24.95822140564662, 68.61731072217025], [24.958139065361348, 68.61743426541888], [24.958298703611383, 68.61747770790625], [24.95852651571136, 68.61747527182963], [24.95882301519678, 68.61749966473798], [24.959094035870542, 68.61748993365555], [24.95922353601553, 68.61747331857012], [24.959493774024455, 68.61739361576153], [24.959783084052816, 68.61734261357007], [24.960065643880696, 68.61728376021512], [24.96020092701609, 68.61720240452453], [24.96012794416363, 68.6171443603276], [24.960312127393745, 68.61707396305067], [24.96046804616053, 68.6170031661901], [24.960647295848457, 68.61698720883484], [24.960886373828263, 68.61701602225641], [24.960959764475017, 68.6170688721415], [24.960876168339077, 68.61712746284937], [24.960860143694653, 68.61722591827558], [24.96089028799627, 68.61728597459006], [24.96098679519772, 68.61731830793188], [24.961151851007656, 68.61737992679465], [24.961160849691122, 68.61743716369638], [24.961284566087333, 68.61748528691774], [24.9613026139272, 68.61755994177935], [24.961482872499467, 68.61757340003294], [24.961550063356267, 68.61761573619683], [24.961726254864136, 68.61763342761418], [24.961850706542297, 68.61759334910977], [24.96200706949204, 68.61751744519525], [24.962210248711003, 68.61747058153829], [24.96242678618558, 68.6174368876475], [24.962574389298776, 68.61737638023871], [24.962526052953727, 68.617282400713], [24.962514748040025, 68.61723056180291], [24.9624179744569, 68.61720096606494], [24.962573515638073, 68.61707277815653], [24.96269676477325, 68.6169679220569], [24.962818817721313, 68.61687592552252], [24.962960595971357, 68.61680243272872], [24.963143916179643, 68.61674233205433], [24.963287681126925, 68.61672595031636], [24.963443721015054, 68.61673196352744], [24.963585205677912, 68.616659485253], [24.963705045029325, 68.61659083848927], [24.96389547951088, 68.61651834004242], [24.96406991420019, 68.61648888012515], [24.96418361550343, 68.61639157612964], [24.963733687985712, 68.6163686431685], [24.963811256570448, 68.61625726165198], [24.964071037856474, 68.61604285349085], [24.964353594135442, 68.61600068006271], [24.96435295580958, 68.616112911032], [24.96449456295576, 68.61614273119962], [24.96472416737381, 68.6161559603386], [24.96458960140015, 68.61624607567511], [24.96475656205742, 68.61628698898129], [24.964909036383926, 68.61631942519017], [24.96513914999566, 68.61631992578415], [24.965238039028893, 68.61636200060995], [24.965262903361424, 68.61642799516846], [24.965312132944206, 68.61647294425802], [24.965483280406936, 68.6164705255674], [24.96558562567068, 68.61643992634656], [24.965858662425756, 68.61644303292178], [24.96592525834761, 68.61641529363126], [24.96588703456366, 68.61636551540661], [24.966015579660528, 68.61628138157769], [24.966152067755345, 68.6163014387055], [24.966193759729432, 68.61635617958223], [24.96631727812761, 68.61640440183622], [24.966362073348485, 68.61645941088933], [24.966552592988567, 68.61647469950779], [24.966730275550802, 68.61647687768989], [24.966832558057, 68.61636909731841], [24.966907193098912, 68.61630940526813], [24.967044469897253, 68.61634174956055], [24.96722742429171, 68.61640501498525], [24.967320174345986, 68.61647883697295], [24.967499917820344, 68.6165354915848], [24.967684576361293, 68.61653770567008], [24.967764859019404, 68.61643740584161], [24.96786388096984, 68.61636337766488], [24.968152106498138, 68.61632276374263], [24.968385767656198, 68.61633338761655], [24.968546569297942, 68.61636387226551], [24.968615426173336, 68.61631014763239], [24.968775377439318, 68.61627057294987], [24.9689551227869, 68.61632722598563], [24.969118532154244, 68.6163291657248], [24.969274319733863, 68.61633627688828], [24.969481274834415, 68.61632835935292], [24.969581249383303, 68.61640220240615], [24.969611516663903, 68.61645971136329], [24.969703320366026, 68.61646601847225], [24.96982694254473, 68.61643632218615], [24.969972255770873, 68.61640179282712], [24.970186226214544, 68.61639399956746], [24.970457974303777, 68.61637649629108], [24.970704718524015, 68.61640021237703], [24.970895987098526, 68.61640774202594], [24.97098683268452, 68.61634653498332], [24.971129842193065, 68.61633790062672], [24.971259841676982, 68.61639389547956], [24.97139794627377, 68.61643970124244], [24.971598846425778, 68.61649916943709], [24.971687300498797, 68.6165417738446], [24.97183285346663, 68.6165072284337], [24.97192701832982, 68.61650051401938], [24.972127786934198, 68.61651536555382], [24.972194220761327, 68.61659973724092], [24.972152787673426, 68.61666416031824], [24.97231210399002, 68.61671014934007], [24.97245021268028, 68.61675595420195], [24.97263642652006, 68.6167400208561], [24.972829090225233, 68.61673458581473], [24.972974478596285, 68.61677777854771], [24.973047493155455, 68.61683581687367], [24.973325163647655, 68.61686584450301], [24.97351902879971, 68.61688745605701], [24.973681715454692, 68.61684290591809], [24.973734002706422, 68.61678218721308], [24.973835027178723, 68.61669715096141], [24.974044525657188, 68.61668381530552], [24.974295292118168, 68.61669930453048], [24.974576147002235, 68.61672424199739], [24.974888195381425, 68.61674613567115], [24.974960668018916, 68.61670271278217], [24.975012043327403, 68.61664993886723], [24.97498943652962, 68.61659070253764], [24.975019079729666, 68.61653768553813], [24.975030672180058, 68.61647767506827], [24.97521296773252, 68.61649344565116], [24.975409846377676, 68.61651623533056], [24.97555467779063, 68.61653270282872], [24.975643696321328, 68.61658153008926], [24.97581670577093, 68.61659377360753], [24.975940261092298, 68.61660325879694], [24.975930792887375, 68.61667574977642], [24.97607126584666, 68.61677165848533], [24.976175330923592, 68.61682520961644], [24.97619127642755, 68.61689119312031], [24.976049921084986, 68.61700984262157], [24.97603455806227, 68.61710962385283], [24.975930051360795, 68.61719740950261], [24.976016054061173, 68.61724560070432], [24.976173366765057, 68.61725996142351], [24.976319150883857, 68.61726857138893], [24.97647289396885, 68.61732259973748], [24.97664010080496, 68.6173667531954], [24.97656781782564, 68.61745932498813], [24.976524161400935, 68.61754701113797], [24.976383208492027, 68.6176128493306], [24.976449279701217, 68.6176681272833], [24.976573874522455, 68.6177059393205], [24.976709472112756, 68.61770236925881], [24.97682811065643, 68.61776511690634], [24.97704809722605, 68.61777346323633], [24.97715918325033, 68.61778505374463], [24.977341932496, 68.61778519506636], [24.977574063131655, 68.61781394795891], [24.977844030623352, 68.61781458907423], [24.97810115335676, 68.61780212047198], [24.978424820105776, 68.61776181900213], [24.978652730960768, 68.61775681003195], [24.97880963750964, 68.61775087589916], [24.978971010739464, 68.6177034057953], [24.97915026926525, 68.61767971814162], [24.979237717782, 68.61764419570021], [24.979335171300512, 68.61766693973672], [24.979494074852155, 68.61765272245789], [24.979492386485123, 68.61759305164584], [24.979448662925705, 68.61752501006279], [24.979391450312523, 68.61744906773355], [24.97922037569242, 68.61737694007155], [24.979313493784304, 68.6172898326757], [24.979468004461356, 68.61723206950727], [24.979657392966708, 68.61726029112737], [24.979761546124077, 68.61728744140223], [24.980062545940367, 68.61726255018685], [24.98024696799822, 68.6171894832111], [24.980410642033767, 68.6171084051599], [24.980395422271634, 68.61704074540036], [24.980581488014277, 68.6169469905165], [24.980659964547513, 68.61686492981075], [24.98062176842078, 68.61678540168725], [24.980732804179826, 68.61672769715476], [24.980649724502697, 68.61666500242735], [24.980634752538954, 68.61660730495723], [24.98055391198811, 68.61654184599514], [24.980660555474884, 68.61645664963761], [24.980795008478772, 68.61641622900977], [24.98090504244595, 68.61647087195402], [24.980855587483983, 68.61653840852274], [24.981004626458418, 68.61659135379568], [24.981216431422304, 68.61660861860646], [24.98132555852356, 68.61653615273181], [24.981375003950774, 68.61646970493463], [24.98150408875511, 68.6164189926916], [24.98163050885678, 68.6163523855893], [24.981722770884616, 68.61627557660455], [24.98181004139, 68.61616496244002], [24.982020083540615, 68.61613126671858], [24.982197422253044, 68.61613598860748], [24.98233938078175, 68.61613774718111], [24.982437109102023, 68.61607920445091], [24.982364112719697, 68.61602125873405], [24.982170005135746, 68.6159670194457], [24.98196690006038, 68.61594089127344], [24.981920475756997, 68.61589396364343], [24.982003796491192, 68.61584263196318], [24.98216295819452, 68.61580245542267], [24.982200183118604, 68.61573592179504], [24.982234587478636, 68.61566366127234], [24.982382758891884, 68.61564273554454], [24.98246501861716, 68.61562557067491], [24.982632905083342, 68.61564301124635], [24.982793227170053, 68.61559822950375], [24.982947602953743, 68.61548487022311], [24.983136097049098, 68.61534289432937], [24.983300884865173, 68.61522229051663], [24.983438520294253, 68.61510929701939], [24.983545967613765, 68.61502205442586], [24.98358021824929, 68.61490962179982], [24.9835548326574, 68.61479776356009], [24.98347173951951, 68.61469298555451], [24.983344710156832, 68.61460326195937], [24.983248332308182, 68.61449048060459], [24.983117631998837, 68.61443961533129], [24.98298189637489, 68.61444836987809], [24.982910604851817, 68.61440583256626], [24.98300746069864, 68.61433319184484], [24.983112215550708, 68.6142062019005], [24.983191989080034, 68.61414809737853], [24.983272569514128, 68.61411724565008], [24.983462586236392, 68.61415023143792], [24.983567182088315, 68.614230956904], [24.983675982781758, 68.6142662614537], [24.983866664288982, 68.61429131607538], [24.984061324628644, 68.61434016838034], [24.984254510482728, 68.6143702427814], [24.984466474776756, 68.61440173315198], [24.98451370218053, 68.61446593614298], [24.984688179108396, 68.61449640384001], [24.984829210842243, 68.61448560768858], [24.984886501134977, 68.61445823472317], [24.98485669774119, 68.61439298929471], [24.98493659030613, 68.61432907170705], [24.985088170173512, 68.61430358539228], [24.985259000600845, 68.61434198030078], [24.985339302999137, 68.61441563261562], [24.98559620537355, 68.61447191551721], [24.985745029119737, 68.61447625305824], [24.985798303578708, 68.61435751106332], [24.985741078372907, 68.61428157103167], [24.985563093333955, 68.61420677973345], [24.985463076960094, 68.6141329465887], [24.985474100620596, 68.61405845567613], [24.985606839937066, 68.61400098990953], [24.985693112629974, 68.61394077160813], [24.985777646576757, 68.61386451234068], [24.98600101202088, 68.61376316565534], [24.98617389402435, 68.61371263947703], [24.986229349728045, 68.61364855064082], [24.986330679814746, 68.61359641031272], [24.986513782539255, 68.61353157604563], [24.986547079782405, 68.61347071780273], [24.986604256966082, 68.61342484756129], [24.986587574461595, 68.61336779657442], [24.986493030748196, 68.61331223049508], [24.986480469781277, 68.61324277879727], [24.986374170798516, 68.61316823382762], [24.98621350777223, 68.6130573053157], [24.98625677742226, 68.61297217715214], [24.986446275249204, 68.61291993041011], [24.986627715975064, 68.61288349423563], [24.986776401124004, 68.61282171679302], [24.986927254290457, 68.61283944589755], [24.987016082601713, 68.61278714606618], [24.987041647843952, 68.61270797500617], [24.987164331846405, 68.61262317292869], [24.987264124318354, 68.61265502325513], [24.987403217724804, 68.61263164197952], [24.987641742772357, 68.6126061189422], [24.987939290839225, 68.61258586093261], [24.988132273612887, 68.612513176702], [24.988216961408288, 68.61246992198987], [24.988469794472767, 68.61242757759153], [24.988660965252993, 68.61247862853656], [24.988805721944033, 68.61253145988945], [24.988855279533148, 68.61260359510135], [24.988975012531288, 68.61265493108272], [24.988987838374133, 68.61279021716011], [24.98887421401923, 68.61287747176947], [24.988943139127212, 68.61294182641356], [24.989072234394477, 68.6129581350381], [24.989208819850706, 68.61295295220232], [24.98938945571748, 68.61292136823506], [24.98948241721222, 68.6128937626272], [24.989629346956622, 68.61291934331977], [24.989774857371536, 68.61292904518852], [24.989994227815725, 68.6129156405253], [24.990196165410378, 68.61288169194094], [24.990304608041725, 68.61281388468564], [24.990450150464202, 68.61274458184204], [24.99058141886189, 68.61270987487933], [24.990714521568282, 68.61272957042102], [24.99084314954504, 68.61270336598065], [24.990947077315827, 68.61267528426418], [24.991027398928725, 68.61273070201948], [24.991058415560843, 68.61278036427724], [24.99102341849351, 68.61284404694692], [24.99112557233068, 68.61288500562762], [24.991316210040242, 68.612909963492], [24.991584919701037, 68.61296652785026], [24.991863525014814, 68.61299755596158], [24.991993312319785, 68.61302479610438], [24.992237803861904, 68.61302802493461], [24.99245499142195, 68.61306173202358], [24.992589477958642, 68.61306846353224], [24.992768671075012, 68.61305247238332], [24.992886164587365, 68.61300979016094], [24.992879236722832, 68.61292748355456], [24.992874031247474, 68.61284679717377], [24.992844556707, 68.61276021713587], [24.992801842944324, 68.61268177688358], [24.99282941805762, 68.61261209808804], [24.99290675584397, 68.61255195635918], [24.992948246566016, 68.61246956205437], [24.993031616348727, 68.6124173130121], [24.993173753780148, 68.6124189598122], [24.993363457602207, 68.61244460610506], [24.99365045140812, 68.61249209022432], [24.993992484178268, 68.61251496225681], [24.99421315644494, 68.61248124684876], [24.99433888322824, 68.61246573482244], [24.99462451133579, 68.61241289017563], [24.994839956182865, 68.6123592600002], [24.9950444870371, 68.61233331294993], [24.995232044909834, 68.61229559304753], [24.995335691862504, 68.61224258148972], [24.995484012639317, 68.61221818669848], [24.9956899260964, 68.61218426469537], [24.995875345715987, 68.61217606012387], [24.9959728596293, 68.61220060454635], [24.996204274263665, 68.61223445212815], [24.99629849711643, 68.6122925726352], [24.99637697774685, 68.61237150035706], [24.99643646565, 68.61242145209225], [24.996438930160277, 68.61246230270082], [24.99652188170659, 68.6125003271406], [24.996622762177143, 68.61256385379941], [24.996671967407696, 68.61265006823422], [24.996582943498186, 68.61269304356385], [24.9964097758879, 68.61264173850984], [24.996218630876417, 68.61263169213312], [24.99602180711231, 68.61267423122798], [24.99609465058557, 68.61272846247851], [24.996249091755168, 68.6127768079643], [24.996425710649714, 68.61281865465439], [24.996615702261444, 68.61285044826442], [24.996761981100644, 68.6128839533469], [24.997095912784946, 68.61291973129265], [24.997223183313405, 68.61292643788381], [24.997303958770686, 68.61297674683729], [24.997433004834008, 68.61296529675978], [24.9974937635773, 68.61291086222575], [24.997359001856545, 68.6128372113571], [24.997326749655773, 68.61279533343739], [24.99739225937282, 68.6127597529034], [24.99740869738854, 68.61271341593714], [24.997536332200823, 68.61271375110748], [24.99757260659143, 68.6126551597404], [24.997693853857886, 68.6125921123082], [24.99794976720286, 68.61261079365408], [24.998186697043536, 68.61264086165359], [24.998547477284138, 68.61266450624115], [24.998644179061497, 68.61270878091577], [24.998646823133548, 68.61278372585377], [24.998874397231724, 68.61282668942964], [24.99904800893946, 68.61287288622482], [24.999041697377777, 68.61294283487452], [24.99902146662295, 68.61299012506757], [24.999127063846487, 68.61299450074681], [24.99923624906812, 68.61291403389896], [24.999361165490306, 68.61289892941903], [24.99952765271362, 68.61294972513284], [24.999556167387667, 68.61301477511793], [24.99924956301827, 68.61307015519732], [24.999229437307402, 68.61311988816546], [24.999372294232483, 68.61314135116653], [24.999346212828303, 68.61319552274978], [24.999511420108956, 68.61323904820684], [24.999617094431287, 68.61323806744085], [24.999692122270016, 68.61316508938268], [24.999646819416775, 68.61311465111967], [24.999662227169882, 68.61304669700135], [24.99977018643158, 68.61298671176093], [24.999935688392313, 68.61297951510565], [25.00016922872767, 68.61297440885451], [25.000353519231467, 68.61297914732869], [25.00041821433787, 68.61301137078478], [25.000325270437493, 68.6130566695372], [25.00012041065704, 68.61307139533413], [25.000109984470445, 68.61311782609849], [25.000160091586647, 68.61314910977111], [25.00010986690126, 68.61319048773824], [25.000131997130968, 68.61322145247851], [25.000039961549668, 68.61324501810905], [24.999940788374396, 68.6132383531708], [24.99984486983763, 68.6132637840547], [24.99988208671237, 68.61332386804314], [25.000177815789606, 68.61333435542923], [25.000296087138963, 68.61340391341113], [25.000433512604328, 68.61346688118499], [25.000600006505213, 68.61351767577779], [25.000679762152934, 68.61356514216044], [25.000820910506782, 68.61363858980658], [25.000966272011503, 68.6136661602446], [25.00126469028948, 68.6136853739013], [25.001533403743156, 68.6136910382163], [25.001783161651176, 68.61369157956237], [25.002017916562455, 68.61369909702745], [25.00222515659225, 68.6136786027357], [25.002334003290866, 68.61364269006268], [25.002506602489397, 68.6136606445779], [25.002590833155942, 68.61372743441342], [25.002740540719998, 68.6137939276864], [25.002582222400584, 68.61386128746626], [25.00258791139161, 68.61391645816529], [25.0026837266322, 68.61395652118618], [25.002847171544946, 68.61399389093559], [25.002991091092184, 68.61391496736081], [25.003046297074913, 68.61399401874006], [25.003189287819765, 68.61402735335805], [25.003349798061762, 68.61398253796072], [25.00350627369911, 68.61398177503058], [25.00357241381488, 68.61395368251613], [25.003561976026024, 68.61389680087503], [25.00363180677332, 68.61384653632514], [25.003762214973356, 68.61384914987508], [25.003849138951328, 68.61388657063068], [25.003942593330866, 68.61384903980773], [25.003970020268156, 68.61378462727144], [25.00406717869979, 68.61374152265743], [25.004215250846304, 68.61375577567864], [25.004273750952247, 68.61379961695187], [25.004299512135486, 68.6138563056344], [25.004381737345327, 68.61389101456476], [25.004531901019533, 68.61386849683707], [25.004703228751417, 68.61387146832497], [25.004856752002638, 68.61385310274596], [25.00495066963779, 68.61381218737499], [25.004749937582258, 68.6137610001459], [25.004736008613204, 68.61370741174046], [25.004850134763092, 68.61368378882104], [25.005014998381714, 68.61368234006027], [25.005160277566272, 68.61369204300112], [25.005280205574195, 68.61367523767177], [25.005422036357118, 68.61368832185421], [25.005494250551656, 68.61375047950594], [25.00553916848041, 68.6138066544885], [25.005644552341085, 68.6138453259841], [25.005733375472843, 68.61389524018864], [25.005784517034627, 68.61394922786656], [25.005612019890233, 68.61396519441661], [25.005565554691522, 68.61399999961759], [25.005545651549156, 68.6140485415078], [25.005426765243744, 68.61409140780226], [25.005420567771118, 68.61412125882877], [25.005525471014593, 68.61414063890507], [25.00572416380101, 68.61413924753214], [25.00593317767854, 68.61413152258459], [25.006013565715183, 68.61420851939214], [25.00589571144208, 68.61427300289678], [25.006068311245926, 68.6142920425701], [25.006202239277602, 68.61425498613973], [25.00625546427016, 68.61421587504132], [25.00642042590857, 68.61418040439169], [25.006461617861326, 68.61413775154674], [25.00631074156921, 68.61412004020798], [25.00632649999857, 68.61408272211897], [25.006409199803084, 68.6140621617326], [25.00646911155781, 68.61401747931235], [25.00670922584881, 68.61401977094215], [25.006760039704677, 68.6140686078523], [25.006834897188416, 68.61410239702657], [25.006908662478434, 68.61417516467229], [25.00686928533691, 68.61427539803793], [25.006773843791745, 68.61433445649875], [25.006833343544777, 68.61439982536692], [25.006868791939752, 68.61445593313496], [25.006703947854735, 68.61447897035585], [25.006799486245413, 68.61457084140798], [25.006974093061128, 68.61456617631379], [25.007125000230566, 68.61454751214093], [25.00728784070085, 68.61454817831817], [25.007432251101214, 68.61452391682101], [25.007578581584852, 68.61447631918946], [25.00771165615715, 68.61442080854056], [25.007751470292654, 68.61435964307454], [25.007862141407216, 68.61434048850971], [25.008007824710294, 68.61434445051327], [25.008140579304513, 68.61439145702089], [25.008194628150868, 68.61442649370586], [25.00840963381179, 68.61448616424447], [25.00850803403432, 68.61452752086394], [25.008661295154003, 68.6145190546074], [25.008771229200907, 68.61450819795535], [25.008756900004062, 68.61444601622958], [25.008730846638187, 68.61440195336606], [25.008710028496548, 68.61435240623308], [25.00888717233273, 68.61432191687524], [25.00914296113436, 68.61431319661683], [25.009392613539973, 68.61430575109198], [25.00952835759701, 68.61435221449655], [25.009538970039156, 68.6144420126639], [25.009590590267578, 68.61455719813277], [25.009651538574182, 68.61461141332805], [25.009656207855215, 68.61466483172278], [25.009436408489414, 68.61468835609291], [25.00955710177648, 68.61473064276596], [25.0095785530767, 68.61476944852518], [25.009699907577506, 68.61480271549051], [25.009820170640186, 68.61484956318277], [25.010061832121327, 68.61489665761356], [25.01025680168251, 68.61494437558967], [25.010465389910827, 68.61494120616533], [25.010560978133302, 68.61491615157357], [25.010528582833253, 68.61486022375534], [25.01040712499399, 68.61481072695265], [25.010307669982236, 68.61475655408182], [25.010500352445398, 68.61472358895041], [25.01061722364314, 68.61473862000302], [25.010619532082185, 68.61478292799076], [25.010772099468163, 68.61481541036707], [25.01090886966294, 68.6148862116241], [25.011153287656292, 68.61497087344515], [25.01124747777912, 68.61503597455655], [25.01142779916291, 68.61500701541682], [25.011475003170244, 68.61495565517701], [25.011365821828505, 68.61490251980922], [25.01146337168954, 68.61484650649543], [25.011460962222365, 68.61479204528227], [25.011585983106826, 68.61474681069723], [25.011733956872604, 68.61473929379892], [25.0118090195956, 68.61476744508357], [25.012055307873975, 68.61476355379914], [25.01222039500273, 68.61480616870597], [25.012243754280327, 68.61486354561723], [25.012365840128886, 68.61492987521304], [25.01239638697309, 68.61498555098952], [25.012279220300684, 68.61504546310948], [25.012219686748683, 68.6151356605034], [25.012390791611494, 68.61521038762682], [25.012615285998862, 68.61524417703875], [25.012871756567733, 68.61523749690842], [25.013185884963477, 68.61520377282149], [25.01355205420463, 68.61518515767027], [25.013940018533038, 68.61515589093467], [25.0141995111604, 68.61520998300877], [25.01440447902217, 68.61535433559725], [25.01461692621879, 68.61538068178174], [25.01483909141887, 68.61536626090226], [25.015054695944947, 68.61539740602592], [25.015089348068592, 68.61545555656164], [25.014951193507617, 68.61557423921074], [25.014829515949728, 68.61561365190109], [25.01477220367816, 68.61566407798776], [25.01489036530149, 68.61570070822238], [25.01507205501873, 68.61568581351622], [25.01522085979166, 68.61562055360176], [25.015417842289043, 68.61561036460081], [25.01560123750492, 68.61564779620404], [25.015800459626256, 68.61564754094891], [25.015990438022254, 68.61560801934745], [25.016153366298752, 68.6156292628004], [25.016170086293343, 68.61568622184366], [25.0161207400981, 68.61575376781832], [25.016005534323767, 68.61578989033059], [25.015760472936098, 68.61585058727329], [25.015662779423288, 68.61591840411259], [25.015534385864857, 68.61600248591213], [25.015599433410813, 68.61605527467606], [25.015743603730364, 68.61611265778404], [25.015840550420304, 68.61621251446873], [25.01588529087544, 68.61626987814287], [25.015874459900616, 68.61632195972187], [25.01579106925414, 68.61638456416487], [25.01584913550517, 68.61643178516745], [25.01609599418704, 68.61649144107668], [25.01631441587208, 68.61655307555316], [25.016301800879596, 68.61666186625332], [25.016330981884202, 68.61675309087461], [25.016216426573763, 68.61681493540607], [25.016048570026324, 68.61686219993668], [25.015965498277783, 68.61691834497383], [25.016031664098648, 68.61697360648671], [25.015876954006277, 68.6170340508409], [25.01575657507947, 68.617030027448], [25.0156992413941, 68.61695409859107], [25.01565544949837, 68.61688615573925], [25.015568374444193, 68.6168280670993], [25.015781849394845, 68.6167375187774], [25.015679599977325, 68.6166953984477], [25.015489584207643, 68.61667142576354], [25.015214426419448, 68.61667859559644], [25.015056614437853, 68.61666375624294], [25.015003846953984, 68.61670220824243], [25.01503347990517, 68.61679113800135], [25.015153287195343, 68.61687774047718], [25.01504955346053, 68.61690237926891], [25.014949126165547, 68.6169133947825], [25.01485787543111, 68.61690009406522], [25.01469108747639, 68.61686202744669], [25.01439568011, 68.61684301713919], [25.014208120846824, 68.61687359243973], [25.014228823918472, 68.61691788550861], [25.0141958196013, 68.61697537912535], [25.014018593847755, 68.61698365492], [25.013768227357016, 68.61702489204475], [25.01362764201525, 68.61706208167078], [25.013711886383962, 68.6171343099528], [25.01389491384142, 68.61717421510967], [25.014152303475907, 68.61715904314717], [25.014269680381208, 68.61711889169659], [25.014505486901346, 68.61718656065405], [25.01466155487963, 68.61727144119011], [25.014578140326837, 68.61733014568114], [25.01443363428689, 68.61738235661292], [25.014442588970656, 68.61745629049243], [25.014369373020646, 68.61747474349916], [25.01426240405218, 68.61745304260273], [25.014188418237218, 68.61741131169259], [25.0139775934372, 68.61744763645937], [25.013847947980544, 68.61749587105021], [25.013704475740166, 68.61757024258759], [25.013635240074265, 68.61761739218171], [25.013688843644257, 68.61767567586143], [25.01358068523039, 68.61773795054653], [25.013659185416817, 68.61780018294644], [25.01373293353776, 68.61788165838072], [25.013827610286814, 68.61793620779154], [25.013937379927075, 68.61790123004675], [25.01399120544228, 68.61785518637744], [25.01405151674278, 68.61781691722986], [25.014249728486188, 68.61782706613322], [25.014395635335898, 68.6178651165585], [25.01448914178096, 68.61793361421094], [25.014508050020133, 68.61798164334964], [25.014582052747826, 68.61800740863457], [25.014690774908406, 68.61802637374909], [25.014725710533398, 68.61807135488606], [25.01468469625548, 68.61813313896536], [25.014555762945665, 68.61821716090058], [25.014389036003728, 68.61826199687835], [25.01427065995559, 68.61823209086853], [25.014125482693526, 68.61818628627427], [25.013931713042286, 68.61816779754098], [25.01381213671583, 68.61819039239315], [25.01381425470446, 68.61824750194292], [25.013887175040562, 68.61831941205872], [25.01388194281318, 68.61837841395173], [25.013959816246345, 68.61841111322536], [25.014154658530874, 68.61842590936195], [25.014212990114604, 68.6184830929985], [25.01413639254856, 68.61856079945758], [25.014046335387434, 68.61863015193161], [25.013949342128992, 68.618706179329], [25.013895321777603, 68.61877772347745], [25.013933318254164, 68.6188300498719], [25.014114659384422, 68.61887114520506], [25.01430003404403, 68.61894601383425], [25.014360156926585, 68.61902095950042], [25.01433335831944, 68.61911264040985], [25.01452731050257, 68.61918998764205], [25.014747740457796, 68.61927037210052], [25.014783528862694, 68.61934868273165], [25.01468514114645, 68.61941499774262], [25.014502007608858, 68.61942344613678], [25.014328884571583, 68.61940997733265], [25.01419711199528, 68.6194209676396], [25.014134002701148, 68.61946793106364], [25.014213760113954, 68.61955058817671], [25.01430973629838, 68.61963889385564], [25.01446443295595, 68.61965891082893], [25.01469191812294, 68.61965895851624], [25.01483611506243, 68.61962037280766], [25.014984878084476, 68.61962777409201], [25.015059907920534, 68.61969221021045], [25.014909017244616, 68.61977827523647], [25.01491663563484, 68.61985365006392], [25.014911104806924, 68.61991584483044], [25.01504518114756, 68.61996567170247], [25.015253794852494, 68.61997955026254], [25.015462886127025, 68.62002868540476], [25.015523940234264, 68.62006320999132], [25.01569041477444, 68.62002882002562], [25.015866519577003, 68.62000255997391], [25.016045894765757, 68.6200304377418], [25.016222538099935, 68.62004287744216], [25.01629506467086, 68.62011553653052], [25.016323778537323, 68.62018420310598], [25.016362812163806, 68.620226126384], [25.01612138351164, 68.62025086440346], [25.015934860885867, 68.62032020126834], [25.015698529415516, 68.62042409315814], [25.0157064957371, 68.62055042526777], [25.015638727789398, 68.62061463125558], [25.015518869704806, 68.62069674825689], [25.015466177001322, 68.62087824234989], [25.015431816661152, 68.62100112740137], [25.015337378564517, 68.62111482736017], [25.015365879503637, 68.62120563960747], [25.01546957259977, 68.62132096681437], [25.015462620261975, 68.62139875808005], [25.01549036898486, 68.62148734778539], [25.015415472645987, 68.62161076015884], [25.015443689178834, 68.62177043705809], [25.01552226266089, 68.62185098829883], [25.015563572891548, 68.62194484178957], [25.01571123950963, 68.62204519430294], [25.01590465271615, 68.62210969329266], [25.01616107222996, 68.62215236050167], [25.01640762348721, 68.62217920129586], [25.016601183146427, 68.62221919956833], [25.016768216944378, 68.62224337338422], [25.017018460151018, 68.62228060472246], [25.01720471408592, 68.62234961401948], [25.01737761962005, 68.622411623282], [25.01762496517059, 68.62244131751596], [25.017890137598158, 68.62249896834929], [25.018017688268365, 68.62258610410426], [25.0181878028989, 68.62267113885757], [25.018500958279144, 68.62271774540616], [25.018804480621274, 68.62279150732412], [25.01906916040531, 68.62282378770958], [25.019272869583233, 68.62286807253217], [25.019637843256664, 68.62292426625], [25.019982107808964, 68.62296981944888], [25.02046047946208, 68.62302990838582], [25.020739479326853, 68.623105502233], [25.020672798554667, 68.62322116828335], [25.020441182882934, 68.62323906313571], [25.020363050166896, 68.62332548234163], [25.02040927286282, 68.62338937902688], [25.020596339494222, 68.62339674515523], [25.020718372823197, 68.62344955989565], [25.020981835362136, 68.62357062467294], [25.0210955196278, 68.62365233248853], [25.0213961121208, 68.62371293239266], [25.021579804775023, 68.62372548915141], [25.021850082204228, 68.62372604434516], [25.022172027343778, 68.62378436328443], [25.022495000222563, 68.62383227907662], [25.022846786026257, 68.62387792009027], [25.023052326364343, 68.6239659041068], [25.023344587891376, 68.6240394284703], [25.023433171489277, 68.62400154465503], [25.023685125308464, 68.6240485522846], [25.0238574581019, 68.62411031872627], [25.024019475982925, 68.62411174727394], [25.024320115039085, 68.6241883955467], [25.02457504054916, 68.62420175153918], [25.024844689941883, 68.62420751039068], [25.025263178745046, 68.62422020456354], [25.02546984547823, 68.62421477766108], [25.025672837030932, 68.62417310564241], [25.025925612533694, 68.62412935044114], [25.026023649711004, 68.62406558904695], [25.025891213089977, 68.6240018819499], [25.02572887799418, 68.62394024259262], [25.025544689468646, 68.6238847232476], [25.02517691651756, 68.62379650680397], [25.0249520098602, 68.62371576567935], [25.024894320707595, 68.62364412210792], [25.025005397029307, 68.62355635647457], [25.02544592987588, 68.62335564494188], [25.02566893188267, 68.62327458166878], [25.025995565410653, 68.62324244565394], [25.026202420721393, 68.62324516999394], [25.026503834004675, 68.62321500129373], [25.0268663263919, 68.62316701228671], [25.027236487611532, 68.62313271261738], [25.027424306742386, 68.62306736661262], [25.027691527924045, 68.6230721775483], [25.02785312718279, 68.62315807893803], [25.027706785472507, 68.62320569438245], [25.02759823761844, 68.62330564720934], [25.02735025001087, 68.62337651260263], [25.02732397576699, 68.62351497338024], [25.02735927720714, 68.62359594386245], [25.027570971751967, 68.623644638492], [25.027876822046473, 68.6236981084903], [25.02811893546215, 68.62377617974093], [25.02846572254324, 68.62387626422218], [25.02879711813844, 68.62398906526577], [25.02918958474227, 68.62405592532372], [25.029531597033674, 68.62412998868992], [25.029726203437875, 68.624101151851], [25.02990368484624, 68.62402281752368], [25.02996366671213, 68.62390673155397], [25.03005284888234, 68.6237831762035], [25.03028182715139, 68.62376769419448], [25.03052625260621, 68.62373686054336], [25.030827854313973, 68.62371701387366], [25.031094984606455, 68.62374087468767], [25.031243520833197, 68.62368931432302], [25.031339076950495, 68.62361844111679], [25.03136151484937, 68.62352275270547], [25.031283013233384, 68.62346288356777], [25.031172532960593, 68.62342525550747], [25.031234764530897, 68.62336373254118], [25.031334804819586, 68.62329122912759], [25.031192617089307, 68.62320044467657], [25.030978050753237, 68.62312943057485], [25.03094464457733, 68.62302294713027], [25.03114878477123, 68.62296568671081], [25.03128518239692, 68.62295168439407], [25.031359901295186, 68.62290846029988], [25.031659828592904, 68.62285133896589], [25.031924255581647, 68.62288134739924], [25.032072284726432, 68.62296579322894], [25.032132023802646, 68.62308983428169], [25.03236567942815, 68.6231199680283], [25.032674815896495, 68.6231625279685], [25.033034086898635, 68.62318946510042], [25.033226855846316, 68.62325734220721], [25.033440656761538, 68.62348025173804], [25.033376419172928, 68.62359623287333], [25.03332187553166, 68.62373313002793], [25.033606423880933, 68.62381426788896], [25.033859214531294, 68.6238509604145], [25.034093740866908, 68.62393419725547], [25.034358207236693, 68.62399948734901], [25.034631142277238, 68.62404939121711], [25.03478869098841, 68.62412128931436], [25.035032335346106, 68.62418120825086], [25.035235993288744, 68.62421205354721], [25.03544994416542, 68.62428990386242], [25.035635979956876, 68.62441714695787], [25.03567063639964, 68.62460946030703], [25.035823979463153, 68.62464450922897], [25.03606588824591, 68.62472258324343], [25.036205992412985, 68.62482464800964], [25.036338085220557, 68.62492383801504], [25.03654405618715, 68.62498620182281], [25.03678295802444, 68.62504549695103], [25.037016214952175, 68.62506367546916], [25.03730558813646, 68.62503103677032], [25.037580932593276, 68.62499651967548], [25.03793679863885, 68.62500922947764], [25.038158015638178, 68.62505634215226], [25.03822262786532, 68.6251239387121], [25.03826444459753, 68.62523408974295], [25.03834159098147, 68.62532061732405], [25.038621887366237, 68.62534657862373], [25.03888336921529, 68.62528468130672], [25.03920695697358, 68.62525016320458], [25.039496226487962, 68.6252723177372], [25.039930443492928, 68.62526579738385], [25.040250914156793, 68.6252331881925], [25.04058937278834, 68.6251754573374], [25.040886347734858, 68.62516349129056], [25.041118116159325, 68.62519871730413], [25.041231258572292, 68.62527573114036], [25.041439884654466, 68.62538573620256], [25.041650778653647, 68.6254429907202], [25.04213553560238, 68.62542888895378], [25.042356863827365, 68.62536894766727], [25.04274633647769, 68.62537345744394], [25.043094339037545, 68.62542209899023], [25.043481455649015, 68.62549124659607], [25.0438541123744, 68.6255388570174], [25.04419590239388, 68.6256061945973], [25.044492984470175, 68.62572094382607], [25.044501514020713, 68.6258662992693], [25.044563771609194, 68.62596823548591], [25.04470900865953, 68.6260166466447], [25.044947140111272, 68.62597791584672], [25.045097543163898, 68.62596405788283], [25.04526213233962, 68.62595297472187], [25.045628050824586, 68.62603899666087], [25.045891048426075, 68.62616522946415], [25.045867440679583, 68.6263544294087], [25.045830644990748, 68.62646277976411], [25.046103253366407, 68.62666853529889], [25.046393837486036, 68.626843091602], [25.046698957222386, 68.62693485739744], [25.047076646453686, 68.62698252224368], [25.047533069675087, 68.62699641891471], [25.04794681376652, 68.62698303787566], [25.04827469547047, 68.62697391670841], [25.048555162409745, 68.62694079716151], [25.04863852075456, 68.62688207624495], [25.048765401293107, 68.62689757134802], [25.049007627972205, 68.62680851353124], [25.0491864607922, 68.62671456266692], [25.049303528168878, 68.62667703526664], [25.04947382161472, 68.62663512437021], [25.049718276970673, 68.62657024281654], [25.049965541951696, 68.62650827601774], [25.05016413519758, 68.62643272873184], [25.05023055809477, 68.62632449771733], [25.050282407753823, 68.62621868617722], [25.050402065849283, 68.62615006780163], [25.05062104893225, 68.62608771595387], [25.050775390180135, 68.62602979997826], [25.050848827291194, 68.62592169050063], [25.050900155121944, 68.62573009297319], [25.050908837732564, 68.62555911545569], [25.05091754224635, 68.62545798768434], [25.050856747374464, 68.62533791194821], [25.051025654890882, 68.62527757625938], [25.051202350188916, 68.62520697413983], [25.05145796037152, 68.62513216434503], [25.05167803661392, 68.62504697497327], [25.051985978176237, 68.62494878339892], [25.0523133198743, 68.62486928964962], [25.052583617599524, 68.62478189090973], [25.05286370420283, 68.62466832018157], [25.053084578957044, 68.62458271750681], [25.053267327646502, 68.62452771407824], [25.05347729713468, 68.624483408369], [25.053820532798483, 68.62441982702444], [25.054209795905773, 68.62437388372483], [25.054385715366454, 68.62432083236588], [25.05441532537578, 68.6242615346743], [25.05450882008314, 68.62418405574026], [25.054855792947496, 68.62415127181077], [25.055096630372788, 68.62418067119758], [25.05516030181605, 68.62426310716081], [25.05528993238743, 68.62433304248421], [25.055532214479683, 68.62432552340819], [25.055735877094428, 68.62427333925282], [25.05587619707204, 68.62421526405839], [25.05586155157681, 68.62413731355508], [25.055952191374466, 68.62407606237473], [25.056109653944326, 68.62397785525695], [25.05614581239193, 68.62389403184842], [25.056117939370203, 68.6238055386417], [25.0560296820105, 68.6237577864222], [25.055879443323224, 68.62376647456314], [25.05577587097752, 68.62381453448565], [25.05546831898522, 68.62384539949196], [25.055225016656493, 68.6238374676722], [25.055076464313306, 68.62375978207396], [25.055185552760765, 68.62369478923853], [25.05540296710333, 68.62360267800314], [25.05551778190429, 68.62350803844551], [25.055696881935933, 68.62337523513067], [25.055811501752185, 68.62323896806203], [25.055841347059932, 68.62314064753399], [25.055789392559774, 68.62308299737656], [25.055937490940735, 68.6230146557487], [25.056183213804918, 68.62297082244513], [25.056340424396957, 68.6229621672907], [25.056585069632842, 68.62284564338545], [25.056723562408074, 68.62279783730082], [25.05679774896664, 68.62275408707355], [25.056939671396705, 68.62263585926513], [25.05706167324341, 68.6225164729157], [25.05715843373951, 68.6223852719405], [25.057301682240258, 68.62235731777638], [25.057390638685252, 68.62233082057625], [25.05752020862182, 68.62239458882091], [25.05774998901502, 68.62245177423625], [25.05788991747907, 68.62239671377834], [25.057893278954403, 68.62230252835204], [25.05795208537905, 68.6222209680288], [25.05808935730691, 68.62215400201761], [25.05830488570804, 68.62210336632442], [25.058464651616397, 68.62204874266241], [25.058760702498734, 68.62203262496945], [25.05898047973869, 68.62195732926526], [25.059144945711363, 68.62186586248549], [25.059245336660364, 68.6217613837952], [25.059387621890245, 68.62168957836818], [25.059703917483144, 68.6216517364438], [25.060099865352807, 68.62165472379012], [25.06041999439525, 68.62167806515603], [25.060710728855298, 68.62164802147659], [25.060721486625624, 68.62157788331734], [25.06063747400137, 68.62151699573548], [25.060656537521567, 68.6214058968831], [25.060849804808853, 68.62134126783376], [25.061137396696587, 68.62138226312267], [25.06135967205993, 68.62141903083511], [25.06161023718886, 68.62139857357371], [25.06180176908465, 68.62132298031985], [25.061905993154358, 68.6212352324422], [25.062002336472897, 68.62114106500864], [25.06229401291924, 68.62114715778291], [25.0625154547547, 68.62119086875471], [25.0628285369555, 68.62121018496757], [25.06320490226025, 68.62121715751879], [25.063440040194802, 68.62121205167865], [25.063845731882704, 68.62120636834631], [25.064125387731394, 68.62118097781271], [25.064388691750136, 68.62113870130268], [25.06456812447277, 68.62112534097824], [25.064995472086288, 68.62115209612814], [25.065158529112566, 68.62107349816799], [25.065373782485807, 68.62096961680315], [25.065637992937376, 68.62087666241685], [25.06588987535196, 68.6207575982983], [25.066026799268688, 68.6206553555272], [25.065951703198877, 68.62053514656799], [25.065992096673433, 68.6203954529342], [25.06604008018127, 68.62025330567397], [25.066165006643118, 68.62012239335674], [25.06639338580154, 68.62003159828075], [25.066764905907153, 68.62001254563792], [25.06697714973028, 68.62002278579045], [25.067281217667613, 68.61998820538942], [25.06767105354234, 68.61993275610524], [25.06801716076477, 68.61989219090998], [25.068321560745282, 68.61985395964705], [25.068650844149644, 68.61983772282342], [25.069131236332186, 68.61986580212287], [25.06943853688464, 68.61993163030236], [25.069458525540238, 68.62002785692296], [25.069269291003433, 68.62016056613466], [25.06921391910131, 68.62033409645166], [25.06929194371143, 68.62046347221454], [25.06929972103593, 68.62059200595274], [25.06932380517514, 68.62069342867628], [25.069440398854972, 68.62081902598779], [25.069558781179936, 68.62092936522502], [25.069615976060835, 68.62100783410284], [25.06949292122188, 68.62111541271172], [25.06924643411681, 68.62117228691355], [25.0689114794246, 68.62117879622795], [25.06850221587551, 68.62122598467008], [25.068459578622264, 68.62130857119034], [25.068572798827347, 68.62139545398807], [25.06884820445481, 68.62141939095415], [25.068937322460457, 68.62137627534126], [25.069265183511938, 68.62145011788519], [25.06953012485845, 68.6215146016815], [25.069791534671932, 68.6215861021721], [25.06984422501936, 68.62166175842351], [25.06966393050417, 68.62169078009673], [25.06932240247323, 68.62163726729676], [25.069238325235233, 68.62176118213713], [25.069272501726502, 68.62186018168957], [25.06938567847076, 68.62194969774019], [25.069614226114386, 68.62193935653066], [25.069824469387004, 68.62189247075608], [25.070062873573974, 68.62185395546337], [25.07023899644491, 68.62188868882964], [25.07045115465419, 68.6219645210545], [25.070689053849616, 68.62201430559993], [25.07099317888974, 68.62202806972448], [25.071082133127454, 68.62213873280672], [25.07108149347398, 68.62225525562243], [25.071266682359617, 68.62234124213674], [25.0714808542135, 68.6224796393992], [25.071660597904636, 68.62256677070916], [25.07195910202612, 68.62258731379835], [25.072116342130293, 68.62253101357511], [25.072286147789562, 68.62244374509308], [25.072611682409594, 68.62242518833845], [25.072842841392873, 68.6224672122753], [25.073044115419695, 68.62247293705533], [25.07330558214334, 68.62254615347457], [25.0735462312888, 68.6226096488493], [25.073801494109585, 68.62262036987552], [25.074064114399878, 68.62262592898406], [25.074296319090536, 68.62257154289944], [25.07441116898308, 68.62246454591451], [25.074581214488436, 68.62239975883242], [25.074915470749268, 68.6224020810756], [25.07525229102982, 68.62237222347999], [25.075615871276963, 68.62236079900987], [25.075943961139703, 68.62234897609432], [25.07619794455852, 68.62229218356084], [25.076335188670015, 68.62220388206113], [25.07667328471145, 68.62220261215798], [25.076897959577337, 68.62225609020079], [25.07702910570133, 68.62232319840419], [25.077330939585384, 68.62236258238526], [25.07778990657884, 68.62238821422447], [25.07798944572343, 68.62245917568819], [25.07801135782964, 68.6226242353624], [25.078109247905886, 68.6227265550423], [25.078375282740353, 68.62277635477614], [25.07847385757843, 68.62267024607517], [25.078616481686815, 68.62253516813912], [25.07886635083622, 68.62258222362456], [25.078893948015416, 68.6226973155984], [25.078818370091916, 68.62281464622676], [25.078995744606267, 68.62293484622641], [25.079460348304703, 68.6230611069027], [25.079681375375674, 68.62313884351965], [25.079967206616242, 68.6232070415211], [25.080401224473636, 68.62324723791596], [25.08069679336648, 68.6233242818232], [25.08096655714311, 68.62341295402283], [25.080990310503395, 68.62349543711564], [25.080867468801717, 68.6235727122897], [25.08097714918966, 68.62370371299707], [25.08096540790075, 68.62384114003218], [25.080902226095244, 68.62391562835603], [25.08066792473525, 68.62391662448232], [25.08044155041968, 68.62397783441261], [25.08033527554174, 68.624057102264], [25.080151423362622, 68.62412762820848], [25.07993240749618, 68.62419519701139], [25.07966664106936, 68.62422331236256], [25.07949844138595, 68.62427846745618], [25.079506439751544, 68.62443420705631], [25.07951656583715, 68.62456668417228], [25.07965230165105, 68.624723873056], [25.07973738926267, 68.62481054517234], [25.079984331924333, 68.62483409879839], [25.080122376000432, 68.62488237280166], [25.080139814457066, 68.62501232190435], [25.0801935047572, 68.6251322797293], [25.08033554895746, 68.62521950392836], [25.08028864729375, 68.62535125196887], [25.08018796593993, 68.62544614863236], [25.08004068479209, 68.62550412312058], [25.079854596329493, 68.62560317903997], [25.079646765320597, 68.62570200531943], [25.07948055203829, 68.62581691616697], [25.07932943405567, 68.62588836684819], [25.07920653883133, 68.62596391939853], [25.07930036911509, 68.62609506193608], [25.079085173989352, 68.62619904934498], [25.078742327557567, 68.62629631900874], [25.078547735947808, 68.62634925543419], [25.07834305487404, 68.6263903719069], [25.078262062098606, 68.62650621409247], [25.078203374811793, 68.62660927864103], [25.07838726706192, 68.62670486465744], [25.078534628747025, 68.6267298067782], [25.07865864003096, 68.62685840170354], [25.07869495581301, 68.62693404813588], [25.078882077770558, 68.62699070077174], [25.079018577634766, 68.62705966330245], [25.079219650468488, 68.62711910220163], [25.079544495539942, 68.62714874997998], [25.079756345072017, 68.62716671287201], [25.08001864107628, 68.62717745618257], [25.08034571109224, 68.62717857221794], [25.080666937889074, 68.62716407341775], [25.08090430693408, 68.62713304626456], [25.081128056341303, 68.6270966721425], [25.08105656493117, 68.62701806963659], [25.08094369336392, 68.62692336806904], [25.08093071394066, 68.62682462990907], [25.081152167998734, 68.62673114863185], [25.081355790230596, 68.6266789337495], [25.08149827852527, 68.62659230742916], [25.081689784943567, 68.62651669167863], [25.081934076074138, 68.62648832913389], [25.082239588257302, 68.62649183164443], [25.082513943875895, 68.62652860538128], [25.082773771310865, 68.62656788924623], [25.08313871410366, 68.62662395761971], [25.083446148424798, 68.62668975899012], [25.083882547114083, 68.6268270609645], [25.084112021060523, 68.6268893150152], [25.08420962890747, 68.62699419091194], [25.084242128392354, 68.62711397742332], [25.08430277736126, 68.62723659958549], [25.084356825959855, 68.62735399568378], [25.08450341969566, 68.62746979294076], [25.08476594068795, 68.62756098661482], [25.08511974348081, 68.62758315935307], [25.085321456331172, 68.62763738213276], [25.085462917380948, 68.62772981031725], [25.085725115568636, 68.6278235625963], [25.08600004692361, 68.62793822806769], [25.086226373596727, 68.62803677806652], [25.08639324437213, 68.62816323401864], [25.086581860515064, 68.62828991832032], [25.08678385784431, 68.62842196318272], [25.087052233532685, 68.6285489991772], [25.087214314564374, 68.62862929384224], [25.0873464620551, 68.62866449318109], [25.08747237968531, 68.6288579275321], [25.08727456097313, 68.6289256755105], [25.08682686862282, 68.62897449979637], [25.08660148989885, 68.62905824628939], [25.086430910653085, 68.62918104922475], [25.086734005785353, 68.62925690717591], [25.086902504275944, 68.62936775125156], [25.086958787101533, 68.62945661616159], [25.08680995690713, 68.62956268239896], [25.086582704545204, 68.62962095783318], [25.086279523691925, 68.62966431474807], [25.086227798219376, 68.6297700476475], [25.086424201501885, 68.62988646426109], [25.086685675365263, 68.62999060280228], [25.087004621588473, 68.63008763968294], [25.087185706836255, 68.63021686602605], [25.08703096448044, 68.63029951998269], [25.08679041244486, 68.63038000959648], [25.08664213562864, 68.63048785638199], [25.086795601841633, 68.63058092025439], [25.087005715927326, 68.6306584952954], [25.08706780414001, 68.63076560791552], [25.08706404700261, 68.63088822067886], [25.087032239183205, 68.63099946404533], [25.087000686434394, 68.63113591306377], [25.087104506173446, 68.6312538407829], [25.08718781878356, 68.63136112273429], [25.08739886066072, 68.63147248151978], [25.08749645794383, 68.6315799890579], [25.087681322740984, 68.63167424023449], [25.08797093880593, 68.63168912962882], [25.088158639388478, 68.63168776788933], [25.088370353231745, 68.63176116279206], [25.088540715521777, 68.63184866880158], [25.088749079107163, 68.63190811291281], [25.088909014220324, 68.63203453417248], [25.089037797023348, 68.63219422825281], [25.089016974495745, 68.6323203223973], [25.08899074131122, 68.63249473634771], [25.08890389334893, 68.6325948812609], [25.088902293480068, 68.63269867517731], [25.08885863035793, 68.63279421463763], [25.088721324800716, 68.63290158153293], [25.088589908598248, 68.63302465049344], [25.08864121148054, 68.63317314993908], [25.088685871052512, 68.63331633522095], [25.0888245522509, 68.63344249900977], [25.088863275474207, 68.63357261591595], [25.088856726553377, 68.63373341123003], [25.0888387649783, 68.6338603303695], [25.089056019943552, 68.63398474048768], [25.08940040257523, 68.63411843416674], [25.089722865721185, 68.63425699011204], [25.09001845799568, 68.63437965967154], [25.09015196701103, 68.63448236596344], [25.09012255046726, 68.63457804295402], [25.09026299519828, 68.63468341475357], [25.09032851108726, 68.63483468460002], [25.090246142111926, 68.63496604070342], [25.090338911101263, 68.63512800221959], [25.09054705571287, 68.63525695388985], [25.090757963856678, 68.6353952644681], [25.090940419362717, 68.63550326869444], [25.091201981303627, 68.63560739946465], [25.09146016908571, 68.6356406059781], [25.091816242730992, 68.6356636322567], [25.0922130420772, 68.63568374279077], [25.092646017891497, 68.63569640384608], [25.09303093593006, 68.63569037612599], [25.093351241469314, 68.635686166397], [25.093626097112555, 68.6357204489518], [25.09394598094538, 68.63572406593077], [25.09437347812946, 68.63571591487107], [25.094706856385624, 68.63573005526378], [25.09501066611629, 68.63575686961238], [25.09524495417852, 68.63576212059176], [25.095628839906777, 68.63576640127941], [25.095962969411627, 68.63577015114642], [25.096165269947413, 68.6357335145278], [25.096437467837916, 68.63571324600191], [25.09666092315656, 68.63576251674785], [25.096917273940125, 68.63584581617603], [25.097321818514697, 68.63599890399897], [25.097743923991544, 68.63613314697139], [25.0980839154491, 68.63626518753173], [25.098332196083714, 68.63635314678667], [25.098619397196313, 68.63641507257081], [25.098883112734732, 68.63649592840139], [25.099264469946366, 68.63661439693765], [25.099513288165493, 68.63670023567515], [25.099865660734917, 68.63682608123028], [25.10022721118466, 68.63692614924356], [25.10059062856323, 68.63700296851688], [25.10088359726518, 68.63707370567666], [25.101207210381038, 68.63711881841047], [25.101511793405866, 68.63713523274517], [25.101723753958492, 68.63715316693529], [25.102038111947195, 68.6372063683914], [25.10226635070333, 68.63729943685121], [25.10248586345666, 68.63739793224354], [25.10272805399698, 68.63747845247768], [25.10297254428516, 68.63753941778286], [25.103274566826762, 68.63765242683904], [25.103486262134815, 68.63776981186643], [25.103783377848096, 68.63787694774678], [25.10420174604985, 68.63797765397436], [25.104478797817873, 68.63798329983779], [25.104744778326275, 68.63795259848332], [25.105017452646663, 68.63792457633994], [25.105376304406203, 68.63788961497076], [25.105664623797313, 68.63784621929139], [25.10592225274692, 68.63774525391337], [25.106021600987887, 68.63766339340727], [25.106132012041655, 68.63757850437747], [25.106357534059644, 68.63750978415418], [25.10671336702147, 68.63744252169772], [25.107026372717264, 68.63740143970485], [25.107331184578143, 68.6373603993798], [25.10760182286674, 68.63733666920311], [25.10781811098438, 68.63728265911494], [25.10816367980235, 68.63724205336153], [25.108554497404047, 68.63724343657992], [25.10890056055081, 68.63729189420923], [25.10938761489719, 68.63732755144504], [25.109841704257658, 68.63733508136075], [25.11024825282414, 68.63734258512562], [25.11052448974906, 68.63734863290159], [25.110897725465154, 68.6373676785864], [25.111304274807573, 68.63737517978801], [25.111785840713317, 68.63741406598676], [25.112145380509038, 68.63744400923657], [25.11254984626408, 68.63746932579724], [25.112945584246408, 68.63750224684644], [25.1131457718982, 68.63757459173249], [25.113060781085938, 68.63765404593178], [25.11302378011597, 68.6377574494979], [25.113195724030845, 68.63782678702214], [25.1135193714147, 68.63787187572649], [25.11393498773594, 68.63792327918476], [25.114159243907004, 68.63796213809455], [25.114409443211027, 68.63803499124252], [25.114553839932046, 68.63809628818024], [25.11453257426767, 68.63817905108569], [25.114403820392674, 68.63818539791589], [25.114134686197374, 68.63817203034738], [25.113851394187087, 68.6381532595287], [25.113664743813462, 68.63817454415653], [25.113602460675608, 68.63823611066692], [25.1137030084147, 68.63830986267496], [25.113903121464837, 68.63838475210254], [25.114039513156158, 68.6384563331053], [25.11405995770344, 68.6385525379622], [25.114240327927455, 68.63860648497831], [25.114373600356316, 68.63863134775926], [25.114523383815023, 68.63862526975574], [25.114675049552403, 68.63860093175117], [25.114788619748225, 68.638602218476], [25.114950841092142, 68.63861961144141], [25.11521566768298, 68.63868740436935], [25.115250213315743, 68.63877631343657], [25.11545994518033, 68.63887774696398], [25.115421082030576, 68.63896284628217], [25.11519675850961, 68.63899267464981], [25.114808754670406, 68.6390068310846], [25.114751618924366, 68.63908242153471], [25.114878362920113, 68.63916012106198], [25.115060031488824, 68.6391852277089], [25.11534554804456, 68.63918154302999], [25.11548663013804, 68.63931253923354], [25.115615664273093, 68.63937122795332], [25.115840843213384, 68.63939732749454], [25.116133332059903, 68.63946299032034], [25.116389054570906, 68.6395883118191], [25.116366332350715, 68.63970827192739], [25.11638862511022, 68.63981942627008], [25.116226739712005, 68.63993547711581], [25.116117453128656, 68.64010522902991], [25.11610000103833, 68.64023675535844], [25.11608160486299, 68.64037986152589], [25.115990075083523, 68.64048974483931], [25.115898813785563, 68.64066901992148], [25.11574351967417, 68.64085906885727], [25.115605637941922, 68.64106548293336], [25.11557832573791, 68.6411732000213], [25.115660675468444, 68.6412572178394], [25.116021726500747, 68.6413236287502], [25.116344848029637, 68.64132102297573], [25.11671956154294, 68.64131365823033], [25.117300657063574, 68.64133861086985], [25.117790843323462, 68.64146660379132], [25.118120107916976, 68.6416204948026], [25.118214552417307, 68.64185493553362], [25.118370570775184, 68.64211086892746], [25.11845954195108, 68.64233602398777], [25.118702904616274, 68.64247289010976], [25.118976178696194, 68.64261257105662], [25.119237285893107, 68.64280252765879], [25.11931772828794, 68.64291179259716], [25.11930851335849, 68.64302258827487], [25.119071347451246, 68.64312859499083], [25.118716876472284, 68.64319625219836], [25.11839302509354, 68.6432781128089], [25.11803494229721, 68.64338971905488], [25.11771447300195, 68.6435063042583], [25.117564751512703, 68.64362942141389], [25.117382684504907, 68.64375912488477], [25.117148790191155, 68.64397607398868], [25.116805749707844, 68.64421024890287], [25.11631657536606, 68.64437343138087], [25.11603692197389, 68.64453208843473], [25.115938343245833, 68.64479908800296], [25.11592211556661, 68.64506926574592], [25.11612492247646, 68.64529569310538], [25.116593099514873, 68.64546041136026], [25.117092199374703, 68.64563232873209], [25.11728195366829, 68.64578696217606], [25.11758854740015, 68.64594341013166], [25.117803766115564, 68.64614404349945], [25.117853698124335, 68.64637800610187], [25.117835457854845, 68.64659731685059], [25.117905021775744, 68.64682464662354], [25.118188616011963, 68.64714897747169], [25.118418077651683, 68.64743811758272], [25.118542417015455, 68.64768508450582], [25.118555540575773, 68.64791692205357], [25.118571465582892, 68.64810304332835], [25.118473794789335, 68.64843477180774], [25.118378785426987, 68.64873412966008], [25.11808590360462, 68.6489479368707], [25.11800354219029, 68.64920134449027], [25.117986728475813, 68.64947618658563], [25.118019523632, 68.64976535363556], [25.11789395046129, 68.65005286149115], [25.117856817859597, 68.65026732827452], [25.117913099903635, 68.65073245055927], [25.117410144098066, 68.6510573286678], [25.116896192798144, 68.65128497265758], [25.116932873181447, 68.65152808552686], [25.11675440085797, 68.6517640844099], [25.11625687967704, 68.65194808737304], [25.1152805232168, 68.65224681833851], [25.114341840832378, 68.65247203900931], [25.1139614820959, 68.65277051832614], [25.113879569521746, 68.65306544792466], [25.113922986402073, 68.65338019143164], [25.11403974473741, 68.65372578938006], [25.11402809088966, 68.65408850542339], [25.11403935779519, 68.65440755416395], [25.113961632521434, 68.65465160316216], [25.114050551942736, 68.654953068197], [25.11408127951805, 68.65519136934934], [25.114054607903476, 68.65543377985689], [25.114185832398938, 68.65575645567448], [25.114488828842518, 68.65600250204474], [25.11472540532847, 68.65620611498719], [25.114841352278507, 68.65648707285007], [25.11476993109006, 68.65673128522742], [25.11501088985557, 68.6569581320903], [25.115076704965528, 68.65715756448353], [25.11511223192269, 68.65771485392786], [25.115157983193555, 68.65814985600419], [25.115097560245232, 68.65826474797457], [25.114716032555844, 68.65835062513537], [25.114344966558207, 68.65846435722722], [25.11426791321527, 68.65862525704203], [25.114546264998033, 68.65878551506904], [25.114594780869016, 68.658963947465], [25.114598945684246, 68.6591396203202], [25.114842229981342, 68.65918858844513], [25.115269890495725, 68.6592349254976], [25.115621883161264, 68.6593474471919], [25.11570944754723, 68.65951480622188], [25.11549701306479, 68.65962574328184], [25.115115096301402, 68.65986642891666], [25.114625407849356, 68.66018213657065], [25.11429605602829, 68.66055282939097], [25.11406728314252, 68.66078143085338], [25.113762660652686, 68.66093278354394], [25.11347077410734, 68.66116066637265], [25.113268372564292, 68.66138649081493], [25.113279351592677, 68.661622993388], [25.113503126072732, 68.66183119610122], [25.1136608724292, 68.66199240404622], [25.113967430823052, 68.66211829567459], [25.114214477039855, 68.66227591436025], [25.11421999654903, 68.6624354461122], [25.114086006729718, 68.66259334873989], [25.11402306198568, 68.66273824220258], [25.114019237084076, 68.66293463121318], [25.114007629377127, 68.6631494556367], [25.113932781756024, 68.66336928607562], [25.113843379309646, 68.66356540934753], [25.113638973664248, 68.66376776500127], [25.113589768983783, 68.66396517569372], [25.113677913929266, 68.6641256055465], [25.113885353369792, 68.66430503836526], [25.1140390468616, 68.66457963227815], [25.11414644555383, 68.66496735475509], [25.11409507416854, 68.6652741354633], [25.11414615000107, 68.66542265456583], [25.114401758756056, 68.66555253803963], [25.11444863181811, 68.6656732759705], [25.114466638748954, 68.66580501492808], [25.11465532486722, 68.66591327095725], [25.114640868441896, 68.66608743973609], [25.114589351798816, 68.66620442278621], [25.1143864401846, 68.6663358281884], [25.11407860434261, 68.66645026380476], [25.113785182943747, 68.66654168857684], [25.113485125495565, 68.6666376877432], [25.11328101149355, 68.66672552308023], [25.11317095104217, 68.66682835465399], [25.11314700245578, 68.66696208716856], [25.112996659045507, 68.66708749740273], [25.112892818970337, 68.66719031526938], [25.11287199170558, 68.66728720410039], [25.113085996599988, 68.66738431325585], [25.11323660121586, 68.66747845287993], [25.11340664834019, 68.66757041823497], [25.11352813581832, 68.66771050452815], [25.11366841342576, 68.66785299254813], [25.113672987720452, 68.6680241042639], [25.11358624984297, 68.66815020347578], [25.11339526337137, 68.66823352422975], [25.113110997719083, 68.66829045977211], [25.112902740669185, 68.66835286797941], [25.112811422691053, 68.66845583533554], [25.112777450316653, 68.66855941666313], [25.11274662133114, 68.66869773870535], [25.112761930128972, 68.66881811810457], [25.1126578761435, 68.66892321657578], [25.112645037759833, 68.66899938937388], [25.11253149361869, 68.66912683681107], [25.112528648220007, 68.66925221564058], [25.112544902405126, 68.66936101520423], [25.112523653880118, 68.66946790958819], [25.112465500997875, 68.66954963580632], [25.112370790479755, 68.66967467359856], [25.112318249168577, 68.66978835999828], [25.112227676748834, 68.67001421995927], [25.11219578345741, 68.67018681104862], [25.112130670233444, 68.67035705627477], [25.111997850789855, 68.67050345163368], [25.111913232990364, 68.67060419807402], [25.11174237087035, 68.67067160033253], [25.111427285786284, 68.67071896322409], [25.111202362475733, 68.67082737756188], [25.111071633277408, 68.67094833188138], [25.11095549871944, 68.67112039130569], [25.1108676742361, 68.67133428864705], [25.11087222956242, 68.67150540066271], [25.11094070813083, 68.67169043015332], [25.110970798803077, 68.67184158004873], [25.110947409801636, 68.67196838219682], [25.110973103005012, 68.67211426355298], [25.111001641925412, 68.67230406726776], [25.11102030462124, 68.67247605017835], [25.110946760172762, 68.67265242927395], [25.110756805469812, 68.67279819465995], [25.110585273408475, 68.67294883390042], [25.11047674590285, 68.67310700446966], [25.11030520969542, 68.67325764346579], [25.110239498219865, 68.67343481846574], [25.11026766253282, 68.673629271968], [25.11033530672009, 68.6738064588923], [25.110451394681146, 68.67394669339367], [25.11065981792842, 68.67397464744951], [25.110838958373435, 68.67393187917006], [25.111021066575397, 68.67395951861023], [25.111081900433902, 68.67407206447801], [25.111023388969148, 68.67416669464079], [25.11095630620813, 68.67434413449085], [25.111103230306618, 68.67457704437871], [25.11125503611694, 68.6747911503441], [25.111090095089803, 68.67501578908802], [25.111145398184668, 68.67526367481612], [25.111176271747283, 68.67557600387619], [25.111034492147805, 68.67582627921254], [25.11101201640948, 68.67601789756083], [25.11123757430261, 68.67620295729974], [25.111372820651717, 68.6763315999468], [25.11142992923641, 68.67648238705368], [25.111398919089556, 68.67662307804211], [25.11125480773822, 68.67675082823057], [25.11098642171269, 68.67684716888127], [25.110690290289277, 68.67689474090167], [25.11033760855374, 68.67693475284769], [25.10997292887672, 68.67696759585746], [25.109687428067183, 68.67704065324472], [25.10947043081143, 68.67712834999553], [25.109298601681044, 68.67720959617931], [25.10900584425794, 68.67729189149007], [25.10874292585279, 68.67739751449467], [25.10851734711809, 68.67751285627358], [25.108303516481087, 68.67763755846559], [25.10837239913747, 68.67779779576355], [25.108441731220758, 68.67795573770549], [25.10836350856774, 68.6782044353733], [25.108253501850932, 68.67845505391867], [25.108010807143625, 68.6786973603616], [25.107818276306144, 68.67894470941431], [25.10776028232394, 68.67917984471022], [25.107569470711898, 68.67933481816499], [25.10730289237424, 68.67948438975625], [25.107089901396204, 68.67967381861843], [25.107167477819047, 68.67988261520165], [25.107205852432262, 68.6801049403676], [25.1071666482981, 68.68034247802163], [25.107085311908545, 68.68062810732172], [25.10760563620822, 68.68100830136888], [25.10767237787837, 68.68127255317248], [25.107750760649548, 68.68146506095754], [25.107969990291434, 68.68173343534474], [25.10825012262914, 68.68187519171147], [25.108746826027275, 68.68216036733004], [25.10909916858319, 68.68242314653283], [25.10944970007377, 68.6826857627066], [25.109486987239126, 68.68287122787044], [25.10959677488899, 68.68322369889391], [25.109711234397302, 68.68353778142696], [25.109733962612022, 68.68377983439522], [25.109772075169058, 68.68393050057216], [25.109920558128064, 68.68437698795638], [25.110120653424, 68.68493267930151], [25.11050370140733, 68.6853980165904], [25.11092249529129, 68.68599238840245], [25.110914913764667, 68.68642580803197], [25.111541248948967, 68.68726812203897], [25.111994285033386, 68.68809786511244], [25.112185745901346, 68.68858639625202], [25.11255912977871, 68.68898173089651], [25.112654846232232, 68.68927317711474], [25.112815558349983, 68.68984504294924], [25.113063364233998, 68.69009209377823], [25.113267285206838, 68.69042980526908], [25.11331372056155, 68.69074001765577], [25.11348539405809, 68.69096617501033], [25.113752867182292, 68.69147352181415], [25.113977448430266, 68.6919972523899], [25.11404760214266, 68.69240520005877], [25.114309822365954, 68.6928371052992], [25.114247017357382, 68.69358026347334], [25.11414544620628, 68.69448427053413], [25.113902384315434, 68.695188964948], [25.113480944687574, 68.69611266394827], [25.113265061203677, 68.69698719361185], [25.113116233505476, 68.6976017204696], [25.113165778998265, 68.698396427398], [25.11315233341831, 68.69859031388714], [25.11336103656196, 68.69877177563585], [25.11328659260328, 68.69894466925334], [25.1128196774364, 68.6989937486114], [25.11223205898331, 68.69887863905889], [25.111486640702406, 68.69886487951166], [25.11110385506358, 68.69903199202055], [25.110787527920195, 68.6993620317216], [25.110911389914904, 68.69966203311185], [25.111020192991123, 68.69996729929063], [25.111356920582402, 68.70039997320598], [25.11170688799092, 68.70074964595112], [25.11214095879967, 68.70101684505752], [25.112034127743488, 68.70130456211896], [25.111851947153898, 68.70161089384533], [25.111784522003976, 68.70205527990618], [25.11162456196218, 68.70217708471903], [25.111505708667107, 68.7022501339798], [25.111450908526315, 68.70239561805742], [25.111525011421147, 68.70251952500226], [25.11180347075408, 68.7026482359771], [25.1122462037512, 68.70291464147907], [25.112935056502927, 68.70311065138483], [25.11335230141782, 68.70341679242168], [25.113652793331934, 68.7038081962455], [25.11372302539389, 68.70415834676021], [25.113987952283175, 68.70461550161703], [25.11431722963679, 68.70496116238513], [25.115008392758632, 68.70508834525822], [25.115486783129292, 68.70519453919613], [25.115678637507486, 68.70549016207882], [25.115864184518326, 68.7059231699874], [25.115482326025937, 68.70602209325152], [25.114952336439575, 68.70646140481065], [25.11502508528787, 68.70666305946521], [25.114962859239785, 68.70686869501564], [25.11501595085445, 68.70712452416963], [25.115164548050224, 68.70731079967082], [25.11554831851521, 68.70750037809698], [25.11610403989737, 68.70768546443612], [25.11664883835664, 68.7077631485024], [25.11731566748797, 68.70779925143633], [25.117915721124376, 68.70781380081004], [25.118452919113672, 68.7079288665755], [25.118794072096456, 68.70806340046015], [25.119396381936575, 68.70850352233408], [25.11989412320673, 68.70933430397818], [25.120330018783328, 68.71001240208595], [25.120722844743028, 68.71031538574383], [25.12071006617642, 68.71064642313121], [25.12076229047365, 68.71109220943562], [25.120946618076832, 68.71138747127955], [25.121277226727315, 68.71175192155526], [25.1217659334596, 68.7124824480049], [25.122311758475796, 68.71303767489484], [25.123156822451147, 68.71335578430464], [25.124121092919687, 68.71361623669067], [25.125294788249953, 68.71387971961634], [25.126281601505358, 68.71386814139353], [25.127397185660133, 68.71392943226907], [25.129021247567113, 68.7139853677469], [25.130201864868365, 68.7141612968569], [25.130785865648445, 68.71450442232532], [25.130962131843663, 68.7148972552042], [25.131022272936537, 68.71525083847774], [25.130620859064273, 68.71558307305213], [25.13035161045986, 68.71594378699399], [25.130836693693997, 68.7161674124309], [25.13118862266749, 68.71647975467265], [25.13130468639776, 68.71687740975752], [25.13116872130713, 68.71725047777147], [25.131057267677594, 68.71768902488724], [25.130570048257475, 68.71814912027403], [25.130306161115318, 68.7185025219075], [25.13032079954576, 68.71881022410335], [25.130004707726084, 68.71904320190623], [25.129599561643932, 68.7192279404427], [25.129291833570377, 68.71924101525104], [25.12914973461099, 68.71917348243797], [25.12885734461922, 68.71913717695567], [25.128714723524723, 68.71921403329253], [25.128695431777846, 68.71930874664082], [25.128537498200842, 68.7193848954658], [25.12799558361778, 68.71950068469026], [25.127375733977786, 68.71960829970669], [25.126660098341638, 68.7196873149615], [25.125828870927513, 68.71979754039694], [25.12509636708631, 68.71982666671168], [25.124540840218444, 68.71979391933247], [25.124327669703852, 68.71982640220195], [25.12411716448297, 68.71992305343097], [25.124010423899467, 68.72003684201314], [25.124168903677884, 68.72017887854997], [25.124121471140466, 68.72033925799734], [25.12374909631455, 68.72053460997397], [25.12350329607581, 68.72079253869366], [25.123311459691454, 68.7212953601963], [25.123432523903162, 68.72163328294867], [25.12352104965342, 68.72209266755344], [25.123323290262217, 68.72233390051908], [25.122917999303418, 68.72276070123348], [25.12250772642824, 68.72331736769532], [25.122175131924127, 68.72378568332641], [25.121796054318015, 68.72434944403514], [25.121930604901436, 68.72473863360162], [25.12245263581606, 68.72510813306668], [25.122692497990382, 68.72545829642128], [25.12259966423689, 68.72602735653885], [25.122492527913366, 68.72659083849294], [25.12253288340252, 68.72699851312892], [25.123029638887537, 68.72749266593515], [25.123257448702006, 68.72791460262839], [25.12327956527496, 68.7281913633305], [25.123342749173666, 68.7283919676881], [25.12315157939127, 68.72853099722177], [25.123247973845494, 68.72880898669717], [25.123114394924446, 68.72903935274488], [25.123150044686845, 68.72931892525806], [25.123430375422615, 68.72950096731171], [25.12347634197511, 68.729647627806], [25.123362872958626, 68.72975501517787], [25.123409276992255, 68.72991299091883], [25.123450774102345, 68.73013060261918], [25.123263979026284, 68.7303081103671], [25.12305438737452, 68.73045605490302], [25.12303745630441, 68.73065632756514], [25.123034411482237, 68.73092834785403], [25.123122358160483, 68.7311911515049], [25.12329182524477, 68.7314862313262], [25.123408671053916, 68.73169920080404], [25.123004040436715, 68.73206398339182], [25.123007407739752, 68.73237889612183], [25.123221372521613, 68.73269143141], [25.1236321505418, 68.7331296296185], [25.124028096637623, 68.73375844714863], [25.124213871384384, 68.73425587634945], [25.124006490219795, 68.73490380952389], [25.124426228848463, 68.73507135408599], [25.125134441223363, 68.73526838048134], [25.1255671557369, 68.73551652727826], [25.126208973892563, 68.73574804803644], [25.12667088332564, 68.73594860862212], [25.126688744705856, 68.73625194197405], [25.126600659919216, 68.73659461277818], [25.126381561316098, 68.73685709598274], [25.126146146958682, 68.73707637692839], [25.126165583989753, 68.73731283475806], [25.12607010834004, 68.7374578791626], [25.125928978532492, 68.73754643223755], [25.125854986633218, 68.73769090442894], [25.125736536747052, 68.73781147718827], [25.12564717016273, 68.738163388095], [25.125788361742803, 68.73844185016459], [25.126167504664764, 68.73870167352185], [25.126239870648647, 68.7388376673446], [25.126194483845516, 68.73907613591568], [25.126051905196938, 68.7394003214062], [25.125919672427504, 68.73977269648024], [25.1257677554055, 68.74017193794444], [25.12589055307204, 68.74058852005756], [25.12567878309264, 68.74099246526187], [25.125901652590116, 68.74154327788591], [25.125740891561136, 68.74213314059658], [25.125783084647637, 68.74236141929873], [25.12565950139936, 68.74261586120387], [25.125117343557, 68.7429771522104], [25.12434833793944, 68.74333181518918], [25.123549239760095, 68.74354239100897], [25.122918504291743, 68.74379133930702], [25.12239811832437, 68.74406174962387], [25.121856949592342, 68.74444664732833], [25.12118356280628, 68.74518240383672], [25.121011315476366, 68.7456046383639], [25.121086329765426, 68.74586858934168], [25.12153546627406, 68.74592368220344], [25.121891360215148, 68.74614953715448], [25.122408242027237, 68.74657045827165], [25.122789893245972, 68.74687315109502], [25.122780043527133, 68.74731189734686], [25.122970966065758, 68.74762184009401], [25.123627311705675, 68.7477938063799], [25.123886193428184, 68.74791219034279], [25.123700355004992, 68.74833035038758], [25.12394294581427, 68.74849880505569], [25.124119088930946, 68.74875138916823], [25.124123184023187, 68.74893750901282], [25.12401554517529, 68.74910959650985], [25.123895790462665, 68.74938285750564], [25.12346968235137, 68.7496442166367], [25.123636121595517, 68.7501564318928], [25.12351625958076, 68.75051344578326], [25.12376394690123, 68.7508592508818], [25.12387548850188, 68.75117543877926], [25.12381553502166, 68.7514182320422], [25.123484485942488, 68.75160062895051], [25.123240654682814, 68.75182975073074], [25.12315182895797, 68.75204561427665], [25.12319352768398, 68.75216649503295], [25.123312380705187, 68.75229142917112], [25.123289630324773, 68.75239887001295], [25.12329287656241, 68.75257442512296], [25.123312297125995, 68.7527083552954], [25.12343721588522, 68.7528672207506], [25.123866171774313, 68.75292924939788], [25.124421077081532, 68.75301388847448], [25.124648230709628, 68.75324615572582], [25.124938112334714, 68.75353715191999], [25.12486684406097, 68.75385122006017], [25.12495329150477, 68.7541257344905], [25.12532211888724, 68.75431233919616], [25.12559722312294, 68.75445061463182], [25.125800721055644, 68.75473757085312], [25.125813887601847, 68.75498538775], [25.12595827052427, 68.75529124700867], [25.1259297196447, 68.75563295188263], [25.125837572131093, 68.75600780308012], [25.12591863162642, 68.75645258876348], [25.12571769761515, 68.75690659415291], [25.12579998630103, 68.75704444253897], [25.12605149332387, 68.75722007444658], [25.126011843406914, 68.75745583661049], [25.12604643811894, 68.75763313006107], [25.1261998044536, 68.75780152992444], [25.126476900446388, 68.75802797091627], [25.126874079149673, 68.75807558360606], [25.12709409361699, 68.7578964386341], [25.127486130176855, 68.75783475281261], [25.127790655907837, 68.75800319007378], [25.12805218840032, 68.75814228415275], [25.128229975414982, 68.75836764195094], [25.12839182444086, 68.75858116843521], [25.12870610345317, 68.75875609340349], [25.129074274540855, 68.75883312742961], [25.129238704792368, 68.75901410545436], [25.129890597177905, 68.7592239916117], [25.13058369013383, 68.7594320230032], [25.13103614546037, 68.7596876123595], [25.131284022593068, 68.76002678331828], [25.131547070999446, 68.76041312794817], [25.13230272980747, 68.76086671831833], [25.133032176790834, 68.76107690322111], [25.133468387201585, 68.76129971671094], [25.133678901666574, 68.76143762294572], [25.133954434266542, 68.76156561313259], [25.13418540278665, 68.76173549295204], [25.13441131411001, 68.76182900604952], [25.13462094550529, 68.7619753127602], [25.134619624769286, 68.76239722531997], [25.134821026669655, 68.76282186378842], [25.134826712009122, 68.7630934570503], [25.135079472672267, 68.76347080487592], [25.135453030133718, 68.76383867809167], [25.13530381410637, 68.76436625052777], [25.13531271802336, 68.76496774896853], [25.13541858154115, 68.7656843425689], [25.135527601101646, 68.76616873266016], [25.13540967277023, 68.76668325435402], [25.13464558247058, 68.76686487376884], [25.133960806665662, 68.76699306457289], [25.133255806101644, 68.76712846207803], [25.132786268416044, 68.76730943322424], [25.13269538933883, 68.76745156915074], [25.132702460308064, 68.76760203607986], [25.133026695693093, 68.76774160861233], [25.13328373382436, 68.76797352469113], [25.133683711003723, 68.7682130508376], [25.134131207940552, 68.76835770023493], [25.134006828296965, 68.7685897836237], [25.13422578389484, 68.76898605410058], [25.13446865847964, 68.76938968171793], [25.134584000530005, 68.76966291026928], [25.13461444614501, 68.77000686814117], [25.134498267760005, 68.77021323179662], [25.134421833701342, 68.7704200080858], [25.13458737831588, 68.77056498915776], [25.134623762468795, 68.77083745119926], [25.13486038965531, 68.77109673240292], [25.13487676379204, 68.77135561293557], [25.135113523644833, 68.77159447051758], [25.135448590698832, 68.77176559971329], [25.135674360466552, 68.77197290923137], [25.136072694398816, 68.7721705230928], [25.13658508649484, 68.7724195916886], [25.13708043706049, 68.77263974538955], [25.13742844638536, 68.77272951608828], [25.137552861054015, 68.77313177021193], [25.137670658512494, 68.77337645083524], [25.137926636937372, 68.77362267575637], [25.13847403774701, 68.77374794822917], [25.13865275362134, 68.77393995106621], [25.138689911860038, 68.77400113197085], [25.1387401108617, 68.77414618313341], [25.1393154552152, 68.7745678385903], [25.13931797434132, 68.7749831734919], [25.13988085045697, 68.77544677682125], [25.140145640664006, 68.77591287059208], [25.14017735411545, 68.7761799014365], [25.139969204416413, 68.77628593505156], [25.139454360728564, 68.77633445581189], [25.13904267355813, 68.77648798834619], [25.13893340059225, 68.77703429496613], [25.138768881585065, 68.77747251237872], [25.138592371245267, 68.77785093168792], [25.138806666642243, 68.77811963838278], [25.139295879096192, 68.77837782038293], [25.140025314778978, 68.77849944961292], [25.140635269349765, 68.77860470158194], [25.141296700575893, 68.77877389738754], [25.141348988874043, 68.7788608415642], [25.14112468793848, 68.77892257309003], [25.141059322687717, 68.77904720313968], [25.140975305896827, 68.77912641122312], [25.14094314461494, 68.77937216685035], [25.140924827870244, 68.77959195175937], [25.1410642280296, 68.77983659952177], [25.141253382132327, 68.7800587332506], [25.141596660821705, 68.78037136872626], [25.14167008657605, 68.78068814628575], [25.141818607844662, 68.78113595051501], [25.14187698014597, 68.78149401615653], [25.142020379510836, 68.7817168271251], [25.14204709376623, 68.78199250949396], [25.142028035803975, 68.78245824056391], [25.142044856800997, 68.78263788437538], [25.141809814101236, 68.7827743062372], [25.141395594452458, 68.7829492251398], [25.140891335680124, 68.78305372376461], [25.140243877488086, 68.78315080824873], [25.13988207422027, 68.78327419364544], [25.139729633150612, 68.78337676867041], [25.139591168211993, 68.78350263574718], [25.13971130373017, 68.78359655364007], [25.14000445944985, 68.78372130867281], [25.140347219185582, 68.78384279550363], [25.14062259031534, 68.78397679027144], [25.14091036613849, 68.78416547654747], [25.141197945007566, 68.7843597095137], [25.141387101434375, 68.78458175452181], [25.141406391612367, 68.78473248517655], [25.14135671436055, 68.7849461794994], [25.141376612904143, 68.78509115692948], [25.141461756663144, 68.78541049447085], [25.141642256200175, 68.78573668575442], [25.141728162187395, 68.78598801453526], [25.141755288565324, 68.78626675753235], [25.141937280117425, 68.78650148554355], [25.14197005963252, 68.7867881444811], [25.142113896066242, 68.7869808059388], [25.14205582801472, 68.78710172839278], [25.142204932115494, 68.78723073639037], [25.14267112308313, 68.78739213287415], [25.143071506811943, 68.78757601383082], [25.14379593257019, 68.7878965733934], [25.144570954754343, 68.7881887584121], [25.145267085107463, 68.78846846643944], [25.145509117565332, 68.78863323616876], [25.14557687275094, 68.78877868105862], [25.14567883302987, 68.78909246774575], [25.14579292069876, 68.78925580221592], [25.146005089777706, 68.789397059753], [25.146350793441265, 68.7894702710571], [25.146715781092205, 68.78950320800631], [25.147251665095908, 68.7895959603494], [25.147662467534946, 68.78966142498918], [25.147917654486363, 68.78959528228161], [25.148046318388808, 68.7895514841597], [25.14814624339564, 68.78956332187411], [25.148225909848726, 68.78960732592896], [25.148377250612977, 68.78971659632091], [25.148441056456353, 68.78980774527666], [25.148599665307035, 68.79004642508862], [25.148718552286905, 68.79017063231721], [25.149027636233775, 68.79054168270443], [25.14916068947294, 68.79090431510346], [25.149461668272572, 68.79128166281009], [25.149537182000362, 68.79156347510516], [25.149803216161786, 68.79179212464388], [25.14995460095753, 68.7919982119231], [25.150081558777014, 68.79219479581684], [25.150100689324322, 68.79236894976673], [25.150121273420893, 68.79252777154568], [25.149817037596197, 68.7926403447342], [25.14954061637789, 68.79271974966572], [25.149251083075953, 68.79275929481254], [25.14907108932325, 68.79289457534422], [25.14940298288957, 68.79313939101728], [25.149533979495317, 68.79348826551353], [25.14945709704477, 68.793834728998], [25.149518724688182, 68.79405540547633], [25.149800663039883, 68.7943190288187], [25.150165819323128, 68.7945429607431], [25.15067087521863, 68.79464301659937], [25.151083663226895, 68.79472559902116], [25.151642161751646, 68.79486597824676], [25.151904409112795, 68.79494277538137], [25.15190580171764, 68.79506863920815], [25.151963278029385, 68.79524274500913], [25.15204086190688, 68.7954550170776], [25.152199451273496, 68.79566520651655], [25.152374216321846, 68.79586969984845], [25.15269343632765, 68.79606999967386], [25.153027873070382, 68.79628208323064], [25.153298979272805, 68.79648184234547], [25.153507886274046, 68.79666358288817], [25.15370347667864, 68.79681046701523], [25.153997173966882, 68.79693526917939], [25.154441748195882, 68.79700077118754], [25.154718204977122, 68.7971110070738], [25.154605923301613, 68.7973322158242], [25.15483585117747, 68.79745188841143], [25.155269066183408, 68.79757370002429], [25.15554558450914, 68.79773946520126], [25.155756370999516, 68.79789804261468], [25.156051379156246, 68.79800552242753], [25.156418189289305, 68.79821210650042], [25.156563474965022, 68.7983873471914], [25.156756893386905, 68.79856312610544], [25.156932329027224, 68.79876186093233], [25.15680959118016, 68.79908479041849], [25.156816670695584, 68.79938589728832], [25.1568732422779, 68.79962149105215], [25.15712660888356, 68.79989291766934], [25.15754845987913, 68.80001332656688], [25.157947158627554, 68.80002923851654], [25.158301611345177, 68.80006878623574], [25.158719172951905, 68.80023745467365], [25.159178770401788, 68.80036247435281], [25.159835606696316, 68.80050796089313], [25.160321988837044, 68.80054488073827], [25.160271232523836, 68.80074340957708], [25.16078368085201, 68.80088728027314], [25.16197032592314, 68.80117775762956], [25.163024660932706, 68.80130000840636], [25.163588594889585, 68.80117796544563], [25.164041466724395, 68.80106572436976], [25.1644318056711, 68.80098312685989], [25.16469845146022, 68.80094703147518], [25.164888176834534, 68.80097076146977], [25.16516248975983, 68.80113420025643], [25.165225448931185, 68.80124336682998], [25.165442076418866, 68.80137581297512], [25.165776617606088, 68.80148615191776], [25.166084309697748, 68.80158232551095], [25.16664288361901, 68.80178790936289], [25.167347997062144, 68.80202409799772], [25.16800549181521, 68.80227115170823], [25.168335465323363, 68.80246325172807], [25.167916923785693, 68.8026172559594], [25.168323610205835, 68.80277349789647], [25.168778937072226, 68.80290801134822], [25.16940667758956, 68.8030536860286], [25.16984327847744, 68.80319159922487], [25.170296301850712, 68.80332379882381], [25.170687806919496, 68.80342650864125], [25.17110560439335, 68.80349332462008], [25.17156046362872, 68.80364573728349], [25.172012265075292, 68.80398463381529], [25.173338586172722, 68.80447612295217], [25.173666603420134, 68.80494637923547], [25.174142224306735, 68.80520052663756], [25.17453842991373, 68.8056299929231], [25.1747235776584, 68.80590726290546], [25.174946224429842, 68.80611810512877], [25.175706716153552, 68.80640409469174], [25.176390741214654, 68.80664888575261], [25.177354374731785, 68.80679815483646], [25.178440562557675, 68.80701821956667], [25.17941703552079, 68.80720817199048], [25.180562541390024, 68.80748098586112], [25.181818971826626, 68.80777230047205], [25.183032826348846, 68.8079937708161], [25.184998731519673, 68.80841422191567], [25.18593682413643, 68.80848795170262], [25.186826417876937, 68.80856688515118], [25.18822793568149, 68.80884237713296], [25.18898654977255, 68.80885183215173], [25.189885693727398, 68.80885276286449], [25.1906150317305, 68.80902533772849], [25.191456150914483, 68.8090910347667], [25.19217992533363, 68.80924343191809], [25.193048287613873, 68.8093332423531], [25.193364910419728, 68.8094297438979], [25.19374103611902, 68.80952635650544], [25.194180627595916, 68.8096294641772], [25.194465615378853, 68.80964956584432], [25.194841751150303, 68.80956703521805], [25.195185263729883, 68.80960246137472], [25.19555787315235, 68.8096736014992], [25.196196519946746, 68.80969039449293], [25.196902053224242, 68.80973026116686], [25.197119079197602, 68.80984940719857], [25.19721614474109, 68.81013237664966], [25.19722385502069, 68.81038546593098], [25.197371393855565, 68.81053759617527], [25.197697488089453, 68.81066255700597], [25.198089248018697, 68.81076520115913], [25.19828375267028, 68.81086819826002], [25.19841690777637, 68.81106394461547], [25.19841651535962, 68.81126652432786], [25.198546954183886, 68.81143584560105], [25.198711518486817, 68.81157650606676], [25.19915738524881, 68.81180119269317], [25.199604796768085, 68.8120086329135], [25.199791492023095, 68.81227109920485], [25.20016529845582, 68.81239661038998], [25.200662101706406, 68.81258716647109], [25.201121211710756, 68.81284680236966], [25.20174128667872, 68.81329332632966], [25.202061557382546, 68.81348778842863], [25.202593666992396, 68.81363808221572], [25.203288985445933, 68.81394653985174], [25.203693404116375, 68.81408978990832], [25.20423451857915, 68.81432701829284], [25.204641946386538, 68.8146324398621], [25.205128378203455, 68.81491019489167], [25.205821594572335, 68.81528747336023], [25.206242784937743, 68.81562191518971], [25.206616717690025, 68.81594425194028], [25.207144610547314, 68.81638039128968], [25.207041297049134, 68.81676973227177], [25.206986681627985, 68.81699911377538], [25.20703619299266, 68.81715982554014], [25.2072104915145, 68.8173725849003], [25.207203602484444, 68.81756585303874], [25.207193742766613, 68.81772191137613], [25.2068242471325, 68.81782166782311], [25.20667284102396, 68.81791553296581], [25.20669499978047, 68.81808489353769], [25.207193246605957, 68.81852083907476], [25.207575891161348, 68.81873909909741], [25.208027663299326, 68.81889435315243], [25.208822156961524, 68.81893159783498], [25.209450272428885, 68.81902504586432], [25.20976661233173, 68.81916746614507], [25.210372309415078, 68.81939958296321], [25.21144601117099, 68.81958457674294], [25.212579058435583, 68.81982812609169], [25.21334054901958, 68.82011402644706], [25.214610477635052, 68.82044572101782], [25.215594973422583, 68.8205487160138], [25.2160495579608, 68.82066929575024], [25.216405355252423, 68.82082355790432], [25.217177153338422, 68.82094999761111], [25.217907613916136, 68.82111815285813], [25.21874224263694, 68.82123014938182], [25.219614560748116, 68.82133195548403], [25.220307950391657, 68.82166916441597], [25.220798274765112, 68.82194638404974], [25.221197737638473, 68.82235582207052], [25.221585078275112, 68.82251623629139], [25.22174449394571, 68.82272626492009], [25.22182699991208, 68.82289504679855], [25.22208408035515, 68.8230829831697], [25.22225714695526, 68.82328510288536], [25.222627308039126, 68.82345817727018], [25.223070577955845, 68.82361464465248], [25.22335005834207, 68.8237217155098], [25.223960753923613, 68.82373676700034], [25.22453285805903, 68.8236990737769], [25.224954193738924, 68.8236340630788], [25.225459489500842, 68.82360061083888], [25.22597948301632, 68.82354965456044], [25.22653187190175, 68.82352894494181], [25.226912792609586, 68.82358101339264], [25.22718911852145, 68.82372711480787], [25.227570205810657, 68.82391331126121], [25.227700504780767, 68.8240838143103], [25.227658898201298, 68.82425279421669], [25.227387965462732, 68.8243928858535], [25.227411523717063, 68.8245454680749], [25.227666897439807, 68.82475655566085], [25.228081639110084, 68.82497510212963], [25.228610997665026, 68.82516589219584], [25.229027772874183, 68.82536126108548], [25.229833197090063, 68.82550276258114], [25.230455238365295, 68.82565260477439], [25.230783851196353, 68.8258310988638], [25.231121606016995, 68.82601411880627], [25.231376447593732, 68.82623095371864], [25.231784135182423, 68.82654204339602], [25.231897296947157, 68.82672847293416], [25.231909720350078, 68.82697784698368], [25.231952671622935, 68.82719087534372], [25.23211442179933, 68.82741963697991], [25.232023538208963, 68.82755767428002], [25.232008229329015, 68.82774856307573], [25.232065746797197, 68.82803276745024], [25.232050650933505, 68.82837185179116], [25.231919222768894, 68.82866546517305], [25.23189358211607, 68.82898622248966], [25.231950258873916, 68.8292820953107], [25.232143972167627, 68.82946353389822], [25.23245446552548, 68.82958840361032], [25.232858435901186, 68.82974307176517], [25.233401516482175, 68.8299629705344], [25.233651411353563, 68.83012374554848], [25.233455735912557, 68.83016941474169], [25.233097152917217, 68.83015266159622], [25.232860089601306, 68.83032781968416], [25.233222367282497, 68.83054011518753], [25.233734098524508, 68.83074494974771], [25.234200778342625, 68.83106651796777], [25.234243484899032, 68.83145953740566], [25.234389319663077, 68.83164053085737], [25.23499654763232, 68.83165839718032], [25.23560612591464, 68.83164734764902], [25.235899540664526, 68.83173921834481], [25.235940146130506, 68.8318306829458], [25.23582081041081, 68.83196800385811], [25.235600506667947, 68.83212199745611], [25.235485532769196, 68.83235816157982], [25.235596993176138, 68.83256774847156], [25.23556525444761, 68.8329669332767], [25.235561983180524, 68.83321000414959], [25.235831657859656, 68.83364702636901], [25.2359339767427, 68.83397225280231], [25.23618131862748, 68.83428747392936], [25.236258064025055, 68.83453139356035], [25.23651307122665, 68.83495088480717], [25.236880444605035, 68.83536571605713], [25.237366051879217, 68.8357065523979], [25.23770915799687, 68.83585747867221], [25.238508417157092, 68.83604834746737], [25.239071943652927, 68.83621625994449], [25.239376419590542, 68.83641627673703], [25.239358192087384, 68.8366476447814], [25.239114410863003, 68.83689410347637], [25.239273995488944, 68.83731831401793], [25.23950494483639, 68.83773718254018], [25.239641909235374, 68.83812900755952], [25.239540275936285, 68.83839213604374], [25.23877966427645, 68.83870571921348], [25.23856357257263, 68.83885537397241], [25.23861497528313, 68.8391466711873], [25.238934730063267, 68.83932334319235], [25.23936321282465, 68.83937114327559], [25.239882076372265, 68.83933747476853], [25.24044259521909, 68.83938667458109], [25.240793817401084, 68.83949880381252], [25.241206284434448, 68.83975033374975], [25.2416768380352, 68.84017594582956], [25.241927580289133, 68.84041408550321], [25.242191490054285, 68.84080163270521], [25.242589000640038, 68.84109210078512], [25.24328994588281, 68.8414239062399], [25.24448662201375, 68.84189361580633], [25.245287535360603, 68.84209870677184], [25.245886396543227, 68.84242909748772], [25.246301714649086, 68.84257933877036], [25.246734692020773, 68.84264627360459], [25.247353732114874, 68.84272211537451], [25.247930133764733, 68.84272812394748], [25.248456759605073, 68.84275667637577], [25.248430666676025, 68.8428837899103], [25.248584162763347, 68.84302801001125], [25.248585888467087, 68.84330999406797], [25.24868464183042, 68.84352316985404], [25.248772717367405, 68.84368063268155], [25.248968504348205, 68.84378678879543], [25.24917119718175, 68.84385821592996], [25.249547278782142, 68.84396627745093], [25.250066984904883, 68.84408165403508], [25.250697007958337, 68.84422125874856], [25.251374689432417, 68.84436712498017], [25.251846321933296, 68.84440963885682], [25.252526136076483, 68.84445834541303], [25.252858902940183, 68.84451394692043], [25.25327084573526, 68.8446642905388], [25.254278795762907, 68.84484148406749], [25.25538999323344, 68.8452767746051], [25.25634847722245, 68.84572663279229], [25.257251282549664, 68.84612769220477], [25.258380183560057, 68.84679524589318], [25.259306448628546, 68.84718125377206], [25.260140038975894, 68.8474501039477], [25.26109350367647, 68.84776083626353], [25.26142403575065, 68.84804211227765], [25.261756558972102, 68.84830021231885], [25.262510242035567, 68.84849904579313], [25.263069090893843, 68.84867299890567], [25.263416990227125, 68.8487919234978], [25.26406022558234, 68.84897216401059], [25.26458816415009, 68.84919174776591], [25.265235506264357, 68.84952258751107], [25.266042089431025, 68.84986658500547], [25.26665476549531, 68.85023175822562], [25.26736543854098, 68.85057479531966], [25.267701842463847, 68.85098922497112], [25.268547507087604, 68.85124678110984], [25.269741467343305, 68.85155996100838], [25.271758626151943, 68.85200887766828], [25.27326573600821, 68.85241783718723], [25.27440483868666, 68.85261461637386], [25.27565270409537, 68.85285303742154], [25.277420942864506, 68.85320681191403], [25.279340958293616, 68.8536719335334], [25.280243459740227, 68.85382004468556], [25.28120653520267, 68.85380660336217], [25.28228609365542, 68.85373648018087], [25.283173539637424, 68.85387278879169], [25.28450578504939, 68.85426829499212], [25.28520372617293, 68.85477898326894], [25.28591178598226, 68.85495401793426], [25.286919983289643, 68.85510961805156], [25.287780492690146, 68.85546494956823], [25.28830547096671, 68.85568320848296], [25.288901708795706, 68.85589738282447], [25.28922236973917, 68.85610452840955], [25.289586208726334, 68.85621662901113], [25.289847078947005, 68.85631932017178], [25.289641651472838, 68.85642972956916], [25.289035711654627, 68.85665275949401], [25.288685180638016, 68.85683657505871], [25.28855850124135, 68.85701841709233], [25.288459595629018, 68.85726055808581], [25.287840437161247, 68.85759594746523], [25.28776276229076, 68.85797721278792], [25.28906964784341, 68.85839349395624], [25.290258648899897, 68.85909064997671], [25.29141471309989, 68.8594901773139], [25.29275004744991, 68.85985096217723], [25.293769418578385, 68.86009780500906], [25.294812483648844, 68.86044222687094], [25.29601577508264, 68.86097200665107], [25.29853304853515, 68.86140243621918], [25.301125753842555, 68.86189148750573], [25.302580329472484, 68.86216648581427], [25.304173573481265, 68.86251813320015], [25.30534445907121, 68.86272659825127], [25.306757680842164, 68.86291441157064], [25.307745320677892, 68.8630052698028], [25.308132477539402, 68.86297439484322], [25.30898742876522, 68.8627310550333], [25.309307938232543, 68.86262582772432], [25.309987806124973, 68.86269330775855], [25.310439241399223, 68.86276279238187], [25.311056905500017, 68.8628600398838], [25.311301988092403, 68.86284956860078], [25.31181197918646, 68.86268089765568], [25.312227315825634, 68.86270248022089], [25.312458014064493, 68.86283204849916], [25.31303563369728, 68.86304040171831], [25.313218524001446, 68.86337796228891], [25.314224576773768, 68.86364848466968], [25.31543476243789, 68.86393155008558], [25.31653802797733, 68.86428080069341], [25.317646153271447, 68.86442912963508], [25.318764050256963, 68.86460299723109], [25.31969556680465, 68.86485809044751], [25.320403594810124, 68.86506478640473], [25.32100157913816, 68.86522684515238], [25.32152258066155, 68.86537283318611], [25.32196853988341, 68.8654822977185], [25.322519401527572, 68.86551588435343], [25.32297755092056, 68.86555878467074], [25.32341961150272, 68.8656220061908], [25.32390766821847, 68.86573696458129], [25.324190989754587, 68.86585358220464], [25.32491112977238, 68.86595013157758], [25.32602846614022, 68.86616093978543], [25.32654252495808, 68.8663454684542], [25.326934761042637, 68.86653892016732], [25.327202799235607, 68.86680462399322], [25.327520470419344, 68.86708916148488], [25.327964964245034, 68.86726479124518], [25.328715706750067, 68.86742508463884], [25.329221547630233, 68.86746068785837], [25.32978061461723, 68.86746615342834], [25.33021686599556, 68.86752544990397], [25.330847707573895, 68.8677029860211], [25.331511184628848, 68.86789903435607], [25.332136992442642, 68.86814378109348], [25.332945858855535, 68.86843312344286], [25.334078959247183, 68.86892134788222], [25.335924844216105, 68.86939822742067], [25.337951136701697, 68.86996242354142], [25.3389549878305, 68.87015643628446], [25.339970045291935, 68.87017145895781], [25.34053192982946, 68.8699341483578], [25.341445201142417, 68.86994143142732], [25.34240677133511, 68.87013321024304], [25.34328946180181, 68.8703897464259], [25.34350001205372, 68.87063972235659], [25.34374496640267, 68.8708074233352], [25.34420477734887, 68.87097717807535], [25.34474874932988, 68.87111144029095], [25.345377576572954, 68.87131937931208], [25.346128969162105, 68.87147348686185], [25.34698864204319, 68.8716602482572], [25.3474941484095, 68.87181102913961], [25.348725243208584, 68.87212884065234], [25.35048022131603, 68.87245339425505], [25.35246534138356, 68.87290649971034], [25.35350603228525, 68.8733504682848], [25.353859753690337, 68.87379290909271], [25.354298579806468, 68.87405535518515], [25.355580553965513, 68.87414530515717], [25.357328848242858, 68.87409617245017], [25.357808346119043, 68.87425978620132], [25.358463932917033, 68.87456590743523], [25.35862542204252, 68.87467753845638], [25.35901149037201, 68.87473023530251], [25.359480727927835, 68.87503447017939], [25.35971892610409, 68.87530089495856], [25.360292232843747, 68.87548715017071], [25.36160877380489, 68.87561161184681], [25.362294447679314, 68.87574056153363], [25.362908423358753, 68.875923853552], [25.364417090880803, 68.87639109210133], [25.36681745221168, 68.87695850633045], [25.368602129909984, 68.87736714612394], [25.36913856674742, 68.87745178517783], [25.370274062416797, 68.87761293618355], [25.370661857742984, 68.8777233371074], [25.37122417417565, 68.87774082696696], [25.371761578170208, 68.87783384258796], [25.372111257792085, 68.87794558915026], [25.372587153729018, 68.87829841745918], [25.37308402639181, 68.87892096138417], [25.373428285688455, 68.87931576041112], [25.37331557630976, 68.87969394175386], [25.373755038358702, 68.87994896289369], [25.374827215228343, 68.88016156550091], [25.375443226749688, 68.88035341462125], [25.37524609455222, 68.88089295827837], [25.375596295245806, 68.88097588850951], [25.376502336008656, 68.88111291956783], [25.377475199133947, 68.88126289855684], [25.37929047741425, 68.88180021826281], [25.380261002339733, 68.8820418457895], [25.382149745397157, 68.88226637628642], [25.383482447431664, 68.88265099963178], [25.38496617014244, 68.88297963793366], [25.387280735896756, 68.88334410967283], [25.38922681209495, 68.88364393528501], [25.391098907586635, 68.88402865710707], [25.39362394203208, 68.88453578406317], [25.395618273014804, 68.8848726097904], [25.396964122507566, 68.88518533457072], [25.397836400247048, 68.88560164041178], [25.399292752905566, 68.88606469831606], [25.40106055964264, 68.88656935323787], [25.401601831489636, 68.88702124356088], [25.401454674178623, 68.88727293617382], [25.400862615626504, 68.88742997238116], [25.400563817382327, 68.88757398826758], [25.400298273040402, 68.88772439479747], [25.39983480708864, 68.88779958081166], [25.399319113802783, 68.88789260703508], [25.398970564907522, 68.88801780809153], [25.398549608208814, 68.88820958116328], [25.398609003135057, 68.88839458904775], [25.398389847663555, 68.8886326517735], [25.398102582787818, 68.88880473208725], [25.398293463572433, 68.88893513849334], [25.398062858799225, 68.88930610531743], [25.3977104856757, 68.88958561827707], [25.397514758251592, 68.88974151594815], [25.396798301289845, 68.89013219859001], [25.396658876234767, 68.89041836236615], [25.397538000187108, 68.8906958861746], [25.398559352872365, 68.89102355635131], [25.399982269682607, 68.89115928378837], [25.402208333229332, 68.89135138335028], [25.403547868086644, 68.89160254838319], [25.404877766359288, 68.89198813443794], [25.406028161880467, 68.89227420578746], [25.40764138172402, 68.89249727514044], [25.409564821409216, 68.8926558601288], [25.411100085869226, 68.89271219680597], [25.41248222688702, 68.89256415011195], [25.414231804082576, 68.89218554448509], [25.415222604109186, 68.89185835763573], [25.41603766675051, 68.89175803865967], [25.416675391910324, 68.89171280658566], [25.41782242919845, 68.891479545925], [25.418999465590773, 68.89125114051852], [25.419705483193276, 68.8911583614515], [25.42059254962976, 68.89121628015802], [25.421149916230213, 68.89133408337592], [25.421486515790825, 68.89153264068577], [25.421953398032233, 68.89195141326076], [25.422111457982222, 68.89211197994685], [25.421888963992743, 68.89239551017117], [25.421665781888464, 68.89265220533258], [25.42175671889101, 68.89284216634573], [25.422218318924877, 68.89288253595485], [25.422713337740362, 68.89295552342996], [25.42314424826302, 68.8931002125947], [25.42370213331438, 68.89337134200026], [25.424672267812166, 68.89367435529499], [25.42601698768087, 68.8938269766438], [25.42720357691564, 68.89401252726846], [25.428073887725965, 68.8941856798633], [25.42839361809211, 68.89422537012047], [25.428854063391455, 68.89419288089633], [25.429235851031187, 68.89407409254504], [25.429586390814077, 68.89391828273558], [25.429868704637975, 68.8937678750331], [25.43024442400672, 68.89373472307322], [25.43069973602634, 68.89377555132813], [25.4310171483402, 68.89384579900194], [25.431780003927145, 68.8938589613955], [25.432613675922852, 68.89382987132393], [25.433405712942392, 68.89391059362552], [25.433921468115862, 68.89405600008422], [25.434231396418536, 68.89423630581268], [25.434815344177718, 68.89437621669519], [25.435349686951653, 68.89450348861045], [25.436020717739744, 68.89461357732252], [25.436609054843696, 68.8947388642785], [25.437190285359986, 68.8948751229779], [25.43791188816574, 68.89499188003946], [25.438632163863037, 68.89512696835429], [25.439127642834595, 68.89532110910399], [25.439567078223753, 68.8955123642602], [25.440103986568758, 68.89567869289256], [25.440603852532572, 68.89581171954165], [25.441084477510532, 68.895975176367], [25.442563192309468, 68.89642911540217], [25.44469881287583, 68.89697527454943], [25.44610329314872, 68.89726280256991], [25.447500388544416, 68.89748040356798], [25.449404425803056, 68.89771941395537], [25.451662416863797, 68.89792537678221], [25.453391514104183, 68.89814877024973], [25.455007295793607, 68.89834694037174], [25.455516375666463, 68.89859014561972], [25.45572972977177, 68.89894068833718], [25.456226522248297, 68.89936118669337], [25.45672728965792, 68.8996770988887], [25.457221168989204, 68.8998915503061], [25.457977352668347, 68.90005839662149], [25.4587293137825, 68.90015521593723], [25.45933036885118, 68.90029063741619], [25.46008399740562, 68.90049740897872], [25.461018230108504, 68.90076243831055], [25.462697489423405, 68.90102843988093], [25.46416393192598, 68.90142696395179], [25.46601200908948, 68.90195134741823], [25.46869308839381, 68.90246484754641], [25.471386304868194, 68.9028738506316], [25.47231979263903, 68.9030525141576], [25.472944784118408, 68.90329547442899], [25.473591165743372, 68.90366206201338], [25.4743229946783, 68.90423075489932], [25.474802836865592, 68.90451687587674], [25.47524179686374, 68.90457914023797], [25.47588726520865, 68.9045256791198], [25.476364233253147, 68.90452991029252], [25.477951828872264, 68.90467025696172], [25.479428542549545, 68.90478905824638], [25.480267614128866, 68.90499762090214], [25.48119526696509, 68.90507480422687], [25.481587124324392, 68.90505815870199], [25.4817408488656, 68.90491019928207], [25.481734266734822, 68.90477229843576], [25.48200253205572, 68.9046971329616], [25.48252633166982, 68.90473330765063], [25.48297975826992, 68.90474888317596], [25.483632555889894, 68.90477857626524], [25.48421525300464, 68.90475405131374], [25.48484530086808, 68.90468262467449], [25.48532108028187, 68.90456285142355], [25.4862604726644, 68.90446781748463], [25.486883294265635, 68.9044602211394], [25.48780308260273, 68.90459616109123], [25.48886704695679, 68.90459952520443], [25.490043647100077, 68.90443349406866], [25.490744662526577, 68.90422149396636], [25.491582122319116, 68.90414893767242], [25.492440350666413, 68.9039099795917], [25.493121241730673, 68.90363928120024], [25.493695617809994, 68.90338883298229], [25.494086104429133, 68.90311241446811], [25.49424750420231, 68.90290129699376], [25.494406979520463, 68.90261628318484], [25.494593120758402, 68.90242732781734], [25.49480467099668, 68.90197868787482], [25.494795737625857, 68.90162796374844], [25.49453649159147, 68.90117421894281], [25.494257021115263, 68.90082490167482], [25.493707678839627, 68.90056349731873], [25.493357740050545, 68.90028005025795], [25.493239434669636, 68.89988936662849], [25.49334816819452, 68.89968933872592], [25.493848269726243, 68.8994671215895], [25.494525332491502, 68.89931434675337], [25.495411647012407, 68.899102856296], [25.496202666880343, 68.89877995954568], [25.497243652393948, 68.89853212368433], [25.498429683973974, 68.8982698860248], [25.500327686061844, 68.89784221696574], [25.501748899285623, 68.89759962702053], [25.502908738842283, 68.89747939048955], [25.503959774921622, 68.89750633352502], [25.504983276296898, 68.89744126123969], [25.50596766344205, 68.89731205039885], [25.507221132027112, 68.89710447959138], [25.508109494133375, 68.89703146567047], [25.508960568321037, 68.89692489828619], [25.509729220481418, 68.89667034392374], [25.510181245122354, 68.89641773367197], [25.51055498294605, 68.89615483790107], [25.51089244980172, 68.89584425213636], [25.511180860173507, 68.89547614815157], [25.511324234738566, 68.89510673750634], [25.511534888231555, 68.89471896131022], [25.511848693809593, 68.89443945550327], [25.512315279209275, 68.89410555119387], [25.513078987733007, 68.89371559652177], [25.513642142953653, 68.89345322213516], [25.51407278230011, 68.89324915721896], [25.51456166700614, 68.89298696312834], [25.51499119421501, 68.8927250203903], [25.51543287296077, 68.89250255146682], [25.515851579577117, 68.89228106068094], [25.516430518454747, 68.89209624885439], [25.517060483933, 68.89194475950048], [25.517526330577727, 68.8918775329283], [25.518444384782413, 68.89175246429612], [25.519122450333022, 68.8916633548239], [25.519513164945955, 68.89150063634514], [25.519806159182792, 68.89129869838432], [25.52040413250469, 68.89102830721376], [25.521182922077266, 68.89081646323082], [25.52226191932651, 68.89064526218002], [25.523070333306524, 68.89058105212115], [25.52342822815184, 68.89055088491845], [25.523979449842926, 68.89062044305183], [25.524410422344175, 68.89057090429647], [25.52539590308708, 68.89049661956147], [25.52596778145195, 68.8904005808899], [25.526442111136905, 68.89022535203391], [25.52685768801451, 68.88992482308029], [25.527254102752654, 68.88970968377672], [25.52768223258113, 68.88934833259194], [25.52828321319268, 68.8889681838582], [25.528828722519435, 68.8886765106322], [25.52962274364068, 68.88835731168601], [25.530541724153952, 68.8880371076305], [25.5313853020952, 68.88791161696513], [25.53206428814134, 68.88784881901468], [25.5327298363353, 68.88772982027261], [25.53350338253097, 68.8875431210924], [25.534085297059494, 68.88737966477082], [25.534871712083923, 68.88726163476487], [25.53556573632044, 68.88720605488801], [25.536411765240075, 68.88716584973096], [25.537248212256692, 68.88707328803393], [25.5380209761263, 68.88694683162885], [25.53898100782378, 68.88677922602743], [25.53984778781297, 68.88662516987264], [25.5407499484797, 68.88653310895889], [25.541571086954455, 68.88646219020727], [25.54266082947427, 68.88639452710183], [25.543864357720572, 68.88634552845114], [25.54495005824303, 68.8863369592871], [25.546081405363296, 68.88638810539656], [25.5470522429188, 68.88649198479271], [25.54821527318095, 68.88664440520778], [25.549441058355157, 68.88684493272122], [25.55057263868131, 68.88707315259772], [25.551639635323045, 68.88728179653504], [25.552620430762424, 68.88739937468266], [25.553647316153405, 68.88741759867841], [25.554506935500736, 68.8873726351222], [25.5552885546359, 68.88730803109654], [25.556041240326, 68.88728583766903], [25.556796098469672, 68.88723053322147], [25.55724710255212, 68.88712923677132], [25.5579650551869, 68.88688876556519], [25.55838487884016, 68.88671657379403], [25.55886855118314, 68.88657334939485], [25.55934686560404, 68.88651565858116], [25.560007199713002, 68.88649269598866], [25.560718301547055, 68.8865034248831], [25.56136549212161, 68.88648037272077], [25.561896405387962, 68.88642309994147], [25.56244631720779, 68.88627570974207], [25.562876867827867, 68.88613680262793], [25.56340378218185, 68.88600756399455], [25.564051494331636, 68.88590626160695], [25.56480405754887, 68.88588703123149], [25.56565935406281, 68.88590840357513], [25.566608174102498, 68.88590691826992], [25.567464689053963, 68.88590940279427], [25.568242694505653, 68.88590164046111], [25.569009207379676, 68.88587007082275], [25.569805283843216, 68.88578650223714], [25.57051229079055, 68.88565465589252], [25.57101525556224, 68.8855202628736], [25.57164651193771, 68.88541887163089], [25.572526117335705, 68.88528190351653], [25.573736535200315, 68.8851340610278], [25.57519219977819, 68.88499796828705], [25.576234218711793, 68.8849000121631], [25.57736733640837, 68.88479977903575], [25.57850997282168, 68.88465252309088], [25.579388830551807, 68.88451256472453], [25.580363663478355, 68.8843475866401], [25.581195755623796, 68.8841885735812], [25.582348729961485, 68.88390175089839], [25.583156325048364, 68.8837077498537], [25.584382828317022, 68.88348505257947], [25.58557912192605, 68.88332392380264], [25.586914383524277, 68.88325433257238], [25.588139523856228, 68.88325969167333], [25.589377618542198, 68.88326995003342], [25.590357763137135, 68.88339688896477], [25.59127028307607, 68.88355169404615], [25.59237204072895, 68.88363209476255], [25.59346385172672, 68.88366015568594], [25.594231922340107, 68.88380895448522], [25.594995922119594, 68.88401959514404], [25.59575179870968, 68.8841540762383], [25.5965465073531, 68.88426830641701], [25.59747637273046, 68.88438692681939], [25.59824376932873, 68.88453420836731], [25.598839891150188, 68.88471434109681], [25.599609264263623, 68.884807897688], [25.600328656526507, 68.88487262168772], [25.601032202078947, 68.88504716687692], [25.601722644222065, 68.88537723563998], [25.602054096501018, 68.88556012338078], [25.60255509431742, 68.88576376710512], [25.602880867627572, 68.88602177322969], [25.602970600544623, 68.88628037869748], [25.603080870978847, 68.88649763048704], [25.60337316747258, 68.88679208211737], [25.603719974429374, 68.88714650836083], [25.60407071535767, 68.88748978592662], [25.604718249989496, 68.88782464020974], [25.60550832460011, 68.88804486887165], [25.606314530848692, 68.88821774969858], [25.606984478197344, 68.88846561418686], [25.607635559430783, 68.8887987844766], [25.608178634114992, 68.88896470339283], [25.60881661102523, 68.88909348440053], [25.60965039745335, 68.88923681786908], [25.610168804861853, 68.88935959131587], [25.610873877649666, 68.88970415924244], [25.611582926763028, 68.88995708729968], [25.61240103512407, 68.89015372316287], [25.61332611027572, 68.89041083927698], [25.614138841689698, 68.89056565609282], [25.61491428266297, 68.89064460366966], [25.61561054161275, 68.89067875638648], [25.616544602937548, 68.89071009023837], [25.617466729109086, 68.89073499477198], [25.618519324979196, 68.89073168331389], [25.619583634550743, 68.89080548033766], [25.620879424901215, 68.89094961408571], [25.621871878905814, 68.89110015045605], [25.622790913604984, 68.89136886862434], [25.623621252193992, 68.89172739099844], [25.62381009168233, 68.89193777869572], [25.623919924978402, 68.89221592379627], [25.62415991527408, 68.89232451796173], [25.625110388186915, 68.8924377157772], [25.6260398382805, 68.89254496735262], [25.6268343915751, 68.89268997749028], [25.627462865155398, 68.89297927957391], [25.628144921125823, 68.89330517174218], [25.6282694291803, 68.89357966613], [25.628235988464773, 68.89390727866949], [25.62802234272903, 68.89422300445086], [25.627757027754246, 68.89452318437935], [25.627561395395002, 68.894758736228], [25.627411205967, 68.89505982792825], [25.627239889017165, 68.89550996806298], [25.627059418087498, 68.89586965731826], [25.627000262152944, 68.8961874442483], [25.62683852596503, 68.89645701264048], [25.62671871853268, 68.8966888692307], [25.626807676110307, 68.89695089045539], [25.627201011599432, 68.89720116076728], [25.627698502183023, 68.89747120560445], [25.6282272512216, 68.89766078632114], [25.629080637959433, 68.89793372204238], [25.62986577676155, 68.89824411986079], [25.630284785239315, 68.89850403139414], [25.63054237033076, 68.89868337187885], [25.630872950522516, 68.89892315274906], [25.631285235973117, 68.89917540200851], [25.631642338553387, 68.89936545044007], [25.632112735380183, 68.89964955295696], [25.632556558477276, 68.89993342405072], [25.633034382999885, 68.90031262827868], [25.63364851947812, 68.90061691031327], [25.63431222989467, 68.90104334142866], [25.63456256593947, 68.90125275325013], [25.634696414932133, 68.90158507596973], [25.634801632856814, 68.90201823028929], [25.635097885353193, 68.90234847930482], [25.635660072095316, 68.90263804973226], [25.63637558389944, 68.90280056461856], [25.637186156274833, 68.90291637589468], [25.638364443061487, 68.90305402942354], [25.63963495906476, 68.90319720811084], [25.64053441706792, 68.90337071457103], [25.64127565580695, 68.90354294357124], [25.64219791323839, 68.90377360091611], [25.642701485720615, 68.90394866122286], [25.643099262768835, 68.9041275863424], [25.64345127688985, 68.90419692908286], [25.644276828838972, 68.90428423740507], [25.64516582353165, 68.90435472426341], [25.646165748554207, 68.90442201401805], [25.64668760127609, 68.90449724613433], [25.647275855445827, 68.9046311500429], [25.64802682498885, 68.90486043021573], [25.648691658766957, 68.90509406089694], [25.649208207455164, 68.90525829265387], [25.650025669809395, 68.90538942370551], [25.650902670385083, 68.90550088915701], [25.651678263670547, 68.905544988771], [25.652509387021805, 68.90554205652319], [25.65335419163792, 68.9055459776864], [25.653823447062717, 68.90567412115533], [25.65423009782896, 68.90587408860523], [25.654306518190058, 68.90613599985953], [25.653948598697784, 68.90638494214683], [25.65367975681718, 68.90668212729153], [25.653478117069838, 68.90702303333974], [25.653362909450856, 68.90733530764457], [25.653462400370017, 68.90782316412914], [25.653529607154912, 68.9080635810574], [25.65398028082588, 68.90824768582983], [25.654502983485276, 68.90857232775994], [25.65486403792241, 68.90885976350276], [25.655154792558285, 68.90910748909714], [25.655357436519367, 68.90946063246213], [25.655495159077415, 68.90984877046924], [25.65558905191402, 68.91019925015598], [25.655793600330707, 68.91062768157182], [25.6559720521556, 68.91107139107103], [25.656137722250868, 68.91160012969742], [25.656254853846516, 68.91206188963642], [25.6562113070744, 68.9124212410917], [25.656001948409205, 68.91274891916288], [25.656025705274494, 68.91301034603232], [25.65623126906669, 68.91331606323807], [25.65650207261558, 68.91363655357195], [25.656582191191816, 68.91390023227007], [25.65639857336246, 68.9142129277895], [25.656318542768172, 68.9144855496675], [25.65636653773527, 68.91474026606], [25.656793168614303, 68.9150340985041], [25.65695910486386, 68.91528435731473], [25.657061232677894, 68.91551293855983], [25.657138019580024, 68.91613351888164], [25.657015281195132, 68.91652967617914], [25.657129877836013, 68.91680916517734], [25.65746336223264, 68.91714577356922], [25.65804791400404, 68.91773480047601], [25.65863001248742, 68.91814799848505], [25.659229416763477, 68.91849005320718], [25.6602917592282, 68.91881673663161], [25.660824385984988, 68.91915010911391], [25.661047296614477, 68.91954903765722], [25.661099667865756, 68.92007740585068], [25.661562010927824, 68.92050871181047], [25.66207178067734, 68.92102578345643], [25.662160178491572, 68.92153016069385], [25.66205651637841, 68.92193320532411], [25.662346299995587, 68.92215873519888], [25.662909439490253, 68.92245301843388], [25.663255028378213, 68.92263149918269], [25.663715321014983, 68.92287740843929], [25.664111480637317, 68.92309430170101], [25.664326841686158, 68.92324331231916], [25.664507134735437, 68.92353454858934], [25.66469787847165, 68.92399402397113], [25.664790834263613, 68.92436228720905], [25.665067409656288, 68.92469040918616], [25.66587182988511, 68.92498487396917], [25.666791784191677, 68.92527239163279], [25.66731073092765, 68.92564232976648], [25.66759327021617, 68.92599133369283], [25.668142040585323, 68.92630441652705], [25.668740372347482, 68.9266041872007], [25.66960638132285, 68.92719965890389], [25.67042877696641, 68.92779516251458], [25.6713441894063, 68.92860056426429], [25.672051495833934, 68.92935198962911], [25.67276213620871, 68.9300512335059], [25.672645443729756, 68.93023560741784], [25.671800300047515, 68.93077762167671], [25.671856533061597, 68.93093815162989], [25.672363615546615, 68.9312740390588], [25.672776944007676, 68.93179884468441], [25.673744877117645, 68.93237741542693], [25.674925823270563, 68.93316583175495], [25.676320212510685, 68.93413644432944], [25.6773365535148, 68.93480943292157], [25.67839653112803, 68.93535772445505], [25.679404071432597, 68.93586944475568], [25.680164285514124, 68.93638509866179], [25.68063072599103, 68.93694969694161], [25.681091824369663, 68.9374264091522], [25.681603808898068, 68.93807416791996], [25.6821185147374, 68.93867786942795], [25.6824985843937, 68.93897235926391], [25.683019871854615, 68.93920748009559], [25.68346518103235, 68.93943650772631], [25.683858764441222, 68.93976421307022], [25.684988707288035, 68.94057064174068], [25.686468151879065, 68.94141835341411], [25.68689124843237, 68.94176281353916], [25.688025904390106, 68.94249224882539], [25.689062514258797, 68.9430724279019], [25.689522456217585, 68.94382978798156], [25.691048872157744, 68.9446667831705], [25.691341625097422, 68.94514770332597], [25.691280457149347, 68.94566440251809], [25.691833569373614, 68.9461418219437], [25.692437760398214, 68.94653159386407], [25.6928055219294, 68.94704065458704], [25.692940346094463, 68.94734976662244], [25.69271960908792, 68.94771666065822], [25.692329259615114, 68.94784579170148], [25.691536194347194, 68.94805976622114], [25.690991380131027, 68.94821512436313], [25.690395535442654, 68.94845821399034], [25.6905611997472, 68.94875655969498], [25.690796226119737, 68.94918198905727], [25.691172161401614, 68.94955351662126], [25.691308442779277, 68.94983518803002], [25.691499935018452, 68.95022176067461], [25.69174181989381, 68.95078486660907], [25.69206932504281, 68.95145867132803], [25.692596588788714, 68.95185877588281], [25.69327079447405, 68.95236469413183], [25.694224558667308, 68.95305970436408], [25.6944754833363, 68.95321571984385], [25.694922208392118, 68.95342820425954], [25.69539577253111, 68.95344281444972], [25.69578083296184, 68.95340169847309], [25.696471183890704, 68.95337949051488], [25.69719239999496, 68.95334651002207], [25.697910052293953, 68.9533794464949], [25.698530833952322, 68.95349420887135], [25.69900771353345, 68.95371240642093], [25.699449835232482, 68.95400195355948], [25.69969020292167, 68.95433936138917], [25.699697842585316, 68.95473004636308], [25.699662244959832, 68.9550764042606], [25.69984160814426, 68.9554079567566], [25.70026505099601, 68.95575774986897], [25.7007544742089, 68.95602558083993], [25.701254344429525, 68.95637598058148], [25.701784736701082, 68.9567267166053], [25.702477145847475, 68.95718857652467], [25.70297676703869, 68.95754453276396], [25.70328040082954, 68.95784939867899], [25.703971678552136, 68.95832786541938], [25.704408079074078, 68.95872181183181], [25.70462065735527, 68.95900955220915], [25.704799032912003, 68.9593630667666], [25.70525781963534, 68.95989470854099], [25.705676804626155, 68.96032156186769], [25.70627920661435, 68.96075523112651], [25.70671305989019, 68.96092907986755], [25.707106394739508, 68.96100908860124], [25.70748717997052, 68.9610450046571], [25.70785005096005, 68.96112476294186], [25.708103156019334, 68.96124773709188], [25.70841943553973, 68.96133817271364], [25.708724640540858, 68.96161558580552], [25.709058135003467, 68.96193718297386], [25.709168078822692, 68.96241116535583], [25.709096841937917, 68.9628452987788], [25.709342664081877, 68.96335337158229], [25.70948260122359, 68.96358002252992], [25.709772616449463, 68.96385730924382], [25.709726355127412, 68.96412657261148], [25.709742680130635, 68.96436878674653], [25.70998709954535, 68.96464024229101], [25.710385925354895, 68.96489081958833], [25.710949337593114, 68.965208648909], [25.71193022642608, 68.96572225836779], [25.71249471723168, 68.96602366050972], [25.71290749994258, 68.96629633900075], [25.713347944042926, 68.96662423617556], [25.713609007822267, 68.96687382600965], [25.713655456407512, 68.96712730727845], [25.713546014811214, 68.96742902344764], [25.713372097074583, 68.96778535151836], [25.713277242215057, 68.96809822728174], [25.71291372526071, 68.968288117236], [25.71265415380246, 68.96853920021039], [25.712460978167165, 68.96869738505869], [25.71223519508797, 68.96889371183356], [25.712038551494746, 68.96911226983299], [25.71214753025042, 68.96934424792511], [25.712403516681213, 68.96968175879236], [25.712742083263453, 68.97017950159217], [25.713154691131862, 68.97072179879655], [25.71357370527929, 68.9711541036929], [25.71403197953386, 68.97170222798256], [25.714224875689883, 68.97207236422625], [25.71410294733233, 68.9723245315859], [25.713832949958174, 68.97248758931019], [25.713577402791945, 68.9726671765084], [25.71315868631307, 68.97301612908792], [25.712716993898322, 68.97323296195407], [25.712409409376974, 68.97351670903019], [25.712526882092675, 68.97386418751775], [25.712392798291212, 68.97406133045001], [25.712215321938075, 68.97421397366811], [25.71178542117897, 68.97449139000615], [25.711954169292245, 68.97475120197389], [25.712276541809135, 68.97500127313857], [25.712865889623576, 68.97514327525545], [25.713316622170055, 68.97529515623923], [25.7135787858652, 68.97552823554832], [25.713563045808897, 68.97579774743006], [25.71345391260141, 68.97609399026302], [25.71294826778868, 68.9763543124957], [25.712619315269425, 68.97647839584101], [25.712344849140464, 68.9767184233953], [25.712241576262635, 68.97717431019572], [25.712369562401232, 68.97760435803043], [25.712094089007294, 68.97786089518895], [25.71182227369848, 68.9780569546593], [25.71190383916203, 68.97823360904906], [25.711660182257383, 68.97846840957011], [25.71152051602037, 68.97864654930167], [25.711585751994125, 68.97877044564468], [25.71164324265102, 68.97886829977895], [25.711676581220253, 68.97897468180591], [25.7115166810944, 68.97908904315925], [25.711593078248228, 68.97926084602472], [25.71190537117676, 68.97967503088184], [25.71212955666106, 68.98013905378964], [25.712407704344493, 68.98062528070197], [25.713049535023842, 68.98118031897044], [25.71397976783794, 68.9815229781246], [25.71461972147601, 68.98185232621253], [25.715086416577304, 68.98225753866492], [25.715636442875287, 68.98255324101098], [25.71653184453658, 68.9827030056847], [25.717011573419423, 68.9828882143486], [25.717499110234066, 68.9832055043299], [25.718137845079553, 68.9838155250879], [25.718864005474423, 68.98424462340073], [25.71925626161633, 68.98461611522997], [25.719497986567905, 68.9849425423064], [25.719758709836253, 68.98520315641365], [25.7199438797211, 68.98544657234439], [25.7198693792596, 68.98567165575271], [25.719866215615497, 68.98599071671767], [25.720184470848853, 68.98631774241792], [25.720999421246194, 68.98680245298029], [25.721701279051516, 68.98712686273859], [25.72208614932797, 68.9873607909997], [25.722251310003458, 68.98765036597287], [25.722250916226404, 68.98793744886876], [25.722120760681438, 68.98821195403235], [25.72219470766644, 68.98862272027011], [25.722356974517908, 68.98903542641274], [25.72253729176106, 68.98936138825408], [25.722843334048747, 68.98963875593965], [25.723575479085415, 68.98996887645549], [25.723944526172204, 68.99021371315517], [25.72475313054945, 68.99054988444125], [25.72529104006216, 68.99079045786466], [25.725974211826237, 68.99117520316017], [25.726522312782087, 68.99150936078698], [25.727100644355627, 68.99184932331613], [25.727573329591735, 68.99216091273176], [25.7280153141163, 68.99247235981501], [25.728773752161494, 68.99287958456821], [25.729187212084597, 68.99315776419746], [25.72967359751127, 68.99349701525819], [25.730221177370467, 68.99384219594153], [25.73069927182181, 68.99406029451686], [25.731331662962756, 68.9942630550881], [25.732084753375222, 68.99439826723027], [25.73300943971469, 68.9945105876852], [25.73377751574114, 68.99466637880184], [25.734793654476544, 68.99501024432911], [25.73611618718295, 68.99530711465877], [25.73712673218453, 68.99547984693125], [25.738268331043663, 68.9958488070164], [25.738793442268282, 68.99610697763605], [25.739249077809607, 68.99640091182025], [25.740087650548492, 68.9967885662413], [25.740596876441177, 68.99703447516308], [25.740742233013833, 68.99724579324236], [25.740547483758085, 68.99749480114981], [25.74044433764831, 68.99768664586468], [25.740658525276537, 68.99785469772995], [25.7409474754692, 68.99800945808435], [25.741400522746307, 68.99813380129531], [25.741930458793917, 68.99825325886425], [25.742500482458468, 68.9984774912545], [25.742996040642822, 68.99866274277989], [25.743323971951956, 68.99883020004204], [25.743512810334252, 68.99901867188773], [25.743611578577056, 68.99916788346488], [25.74414898561366, 68.9994249916418], [25.744656806169836, 68.9996652585352], [25.74531176378111, 69.00001667535506], [25.745806415174464, 69.00021842803247], [25.74691198490159, 69.0004966754959], [25.747522861429676, 69.00067104526318], [25.748689687550705, 69.00103726612883], [25.750057977705893, 69.00152598903496], [25.75101846469053, 69.00190158972225], [25.752088661711102, 69.00256210821267], [25.753197882997632, 69.00317379480556], [25.75445719830894, 69.00375884792577], [25.75538051734184, 69.00416242469461], [25.756037612562938, 69.00438990556326], [25.756680050629242, 69.00430078886838], [25.757373610748456, 69.00417106670513], [25.757935914330115, 69.00405214458515], [25.75866316609506, 69.003905005505], [25.759253849209383, 69.00386242846781], [25.7597362722235, 69.00373113276522], [25.759958055039167, 69.00360624060367], [25.760359035367184, 69.00357054896779], [25.76104768372062, 69.0036030683496], [25.761593453312223, 69.00371710799197], [25.76201525270777, 69.00385766566876], [25.762159298626887, 69.00402380504944], [25.762417157182497, 69.0043502830925], [25.762737987875326, 69.00464421750847], [25.763373646579527, 69.00507242902498], [25.764393368325152, 69.00576755599822], [25.765399833998742, 69.00642399143884], [25.76646269774169, 69.00689934487252], [25.76710366114817, 69.00723406003145], [25.76731757265916, 69.00752171134705], [25.767462081366148, 69.00795737235227], [25.76780803581623, 69.00835603511683], [25.768244776211304, 69.0087772730205], [25.76883371318615, 69.00922172004076], [25.769651889222548, 69.00968419733098], [25.770316766353513, 69.01014570959924], [25.770601159113326, 69.01054938193275], [25.7708307070494, 69.01083158457263], [25.771448601986936, 69.01130917424823], [25.772020759498485, 69.01178649485225], [25.772579687667058, 69.01221967087533], [25.77302046533668, 69.01256939759841], [25.773557522627346, 69.01284837523696], [25.774032278121087, 69.01314331625655], [25.7742787329805, 69.01340372043154], [25.77451915750224, 69.01376856896881], [25.774887719028207, 69.01421850203556], [25.775207303408155, 69.01464274481833], [25.775326408515216, 69.01498478416536], [25.77532979092335, 69.01547442591851], [25.775392254903675, 69.01600856360919], [25.775634001497927, 69.01635142649224], [25.77617366788341, 69.01686144278445], [25.776774042412764, 69.0173828604447], [25.77726562777934, 69.01790984375849], [25.777441219195268, 69.01828027767708], [25.777396392600554, 69.0186143111074], [25.777312109624297, 69.01930139387753], [25.777127781101186, 69.01985579712147], [25.776777173463074, 69.02036489640199], [25.776172482614633, 69.02074576168184], [25.775985589805085, 69.02106902798917], [25.77596775311606, 69.02138798131564], [25.77608301693884, 69.02180142940556], [25.775990547926938, 69.02235652317667], [25.775781428102018, 69.02283343268178], [25.77537900323034, 69.02330519991374], [25.774954664905934, 69.02358705231318], [25.774265035216313, 69.02392423566658], [25.773659433965427, 69.02423243662216], [25.773460775497295, 69.02448964721286], [25.77311453752927, 69.0249162951085], [25.772565822688417, 69.02564674309889], [25.77231044856073, 69.02611549927573], [25.77204393270817, 69.02648762883686], [25.771816238384144, 69.02671705583964], [25.771228794975993, 69.02705953068403], [25.770969333380414, 69.02730524577927], [25.770900672166263, 69.02746556830063], [25.770850054129458, 69.02787921196764], [25.770649305011784, 69.02832521973846], [25.770506768322658, 69.02860620769198], [25.77013359849577, 69.02887951258467], [25.76956619879837, 69.02910855405939], [25.76900656334269, 69.02930619934621], [25.768524087044305, 69.02941641355865], [25.768103167184744, 69.02945991148286], [25.76732119670799, 69.02950083614604], [25.766637536252414, 69.02959421348395], [25.765819770506106, 69.02976409532334], [25.764727520670682, 69.02993715882903], [25.763517252225906, 69.03006409886648], [25.762465997057735, 69.03010694390414], [25.76129771124837, 69.03009333317921], [25.760219522898538, 69.03001318932434], [25.758863637343417, 69.02973966645713], [25.75805687690042, 69.02971314526434], [25.757287513830658, 69.02979029959053], [25.75658170307844, 69.03001781497593], [25.755939940797646, 69.0303905708327], [25.75434634678771, 69.0311510432122], [25.752714828962098, 69.03177004365511], [25.751015224995058, 69.03213225586147], [25.750305760320156, 69.0325115531344], [25.7499367968744, 69.03308460634204], [25.749855894017276, 69.03387564996692], [25.75021288582536, 69.03454756022045], [25.75074380682426, 69.03532366078103], [25.750666524633626, 69.03632903849153], [25.750411835358282, 69.0370525078859], [25.749369711729564, 69.0373666682498], [25.747747601921798, 69.03776025328116], [25.74689874910035, 69.03819426308311], [25.745266448922838, 69.03977921911864], [25.74508145587162, 69.04101006336239], [25.745995924394066, 69.04195332265907], [25.74609414639504, 69.04279369800858], [25.744973642367135, 69.04352554727956], [25.744586166954708, 69.04397361083828], [25.74525358673114, 69.04434330724855], [25.746097899316876, 69.04450721313995], [25.746580975247948, 69.04472756754704], [25.74788554769028, 69.04503284145186], [25.74916463929949, 69.04538398162144], [25.749989502953767, 69.04580728959908], [25.750612036691233, 69.04617318757613], [25.750683228798675, 69.0465019184312], [25.750894852898227, 69.04688962285859], [25.75088832547013, 69.04732079835225], [25.7508157922138, 69.04764847240838], [25.75023333026703, 69.04808829647968], [25.749963759140357, 69.04840166379114], [25.749541670512016, 69.04918373074817], [25.749411834311605, 69.0498842745856], [25.74938275505383, 69.05039248978605], [25.74934834780466, 69.050681846132], [25.749718725109336, 69.05104957567087], [25.750979109471324, 69.05165018926188], [25.752627110203957, 69.0522241090362], [25.753460031199264, 69.052594833945], [25.753963130260992, 69.05295340976805], [25.75380329581239, 69.05330780256257], [25.753212926715406, 69.05356737692094], [25.75231483058972, 69.05383847839688], [25.7517281403622, 69.05398203353434], [25.750944371291045, 69.05423941935949], [25.75043150192336, 69.05449506354775], [25.749923162297083, 69.05479831083673], [25.74969058649597, 69.05509269602766], [25.74982003167369, 69.05534466778312], [25.75007196452304, 69.05548808572996], [25.7507708418505, 69.05570556882891], [25.751498923206533, 69.055871759193], [25.752132520264684, 69.0560748406524], [25.752606512880003, 69.05632385369177], [25.752756654489882, 69.05653089061812], [25.752727840683797, 69.05674946427087], [25.75254656777194, 69.05703405603903], [25.752750490533284, 69.05732138009387], [25.75253420852443, 69.05777568209662], [25.75239334406539, 69.05804444115228], [25.75213699619955, 69.05835287933694], [25.75188655760388, 69.0585533418215], [25.75156452576018, 69.0586903684809], [25.751163691090277, 69.05888982834041], [25.751216173087972, 69.05910433434056], [25.750931805559468, 69.05925996277148], [25.75038356323055, 69.05935171938249], [25.749726953575916, 69.05950778217166], [25.748922231052383, 69.05973357821686], [25.74832690857596, 69.05992055373329], [25.748143505969125, 69.060124117853], [25.747977926770954, 69.06034827110774], [25.747387310692748, 69.06065808252956], [25.746757230637606, 69.06099493007741], [25.74635272665186, 69.06126712672094], [25.745809563206784, 69.06160818230622], [25.745124741405803, 69.06201719447287], [25.744561781313298, 69.06265884742322], [25.743569905467883, 69.06330723441762], [25.743008957410723, 69.06376745192564], [25.742435874056515, 69.06410475254583], [25.7403849900935, 69.06536356608137], [25.739211251066962, 69.06638248631953], [25.737821301239055, 69.06730785342717], [25.73696853664125, 69.06820709166031], [25.73616582516702, 69.06885960729589], [25.735588430272923, 69.06926511983501], [25.73555802457252, 69.06946288065787], [25.73511554472763, 69.0697410745334], [25.73335595930743, 69.07108845271824], [25.732395965781862, 69.07243190731492], [25.731991965942303, 69.0727443657173], [25.73110620161896, 69.07311784286756], [25.730236769853054, 69.073616776878], [25.729490489950884, 69.07403694049815], [25.72933368019467, 69.07436101188318], [25.72887625345494, 69.07511666722947], [25.727809927805264, 69.07590729142281], [25.72629872067608, 69.07770992388424], [25.72501685584767, 69.07888327474681], [25.724290903244444, 69.0796029044439], [25.724146473148966, 69.08011401643347], [25.724368176466452, 69.08057317464508], [25.724907887782443, 69.08082303074335], [25.726596402056973, 69.08113274104079], [25.7284231253384, 69.08150112483776], [25.730008563707838, 69.08184431520505], [25.73114304104383, 69.08217185582231], [25.731514245625238, 69.08243090257335], [25.731409787283052, 69.082728762992], [25.73104141352016, 69.08314945855507], [25.730693162662572, 69.08374581203877], [25.730432371351608, 69.08409417979956], [25.729929982822746, 69.08453861371605], [25.729207920805106, 69.08509517190475], [25.729317349291208, 69.08606205783315], [25.729307880313357, 69.0867026825188], [25.728905870935726, 69.087347318383], [25.728775362151865, 69.08779294689725], [25.72849742761493, 69.08830351118637], [25.727998392061064, 69.08882223706627], [25.727639356691363, 69.0893026666247], [25.72761070358911, 69.08979528712308], [25.727561775881004, 69.09015969419782], [25.727258328354345, 69.0903672578199], [25.72665510658673, 69.09056696176945], [25.726145687946122, 69.09076191544982], [25.725789721369427, 69.09096416181634], [25.725562839789838, 69.09124930384182], [25.725562469888672, 69.09158392281837], [25.72566632057554, 69.09191013761908], [25.72562136212094, 69.09220559121854], [25.725334035589512, 69.09287976420816], [25.725181638396645, 69.09352741638519], [25.72522802523736, 69.09422348259714], [25.72533208350974, 69.09480585715109], [25.725614437672846, 69.09564585989814], [25.726150263894507, 69.09639905583211], [25.72670810612308, 69.09686179163235], [25.726932962944446, 69.09718354217773], [25.727215287068105, 69.09755036952232], [25.72735969558781, 69.0979161891722], [25.727829970846486, 69.0983730994848], [25.727894931033614, 69.0986792381391], [25.72791055367474, 69.0988863524153], [25.72799063232519, 69.09940936097871], [25.728147164029966, 69.10004140361852], [25.728568245415318, 69.10039946340908], [25.729429566885322, 69.10078040777984], [25.73042065570771, 69.10122484755364], [25.731005152984295, 69.10177731689025], [25.73116493162431, 69.10203175425289], [25.73116246442364, 69.1022726377506], [25.730956320988057, 69.102416436391], [25.73050176530268, 69.10263318634482], [25.730504659630416, 69.10278685435439], [25.73058714932803, 69.10296602566903], [25.73079626847317, 69.10317108995955], [25.7310676063203, 69.10348363433947], [25.731409731357676, 69.10377207561284], [25.731214511711578, 69.10418326457419], [25.731017201260364, 69.10458049949116], [25.730945716140962, 69.1051092747157], [25.73070037961075, 69.10553135378647], [25.730316767215356, 69.10595235577466], [25.729583097009932, 69.1062229959778], [25.728777411654317, 69.10654661828538], [25.728455094727135, 69.10674273393687], [25.72772220006286, 69.10697087622381], [25.7268308725628, 69.10710442673792], [25.725700277254326, 69.10713694827199], [25.72513966236411, 69.10721452272678], [25.724753696532037, 69.10738093498053], [25.724406383799415, 69.10762532799015], [25.724092363822216, 69.10782236243965], [25.723812107931337, 69.10810241218317], [25.72308421180002, 69.10835056943148], [25.722370107128214, 69.10842419350082], [25.721645646822864, 69.10847693124532], [25.720848817093863, 69.10857476365925], [25.720219041818396, 69.10879853715858], [25.72006116747166, 69.10910883677018], [25.72012951528226, 69.10973227008311], [25.72047033779756, 69.11027044074929], [25.720705745797876, 69.11062107088323], [25.720845745854835, 69.11101243710904], [25.721091297382152, 69.11139223354616], [25.721383796854546, 69.11176397765003], [25.721430320738218, 69.11216297177677], [25.721355615722256, 69.11264413424202], [25.721414620937026, 69.11303079983405], [25.721503419388792, 69.11330135761342], [25.721697989293503, 69.11355615162063], [25.72205693115391, 69.11403356855409], [25.722077758657328, 69.11462520107305], [25.722098588412525, 69.1152168336092], [25.72225428973442, 69.1155909447792], [25.722552076433818, 69.11587148443994], [25.7228171829768, 69.11611846454414], [25.72311749902006, 69.11635322592386], [25.723679650201916, 69.11665369895904], [25.724518652286722, 69.11700184970717], [25.725121739390726, 69.1172902847914], [25.725861538877833, 69.11772539074066], [25.726349765040663, 69.11801789493428], [25.726914359655478, 69.11838009333913], [25.72750106438647, 69.1187652491482], [25.72813596880741, 69.11914636078441], [25.72853275514688, 69.11954450770769], [25.72893499660629, 69.11993667580533], [25.729512374221507, 69.12047790517433], [25.729996105034758, 69.12106394301236], [25.7305827507547, 69.12159395426912], [25.73127637610326, 69.12233785393802], [25.731788416011376, 69.12301561484128], [25.731962311903374, 69.12368401751026], [25.732058077206364, 69.12447831085483], [25.731987665803064, 69.12495794670143], [25.73184168796496, 69.12551787246164], [25.73165235732664, 69.12615523535246], [25.731638420890093, 69.1265828673655], [25.731742719578282, 69.1272254964955], [25.732020682883302, 69.12780881334031], [25.732512072226292, 69.1283784708761], [25.733033970169746, 69.1289130320334], [25.733771512555133, 69.12943579141461], [25.734332295039223, 69.13000797251077], [25.734717745550945, 69.13035031398047], [25.735076837328062, 69.13066214983506], [25.735277115639356, 69.1309493016627], [25.735645966482664, 69.13174189462374], [25.735933621989872, 69.13214739283727], [25.736383206938303, 69.13252376071411], [25.737329139397424, 69.13291812138587], [25.73824496032843, 69.13328875357713], [25.738889178988476, 69.1335370448537], [25.739242776973946, 69.13374426184272], [25.73930512534103, 69.13394198003257], [25.73922234606457, 69.13413441761332], [25.739241312766048, 69.13430743160032], [25.740001415377538, 69.1346846255089], [25.740580843714618, 69.13494091503804], [25.74107309946403, 69.13523360999007], [25.741432207536064, 69.13549845722166], [25.742018769731537, 69.13594740946718], [25.742304724214257, 69.13624505096021], [25.742723331242946, 69.13670788755054], [25.743091619433716, 69.13724687939975], [25.743012900235215, 69.1375473907313], [25.742891519288406, 69.13778725546175], [25.742999497952145, 69.13804534300603], [25.743391906776417, 69.13843131721939], [25.743509643956045, 69.13878793691977], [25.74346057615733, 69.13927260345979], [25.743050887831107, 69.13955622285116], [25.742285205452372, 69.13978599559799], [25.74184206015752, 69.14001265373041], [25.7417014962089, 69.14031807009248], [25.74174760855933, 69.14058661025754], [25.741698527024464, 69.14090369550533], [25.74153904410015, 69.14127464839602], [25.74130884317583, 69.14153574347205], [25.74129283648216, 69.14181475108037], [25.74164367745838, 69.14212374823322], [25.7422072773248, 69.14252154257036], [25.74262047856257, 69.14283177961661], [25.742667725175753, 69.14319585321859], [25.742774060756854, 69.14371405008153], [25.742955268931688, 69.14411155601238], [25.742798271318087, 69.14447417422626], [25.742347300014213, 69.14481855677255], [25.741432086090086, 69.14534539121341], [25.74029239734033, 69.14583023259189], [25.739281238233307, 69.14644535436018], [25.738592162255195, 69.1469819688045], [25.738406175764048, 69.14744955477701], [25.738287597446128, 69.14793369517747], [25.737754840741516, 69.14829085551705], [25.73660240262773, 69.14881872267593], [25.735689114779422, 69.14921152661343], [25.735011354773338, 69.14950757883608], [25.734240348877876, 69.14963411978613], [25.73288194178756, 69.14997175171608], [25.73213187748448, 69.15014866882254], [25.731397172941627, 69.15036214479291], [25.73075619888188, 69.15061895860741], [25.730257789804423, 69.15099527455958], [25.729741883326636, 69.15128254302498], [25.729651591029974, 69.15166182896937], [25.729988683755707, 69.1521089404265], [25.730217668414166, 69.15246636098077], [25.73069654677367, 69.15290198446256], [25.73096275644163, 69.15331267328114], [25.73127033687024, 69.15371366422052], [25.731391292605416, 69.1542519279809], [25.731359352595586, 69.15480392608372], [25.731016628141745, 69.15522049252], [25.7307610902044, 69.15556867216318], [25.730780964735168, 69.15605197046676], [25.730635162990783, 69.15660133444929], [25.730781810710813, 69.1569854884325], [25.730890776868268, 69.15722716243407], [25.730824697814437, 69.15783420306818], [25.730673363100266, 69.1583201206063], [25.730328178524843, 69.15870621224032], [25.729770233575373, 69.1589873076157], [25.72890545550651, 69.15940943026676], [25.72808340901202, 69.1597733276359], [25.727385872141678, 69.16014027537801], [25.726905439859387, 69.16047063270067], [25.726174384505416, 69.16088112530777], [25.725186935960586, 69.16120771946669], [25.72465540574491, 69.16161971299732], [25.72415553664176, 69.16202098463334], [25.72408111717062, 69.16223941198896], [25.724140712631478, 69.16246248010846], [25.724601214980975, 69.16274079929946], [25.725104946787937, 69.16305983184513], [25.72563098506047, 69.16334001731775], [25.726203140767343, 69.16369853790053], [25.726369083650358, 69.16396652133733], [25.726284032244315, 69.16425695788875], [25.7263139477094, 69.16452397278249], [25.726209044032995, 69.1647657697606], [25.725574384196022, 69.16510192935206], [25.72508161817674, 69.16540415351864], [25.72474705277125, 69.16568468416027], [25.724808625382703, 69.16618634251591], [25.72453590020015, 69.16658047680556], [25.723553924088005, 69.16705828111603], [25.723259810724965, 69.16742795066692], [25.723068598822536, 69.16797633951984], [25.722781451176346, 69.168425265532], [25.722561118799593, 69.1687739271875], [25.722420168578093, 69.16907942061415], [25.722359150304705, 69.16933616824049], [25.722104711489198, 69.16947660215774], [25.72161076935382, 69.16951125744342], [25.72096345779236, 69.16953376064718], [25.72037668311247, 69.16957325912969], [25.719966862428805, 69.16974528406224], [25.71965842281083, 69.16996408492427], [25.71940581275945, 69.17039792133276], [25.719338027115597, 69.17102685746913], [25.719467743242014, 69.17143825504179], [25.719245836646422, 69.17207153379313], [25.718807831029363, 69.17284391410995], [25.718131300853965, 69.17353416367605], [25.717756243004274, 69.17412918817436], [25.716968318262975, 69.17476246639839], [25.716520026602325, 69.17543015917558], [25.71643115255149, 69.17578516120614], [25.716041962787124, 69.17621885810327], [25.7151900824651, 69.1767946253795], [25.715074293575842, 69.17760214093427], [25.714975626340443, 69.17811887505547], [25.714796283785482, 69.17846511813333], [25.71410894201746, 69.17894510046607], [25.713603966094894, 69.17933054784267], [25.712912161546157, 69.17984533497516], [25.712549384927083, 69.18034014818925], [25.712336140331384, 69.18087217196324], [25.711728011995703, 69.18154671163443], [25.711394867989444, 69.18208890882383], [25.711231398339862, 69.18264251597714], [25.71095227894259, 69.18313360538676], [25.710318185263866, 69.18386456352079], [25.709783107265856, 69.18436456460908], [25.709383801374504, 69.18467410055077], [25.708886072031966, 69.18501799311485], [25.708073956727453, 69.18529486446481], [25.707015363980744, 69.18551334513577], [25.706590618221526, 69.18577694462307], [25.70661792948618, 69.18609773097434], [25.707056459263978, 69.18635441396269], [25.707876578639752, 69.18667089427251], [25.70806776389378, 69.18708279366257], [25.707706456789932, 69.18746326688765], [25.707015993824793, 69.18795066393243], [25.706309351642375, 69.18821634733234], [25.705366595524982, 69.18839517933718], [25.70459517942964, 69.1887532508333], [25.703992899646085, 69.18935094954811], [25.703225766388048, 69.18982678402753], [25.702598680089718, 69.1902095787245], [25.70168040109503, 69.19073624364401], [25.700831497832336, 69.19124727623404], [25.699841957097664, 69.19184828135468], [25.6991582995553, 69.19222906667807], [25.69835803140148, 69.19268386812259], [25.6973818418193, 69.19304030148514], [25.696351155716105, 69.19354181384811], [25.695694048342983, 69.19402259538178], [25.69481877824085, 69.19475486947205], [25.693992745032205, 69.19543815746161], [25.693400996839763, 69.19606312088075], [25.693021479394677, 69.19674436968394], [25.692915285116264, 69.19723063771093], [25.693017631541874, 69.19757624158791], [25.69319121716581, 69.19776362591672], [25.693130988080593, 69.1979985749958], [25.6928272406597, 69.19818228660324], [25.69274199788464, 69.19831848561465], [25.692981614644008, 69.19853689386639], [25.69393871230302, 69.19888366299683], [25.694712312207454, 69.19926138880989], [25.695363226413757, 69.19978375144477], [25.695673338095663, 69.2003035101897], [25.69573350734777, 69.20082141576331], [25.695821414080086, 69.20125052807862], [25.695753072225923, 69.2017784062894], [25.69556245986339, 69.20213276280968], [25.695003138205333, 69.20247326913784], [25.69436975900631, 69.20276407918689], [25.693771114210385, 69.20324116937061], [25.693639836896182, 69.20363423505017], [25.69387908728374, 69.20400823688689], [25.694510422513456, 69.2045274765616], [25.695157333267797, 69.20478412545474], [25.695826184781183, 69.20493153400264], [25.696419404432277, 69.20494165661614], [25.697204299627895, 69.20481053280629], [25.697887532530512, 69.20471722569195], [25.698537717438512, 69.2046618832868], [25.69947663307717, 69.20467447079388], [25.70021170449805, 69.20474564703129], [25.700954346867537, 69.2049482893944], [25.701816982466205, 69.20520655183016], [25.702694350789148, 69.20547588109223], [25.70353810473004, 69.20575522335974], [25.704138299694797, 69.20599424221403], [25.704303455827596, 69.20626202986246], [25.70420463072782, 69.20659400923502], [25.704353108920692, 69.20697943250354], [25.70490984988491, 69.20737729691588], [25.705774088277142, 69.20792741803555], [25.70651868260571, 69.20838554564158], [25.707666437857856, 69.20900509526393], [25.70895982496431, 69.2094288415582], [25.710590515527436, 69.20996379450987], [25.711621198830425, 69.2103040683568], [25.712556209699887, 69.21065043955174], [25.713166490410625, 69.21107464267801], [25.713328395655864, 69.21158835681261], [25.712841061118514, 69.21197629021972], [25.71224991195303, 69.21247997307147], [25.710958744668403, 69.21316502390093], [25.709898989841705, 69.21373792971777], [25.708736025969813, 69.21449114665536], [25.70814782701173, 69.21506377561957], [25.707531128773795, 69.21581566426148], [25.707169366962273, 69.21650765226123], [25.70709138480257, 69.21728141949173], [25.707034291497237, 69.21804215269205], [25.70668486274119, 69.21845365790742], [25.706045994869694, 69.2189104094906], [25.705641587757352, 69.21954827110416], [25.70568655315518, 69.22012957518199], [25.706006462488475, 69.22053932217263], [25.70649136522211, 69.22106557125575], [25.70684365020717, 69.22157061073457], [25.707231284628875, 69.22180426709934], [25.708150996821672, 69.22211802386464], [25.709570056891167, 69.22252728741863], [25.710574247664663, 69.2228203735559], [25.711542165427915, 69.22326203937239], [25.71224794596577, 69.22389109614956], [25.7130452098017, 69.22451204483987], [25.713505428869148, 69.22498049792875], [25.713857246783746, 69.22549901451903], [25.71378865729665, 69.22604356870879], [25.713222977566083, 69.22652610009082], [25.712245810162987, 69.2268785246561], [25.71077307327768, 69.22720698313744], [25.70904768046161, 69.22760135573522], [25.70826728876487, 69.22786025137499], [25.707048822260116, 69.22824813760553], [25.70567212620845, 69.2287389029841], [25.704422878103912, 69.22924201421955], [25.703434936830924, 69.22966738429672], [25.702671238587335, 69.22998372123197], [25.70176350060045, 69.23045202793588], [25.700994170289736, 69.2308399510179], [25.700724213405877, 69.23119773769425], [25.70069705084535, 69.23165234368533], [25.700995673092518, 69.23209579047983], [25.701971300222397, 69.23268570605293], [25.702703821653312, 69.23331749042313], [25.70334687362516, 69.23383484323963], [25.703767488574663, 69.2343163480133], [25.70404619544773, 69.23502448266487], [25.704292825332164, 69.23573244879732], [25.70412627297309, 69.2363754558215], [25.70361277239534, 69.23691172607626], [25.703069460406446, 69.23741287789063], [25.702555043476313, 69.23796283063557], [25.70232838114002, 69.23853054284605], [25.70232327479694, 69.2391568794994], [25.70244693822182, 69.23977278042545], [25.702850367419092, 69.24012651428362], [25.703469755306127, 69.24038410479929], [25.704600684819727, 69.24080254034902], [25.70576695853387, 69.24116432159713], [25.706788420769573, 69.2414729311936], [25.707222683551084, 69.24157119080841], [25.70734532013048, 69.24176223860115], [25.70727772942501, 69.24193141250304], [25.707445210630382, 69.24233319970043], [25.707344043595995, 69.24271357851968], [25.70737922486594, 69.24320354103402], [25.707762623227033, 69.24377580566038], [25.70802960930981, 69.2441422737254], [25.70812687777082, 69.2443882559418], [25.707880015395904, 69.24467835746925], [25.707479615726957, 69.24497399773824], [25.707027079489208, 69.24534187863641], [25.70635069469511, 69.24591762588446], [25.70535527874184, 69.24689948925227], [25.704927570010405, 69.24733068726184], [25.70438629393154, 69.24774074115905], [25.70400363411637, 69.24804697843477], [25.703394744024433, 69.24841810119307], [25.702742407268378, 69.24869643696078], [25.70219306580689, 69.24888889237901], [25.701687728098623, 69.2491624628024], [25.701320713692986, 69.24956603379381], [25.701289308439875, 69.25001363778534], [25.701602299812645, 69.25068792346826], [25.702236322595, 69.25136453809576], [25.70254461175046, 69.25197632686995], [25.702722009072943, 69.25253425268417], [25.70230633459419, 69.25308090749868], [25.702041704644447, 69.25366271441382], [25.702311424797948, 69.25427574073461], [25.702853319052, 69.25482282402113], [25.703736973572898, 69.25528206354566], [25.704247098267054, 69.25553243786867], [25.70496265897623, 69.25573467802064], [25.705979971214376, 69.25591382344054], [25.70769843868422, 69.25618859441344], [25.709511262839975, 69.2564982372019], [25.71123396683624, 69.25670473804425], [25.713154897078805, 69.25675975292442], [25.714331405887968, 69.25661916843347], [25.71605620019506, 69.25664946689656], [25.717296307421154, 69.2568637392005], [25.718579296201145, 69.25699697795426], [25.719610227880278, 69.25705205983336], [25.72038606680144, 69.25720720619563], [25.720955267848616, 69.25747164803046], [25.7207404275562, 69.25784582076405], [25.720368444082144, 69.25815742613901], [25.720498381082304, 69.25855203643435], [25.721061924598427, 69.25906529186452], [25.72210102107132, 69.25962967155932], [25.723075391618497, 69.26020910683529], [25.723996412681245, 69.26062112974672], [25.724952227309036, 69.26107704036916], [25.72635968519827, 69.2614735121616], [25.727847887707362, 69.26189853007605], [25.72917332633528, 69.2621594546375], [25.72950120191796, 69.26244694258166], [25.72963813780993, 69.2628197608114], [25.730144065328894, 69.2635068390872], [25.731027443618974, 69.26418911498672], [25.732251304864647, 69.26484336946973], [25.732501383643434, 69.26551707288094], [25.732274106769108, 69.2661076145063], [25.73179294830282, 69.26663930654188], [25.731308434941777, 69.26722791534348], [25.73065874663265, 69.26789505289813], [25.729739452663342, 69.26877659373697], [25.72877429148085, 69.26988556657194], [25.728396898800696, 69.27083940089855], [25.728588122583822, 69.27149553722593], [25.729188547365613, 69.2721434358097], [25.730076625918144, 69.27290159738075], [25.73126392053295, 69.27357871995318], [25.732480970930503, 69.27406957528446], [25.733763542750587, 69.27442517076688], [25.73528765560417, 69.27457892104502], [25.736515288039996, 69.27456070521544], [25.737596429579536, 69.27461938921441], [25.73861463993079, 69.27471173848805], [25.739736802055944, 69.2748625309384], [25.740569274976306, 69.27504506135958], [25.74122421044543, 69.27532135637023], [25.741457750152218, 69.27558777802028], [25.741615735921926, 69.27584013498291], [25.74192755010308, 69.27607991708982], [25.742415357712286, 69.2763513535716], [25.742837162676015, 69.27658885773468], [25.74315371465766, 69.27692613044378], [25.7432394458936, 69.27725700660466], [25.74318106897506, 69.27756404009443], [25.74269809042898, 69.27812996036448], [25.74192508619686, 69.2787051046378], [25.74128272074216, 69.27924704287736], [25.740668661650982, 69.27960734389043], [25.73988970255943, 69.28014467731604], [25.739112991415347, 69.28064814700971], [25.73850388653204, 69.28112863360454], [25.738379599962, 69.28160602290468], [25.738347173313272, 69.28216379803162], [25.73870032811776, 69.2827969628639], [25.739465924604964, 69.2833905008351], [25.74072368935926, 69.28388932417626], [25.742184201880956, 69.28421890553473], [25.74355092165847, 69.28450211251284], [25.744890653585735, 69.28482408658256], [25.7461801346407, 69.28520446727285], [25.746808936877798, 69.28545959294665], [25.747274965328632, 69.28570340809569], [25.747551069356152, 69.2859022664951], [25.747731572013013, 69.28619510859707], [25.747536458196105, 69.28678584448596], [25.747242428835822, 69.28742151236936], [25.747017215368817, 69.28797787566205], [25.746730887657236, 69.28847691404444], [25.7465254750064, 69.28905129855735], [25.746393992541172, 69.28933539099387], [25.746034588425147, 69.28957718393517], [25.74575221415091, 69.28981949803698], [25.745557947261126, 69.29019141884203], [25.745249347888308, 69.29088833995803], [25.745031046158797, 69.29167419616441], [25.74507234399679, 69.29228542552833], [25.744960160758147, 69.29256966591079], [25.744656882236413, 69.29283900866879], [25.74387107434347, 69.29315910774598], [25.742545086638646, 69.29352566883935], [25.74155122573522, 69.29380074629202], [25.740380882643322, 69.29413161149932], [25.739504408986196, 69.2943627693101], [25.73851184143442, 69.2946067532289], [25.737541646009106, 69.2947965238835], [25.736628903174065, 69.2949866810488], [25.73601211349469, 69.29518625056386], [25.735570024108807, 69.29559296819748], [25.73543910641827, 69.29616755361799], [25.735705650033147, 69.2970810848378], [25.73581359860964, 69.29789596620228], [25.73653749337417, 69.29867128811564], [25.736849853352005, 69.29876556060572], [25.738203822704353, 69.29884490129459], [25.740035158288197, 69.29894588772385], [25.741509972852523, 69.29916775537899], [25.741703476893605, 69.2993225578159], [25.74171089482272, 69.29971325005693], [25.741810594179757, 69.30011941537329], [25.742256789820836, 69.30042148773872], [25.74267997624193, 69.3005476012895], [25.74330504630817, 69.30062241305129], [25.743826602047974, 69.30076688625638], [25.74537278898419, 69.30107840322876], [25.746829598908565, 69.30139806704317], [25.74751259242561, 69.30172433840501], [25.747817361983937, 69.30205664322783], [25.7478203369003, 69.30247152308996], [25.747891168489318, 69.303034371497], [25.74800615383774, 69.30354646017595], [25.74795387340766, 69.3040938661361], [25.747908200544114, 69.30452443466258], [25.747579753176698, 69.3050131149766], [25.74676049951102, 69.30546854275238], [25.745640132315078, 69.30582226937008], [25.74416078341194, 69.30619143499497], [25.743030988237354, 69.30637341820342], [25.741599391522936, 69.30669757212057], [25.740888700870723, 69.30699328389021], [25.740402173865796, 69.30754475419985], [25.739585530555654, 69.30809394300768], [25.738998043297414, 69.30860820870363], [25.738496920525332, 69.30940787481434], [25.737928307758544, 69.30999983501451], [25.73776661470006, 69.31057762617328], [25.738570932349653, 69.31132929348641], [25.738666912345884, 69.31181203593083], [25.73873802672228, 69.3123486865724], [25.739020478225374, 69.31318762279426], [25.739429081045692, 69.31409962239104], [25.739703218284806, 69.31494544392218], [25.739826240522113, 69.31566942078325], [25.74009265797822, 69.31641630279165], [25.740492776975174, 69.31699620829781], [25.740705906114357, 69.31766400391065], [25.741030365825118, 69.31840960990256], [25.741827302451302, 69.31906532179296], [25.74317353460141, 69.31968111776094], [25.744294342610264, 69.32021398828049], [25.745768497584617, 69.32083074284539], [25.747453823310035, 69.32134044359462], [25.74872989543792, 69.32184719206786], [25.749901690864526, 69.32238938165078], [25.75081733560443, 69.32282604300399], [25.75169921051745, 69.32329981253848], [25.752251480312847, 69.32358750962095], [25.753370557529824, 69.3238812421096], [25.754302006751974, 69.3240191576153], [25.75548598174768, 69.3243287987638], [25.7560113926999, 69.32468770283928], [25.75602737744491, 69.32494499793575], [25.756136028721514, 69.3252566400618], [25.756208359515494, 69.32574970049585], [25.756637898553848, 69.32619097094876], [25.75755898771504, 69.32670888736166], [25.758653171300768, 69.32708914127886], [25.758950926007994, 69.32730310869343], [25.759020845152428, 69.32788784690574], [25.758946087478616, 69.3284882168476], [25.75884208003174, 69.32920121521133], [25.758583504404925, 69.32974714594157], [25.758399328155477, 69.33042918706259], [25.75849607148852, 69.33090772097441], [25.758906629160986, 69.33131964850816], [25.759511323462373, 69.3319521452304], [25.759923399246528, 69.33233480237436], [25.760027634379096, 69.33284704113274], [25.76011232817991, 69.3330081366607], [25.760453678264096, 69.33318583140388], [25.761253518572293, 69.33330109825403], [25.762180147778615, 69.33336613416438], [25.762665722673923, 69.33355221611657], [25.76303969570486, 69.33388354939537], [25.76304901297778, 69.33419843698454], [25.762757903438033, 69.33481149704457], [25.76240227215712, 69.33520702367554], [25.761630313103723, 69.33571713323198], [25.760990032896544, 69.33616479820283], [25.76066416900603, 69.33648819268655], [25.760271834430192, 69.33707724413652], [25.75998104894518, 69.33767736722055], [25.759655873251713, 69.33844588178266], [25.759493922537537, 69.33910207930259], [25.75930913480193, 69.3398018819144], [25.759379321228348, 69.34037933702265], [25.759967322828018, 69.34094591213756], [25.761080707653548, 69.34128554269576], [25.76240361114737, 69.34144877496888], [25.763778264889837, 69.3416032944895], [25.765202028241323, 69.34179443764111], [25.768822289473146, 69.34255286560206], [25.77045117828836, 69.34319762075377], [25.77212540833826, 69.34348995109664], [25.774212485347466, 69.3436033447187], [25.77576038704276, 69.3436654504596], [25.777008097866634, 69.34391529640938], [25.77753928138474, 69.34426091242558], [25.77800273562809, 69.34461614962676], [25.778682043106073, 69.34504452275915], [25.779157712650655, 69.34554787206521], [25.779570613387982, 69.34594873411932], [25.77988064902286, 69.34635797432522], [25.779755232457216, 69.34692166882861], [25.780004576017106, 69.34726673924389], [25.77973578543593, 69.34763003446086], [25.779058906935823, 69.34789546892954], [25.7785499431156, 69.34811098508769], [25.77822125201027, 69.34851739889211], [25.778689909186305, 69.34883731963345], [25.7790754544897, 69.34927417266427], [25.779052423961645, 69.34968109123817], [25.778845519686435, 69.3501681041615], [25.778773336345626, 69.35074908133976], [25.779176442928513, 69.35135125605758], [25.779775443292017, 69.35175014867207], [25.78012776591966, 69.35211083419046], [25.781114016662425, 69.35262216760475], [25.781863850559617, 69.35291258943782], [25.782362329989603, 69.35325962816262], [25.78250895071891, 69.35359689177818], [25.782756712759017, 69.35442716213635], [25.78355100067135, 69.35520115649538], [25.78420969132476, 69.35563673794248], [25.784856874940168, 69.35590416152445], [25.78590413108094, 69.35605025186501], [25.786731898557964, 69.35605607894081], [25.787404762693175, 69.35623607554251], [25.788099578473275, 69.35639423773848], [25.788964217549076, 69.3564806309538], [25.79069772730911, 69.35657306057746], [25.79223994324944, 69.35675177547215], [25.79336535394261, 69.35698598352052], [25.794657833175698, 69.35708132278307], [25.795872055885305, 69.35694497698526], [25.7972844176162, 69.35687340708766], [25.798895321717442, 69.35694784531852], [25.800427428067202, 69.35705795578804], [25.80147047647987, 69.35714441461126], [25.802495441990875, 69.35721700866073], [25.803570899427623, 69.35734149988768], [25.8044491585685, 69.35758330766268], [25.80553663448284, 69.35785310491168], [25.806679437300957, 69.35805096308111], [25.8078716231726, 69.35828524330356], [25.809093312659318, 69.35844748254104], [25.81064879858216, 69.35860285026145], [25.81179807256568, 69.3586688297758], [25.81297128610215, 69.35879374107847], [25.814141118005924, 69.35897703475837], [25.815534457208102, 69.3592784850728], [25.8168458650556, 69.35967645027101], [25.817893826965364, 69.36020829090347], [25.818516399488875, 69.36073042294944], [25.81858954970149, 69.36128594402182], [25.818571612154177, 69.36187730012664], [25.81844958469523, 69.36232941635029], [25.81828070996857, 69.36276639802863], [25.818037632931713, 69.36320342383694], [25.817574085896965, 69.36370680520686], [25.817005846470263, 69.36424569382827], [25.81662282889679, 69.36468635993748], [25.81628288836871, 69.3652720223198], [25.815995743926074, 69.36592780197809], [25.81600300245684, 69.36654865391293], [25.81607781265473, 69.36707498146964], [25.816233291824876, 69.36757840591592], [25.816592145119937, 69.36826889863879], [25.81705894526896, 69.36889568075273], [25.817333440208706, 69.3695035923448], [25.81742536730181, 69.37007120291163], [25.817584892413166, 69.3705616481166], [25.81772990683307, 69.37116172709841], [25.817796063412374, 69.3716220633678], [25.81812993037423, 69.37195298259344], [25.818650741505685, 69.3722778400935], [25.81868966270321, 69.37270171601153], [25.818215247032047, 69.3730416976274], [25.817664574228946, 69.3732644041739], [25.81697435975822, 69.3733838243276], [25.81575123867049, 69.373404665532], [25.81425064103122, 69.37356979444124], [25.81301962264233, 69.37378000494284], [25.812442116249294, 69.37406128572192], [25.8120401270073, 69.37459166090186], [25.81212070867481, 69.37519407132682], [25.81259429005364, 69.37591197757268], [25.813638335569912, 69.37652521438693], [25.814640466015874, 69.37696619600901], [25.81587815590989, 69.37732751419904], [25.817166488956534, 69.37769808695103], [25.818186089646005, 69.37811731898893], [25.818722313508903, 69.37853729696067], [25.818898630242973, 69.37910077388763], [25.81909111100119, 69.379372344976], [25.819510069799648, 69.37966736221385], [25.820555589576085, 69.37987160554718], [25.821878894467286, 69.37992442698075], [25.822867972170467, 69.38002604250534], [25.823880265364952, 69.38023127294241], [25.82514117291243, 69.3805161746124], [25.826693699714365, 69.38092830031799], [25.8280771498361, 69.38139944407035], [25.82886682881471, 69.38198367846618], [25.829850370456274, 69.38270976264086], [25.830406209104503, 69.3835387398729], [25.830648802830094, 69.38414867653724], [25.83053610838423, 69.38480821301432], [25.83058032757073, 69.38541457757806], [25.830756476455885, 69.38611352272025], [25.830959342929635, 69.3865005232905], [25.83089360946117, 69.38679811274169], [25.830892789041577, 69.38703915411674], [25.830686668801036, 69.38735241886948], [25.830394696287858, 69.38763028320929], [25.830401159283056, 69.38789277294586], [25.830504245374478, 69.38827988832077], [25.83042897743386, 69.38852726267528], [25.83060272253982, 69.38875438179113], [25.831327653529748, 69.38894808939676], [25.832230229293106, 69.38926839852591], [25.832993511840854, 69.38953595091048], [25.833982731516848, 69.39015495763749], [25.834477855688057, 69.39067805694387], [25.83470459336935, 69.39101991823205], [25.83491435327168, 69.39110713191232], [25.835558231890946, 69.39121630971195], [25.83641557981351, 69.39138900980255], [25.836947382821513, 69.39155989207576], [25.83768474249995, 69.39193497423506], [25.83832656297538, 69.39226626870786], [25.83890490819318, 69.39240275507542], [25.84010963451716, 69.39254387455347], [25.84167781253491, 69.39265976382764], [25.842682953573487, 69.39270528929119], [25.84356210020557, 69.39257576823896], [25.84461950320789, 69.39264689058484], [25.845292743624444, 69.39286472759333], [25.846101421359638, 69.39324818844118], [25.84642724090916, 69.39354242356671], [25.846648058922423, 69.39383520090226], [25.846782504086566, 69.39415652559602], [25.846551305499013, 69.39450740309225], [25.845793467336858, 69.39506845423905], [25.845249677354275, 69.39559879922032], [25.844752589988037, 69.396161100506], [25.844368370516804, 69.39676363465679], [25.84414458281172, 69.3975459438237], [25.84381616288285, 69.39801377026193], [25.843596043384427, 69.39830139471678], [25.843569001565047, 69.39835019276136], [25.84324473429216, 69.39857321123891], [25.842564118676535, 69.398933453432], [25.841876960611017, 69.39925755972362], [25.84132715400511, 69.39966844509242], [25.840671862461242, 69.40015716673025], [25.840007860675115, 69.40059434399272], [25.839288515712454, 69.40099537434227], [25.838422426658955, 69.40131002601606], [25.83774951643216, 69.40165984522088], [25.837454206837197, 69.40182683917533], [25.83679262116464, 69.40228166318623], [25.835735198703336, 69.4027659093199], [25.834925266882554, 69.40315562838093], [25.834379727659115, 69.40354539260753], [25.834205040155943, 69.40377294985369], [25.83457192554837, 69.40408243567103], [25.834983653093282, 69.40432018566545], [25.83501281914126, 69.40460024730763], [25.834494217965084, 69.40495776645925], [25.83383523451253, 69.40535913561558], [25.83345015285048, 69.40575177316852], [25.833097360530363, 69.40610182880224], [25.83241174734465, 69.40652659510859], [25.83184749580971, 69.40682298227891], [25.830274421614742, 69.40724705544571], [25.828780626543136, 69.40737576260527], [25.827389404847924, 69.40741472250753], [25.825874394981845, 69.40726002684438], [25.824344967229546, 69.40702968613888], [25.822738119969536, 69.4067114889837], [25.821579952430998, 69.40645137559328], [25.81951427936025, 69.4059460688433], [25.817080024493354, 69.40552367439292], [25.815526170084905, 69.4053260758151], [25.814131458437505, 69.4052165298863], [25.812879294942668, 69.40522799032578], [25.812171534845817, 69.40541761528549], [25.811969330694723, 69.40577349380236], [25.811829801021233, 69.40609415739054], [25.811726195913057, 69.40650082499201], [25.811998782107523, 69.40688809041208], [25.811823168980045, 69.40732483297178], [25.81176748375367, 69.40778366192855], [25.811528091880955, 69.40827332198647], [25.810875883126478, 69.40854661424184], [25.80947002116581, 69.40872924089146], [25.809086957785755, 69.40906831114329], [25.809034893849397, 69.40946318679899], [25.809080003075618, 69.40993448733511], [25.809359209652854, 69.41039378858454], [25.8096915887331, 69.41075993496489], [25.81043210594236, 69.41108549697891], [25.811315997374617, 69.41135767656966], [25.81264993239865, 69.41159189903486], [25.814319672918938, 69.41175698321368], [25.81630400148217, 69.41191588631028], [25.81848717304198, 69.41204261441654], [25.820714373967363, 69.41215781696344], [25.82214307506888, 69.41239618799743], [25.823163149513928, 69.41268174005509], [25.824034598874363, 69.41308791625501], [25.824181260521833, 69.41337475351231], [25.82384064732358, 69.41366546643877], [25.823416630087706, 69.41392934210099], [25.823054854862928, 69.41443955512744], [25.82277352187774, 69.41514250777013], [25.822439761156904, 69.41569567828937], [25.82196196826272, 69.41610892540074], [25.82131141908422, 69.41635014941335], [25.820453433773142, 69.41649389151024], [25.81955712202341, 69.41678685040162], [25.818624062452063, 69.41719710895626], [25.817817666333482, 69.41751203061037], [25.81631381667729, 69.41781148062182], [25.813558798283296, 69.41823063237186], [25.811532844482453, 69.4187322304046], [25.808932477732647, 69.41928373850044], [25.806420875893913, 69.41939929737377], [25.803385806163956, 69.41938918970119], [25.800235606341502, 69.41926064020146], [25.797757559142735, 69.41906199895318], [25.79665605276315, 69.41921454243956], [25.79526658493449, 69.41963213213525], [25.793926475503667, 69.42025303674998], [25.79303975830603, 69.42090908954611], [25.793134800528488, 69.42137960640213], [25.794324080315757, 69.42237043696822], [25.794857032166693, 69.42315387154743], [25.796005417060943, 69.42370886676677], [25.79730985393207, 69.42435631815195], [25.79943180300593, 69.42496914159504], [25.801030327970423, 69.42516169506463], [25.802667575227293, 69.42520499936042], [25.804280497467868, 69.42514137331423], [25.80564293050612, 69.42523991535698], [25.807185246241332, 69.42547576310068], [25.808501641801584, 69.42593523742435], [25.809343031872608, 69.42639366162224], [25.810137001542653, 69.42741365454249], [25.810800672417407, 69.42859310065964], [25.810923739905483, 69.42966191189223], [25.81046967408042, 69.43073755356804], [25.810071542677495, 69.43134362369922], [25.809041116825423, 69.43184917321288], [25.807811173692674, 69.4321184563538], [25.80624261329551, 69.43247081864656], [25.805643213251958, 69.43273000496089], [25.805530974543018, 69.43292222126378], [25.805777130134057, 69.43319391044533], [25.806177961845297, 69.43363459201265], [25.806359274281462, 69.43420187414672], [25.80648143366336, 69.43473669476231], [25.806816678864223, 69.43526239990224], [25.807732846445393, 69.43572787912304], [25.809231019188942, 69.43621350454991], [25.810550260643186, 69.4366227371552], [25.812107237205428, 69.4371408279392], [25.81325513413109, 69.4377060781877], [25.814620059441005, 69.43839430676464], [25.815928490585843, 69.4391695305837], [25.817157702684174, 69.44002163573245], [25.81748447940362, 69.44070731691048], [25.817718187492037, 69.44143521234862], [25.81795567263376, 69.44206887661579], [25.818192158418743, 69.44294949878515], [25.818286008686854, 69.44382072792881], [25.81875321223597, 69.44472102488785], [25.819860615282476, 69.44558297608079], [25.8213582731156, 69.44640129303419], [25.823053543175888, 69.44701309222401], [25.824425577272734, 69.44758694304223], [25.82528931300235, 69.44815731066062], [25.82599007864791, 69.4487337475308], [25.825854992821437, 69.4493474956679], [25.825843360424646, 69.45030500965304], [25.82634483389602, 69.45096698370214], [25.827718234828374, 69.45173264450234], [25.828713745289196, 69.45250407671853], [25.829338152779865, 69.4529942292399], [25.829666892553952, 69.45368252560897], [25.829664245303043, 69.45421476888386], [25.82942408625636, 69.45552466239316], [25.829659491558772, 69.45643382781562], [25.830197665279588, 69.45738794458433], [25.83044234342571, 69.45849734244578], [25.83111016344933, 69.46228806398939], [25.832146425164044, 69.46392902424697], [25.832403686070414, 69.46479582529037], [25.833021211255975, 69.46630595377407], [25.83372684940377, 69.46734527545878], [25.83490210083143, 69.46819641874401], [25.836149544379133, 69.46884792726172], [25.837521426548204, 69.46945741880235], [25.83902182937124, 69.4699461789334], [25.84036648256484, 69.47031245958024], [25.842724797215265, 69.47075692202361], [25.845225888990075, 69.4711951855244], [25.84853436035584, 69.47177448013963], [25.852047623023815, 69.47234909133199], [25.855671165125163, 69.47311497269958], [25.858998102845995, 69.47373711927494], [25.861863017529302, 69.47433589019721], [25.863663658752785, 69.47481755400341], [25.86442830577692, 69.47532454636567], [25.86458361323035, 69.47583815023997], [25.86425922340591, 69.4762205434133], [25.863601167443683, 69.47655451887222], [25.863317726810134, 69.47706951712688], [25.862830411714192, 69.47768328471396], [25.862655362724567, 69.47806443734038], [25.862810713852767, 69.4784334843932], [25.86305314141246, 69.47880304143654], [25.863379453788152, 69.47924476890405], [25.86355351108195, 69.47980810471779], [25.863849037440197, 69.48028023050692], [25.864115936785886, 69.48074197903355], [25.864125693671205, 69.48111002558551], [25.8639966321722, 69.48142463920748], [25.863861752303414, 69.48169097972132], [25.86413411573468, 69.48205055962656], [25.864170905033028, 69.48245972306444], [25.864268517945916, 69.48281813920616], [25.86411083197058, 69.48304200554115], [25.863749979834452, 69.48325431559446], [25.86338367308676, 69.48356879349323], [25.862840199797304, 69.48392298626152], [25.862113965913384, 69.48442943331267], [25.861393580442932, 69.48482340889925], [25.86058838051274, 69.48516572198214], [25.85916199265615, 69.48566927319024], [25.85759593149495, 69.48603132826457], [25.855856069174077, 69.48646359032986], [25.854733121929183, 69.4868209740071], [25.853408841135746, 69.48719530071702], [25.85227871208629, 69.48741120162137], [25.851164735956008, 69.48752652766476], [25.85007177095299, 69.48779534673119], [25.84903347823115, 69.488136081982], [25.84824190962085, 69.48852282728643], [25.847296034451826, 69.4890037358855], [25.846686956474997, 69.48949035228028], [25.8465247189676, 69.48979593344063], [25.846861882531584, 69.49003326828519], [25.847373630201815, 69.49027179806905], [25.847746538553597, 69.49092844076226], [25.847662632629223, 69.49140173526094], [25.847392049540826, 69.49192114173387], [25.846709921022608, 69.49219325407027], [25.84635735170315, 69.49254190216197], [25.846691142842257, 69.49310791573158], [25.846882886825448, 69.49349213483038], [25.847514801984403, 69.49415721192949], [25.848119754502232, 69.49483589511492], [25.84862673940204, 69.49548219650391], [25.84909732311605, 69.49618142701], [25.849845507012233, 69.49691219048022], [25.850767384645025, 69.49766447826741], [25.851867099480433, 69.49836684310999], [25.852753460273167, 69.49888144331804], [25.85381632350662, 69.49954502959471], [25.85474227597406, 69.50022577775417], [25.855577946064848, 69.50085829608825], [25.856463558795237, 69.50144239365606], [25.856890793335506, 69.5020491672219], [25.857316165716473, 69.50264314856729], [25.857552882744304, 69.50301735824918], [25.858154919046527, 69.50350902963359], [25.859239540156512, 69.50395567617572], [25.859953246127606, 69.50424657348584], [25.85996890319245, 69.50450224062871], [25.85959720411358, 69.5049086713926], [25.859165068374974, 69.50535563563592], [25.858530953633274, 69.50576040206893], [25.857872374543586, 69.5060729721388], [25.85737638654639, 69.50633175536485], [25.856868571799026, 69.50684329562135], [25.856874186736253, 69.50728287683374], [25.856678549879238, 69.50767003115463], [25.856480765170932, 69.50809804971256], [25.857038474353665, 69.50853997359512], [25.857780871000635, 69.50888353894439], [25.858604484124296, 69.50930799518869], [25.85907700771681, 69.50975064255849], [25.8594776471114, 69.51026509234931], [25.859929375523482, 69.51072732272935], [25.860075697575578, 69.51127005717053], [25.859846414714312, 69.5117387947239], [25.85962622113109, 69.51229660165701], [25.859805118498638, 69.513068756298], [25.859964141749774, 69.51353250526894], [25.860674230506596, 69.51397402024243], [25.862378789851032, 69.51460730661168], [25.863632726767573, 69.51517767659132], [25.864654784986, 69.51571591199645], [25.866136819700905, 69.51639000833204], [25.867704819804107, 69.51709532225594], [25.86947502178543, 69.51784280452443], [25.87121943637121, 69.51852871228283], [25.872241384649598, 69.51907711238995], [25.87328668737233, 69.51973804962799], [25.874374422675654, 69.52066833929622], [25.875475557881817, 69.52141839974865], [25.876278087066034, 69.5216995861019], [25.87687873718631, 69.52193857869067], [25.877040502123734, 69.52219514060266], [25.876846502561655, 69.5225516797834], [25.87674122108778, 69.5228883526828], [25.876396613318885, 69.52333584636611], [25.87615647142239, 69.52377693717804], [25.876595674029918, 69.52449934365274], [25.87655255445039, 69.52532160869939], [25.876138456797, 69.52621843812025], [25.87567062913336, 69.52715429064882], [25.875597999236167, 69.52798186809885], [25.876267429238915, 69.5285790348777], [25.87607033730074, 69.52899686267254], [25.875230836146162, 69.52941061185163], [25.874437324679207, 69.52994719925961], [25.873744707684892, 69.53054670608483], [25.873129148977224, 69.53108243945826], [25.87225835027548, 69.53157805549677], [25.87135259618166, 69.5320638649147], [25.869672164771572, 69.53291165403101], [25.868618373047735, 69.53350795432894], [25.8668614025254, 69.53414050215066], [25.865041038013363, 69.53486475058465], [25.86394241980036, 69.53536664104956], [25.862883719127137, 69.53588310292537], [25.861307530317575, 69.53657029836073], [25.860109262541304, 69.53699941687368], [25.85842977786151, 69.53750251405286], [25.856238096482905, 69.5379636947567], [25.854189702195285, 69.53849002320267], [25.852026835960515, 69.53909270075947], [25.849888994888865, 69.53958031242806], [25.848340004287365, 69.54013236547881], [25.846905335752492, 69.54072604099196], [25.845362146625384, 69.54116559929103], [25.8433288805093, 69.54147926602026], [25.841286010345605, 69.54208033484176], [25.839945618861645, 69.54298002595137], [25.83926801233336, 69.54361947130008], [25.839395039338658, 69.54450970399228], [25.840025878955384, 69.54527032144345], [25.841004208030185, 69.54609459025264], [25.841765263509036, 69.54661075596171], [25.84191408032279, 69.54710243240629], [25.84182625935995, 69.54764359695507], [25.841912554016783, 69.54815019784154], [25.84190348393559, 69.54899833962206], [25.841680148996208, 69.54972937685002], [25.84124252992415, 69.55034330883316], [25.841463487370902, 69.55101301182944], [25.842601398896498, 69.55168654558194], [25.844177281433154, 69.5522795887767], [25.846810966436315, 69.55271904058684], [25.84905926692423, 69.55283318205585], [25.85156330513791, 69.55302342295893], [25.854064768193236, 69.55326470426809], [25.856661825056968, 69.55336348241383], [25.858738076214138, 69.55335657709945], [25.86078474193604, 69.55328604648612], [25.86240064147756, 69.55320665841515], [25.864364490785952, 69.55311719708519], [25.8665927378479, 69.55299881148488], [25.868143425935358, 69.55297820133079], [25.870066944897964, 69.55309286723138], [25.872075116526446, 69.55326937584523], [25.87422217768855, 69.55357868435624], [25.875145168005936, 69.55382072284188], [25.876502314456697, 69.55414626229432], [25.877567304758706, 69.55447000034975], [25.879100392807054, 69.55478653959432], [25.880652019055876, 69.55530756424508], [25.881650962630193, 69.55577391588363], [25.882826994625184, 69.55621083672537], [25.884592456061696, 69.55655943865958], [25.88593299826721, 69.55664975123344], [25.887559789921713, 69.55685431252259], [25.888561287022405, 69.55727974236116], [25.88955567428964, 69.5577119812925], [25.890972940557802, 69.55814348094796], [25.892769569193018, 69.5584615924896], [25.894107035173203, 69.55861314545197], [25.895544103286262, 69.55853018864403], [25.89669980936282, 69.55880329214821], [25.897444717798972, 69.55910447530276], [25.898666202196548, 69.55984405153139], [25.90160440066035, 69.56069366242295], [25.906314717064383, 69.56222530860903], [25.908616996974143, 69.56319388552372], [25.91111779852901, 69.56436786804339], [25.913609239889983, 69.56586085486406], [25.91524013160313, 69.56648986501058], [25.91667219129815, 69.56705376720753], [25.918098378905118, 69.56750555196072], [25.920650248823083, 69.56807499477247], [25.922208249993247, 69.56860663095222], [25.92295934167345, 69.56897509717983], [25.92379880507481, 69.56939153657085], [25.924461218589595, 69.56972786577047], [25.925942162661695, 69.56999009813237], [25.927925391081274, 69.57017619729857], [25.92990058102062, 69.57052055280987], [25.931197292171493, 69.57086050242266], [25.932940993607158, 69.57129839600012], [25.934570001321106, 69.57169515266834], [25.936318778725248, 69.57211542136062], [25.937492040067994, 69.57253216303567], [25.93797287776308, 69.57315329492484], [25.938691816938604, 69.57370134774634], [25.939209413967916, 69.57430487721196], [25.93959115203692, 69.57498474893563], [25.94101087328601, 69.57569497811222], [25.941897415099263, 69.57644230321733], [25.941806870060375, 69.57698400949812], [25.94214555064025, 69.5774922830023], [25.943212407192895, 69.57786972781858], [25.944485704521885, 69.57827256989266], [25.94538818327434, 69.5787616211403], [25.94598136805898, 69.57932198922973], [25.946390881374203, 69.57991326089038], [25.946634948159176, 69.5805841168377], [25.946830077709308, 69.5813111781534], [25.947677172194307, 69.58203680624591], [25.94833165975529, 69.58271542450868], [25.94856622766864, 69.58311197963198], [25.948455120576103, 69.58349040228653], [25.94816176797771, 69.58381934037018], [25.94719409876671, 69.58433954565558], [25.946489889515668, 69.5849302803703], [25.945909262931767, 69.5854590828599], [25.94555762187038, 69.58602959291277], [25.94576073366148, 69.58659537523432], [25.94649689769473, 69.58723746458756], [25.94721354944194, 69.58758805985126], [25.948258004977706, 69.58795728555724], [25.94900323271959, 69.58830861435094], [25.949695468752996, 69.58879661060669], [25.950336577940693, 69.58938923814242], [25.950926985427618, 69.59013394088367], [25.951358346162348, 69.59069382918508], [25.951855555798776, 69.59139041403671], [25.952207579924366, 69.5922232307206], [25.9520230042395, 69.59268988058783], [25.951842854571836, 69.59305976362883], [25.951708523825538, 69.59344611631565], [25.951718176598, 69.59372041350792], [25.95188538192668, 69.59407622402382], [25.95232780140549, 69.59448218424662], [25.953092709085368, 69.59495148817233], [25.95435848843908, 69.5955234039728], [25.955969691749413, 69.5959730491256], [25.95780161564872, 69.59638088003666], [25.960238834030246, 69.59685685446966], [25.962255605672325, 69.59727494847262], [25.96382674518471, 69.59760739570513], [25.964998113472145, 69.5980019914843], [25.96582338843827, 69.59844070053896], [25.966732129354472, 69.59879681774022], [25.967184754611075, 69.59928869236843], [25.967275931258744, 69.59975972720886], [25.96764199942675, 69.60078673786917], [25.968316030421565, 69.60150340033863], [25.969061772336552, 69.60246779489096], [25.969685127669955, 69.60337328445603], [25.970982640270645, 69.60413728642624], [25.97212332520788, 69.60469668715841], [25.97240497163108, 69.60577471126851], [25.972403796501126, 69.60653262246167], [25.973048913105764, 69.60783261656526], [25.974082075679245, 69.60843539308986], [25.97493727105358, 69.60900834062512], [25.975980185588412, 69.60961258577014], [25.97657664773535, 69.61024285706912], [25.976720842980406, 69.61067498200084], [25.97657117805752, 69.61104224787152], [25.975669743716637, 69.61161204507415], [25.975054008809895, 69.61206850862058], [25.97459611231674, 69.61266966254546], [25.97440418140474, 69.613232132489], [25.97403694459848, 69.61366702025109], [25.973526095765273, 69.61399759872103], [25.97298618385265, 69.614247438813], [25.971837389322005, 69.61481004951303], [25.97107271579653, 69.61527137808544], [25.970529301226076, 69.61559018271338], [25.969282395166996, 69.61599182944141], [25.96761772871496, 69.6164414731547], [25.966332490234098, 69.61675021220701], [25.965424254729463, 69.61710709879982], [25.96422274578496, 69.61772690623818], [25.963333843059104, 69.61835992783244], [25.961760178446387, 69.61907447287835], [25.96084945906743, 69.61957016939301], [25.960051799024818, 69.62002551196882], [25.959405599825654, 69.62041852091559], [25.95895694704606, 69.62082412894966], [25.958888256644332, 69.62121479292234], [25.959180207621745, 69.62165357682838], [25.959446543537613, 69.62194847512872], [25.960209311830383, 69.62220596494056], [25.960772521635313, 69.62250263328029], [25.961487737282294, 69.62276494688005], [25.962218560348404, 69.62296552163662], [25.963013464502044, 69.62325198099889], [25.96353776259994, 69.62366914971183], [25.963833215495015, 69.62400421907225], [25.964279305131534, 69.62436940659254], [25.964374072751745, 69.6247685588033], [25.9642070002528, 69.62517409551714], [25.963922773034373, 69.62559222896476], [25.96345615742885, 69.62604954863758], [25.96273160107623, 69.62667405931549], [25.96196705186615, 69.62716931962943], [25.961360504172422, 69.627704870779], [25.96099344630874, 69.62812250508776], [25.96074488733721, 69.62847753176551], [25.96067861454001, 69.6288222101495], [25.960826648518132, 69.62917388622519], [25.961068858546867, 69.62961809588857], [25.96150307192311, 69.63019575947308], [25.961954996382694, 69.63074474757228], [25.962439983210615, 69.6312940089989], [25.963006243449183, 69.63187241474608], [25.963329584183604, 69.63244954466927], [25.96343229096173, 69.63319186947841], [25.96332950897536, 69.6337088321775], [25.96298924871488, 69.63425309282695], [25.962636103808222, 69.6347225936282], [25.962264466101775, 69.63523227679879], [25.961966309245216, 69.63580078905501], [25.9616563578699, 69.63638978036698], [25.961230024430158, 69.6369619389609], [25.9604915324021, 69.637658689016], [25.95970807767794, 69.6382412337562], [25.95932207040232, 69.63868151432622], [25.958927375248468, 69.6392794898007], [25.958217311671834, 69.63990630979703], [25.957328997221772, 69.64056703495295], [25.9562847593099, 69.64133209401753], [25.95587596790781, 69.64196941450108], [25.955291469224683, 69.64259691837876], [25.955342419163475, 69.64334960098354], [25.95589880574129, 69.64410972672667], [25.9559096124375, 69.64499981303759], [25.955626165126027, 69.64578399172007], [25.955299557856627, 69.64652751665719], [25.95403747786481, 69.64731839999732], [25.952205824559726, 69.64828337826282], [25.95063158260361, 69.6491966090887], [25.94870114312357, 69.65008992629436], [25.946633978684275, 69.65088562540285], [25.944191543068392, 69.65158875031925], [25.94145573877082, 69.65226423189685], [25.939129307650283, 69.65290666151664], [25.937469752865553, 69.65346444805562], [25.935349658644938, 69.65405488322124], [25.934110189696906, 69.65436671736971], [25.932562372280813, 69.65472989132589], [25.931113618768492, 69.65514691521155], [25.929358137699886, 69.65557979184688], [25.927046088341335, 69.65592057535085], [25.925151036772398, 69.65608638823649], [25.92187559873623, 69.6563147119614], [25.91910671669423, 69.6566171187651], [25.91618989040775, 69.6569015057776], [25.911444835791976, 69.6569520107997], [25.90766074731015, 69.65687005011061], [25.904296018128036, 69.65728058823339], [25.900913669904817, 69.65795094413915], [25.897101733087887, 69.65917794658965], [25.894741053635304, 69.66044058027319], [25.8926733377305, 69.66194446640004], [25.89129117296059, 69.66350604036487], [25.891493278392065, 69.66550329079979], [25.892536592046188, 69.66642319585453], [25.893209074543826, 69.66722588906092], [25.894194916690314, 69.6678886201281], [25.895064186680276, 69.66883444880193], [25.895643156600325, 69.66947679543144], [25.896735914258507, 69.670051431634], [25.898599494403314, 69.67052448248923], [25.90054110187866, 69.671459266111], [25.902845660236252, 69.672289863539], [25.9061163050527, 69.67319742640453], [25.90851115921161, 69.67403230213434], [25.9108992418494, 69.67484621208617], [25.912781274844402, 69.67559860852816], [25.914021504124786, 69.67629821859762], [25.91505668573651, 69.6770143508496], [25.91623627294063, 69.67790881561605], [25.916918017764765, 69.67855177400382], [25.918527657404, 69.67902300091146], [25.920247398108817, 69.67933516132665], [25.922029961010004, 69.67941711225671], [25.92447245935708, 69.67957401946394], [25.926619708917993, 69.6795161317179], [25.928651231219295, 69.67972375741675], [25.931225570484347, 69.68030713528516], [25.93413568567947, 69.68131848073376], [25.936285998785067, 69.68221858961586], [25.938722514302906, 69.68321296543651], [25.941102799267433, 69.68391549299375], [25.94265347580849, 69.68456359390403], [25.943633923868052, 69.68538566110885], [25.943956350802704, 69.68630384188387], [25.94441276126995, 69.68769929095235], [25.945067347578046, 69.68907307192897], [25.946010867175538, 69.689923569832], [25.947815731893094, 69.69064212708138], [25.95040886284991, 69.69136537260248], [25.951570237179556, 69.69219321498313], [25.952141765741107, 69.69303050017415], [25.952159531863785, 69.69370489481614], [25.95125465545539, 69.69444462818744], [25.95014702983977, 69.69514774959592], [25.949798298363376, 69.69599738129101], [25.95053732930405, 69.69655175028379], [25.952749609498724, 69.69727472484651], [25.95585199759641, 69.69829278555501], [25.958045864113807, 69.69867229037618], [25.96021457986737, 69.69925288865296], [25.961508831780137, 69.69995255818957], [25.96274265453813, 69.70084692695235], [25.964163463517465, 69.7020973684473], [25.965545410095658, 69.70309906954813], [25.966021869261454, 69.70381157688387], [25.96557766724469, 69.70453642243831], [25.966051361563377, 69.70530212732922], [25.967951696065864, 69.70616489924404], [25.970418525256463, 69.70694234412652], [25.973004937692917, 69.70736552630055], [25.974928888289064, 69.70774937486925], [25.97648579945151, 69.70832618114166], [25.97904080267089, 69.70940555601423], [25.98140023301544, 69.71030635938634], [25.983849423140455, 69.71147377461504], [25.98472965555903, 69.71231283663246], [25.986423475754727, 69.71324519437769], [25.988127622803653, 69.71396470358519], [25.990246809881743, 69.71470362810084], [25.992831511808433, 69.71570024177775], [25.994051117006602, 69.71628745130256], [25.99452948713612, 69.71698209617922], [25.994804285361994, 69.71765796095889], [25.99585254882511, 69.7181961532497], [25.9977696667011, 69.71875716399707], [25.99930334515116, 69.71939007057748], [26.001854324286086, 69.7199868135836], [26.003924160322008, 69.72056630986934], [26.005072981253594, 69.72115831789786], [26.005549178729627, 69.72190621479962], [26.00598283345252, 69.72247644034046], [26.007141500500314, 69.7228555309629], [26.008670832265324, 69.72297057860608], [26.010511969019202, 69.7229809228297], [26.012648370872682, 69.72324133031886], [26.014178412295003, 69.72333864230131], [26.016029471712088, 69.72313609792948], [26.016915468472455, 69.72278618733132], [26.01841086832403, 69.72252837226586], [26.019963136811878, 69.72236017160833], [26.022433281135786, 69.7218923822972], [26.024539917324702, 69.72154810538038], [26.026594163607967, 69.72130108262841], [26.029572321342467, 69.72121993182537], [26.033102813451084, 69.72131844947313], [26.036230805477416, 69.72107185968605], [26.03841481777388, 69.720688286105], [26.039721176983146, 69.72037895476167], [26.0410943355027, 69.72026785501126], [26.043105934707956, 69.72033151388044], [26.04550520540784, 69.72022589384092], [26.048661488794597, 69.72019021701706], [26.052232811722625, 69.7205277186586], [26.054508362403975, 69.72115629617103], [26.056141687757087, 69.72206310629583], [26.057127938604975, 69.72292836059191], [26.058675887279275, 69.72364437181322], [26.060895394286756, 69.72406714135252], [26.06443810976652, 69.72444492192491], [26.06673129464565, 69.72436888510701], [26.068480145642347, 69.72412814479044], [26.070135397081277, 69.7240927498045], [26.0719092337208, 69.72424919762635], [26.073160395931506, 69.72472637651538], [26.074172282581223, 69.72524398414504], [26.07561204399762, 69.72587152790366], [26.07728470432283, 69.72640963485921], [26.07793604010932, 69.72703070337988], [26.079705533567374, 69.72747693208962], [26.08242199832596, 69.72787127486497], [26.085543318936278, 69.72798678010064], [26.087986511015536, 69.72781676893253], [26.090312992083543, 69.72781064070135], [26.092285575536827, 69.72799053424805], [26.094763313911034, 69.72820614565666], [26.097337561340407, 69.72855257887043], [26.099175017886964, 69.7287919702459], [26.101439886122144, 69.72900060918683], [26.103844707963816, 69.72925924125326], [26.105827708068873, 69.72941713267836], [26.10761435171364, 69.72973829543626], [26.10958545738185, 69.73017539771455], [26.111359719566156, 69.73079200550825], [26.11407662211036, 69.73152842869058], [26.11731069404861, 69.73236596801276], [26.121880977230127, 69.73346659544242], [26.12494121270179, 69.73488961301999], [26.128832704849902, 69.7361534333224], [26.132427876571843, 69.73747700593212], [26.13561895484289, 69.73861475762945], [26.137284885576495, 69.73962262919017], [26.13894872604333, 69.74069177136195], [26.14067487978627, 69.74153172321503], [26.142907610913014, 69.74257734565857], [26.14485055342885, 69.7437694411735], [26.14651020798157, 69.7449272619409], [26.147277579858237, 69.74588363716414], [26.147672467141525, 69.74667388450864], [26.14802505088264, 69.74733263245261], [26.148331185497298, 69.74853128720957], [26.14840536048885, 69.749896662186], [26.148166711477185, 69.75088117047073], [26.148076899222865, 69.75193194087251], [26.148369126321576, 69.7529188481228], [26.148758291670617, 69.75385696573308], [26.149481204106742, 69.75474741599515], [26.150073379875696, 69.75535798155452], [26.15118375192532, 69.75605319259228], [26.15342837928211, 69.75685236157595], [26.156061337713943, 69.75742290038174], [26.158929978158234, 69.75788540024874], [26.162331346618505, 69.7582892329899], [26.16550858535388, 69.75840636984252], [26.168228796046687, 69.75815393435143], [26.170690945971113, 69.75813339553875], [26.1732468862228, 69.75827678401932], [26.17636417712386, 69.75861987905607], [26.179287484529887, 69.75907702307114], [26.181779643338082, 69.75964698718057], [26.18341671910503, 69.76024590824213], [26.184387517733278, 69.76090745240924], [26.184974925406078, 69.7616656916892], [26.18551278171082, 69.76260310675923], [26.18585088750002, 69.76355863121523], [26.185957958750283, 69.76447885546315], [26.185499933927556, 69.76528158484997], [26.18542775304361, 69.7659218505031], [26.185598452537597, 69.76641538816216], [26.185537800560898, 69.76671029915396], [26.185485065857602, 69.76707295111812], [26.18454084636969, 69.76739111249118], [26.183290080134196, 69.76760045870736], [26.18234930133867, 69.76782456466398], [26.18171708274204, 69.76810393074369], [26.18116212516265, 69.76839698892755], [26.180955356111642, 69.76871865444295], [26.181173884095877, 69.76909601136565], [26.181934425264167, 69.76951619845029], [26.182613474795954, 69.77003006605415], [26.18352588047815, 69.77054505891277], [26.184712449937585, 69.77099403586772], [26.185329200446844, 69.77157687295131], [26.185130351311177, 69.77214719336554], [26.18538593328909, 69.77252280963623], [26.185873027547125, 69.772762714377], [26.186645784922835, 69.77323416162753], [26.187796619872696, 69.77382447279591], [26.188345628811863, 69.77449201225555], [26.18917491188928, 69.77515438439178], [26.19018168947002, 69.77571508373374], [26.19126431346108, 69.77638711715856], [26.192442764439747, 69.77706454978467], [26.19386041643646, 69.77758173811324], [26.195438682720145, 69.77796529202796], [26.196820334756275, 69.77841516009153], [26.198363596973117, 69.7787043894548], [26.200141301616565, 69.77895442343818], [26.201556693111783, 69.77910778941786], [26.203169432686582, 69.77926019706975], [26.204696498185168, 69.77929815627047], [26.206468516082992, 69.77920249857755], [26.20895448295117, 69.77914198432977], [26.2112076687767, 69.77915201550906], [26.21329396287921, 69.77947053042186], [26.21491025764311, 69.77989435372439], [26.215880621674316, 69.78035127724883], [26.21708048064799, 69.78113979976496], [26.21743788474491, 69.78196935213313], [26.217535936237937, 69.78282005861962], [26.21821594045563, 69.7836734421384], [26.21867397276554, 69.78423896830664], [26.219510432640938, 69.78473990933439], [26.221414046244522, 69.78517869864484], [26.22290092006867, 69.78550660969304], [26.224232742109105, 69.78597900740823], [26.225044480894205, 69.78644439362135], [26.22583349732144, 69.78718709187096], [26.226236871719593, 69.7878475085199], [26.226599966540952, 69.78854792504656], [26.226886115029092, 69.78922126248338], [26.227241023086986, 69.79015018806534], [26.227561669541995, 69.7909446241911], [26.227692027148475, 69.79163063680556], [26.22801400021962, 69.79239814120665], [26.228886967230405, 69.79297990192015], [26.22996129541332, 69.79337440560903], [26.231312018405653, 69.7936490768602], [26.232708648664584, 69.79373584664332], [26.23527635667371, 69.79369317389265], [26.238350894187228, 69.79361242371667], [26.2402183455498, 69.79358013828974], [26.24258692823316, 69.79367096964667], [26.244559449544695, 69.79396160755311], [26.24578853183748, 69.7943835506967], [26.24666272448394, 69.79495179707335], [26.24710184185972, 69.79571976195535], [26.247430600821964, 69.79631254309967], [26.24757412143769, 69.79684655493253], [26.248051123653955, 69.79798979207614], [26.248185765457354, 69.79897153677102], [26.24847291820446, 69.80007177698678], [26.2488534658351, 69.80083433362593], [26.24875233926035, 69.80138340075928], [26.248405671143196, 69.80195968146126], [26.248028751196568, 69.80256776464275], [26.247333827104256, 69.80333132925092], [26.246798878625597, 69.80386786568914], [26.24617790983975, 69.80450660348754], [26.245263656020285, 69.80515696425124], [26.244455647411502, 69.80574513133192], [26.24370651415606, 69.80632385438986], [26.24305282640048, 69.80675107033845], [26.24229397983768, 69.8071968004739], [26.241644758633935, 69.80769434724289], [26.241181148983635, 69.80819267158617], [26.240936792766128, 69.80879454709654], [26.24091462125333, 69.80941022898108], [26.240969399141278, 69.8099493249109], [26.2409125073646, 69.81050071280433], [26.24074320237134, 69.81107718192311], [26.240533576610584, 69.81174343949634], [26.24054607336239, 69.81242332783255], [26.24067012950006, 69.81310385672818], [26.24083524462024, 69.81368180761112], [26.241287568779857, 69.8145304086076], [26.242098580606157, 69.81554330160165], [26.242626037128588, 69.81621222555256], [26.243589957015114, 69.81668201265667], [26.244802793116087, 69.8170470183115], [26.245894436908156, 69.81736913221616], [26.247122085594366, 69.8175829048753], [26.248858329218056, 69.81785972825351], [26.250601760430094, 69.81794402866949], [26.252565072347227, 69.8181063352899], [26.254525726754682, 69.81834552079283], [26.25652456604696, 69.81855919637076], [26.258472690354903, 69.8188110742669], [26.260195686191693, 69.81903850268914], [26.260394475424953, 69.81906727216328], [26.26209912596072, 69.81931379873176], [26.2644492738801, 69.8196378849601], [26.266638938395047, 69.82013377453652], [26.268310810154674, 69.82054283575032], [26.27092148705442, 69.82127327785766], [26.27264477581406, 69.82193594255068], [26.27510708700558, 69.82272862511576], [26.27705574657471, 69.82333956489602], [26.27892485898032, 69.824104089295], [26.280239903530692, 69.82477642848488], [26.281796899971116, 69.82559806147707], [26.283459574321004, 69.82604165767016], [26.284542300480144, 69.82622899548332], [26.285657720681517, 69.82632491811678], [26.287954472649613, 69.82634708758336], [26.290477092186528, 69.82648551451825], [26.292811249274067, 69.82671292614938], [26.295102959772656, 69.82709416205313], [26.296997078410143, 69.82746869730141], [26.29915098678275, 69.82808574159841], [26.301248311237586, 69.82864161692947], [26.30409557776129, 69.82941317475176], [26.30671518139758, 69.83001355849599], [26.30896882587102, 69.83044572403557], [26.3110313052499, 69.83103107733399], [26.312390416746226, 69.8315366375719], [26.31385644912772, 69.83218373629671], [26.31516323732655, 69.83269176351467], [26.316502547932995, 69.83313049429326], [26.31808644613756, 69.83358558926082], [26.319562740863265, 69.83392484513655], [26.321114830617912, 69.83422585833605], [26.32314845310027, 69.83458002287534], [26.32536801829144, 69.83493485219132], [26.327958608714386, 69.83531665856773], [26.330025933013108, 69.83578637075351], [26.331648024385434, 69.83622869713167], [26.332856330097474, 69.83682331743118], [26.33413629430417, 69.8375080523802], [26.334897952704168, 69.83811381272757], [26.335658789994156, 69.83875813473425], [26.336086791365545, 69.83933702947876], [26.33633043942627, 69.83986389181655], [26.337131497394726, 69.84040564293974], [26.338194312892508, 69.84090991571928], [26.33977773593163, 69.84141616148395], [26.340988943906293, 69.8419338220372], [26.3419352685523, 69.8426044192791], [26.342663407291255, 69.84310737786122], [26.343838647214536, 69.84358639629568], [26.345316582164187, 69.84412358838048], [26.346948532668996, 69.84459605159338], [26.34823063983907, 69.84498617164007], [26.34980844094516, 69.84541725034859], [26.35139998986344, 69.84567963469489], [26.352714388955008, 69.8458077970998], [26.353975371529405, 69.84562232103313], [26.354936599183564, 69.84522470811022], [26.3563007341738, 69.84485761236608], [26.357584502433728, 69.8447380871526], [26.35902334066351, 69.84474330299018], [26.360643986975962, 69.8448125217073], [26.36149636078927, 69.84497394670957], [26.36252054218501, 69.84552660967954], [26.363552492424475, 69.8458260233832], [26.364736425211376, 69.84615751618497], [26.365425723538117, 69.84665620845801], [26.366361522970138, 69.84710298823904], [26.36737782951093, 69.84754625624076], [26.368099089659054, 69.84830571495354], [26.368417508018307, 69.848858402542], [26.368810841287154, 69.84938582086892], [26.369466874369795, 69.84984989127727], [26.370892857290333, 69.85030108612091], [26.37287735755279, 69.850835460344], [26.37521339522364, 69.85141157352666], [26.37725741786036, 69.85192591950747], [26.37889350228458, 69.85231695011245], [26.380393193976833, 69.85282620365523], [26.382010813529504, 69.85349884875637], [26.383591667031986, 69.85415867500309], [26.385022366901424, 69.85486915847736], [26.38593881042057, 69.85534700537984], [26.38699716255021, 69.8560689973325], [26.387716228403992, 69.85694384844801], [26.38839726152167, 69.85784412389589], [26.38882007709304, 69.85866662611619], [26.389354718493486, 69.85947665157836], [26.38996895972481, 69.8601201460832], [26.39076787441012, 69.86081597824663], [26.39241376568411, 69.86183474363285], [26.39387464921871, 69.86281466506719], [26.395003916607507, 69.86367798308919], [26.395881414159554, 69.86424540045707], [26.397094417476417, 69.86478839097445], [26.398498342261757, 69.86517797491202], [26.399748035342196, 69.86574660646494], [26.400660732912264, 69.86639111676493], [26.401232003639425, 69.86725256991004], [26.401582119648122, 69.86803620933657], [26.40185554899001, 69.86889669384439], [26.401651359493826, 69.86952454209455], [26.40141116922879, 69.87011385356922], [26.401237718057306, 69.87097270557244], [26.401349097996967, 69.87164225503301], [26.401830956074647, 69.87237296492955], [26.402298210884098, 69.87297751454668], [26.403136578630036, 69.87362169276734], [26.404236415840412, 69.87424116856684], [26.405558147462823, 69.8749254781777], [26.40718215341034, 69.87571827258468], [26.40927003785116, 69.87673384288155], [26.41076750661908, 69.87780358701181], [26.411870016482606, 69.878695130039], [26.413108844311118, 69.87989748164988], [26.41371501917654, 69.88153777002682], [26.41447808795702, 69.88268029605638], [26.414772178066695, 69.88353845576155], [26.414925873511056, 69.88468441829338], [26.4152707644326, 69.88534749527746], [26.415541572005687, 69.88596250194111], [26.41606338304241, 69.88651295957831], [26.41650855503625, 69.88697517383913], [26.41695239191435, 69.88748582786556], [26.41746545501708, 69.88804523423994], [26.41791479119225, 69.88858066224442], [26.418215721703678, 69.8890930853129], [26.418303128024203, 69.88959977479747], [26.418111370634293, 69.8901569177841], [26.41772333387156, 69.8906100386675], [26.416899025100506, 69.89110328021594], [26.41621185698968, 69.8915193648056], [26.41557023871196, 69.89192018060409], [26.414810661602786, 69.89227987991794], [26.413846151259513, 69.89274946412195], [26.412986499651684, 69.8932437080733], [26.41191395664408, 69.89379790442501], [26.41105553730721, 69.89424361072821], [26.410266750338383, 69.8947259290247], [26.409476807038043, 69.89524464925549], [26.408614048958295, 69.89584796798772], [26.408238498798113, 69.89637426692337], [26.40795020905013, 69.89688841132639], [26.407898952369507, 69.89745803894587], [26.40778294104544, 69.89815472358167], [26.407673847096753, 69.89882072593748], [26.407657267401493, 69.89940958274653], [26.40773336226536, 69.89990571315545], [26.407602898724768, 69.900451728181], [26.40741077900227, 69.90102088281785], [26.407538570431598, 69.90148204778957], [26.408302245506427, 69.90190887678165], [26.40945378591911, 69.90232499498008], [26.410608066050756, 69.90265615439627], [26.412113557195582, 69.90302487674644], [26.41403301631315, 69.90342870194685], [26.416215924620996, 69.90383855127801], [26.41804071056847, 69.90414771147144], [26.419865501042786, 69.90445676446845], [26.421301423061532, 69.90481302558878], [26.42266458426639, 69.90524177476387], [26.42378173409681, 69.9056455001465], [26.424829255880653, 69.9060247157557], [26.426259289872306, 69.90659924391635], [26.427228391282622, 69.90702044875385], [26.42821010566543, 69.9073799972836], [26.429681186311488, 69.90783472200297], [26.430976400170554, 69.9081905506205], [26.43227160938296, 69.90854628148931], [26.43356510336008, 69.90896258402063], [26.434682475245488, 69.90937836102637], [26.436044130922916, 69.90989191940164], [26.437090575309877, 69.91031960430018], [26.438310503347118, 69.91085688831834], [26.439320053066396, 69.91135709605079], [26.440302802163178, 69.91194337881942], [26.441088252792476, 69.91250238931976], [26.44202585501061, 69.91305091137669], [26.443010920618473, 69.91351701092546], [26.444257202691666, 69.91412522309301], [26.445437355156745, 69.91475888004834], [26.44648060202044, 69.91529438550681], [26.447634219261133, 69.91573570402873], [26.448823021034155, 69.91613947447131], [26.45032869973523, 69.91656842225143], [26.45158655058642, 69.91703305319783], [26.4525281716445, 69.91744814147093], [26.453447945004868, 69.91784188817478], [26.454376550022914, 69.91827831264969], [26.45509411799444, 69.91869921155845], [26.45562152609508, 69.91923991738933], [26.45592564786831, 69.91976216794096], [26.456232609365266, 69.9201632009041], [26.456818982798744, 69.92068629925846], [26.457336803005283, 69.92112435882171], [26.457746907760257, 69.9216468734624], [26.45811428289436, 69.92224148803653], [26.45814215753225, 69.92290794202691], [26.45808058248784, 69.92354308964461], [26.45803599432281, 69.92410891420194], [26.45791630584929, 69.924658339626], [26.457692491064197, 69.9251141231612], [26.45757423442554, 69.92568002892565], [26.45752592508325, 69.9260956472418], [26.457404508395886, 69.92668935355996], [26.457423590589528, 69.92731986326201], [26.45751595899185, 69.92784148731252], [26.45767789552654, 69.92839963575642], [26.45780273098381, 69.92903051725848], [26.457790075139965, 69.92953915592608], [26.45777559357298, 69.93008516200787], [26.457718172508105, 69.9305771473524], [26.457680663424327, 69.93101847033978], [26.45760084797241, 69.93161501188304], [26.457724356160405, 69.93206119892012], [26.45788699134068, 69.93259517065351], [26.458190785017123, 69.93314168030034], [26.458563922205713, 69.93372473001848], [26.45893979498983, 69.93421079260354], [26.459486008107326, 69.93493989903273], [26.45996541820348, 69.9355111752467], [26.460447389637128, 69.93599758758305], [26.461244477536667, 69.9365819717032], [26.462150041323795, 69.93706964669202], [26.46291369787453, 69.93758117088198], [26.463149890267495, 69.93801835554645], [26.46338600761984, 69.93844343278212], [26.46372672018093, 69.93892933740051], [26.464350617029037, 69.93939198758878], [26.465378634915098, 69.93980498408396], [26.466632838660228, 69.94019617020531], [26.467710418361904, 69.94041630096102], [26.470003432211488, 69.94070618024043], [26.472212023942287, 69.94092560136355], [26.474148625108597, 69.94110186978854], [26.4762044882264, 69.94130646896292], [26.478494266738426, 69.94155565962281], [26.48035775972379, 69.94188847791136], [26.481656385263246, 69.94223177054934], [26.482846388780462, 69.94267169963906], [26.483823005520108, 69.94317159493053], [26.48448435901439, 69.94357355493517], [26.48525233076995, 69.94393956697107], [26.486691118384382, 69.94433167015394], [26.488484543653072, 69.94466418755036], [26.490489307462003, 69.94502154898466], [26.492073661849545, 69.94524423344545], [26.493694035066824, 69.94544286739345], [26.49524459771643, 69.94559278281669], [26.496746306429053, 69.94566109268548], [26.498456168004292, 69.94573523143144], [26.5002559323574, 69.94581302124155], [26.501668221787924, 69.94584125042442], [26.50332800191979, 69.94587017291023], [26.505271294321705, 69.9458634440527], [26.507427722606565, 69.94579670814923], [26.50934192184123, 69.94575823324561], [26.511068324952987, 69.94572186510077], [26.512955844607607, 69.94569074900932], [26.515620769864423, 69.94565154679407], [26.51756193078132, 69.94567232894454], [26.51972923838151, 69.94566265553756], [26.5218968471286, 69.94565302663385], [26.524279310880903, 69.94578200306428], [26.526360667749888, 69.94590879224182], [26.5282311021119, 69.94599859945357], [26.53024075404594, 69.94607813916748], [26.532448668120757, 69.94628544105001], [26.53470362209194, 69.94641529312733], [26.5369579870418, 69.94656064220278], [26.538707770718293, 69.94670501317594], [26.540564085890708, 69.9468490057281], [26.542270076774518, 69.94698092314194], [26.544352076367865, 69.94709544624365], [26.546187047222467, 69.94718494884005], [26.547881676327137, 69.9472498809462], [26.54962871619894, 69.94739897762273], [26.551266025744145, 69.94758580461607], [26.552919672365064, 69.94790517828973], [26.554290291615242, 69.94824811008725], [26.555660839268796, 69.94860315432759], [26.557136363882808, 69.94899481524827], [26.559245647027158, 69.94950920846635], [26.560999705327273, 69.94995326501126], [26.562794644270213, 69.95043934166846], [26.56451701714154, 69.9508800867815], [26.56630205851708, 69.95125246104213], [26.568551132801346, 69.95169177493582], [26.57021859933657, 69.95199717268265], [26.572647808274112, 69.95235249772186], [26.574315852099804, 69.95251142623022], [26.57656874084252, 69.95278031751131], [26.57850647312846, 69.95300184863015], [26.580758333791252, 69.95330747467933], [26.583258665720496, 69.95373769084802], [26.585618702928986, 69.95413113904942], [26.587696609006727, 69.9544996558646], [26.5907091576187, 69.95495178363528], [26.594221631957286, 69.95551767890838], [26.59877011202253, 69.95625634097051], [26.6017894710743, 69.95663497133165], [26.604861787423093, 69.95695119590073], [26.607471822230742, 69.95717451652791], [26.609501057448487, 69.95736491136437], [26.610806109849396, 69.95764669050737], [26.611387366142257, 69.95797337753177], [26.612465785048865, 69.958285641411], [26.61489649234633, 69.95878678478434], [26.617157220669693, 69.95916039728323], [26.61938019461279, 69.95938332687656], [26.621533465579372, 69.95954561304049], [26.62354540195255, 69.95971961060712], [26.62562860102942, 69.95985733806094], [26.627358666552478, 69.95998219040014], [26.628608876959987, 69.96005556427343], [26.63150871982017, 69.96021042196487], [26.633834974872634, 69.96029503686917], [26.63654721807972, 69.96048686117268], [26.639491510811126, 69.96073240507977], [26.641619048360745, 69.96103995493777], [26.643723609482972, 69.9612459530226], [26.645843889012237, 69.96133051635458], [26.64809290996297, 69.96141479701079], [26.651170648920424, 69.96156336743095], [26.65421948449546, 69.96176082576486], [26.656114148826607, 69.96207029811819], [26.659286202052442, 69.96250187293217], [26.662119894456374, 69.96270512530053], [26.666146214642406, 69.96266107008292], [26.668819077665184, 69.96281231450517], [26.672027570801667, 69.96345248712701], [26.6742728665523, 69.96411234641727], [26.67607947344666, 69.96462004604821], [26.678691382646967, 69.96477230107], [26.68063635278922, 69.96445652196509], [26.682041476274172, 69.9639268009428], [26.683409983137917, 69.9630192237619], [26.683961579858572, 69.96221316837917], [26.684660538082895, 69.96139054723032], [26.685162181238294, 69.96063483420679], [26.685960193140136, 69.95972832446381], [26.687098096417216, 69.95904101205507], [26.688645946282097, 69.95816433295323], [26.690448078886686, 69.95697004054034], [26.691622988141614, 69.95620038439012], [26.693110698874925, 69.95527169955058], [26.693897712530635, 69.9545013689436], [26.695120925661264, 69.95347292018654], [26.696313807083765, 69.95233165414642], [26.697207916824862, 69.95150931349289], [26.698050071708778, 69.95087187555507], [26.699187366726473, 69.95016761689884], [26.700127217512875, 69.94954715403345], [26.701311812723507, 69.9489438810398], [26.70278883580838, 69.9484587733016], [26.70455925132191, 69.94799096548707], [26.706484325155955, 69.94752437919136], [26.708508427203505, 69.94694224532412], [26.710455411308185, 69.94633342863689], [26.71348872544227, 69.9456465089364], [26.71547389379231, 69.94526819579961], [26.7180741854949, 69.9449865235125], [26.720474283959753, 69.94500710459675], [26.72318669164533, 69.9452095430516], [26.725808317139943, 69.94546941969854], [26.727909270983123, 69.94574897844628], [26.73038784389184, 69.94612928549688], [26.732377127626215, 69.94644151929998], [26.735344588513293, 69.94714877056879], [26.73686783271908, 69.94761958712269], [26.73830949595587, 69.94807152385138], [26.740214699475505, 69.9485990380187], [26.74184968654607, 69.94889190118812], [26.743665058068984, 69.94918797702353], [26.74557651086814, 69.94940541191202], [26.748037375954947, 69.94986362810621], [26.750753828058844, 69.95048633339805], [26.75324979741584, 69.95112133079287], [26.755707568691413, 69.95185730236935], [26.757991532514893, 69.95263106872582], [26.760695535161297, 69.95351864213887], [26.763079744850888, 69.95429229243699], [26.764987034566182, 69.95493896635729], [26.76763151173896, 69.95554871941044], [26.770020977891242, 69.95589290622503], [26.772888344671532, 69.95632601948354], [26.775019431893323, 69.95675814373433], [26.777407705781318, 69.95725373018469], [26.779759546107055, 69.9577113583151], [26.78222212380893, 69.9581690844664], [26.78475926409065, 69.95855103449145], [26.787113816632843, 69.9587686624951], [26.789359181599533, 69.95887236759424], [26.792057256563503, 69.95882089295866], [26.794589399666005, 69.95881527090773], [26.79717769749217, 69.95885341776633], [26.79927733586532, 69.95888850152204], [26.801760736890476, 69.95899034312079], [26.805052752798375, 69.95909312595032], [26.809386984222254, 69.95895909241789], [26.81805530672016, 69.95869079609221], [26.824752602949548, 69.95921269409277], [26.82856197526932, 69.95965228538763], [26.830524272842997, 69.95980047471066], [26.833026854659906, 69.96004281670844], [26.836082185159754, 69.96023513422148], [26.83858603974051, 69.96031321511045], [26.84075898600509, 69.96030247838867], [26.843153121430845, 69.96026674260511], [26.845952689348337, 69.96020603798398], [26.84867806429651, 69.96019570599056], [26.851293296984252, 69.96013479305253], [26.853419170559135, 69.95994637783164], [26.855607000791938, 69.95944366572479], [26.857046974078163, 69.95893963364543], [26.857933871939984, 69.95846042152672], [26.858631377722386, 69.95792837163029], [26.858935938032076, 69.95733711021896], [26.858829453100583, 69.95674339052607], [26.858318692905897, 69.95602303360076], [26.857882196942096, 69.95522699347954], [26.857556149367316, 69.954443630681], [26.857524284145892, 69.95371102296663], [26.857785955332137, 69.95316816012631], [26.858378697248163, 69.9526002485262], [26.858934561970333, 69.95208287721232], [26.85890110571743, 69.95155232434468], [26.858684233051463, 69.95098376612152], [26.858245415396706, 69.95052878723973], [26.858323062590806, 69.94994786509565], [26.857921432390036, 69.94945490419175], [26.857411006862204, 69.94874720933039], [26.85637309372134, 69.94781509699115], [26.855372408908252, 69.9467765287165], [26.855146237327762, 69.94581838806191], [26.855696285013828, 69.94478109567103], [26.856400628868837, 69.94382379837369], [26.85741499667417, 69.94286666065383], [26.858584849118742, 69.94182987619223], [26.859523492956075, 69.94057997962183], [26.860679741225486, 69.93990996840196], [26.863168603235042, 69.93895940297087], [26.866487168952492, 69.93762817042237], [26.868861962322825, 69.93671977868124], [26.870854560347954, 69.93585685588398], [26.873555479564633, 69.9347672563067], [26.876341282905916, 69.93398074987248], [26.878300942476383, 69.93341499525127], [26.881801368209185, 69.93275887994727], [26.885582069555856, 69.93231598035209], [26.890389430548534, 69.93210872046238], [26.89401475814935, 69.93217585078311], [26.897765070083846, 69.93244869334798], [26.902334163823774, 69.93298175078718], [26.90740471430629, 69.93372761954308], [26.90909959146335, 69.93395382857895], [26.910876005608998, 69.93426465958304], [26.912433758400635, 69.93456600678017], [26.91421018393486, 69.93491437854097], [26.916314889638944, 69.93530039478483], [26.918173156423517, 69.93568629606112], [26.920787001461782, 69.93640309515452], [26.922326225533155, 69.93692786275649], [26.923555144052667, 69.93749189947239], [26.924401735898346, 69.9378961236758], [26.925549045529742, 69.93838491638304], [26.926532476962905, 69.93876103015782], [26.927789614230747, 69.93911840556947], [26.928883305039733, 69.93931610818254], [26.930250920302694, 69.93942930262558], [26.931345213688008, 69.93945797299068], [26.932466825335872, 69.93946772225763], [26.934223990253496, 69.9394606871135], [26.935817624015577, 69.93941754334784], [26.937446271765406, 69.93935685965097], [26.939306599097325, 69.93934812052434], [26.94105729016438, 69.93938632536783], [26.942862764124826, 69.93945260367279], [26.94477763606887, 69.93950957757802], [26.946780254418176, 69.93955242814073], [26.94874454771793, 69.93956713852363], [26.95049533889465, 69.93961454679251], [26.952325266893034, 69.93968526337383], [26.954051704487767, 69.93974697616986], [26.955830620430756, 69.93979560480999], [26.957360512691544, 69.93973035184077], [26.958635621975766, 69.93964308818992], [26.959879498526096, 69.93946665764759], [26.961001430010985, 69.93934478553113], [26.962068670702518, 69.93924178103238], [26.963053605999445, 69.93914804092222], [26.964449054467597, 69.93899806279376], [26.966391790499383, 69.93882936510977], [26.968198009463695, 69.93868228810007], [26.96972788464183, 69.9384856823338], [26.970906296155462, 69.93828545834052], [26.972277908278805, 69.93798281794709], [26.974108030014875, 69.9375534078531], [26.97583174034001, 69.93722501035488], [26.97771953258024, 69.93693406962343], [26.979197115673255, 69.93666187234125], [26.98108488232092, 69.93624885971431], [26.98260449559261, 69.9359055304913], [26.984325424075237, 69.9354899406606], [26.985954613570623, 69.93508480687709], [26.98704913080939, 69.93463409182341], [26.98781513855686, 69.93407060631125], [26.98849927054, 69.93357291904798], [26.98951144639816, 69.93302822285803], [26.990742431519546, 69.93246478864789], [26.992000640298315, 69.93192957513241], [26.993120949052024, 69.93153012075656], [26.99440768834415, 69.9308778237845], [26.9955425600569, 69.93017362677224], [26.99643154006559, 69.92955367663697], [26.997306721476566, 69.92884929372754], [26.997963693908773, 69.92835760439105], [26.998947302638765, 69.9277974539403], [27.000065881051444, 69.92724162949158], [27.000888693546017, 69.92682072932084], [27.001708972168448, 69.92645444932653], [27.00261386896017, 69.9259944332224], [27.00362263371097, 69.92542129851006], [27.00422391246215, 69.92484838386724], [27.00460644800747, 69.92429430450326], [27.00482514937078, 69.92389046918987], [27.005070989120263, 69.92330818766439], [27.00575425515409, 69.92268831797072], [27.0065617512844, 69.92214337544766], [27.007707831497665, 69.9215525673897], [27.008790248652264, 69.92085237777921], [27.00966208538518, 69.92001157480199], [27.010381536769877, 69.91934248857132], [27.011765935339756, 69.91857446884264], [27.01315958171746, 69.91804842202708], [27.01471702065595, 69.91749423488149], [27.016137578449467, 69.91694943286319], [27.017503656858914, 69.91637634236928], [27.018459590432766, 69.91587848745198], [27.01938832492905, 69.91539006466309], [27.020565667454232, 69.91505301995367], [27.0222021599559, 69.91476987094288], [27.023677262104098, 69.91431892734492], [27.024906566775126, 69.91388669319687], [27.026080793399064, 69.91339821524947], [27.02739153013541, 69.9127217367221], [27.028138015116056, 69.91231693081538], [27.029220908587224, 69.91174476537469], [27.030422157033534, 69.91123742029563], [27.031612711676864, 69.91079246207096], [27.031847007568516, 69.91074140423422], [27.032880077180522, 69.91057015883689], [27.034191181880146, 69.91041023753128], [27.03561162633586, 69.91034421340514], [27.037496793022054, 69.91039085670526], [27.039764772781954, 69.91055935209833], [27.041814274895163, 69.91082186303964], [27.043754687219796, 69.9110937828698], [27.046087365260913, 69.91150358786112], [27.0476794982956, 69.91192890750924], [27.04971079946701, 69.91271894403215], [27.051516772797893, 69.91357101920015], [27.05368380005176, 69.91440750324932], [27.055579966210118, 69.91501150587753], [27.056689123138096, 69.91543841165534], [27.057647063841845, 69.9159358558496], [27.058741737637572, 69.9164896423513], [27.059689961463107, 69.91697890266025], [27.060936017703053, 69.91749442004394], [27.06216142566379, 69.91775629078316], [27.063993418405815, 69.9178871869924], [27.065687684614073, 69.9179804031959], [27.067765273170437, 69.91810170843672], [27.06965110803256, 69.91815740357474], [27.07219292067112, 69.9181657935044], [27.074515905561235, 69.91815540907086], [27.07653838183531, 69.91818271341721], [27.078998136633434, 69.9181628253338], [27.081375380727508, 69.91804907021792], [27.083506357330407, 69.91783205488674], [27.08576209742076, 69.91755155885826], [27.08741109403817, 69.91735530021451], [27.090538951093674, 69.91707995884356], [27.093325983093916, 69.91694171246456], [27.095815270397452, 69.91705209989532], [27.097770324891727, 69.91723253088857], [27.099937070940157, 69.91755804766122], [27.10232413583302, 69.91813296988795], [27.105066841724234, 69.9188799571226], [27.107250158567048, 69.91961536871622], [27.10885584722135, 69.92022899218298], [27.11061045151457, 69.9208681517667], [27.11191791645456, 69.92143069575685], [27.113225310082072, 69.92201878620958], [27.114346810419608, 69.92265834114441], [27.115282060541304, 69.92327229105028], [27.116129127248257, 69.92399563113689], [27.116967979998286, 69.92488450163778], [27.118128992664328, 69.92585689400966], [27.119475581311203, 69.92668823587536], [27.120709111021203, 69.92726353862929], [27.121756232804536, 69.92786461843609], [27.122542065006954, 69.92837622794394], [27.123401828194215, 69.92877258436609], [27.124075699640365, 69.92924587297195], [27.12463798453485, 69.9297448688706], [27.125031123747103, 69.93017930859914], [27.125537759603077, 69.93060205047647], [27.126248194882166, 69.93092170586475], [27.127032719422544, 69.93120282961164], [27.128228179087422, 69.93157326114876], [27.12919918689646, 69.9318542258099], [27.130835949561963, 69.93220773816418], [27.13297980682211, 69.93250034487998], [27.135218084186363, 69.9326294391412], [27.137406939264782, 69.93260353260774], [27.139793221124595, 69.93258890192874], [27.141656918146257, 69.93252336326219], [27.1432973854399, 69.93250924876556], [27.145165992605488, 69.93249087103429], [27.146690298347963, 69.93246808957183], [27.148629079102584, 69.93246642873359], [27.15090409931691, 69.93252853822254], [27.153105566517294, 69.9327571490491], [27.155009508870513, 69.93307557281163], [27.157025761930345, 69.93344512395413], [27.15930276931694, 69.9337632287229], [27.160944914001643, 69.93394101460797], [27.162661490114196, 69.93409308110303], [27.164191296187667, 69.93423256637399], [27.165535103976147, 69.93439774754911], [27.167177414701886, 69.93461388772134], [27.16851021316149, 69.93484049853933], [27.170389140317017, 69.93517420966505], [27.172181807137562, 69.93553096985966], [27.17390063375825, 69.93593902820948], [27.17554604923876, 69.93647519498505], [27.1772662863844, 69.93702403093188], [27.1790543699547, 69.93752734175263], [27.181116392440078, 69.93805729071907], [27.183096731803353, 69.93846496524876], [27.185187465325576, 69.93870614545601], [27.187502135453304, 69.93894694788503], [27.189780186125667, 69.93926465067375], [27.192357544063594, 69.93957315622488], [27.194746044273188, 69.93983546981192], [27.197398324223748, 69.94025504809073], [27.199844713949027, 69.94072545141879], [27.201658111972634, 69.94111575378335], [27.20385503977756, 69.94176714193817], [27.206336925277885, 69.94233639424735], [27.208464085608696, 69.94276481077651], [27.21033260402172, 69.94308275053194], [27.212349637527566, 69.94332359532156], [27.21425488513237, 69.94359020092726], [27.216348006457615, 69.94397181392873], [27.21836766965174, 69.94445591750899], [27.219827750671513, 69.94494065031797], [27.221700246518548, 69.94560412183174], [27.223833580259114, 69.94624169782303], [27.225853888652477, 69.94675125031704], [27.228210003942085, 69.94726041737353], [27.230415007811548, 69.94759045781221], [27.231872868757346, 69.94781907834262], [27.233629034640884, 69.94803441562212], [27.23531055689322, 69.9482498440152], [27.237140884946, 69.9484138739465], [27.238634344744934, 69.94850149647112], [27.240239233373313, 69.94852499926407], [27.24206837040009, 69.94858656432586], [27.243897654722158, 69.94866087915668], [27.246212319319948, 69.94876008998612], [27.24901282653938, 69.94889701613197], [27.251408233187338, 69.94903122069437], [27.25337725768502, 69.94924818441326], [27.255700339243777, 69.94956611954557], [27.257682171257212, 69.94972838130619], [27.259696114901097, 69.94986674047585], [27.26235062813275, 69.95001971859897], [27.26459285970951, 69.95012624103222], [27.26663570102747, 69.95023338259014], [27.269447614347797, 69.95031087558334], [27.272927643015556, 69.95048534154174], [27.275837166174984, 69.95072604365387], [27.28068747662701, 69.9512185968826], [27.282967553906186, 69.95147103823119], [27.28547162123721, 69.95174871990241], [27.288124510826687, 69.9519621549067], [27.289915334151033, 69.95208454547411], [27.29177205714795, 69.9522522257817], [27.293314296792282, 69.95257552910334], [27.295039471788076, 69.95305366956141], [27.296889032492867, 69.95360184257035], [27.299090195921632, 69.95425200909708], [27.300666836112498, 69.95473269608613], [27.30209229733776, 69.95521678555875], [27.30325775654347, 69.95574890136905], [27.30445922075017, 69.95643340355805], [27.305038431266226, 69.95693916243944], [27.30548355051493, 69.95804993121232], [27.305209627257913, 69.9588678004599], [27.304635985049586, 69.9598487806258], [27.304240765119893, 69.9606717915042], [27.303619451942083, 69.96149516685306], [27.302996934568686, 69.96225645277669], [27.30214961554903, 69.96311121508356], [27.301389655648496, 69.9637486779431], [27.30008519413542, 69.96429392522407], [27.298686351685014, 69.96456004964868], [27.29710654440293, 69.96484197142567], [27.29534684762487, 69.96521729639987], [27.294089930982686, 69.965933051214], [27.29326065897238, 69.96670157535151], [27.292510107302945, 69.96758552428898], [27.291904743497028, 69.9686163847688], [27.291514614776098, 69.96947484779764], [27.29120964580683, 69.9700723656337], [27.29085232319896, 69.97068615301569], [27.28973124655743, 69.9714481859625], [27.287567725312584, 69.97211891773281], [27.28607746963146, 69.97236949470422], [27.284270254864158, 69.97263616556758], [27.282102719516672, 69.97302748561714], [27.279980528988755, 69.97344982772192], [27.278447090505, 69.97387113672639], [27.276868479891604, 69.97432352683829], [27.27551646064185, 69.97479106030329], [27.27488980112318, 69.97533510691979], [27.27471619799386, 69.97590948528962], [27.274905591748162, 69.97652972753164], [27.275322496932894, 69.9772428433834], [27.275692727313764, 69.97784731555608], [27.2760853834639, 69.97839289092532], [27.27610317153099, 69.97878480605002], [27.276458365496815, 69.9793041609164], [27.277526554728514, 69.97978826392928], [27.2794404107663, 69.98041822983288], [27.28077555113913, 69.98095025523159], [27.282343017833682, 69.98158073984965], [27.285070293582155, 69.98256554424182], [27.28710431355866, 69.98351174376957], [27.288792708052785, 69.9845178572684], [27.29099890970412, 69.98536487406193], [27.293548692740185, 69.98597397912602], [27.29551946549803, 69.98648500224691], [27.296966773597457, 69.98671997157243], [27.298354380241953, 69.986836333886], [27.300498256425517, 69.98730750776838], [27.302701425645566, 69.98789719638388], [27.305079326900827, 69.98856570996685], [27.30705536590848, 69.98939314520622], [27.30782448700682, 69.98973344385006], [27.309202822526515, 69.99008181699361], [27.311922774937685, 69.99041338473323], [27.31458141944247, 69.99050756438001], [27.316949789214767, 69.99050341534611], [27.318930473564958, 69.9904737995324], [27.320697933450493, 69.99008126980269], [27.3223652018061, 69.98956392802397], [27.3235859697253, 69.98908589856988], [27.32429649228154, 69.98868709819901], [27.324906089751323, 69.9883703450177], [27.326303918888183, 69.988262560938], [27.328287052479972, 69.98846939118495], [27.33014770688549, 69.9885803706802], [27.333035030834296, 69.98853537811782], [27.335693905507735, 69.98843218715386], [27.338697582005963, 69.98866322416592], [27.341357073304348, 69.98881637145192], [27.344480043766342, 69.98904777444318], [27.347432195674553, 69.98943761050519], [27.35019414126548, 69.99004094496473], [27.3532842166296, 69.99049429929119], [27.356124512984398, 69.99106236413272], [27.358212006990414, 69.99153290030851], [27.359957060456523, 69.99222177315067], [27.362165340159972, 69.99296900527098], [27.364259649008424, 69.99379556980463], [27.366647615984625, 69.99489843504264], [27.36909118626883, 69.995842864828], [27.372230275457305, 69.99690456520106], [27.374569218827748, 69.99767215734367], [27.37837537060624, 69.99851750266396], [27.381802035916163, 69.99914157499872], [27.38424651271343, 69.99990564254492], [27.38628551553089, 70.0007716549784], [27.387921904068484, 70.0017572296713], [27.39008037454479, 70.00282069760469], [27.39183205564341, 70.00376633435182], [27.393295055321232, 70.00471263957043], [27.39534589840954, 70.00617196736366], [27.39663703535722, 70.00719771300969], [27.397950966767922, 70.00781584540282], [27.398677478434614, 70.00828181009425], [27.398926979820743, 70.00883071362419], [27.40117284678309, 70.01011168350425], [27.401975248601993, 70.01120147041496], [27.40280291729872, 70.01214911460119], [27.4040898157636, 70.01289790571383], [27.405116091286832, 70.01327710157518], [27.40605144014698, 70.01348501368423], [27.406994958958936, 70.01360348897813], [27.409491093487738, 70.0140923123881], [27.411523819646717, 70.01452275217754], [27.41309453630518, 70.01499389889818], [27.414203909590086, 70.01552544217049], [27.41629952204073, 70.01619312570368], [27.41868026622284, 70.01666234683267], [27.421410897062273, 70.0172691486899], [27.424199036845195, 70.01785595549622], [27.426469036290122, 70.01854289560032], [27.428559969054646, 70.01921345743638], [27.43137262320664, 70.01966263924064], [27.434730553764805, 70.02002857578819], [27.437345324328867, 70.02020456046593], [27.4396075105303, 70.02033764662625], [27.442993700816398, 70.02038187121796], [27.44548056086229, 70.02035592792298], [27.44842908325679, 70.02026943257793], [27.450920961317085, 70.02028561655], [27.453915204462948, 70.0204169939703], [27.456498278057474, 70.02032195821666], [27.45930108578512, 70.02013793803376], [27.46129487442278, 70.02016331224996], [27.462947352467925, 70.02031008971734], [27.46498562091578, 70.02059677604149], [27.467420154958774, 70.02101193064337], [27.470323095426014, 70.02147898780112], [27.473108856193992, 70.02186728874378], [27.476930175904975, 70.02199558669409], [27.480746875609604, 70.02192601399014], [27.483172598157456, 70.02174139895077], [27.486407972610518, 70.02155457703637], [27.490337470573714, 70.0213657795381], [27.493125123682674, 70.02128651494306], [27.49598262062754, 70.02132892683946], [27.499109867000392, 70.02156189931051], [27.50197462237113, 70.02190624199393], [27.504130468499593, 70.02215198703978], [27.507227520116437, 70.02234459516666], [27.510436683720947, 70.0223051696884], [27.512759942170714, 70.02216763406412], [27.515425032354432, 70.0220999564533], [27.51849526815001, 70.02225573516567], [27.521217072209573, 70.02248748722835], [27.523709144843696, 70.02284257399721], [27.525990080063497, 70.02346383619971], [27.528401021396938, 70.02437772148257], [27.530260315277044, 70.02527224046949], [27.532002919802117, 70.02637652308456], [27.53301148666786, 70.02750381069794], [27.533467651176974, 70.02875688462727], [27.533663427444065, 70.02956510778066], [27.534514915530064, 70.03029644561245], [27.535669874811468, 70.03090716863461], [27.53784423193626, 70.03194899650201], [27.54015871990415, 70.03332001258967], [27.541216930948487, 70.03457513213661], [27.541753462527208, 70.03584523560856], [27.542447783033754, 70.03707245857302], [27.54316789240181, 70.0382429351843], [27.54351015767615, 70.03915116712484], [27.54317666133263, 70.03981121948073], [27.542104493299767, 70.0407281344813], [27.541467867681867, 70.0415388311767], [27.540404481473793, 70.0428002514915], [27.54021227992945, 70.04383426983367], [27.54032091214254, 70.04464270941699], [27.540697577402312, 70.04564514909515], [27.541597750793628, 70.04652606418698], [27.54275938552309, 70.0473462815914], [27.543832969075343, 70.04815186484521], [27.545436550700078, 70.04909052533432], [27.546532126300963, 70.05038367825355], [27.547424081771464, 70.05128619373752], [27.548552908165032, 70.05251092108418], [27.54976976217754, 70.05373539133494], [27.550637026978876, 70.05500576035398], [27.551417289931685, 70.0563064676912], [27.55259449314073, 70.0576807797738], [27.554301246506093, 70.05898381950617], [27.55677755475362, 70.05985526334192], [27.55951691012636, 70.06054991501874], [27.561837998528365, 70.0610115803412], [27.564978865195034, 70.06148312847824], [27.56720091899915, 70.06199932986465], [27.569801341443316, 70.06270416374574], [27.571309283180796, 70.06328346913035], [27.57295462733082, 70.06405705331551], [27.573370715596244, 70.06481963070357], [27.573746154081718, 70.06570206943557], [27.574558322103762, 70.0664933252493], [27.576420961977014, 70.06717624932486], [27.579119044796574, 70.0679014308747], [27.581630709566575, 70.068237804442], [27.584983989063364, 70.06838916474355], [27.587928324713186, 70.06835850014319], [27.590634102933652, 70.06857988799953], [27.593287129886555, 70.0690943996961], [27.595148018976797, 70.0697998754875], [27.596529971287787, 70.07034549145692], [27.598655865633262, 70.07098242751515], [27.60090863759614, 70.07145418006296], [27.603606932152754, 70.07213401365054], [27.60617564195722, 70.07288926813914], [27.609318913293365, 70.07376219214783], [27.612460525351867, 70.07456026493301], [27.615986680492608, 70.07499752712813], [27.619759950331492, 70.07507686619533], [27.623836725342827, 70.07501882364915], [27.627173013319062, 70.07477390388703], [27.628957640269775, 70.07467521732003], [27.631376213307593, 70.07469928996547], [27.634582168210315, 70.07516935981755], [27.637433310754265, 70.07550642414662], [27.640115233656424, 70.07560165061913], [27.642788465208405, 70.07541233202824], [27.64532934097212, 70.0753820948922], [27.64840062569318, 70.07545467007186], [27.651312902222866, 70.0755612108966], [27.65430521462372, 70.07574501866807], [27.657013407900376, 70.07609308836095], [27.659774092140196, 70.0764738077816], [27.662748423568576, 70.0769301287355], [27.665683537495326, 70.07723075543531], [27.667839442259787, 70.07734246222], [27.669817493318188, 70.07739503461138], [27.672102145502436, 70.07741643513833], [27.67543746481067, 70.07732896218454], [27.678201183933844, 70.07722863575496], [27.68031287327667, 70.0772199954491], [27.683688035002856, 70.07713277880235], [27.686871605569344, 70.07694370274889], [27.68978208067439, 70.07679484715284], [27.69293632338309, 70.07658537886503], [27.695748264394645, 70.0762395232769], [27.69779025548013, 70.07592492975367], [27.69997287225846, 70.075527024221], [27.701977103529394, 70.07505477866083], [27.70411190994606, 70.07455213426657], [27.706154207518377, 70.07391501543907], [27.708190967367603, 70.07311309448437], [27.70996613289748, 70.07237210785648], [27.711347539395515, 70.07167767788098], [27.7129376054962, 70.0706677702856], [27.714060463295873, 70.07012409654794], [27.715106241847494, 70.06989522352015], [27.71740398271505, 70.0700538914704], [27.71826237448737, 70.07000327878514], [27.721324785529347, 70.06936749904375], [27.722960118576466, 70.0688370114856], [27.724243714203464, 70.06838856088271], [27.72508918361715, 70.06779412837555], [27.726173551883555, 70.06727927960242], [27.728435158317804, 70.06665216501979], [27.73015770590019, 70.06615046086664], [27.73222414281676, 70.06594823453977], [27.73458412405786, 70.06532467733838], [27.737078919517145, 70.06474916962446], [27.739328151997114, 70.06442261508327], [27.74110494395153, 70.06413806668857], [27.743791415036515, 70.06416130098111], [27.746093314004174, 70.06432054701504], [27.747847456022793, 70.06465353606431], [27.749182449587423, 70.06515725922996], [27.750824282397755, 70.0656446463915], [27.75210952036181, 70.0659768103554], [27.754092638094342, 70.06620006603309], [27.758420873102573, 70.06691560599236], [27.761758772053494, 70.06766497420392], [27.765108726198243, 70.0681056923218], [27.76781092486382, 70.06873184922746], [27.76965598029316, 70.06952742860496], [27.771456356223624, 70.07044043446439], [27.77404161281429, 70.07133321245253], [27.77787687448465, 70.07204921440807], [27.780920708139107, 70.0727485755177], [27.783455533985226, 70.07376305361953], [27.785377816336414, 70.07478651754312], [27.788666022930464, 70.0756871620694], [27.791369602764057, 70.0762203502575], [27.794189719071284, 70.07676769605514], [27.797692796950095, 70.077306322233], [27.800782632917198, 70.07764888086355], [27.80305735149449, 70.07793557514881], [27.805619550318525, 70.07814177192043], [27.810043467613, 70.07845828287005], [27.81388640998447, 70.07875753141786], [27.817675324682845, 70.07915592197438], [27.82012474740387, 70.07944156633796], [27.82384872309776, 70.07966206536612], [27.827507657221147, 70.07970444993444], [27.831976915233735, 70.07946264446589], [27.836146082634055, 70.07948212856711], [27.841021437484407, 70.08002390460172], [27.84442700074586, 70.08092291858324], [27.84941693762099, 70.08169992006903], [27.85198066882264, 70.08192523621138], [27.855380815597666, 70.08205851710262], [27.859371644065813, 70.0823451287743], [27.862291337532483, 70.08274682147525], [27.865713276962147, 70.08333283329594], [27.869082332968908, 70.08407977861066], [27.870937912531176, 70.08468172932277], [27.87581355383726, 70.08500948329315], [27.87901065434851, 70.08543662274045], [27.881281704058367, 70.08558378296243], [27.884946867502013, 70.08571138862222], [27.88935246234969, 70.08588421652604], [27.893610142872003, 70.08599764203194], [27.897682793498863, 70.08617521621868], [27.90171013208104, 70.08634797890569], [27.905657371292264, 70.0864838232297], [27.909549205639614, 70.08665877468363], [27.913456669348967, 70.08700591349722], [27.91725151964728, 70.08746149820732], [27.92041258928989, 70.08818020070856], [27.92364466220446, 70.08892290965969], [27.927503461037347, 70.08962331954822], [27.930719392107935, 70.08999602463105], [27.934101367205614, 70.09022474159602], [27.938345809618056, 70.09032130620194], [27.94080025521987, 70.09056631677741], [27.94313898771702, 70.09098895281723], [27.945308442629184, 70.09143272209533], [27.94829077413794, 70.09187220550662], [27.951440076589474, 70.09210669531404], [27.955582059444396, 70.09229321293057], [27.957697473273154, 70.09221090980034], [27.95919148973222, 70.09211219352295], [27.959381682729923, 70.09209972510457], [27.9603903252418, 70.08992482479425], [27.96043658332285, 70.08982097021168], [27.961006920492895, 70.08858904814093], [27.964658484783854, 70.0806938818699], [27.974456505344776, 70.05968949950098], [27.97699436792403, 70.05424753093098], [27.982414048899937, 70.02821156271445], [27.984285341039968, 70.01397068160797], [28.01261569064599, 69.99819059173403], [28.017879739966254, 69.99523844602236], [28.032465920802572, 69.9877154029969], [28.06634720665462, 69.97010303011238], [28.107089320767628, 69.94892249787718], [28.160712967082247, 69.9209937334243], [28.248819870418515, 69.90186128714066], [28.296497056329606, 69.89148245807702], [28.345107879370968, 69.8808672214342], [28.345269607108218, 69.88083183325269], [28.3384068568393, 69.86614976314776], [28.33047635311795, 69.84919254990739], [28.38404349014215, 69.82682916891184], [28.40422553601859, 69.81842496979138], [28.443900227830554, 69.81185143764834], [28.488852628974822, 69.80438688796363], [28.515224862162533, 69.80000133212], [28.603596758765107, 69.78504032327102], [28.6444495045373, 69.77811710386528], [28.68858973876044, 69.77063876659089], [28.765458118088354, 69.75692002726362], [28.80156085400043, 69.7504592109874], [28.89440821309483, 69.73383896724131], [28.91700345198448, 69.72976053180679], [28.98993649765065, 69.71823314215324], [29.033076120047415, 69.71138882980557], [29.108778617267955, 69.69930160228384], [29.13390955550051, 69.69534041626304], [29.146248897072915, 69.6764061053017], [29.158192891401306, 69.65804708854428], [29.170537063972535, 69.63904145233579], [29.18022658564411, 69.62973995464934], [29.19363346415312, 69.61682699885942], [29.20337002115485, 69.60742925644644], [29.219939677036574, 69.59135691817451], [29.23323834300868, 69.57847594819269], [29.254922442131008, 69.55747778539951], [29.271213480796174, 69.54180925439127], [29.2868899158261, 69.52669188035469], [29.28939562490433, 69.52426286017754], [29.315819598452503, 69.49849547855607], [29.336495724673, 69.4783227018426], [29.2950414653068, 69.44984879269224], [29.2836989968758, 69.44203592468502], [29.266414184714204, 69.43013550651555], [29.219339555362755, 69.39763620639874], [29.158151411930387, 69.37034755468859], [29.10773661156058, 69.34772194491568], [29.05781410769176, 69.3253098233853], [28.99295711965635, 69.29623463516953], [28.930853779689464, 69.26832102408125], [28.89104969736764, 69.25073757586543], [28.831539161627404, 69.22436171597761], [28.830728783709937, 69.18973754562194], [28.83031214580566, 69.17190201173231], [28.825462384701186, 69.16009395253177], [28.810205560953662, 69.12284516203032], [28.805430131448023, 69.11115589090319], [28.83537062746484, 69.09014357804148], [28.85457721404506, 69.07663880639686], [28.87758868580437, 69.06903729505355], [28.929293591589598, 69.05191476011376], [28.944873618899436, 69.04732389557643], [28.959943439994497, 69.04288598887308], [28.974042646583207, 69.03872052298577], [28.989494170054424, 69.0341614297787], [28.997099189410513, 69.03191413693848], [29.00076147431815, 69.03083205801231], [29.018445559743874, 69.02560138121612], [29.01985548057054, 69.02518546124236], [29.026935912881335, 69.0204775700774], [29.029477367585777, 69.01878153384644], [29.041437479872634, 69.01082972908117], [29.056653820086638, 69.01522549174928], [29.094410940971997, 69.03951933790634], [29.142368721658684, 69.06308226303695], [29.15971148028573, 69.06706289817481], [29.242136975702312, 69.11301855595363], [29.238314649889, 69.11684641549355], [29.23597682751958, 69.11979370692396], [29.235664860245432, 69.12000049575505], [29.235411800133736, 69.12013674946706], [29.23511894176346, 69.12024487638558], [29.2346133919214, 69.12037649429446], [29.234014529607183, 69.1204939647749], [29.233295866749394, 69.12062560035082], [29.232683789646487, 69.12073830642055], [29.23212487450365, 69.12085588058504], [29.231619636557813, 69.12101977805496], [29.231341080855714, 69.12116497207998], [29.23112857372947, 69.12132900414784], [29.231022561129947, 69.12153517268185], [29.231009487460984, 69.12168519356287], [29.231089538050753, 69.12184946959486], [29.231342549590895, 69.12205595699702], [29.231702184441676, 69.12230475404736], [29.23199539764982, 69.12253143859105], [29.2322752702365, 69.12284224741569], [29.23234546488019, 69.1230408678964], [29.232344089645327, 69.1232801505374], [29.232278728020372, 69.12352153644915], [29.232165947400684, 69.12391896844414], [29.232162112606417, 69.1242366815058], [29.23225565757793, 69.12441193699583], [29.2324956416966, 69.12459216749015], [29.232868893673214, 69.1247629699143], [29.233401399309138, 69.12491966819309], [29.23397401598729, 69.12504800217961], [29.234413039576527, 69.12511941191293], [29.234931943873775, 69.12517194890079], [29.235583633181914, 69.1252007726256], [29.236381625161357, 69.1252014333699], [29.23723270269975, 69.12516886481409], [29.23789774107426, 69.12513604685684], [29.238403166385204, 69.12514582717606], [29.238775881029838, 69.12519336181319], [29.23916219120917, 69.12527876650888], [29.23960187475004, 69.12542585420385], [29.240028248073013, 69.1256249312049], [29.240815341966506, 69.1260942824639], [29.24228707867498, 69.12694845564414], [29.24257354455275, 69.12715890384906], [29.242878743420963, 69.12742808941739], [29.243101793524815, 69.12767401615179], [29.24338261429589, 69.12800485112746], [29.24363928660954, 69.12831872321665], [29.243809499291753, 69.12854634936079], [29.24394527951667, 69.12875007808964], [29.244128247643445, 69.12907853968389], [29.244246519570197, 69.12943515168341], [29.244280800127196, 69.12972743605779], [29.24425668810616, 69.13006432311187], [29.24415802942757, 69.1304238579697], [29.244003257452672, 69.13076949992663], [29.24370286620714, 69.13128179662705], [29.24299150159612, 69.13242242503769], [29.242180153786098, 69.13349107044185], [29.241788832354935, 69.13392951601772], [29.24151103753605, 69.13423395361538], [29.239883379206066, 69.13585361039341], [29.23948735983429, 69.13630254135485], [29.239276738965152, 69.13658917384709], [29.23917212391074, 69.13681368591294], [29.239081262610664, 69.1370573260476], [29.239058141725017, 69.13742524829222], [29.239100535891286, 69.13765468749243], [29.239169982732673, 69.13789845853579], [29.239292749332456, 69.13814222202163], [29.239556322943464, 69.1385341157532], [29.239914878953133, 69.13897582456467], [29.240358764406196, 69.1394814773905], [29.242882412060805, 69.14209623162438], [29.244956442273974, 69.14410243940692], [29.24540638768452, 69.1446299875541], [29.245736557636533, 69.14511229667801], [29.24594670649978, 69.14548787079457], [29.246069942606333, 69.14579715608566], [29.246171835244663, 69.14607941564579], [29.246293812009423, 69.14633610538633], [29.246457936365537, 69.14660190295238], [29.24666067156328, 69.14684285988356], [29.246947086548733, 69.14710226786042], [29.2472432224984, 69.14732247483481], [29.247904352803275, 69.14773971396731], [29.248753309031805, 69.1482752174841], [29.24941732469804, 69.1487079119945], [29.250040230999943, 69.14914114356516], [29.2507292117405, 69.14966538020938], [29.25122026015552, 69.15003795868161], [29.251733093596314, 69.15047260032507], [29.252242465978394, 69.15094224195792], [29.252773846755062, 69.1514839365905], [29.25302953187524, 69.15168038488201], [29.253448038790776, 69.1519598416167], [29.253918501025293, 69.15217026425519], [29.254591655457542, 69.15242139135793], [29.255318263771038, 69.1526571616997], [29.25583168322491, 69.15283181187644], [29.256408391177306, 69.15307933873713], [29.25678660584668, 69.15327543069137], [29.257113412376032, 69.15350653818346], [29.257385511260747, 69.15375843304308], [29.25761413647136, 69.15408121721765], [29.25774343773831, 69.15437953085198], [29.25779228057052, 69.15461091826353], [29.257759161273345, 69.15482609932431], [29.257662852537024, 69.15505516399902], [29.257482538126855, 69.15528545681155], [29.257204342724574, 69.15552981190116], [29.256961519836395, 69.15571470542251], [29.25661333844298, 69.15595001079946], [29.256015970985487, 69.15630656222542], [29.25506429561278, 69.156870739667], [29.254638796585855, 69.15713167417272], [29.253979980813785, 69.15765023633203], [29.253496692774636, 69.15799547513421], [29.253066222006677, 69.15829658074038], [29.252573673813053, 69.15859393383748], [29.252156283450653, 69.15882341304655], [29.251585486794944, 69.15914886133993], [29.250776634621477, 69.15956439248791], [29.25008530575458, 69.15990791637438], [29.249508349426833, 69.16022111141667], [29.249130361418636, 69.16044789163041], [29.24883259465499, 69.16068864228492], [29.248678366174037, 69.16089017660077], [29.2486160682168, 69.1610779742693], [29.24864084910305, 69.16131864604634], [29.24872033021473, 69.16152531408832], [29.24887569183815, 69.16173787389673], [29.249026450878674, 69.16185918859136], [29.24926139686936, 69.16198918202419], [29.249639669953346, 69.1621121137256], [29.250326199385597, 69.16227189065627], [29.251205699237072, 69.16240002360156], [29.252083038106267, 69.16248931242428], [29.252801050207964, 69.16254193072568], [29.253672824526834, 69.16259036389222], [29.25508901681315, 69.1626519028799], [29.256813990525075, 69.16271854352769], [29.257942085704197, 69.162777697434], [29.25886230732405, 69.16283954687754], [29.259790459850336, 69.16291017862532], [29.26066413566884, 69.16298844289511], [29.261505432656556, 69.16309083599326], [29.2624041818866, 69.16321205633133], [29.263368101364165, 69.16336366278372], [29.26471803908535, 69.16361364205666], [29.26645501252254, 69.1640024871092], [29.267040226022836, 69.16419098255632], [29.267494173115008, 69.16436597406955], [29.267881590837398, 69.16452630083057], [29.268196427756344, 69.16466522105198], [29.268676824600384, 69.16487708998876], [29.26916325358127, 69.16505548298947], [29.269595926738177, 69.16520821364666], [29.270093530285404, 69.16541026852332], [29.270106928963674, 69.16541565427622], [29.270548428587556, 69.16559123559536], [29.270800514992793, 69.16568789824582], [29.271052359494895, 69.16578458116247], [29.27136109540595, 69.16590078302242], [29.271731894304285, 69.16604038176717], [29.27202666938282, 69.1661499592923], [29.272323083426762, 69.16625039895186], [29.27265837164604, 69.16635728179337], [29.2729958452472, 69.16645507219536], [29.273333263821026, 69.16655277498604], [29.273737036103377, 69.16666368559277], [29.27408309699306, 69.16675037143304], [29.274496000658118, 69.1668502234182], [29.27532888080141, 69.16704427609842], [29.27643435809984, 69.16726906039618], [29.277920043039728, 69.16751610441588], [29.27939679811608, 69.16774084531498], [29.280689404695572, 69.16796252766127], [29.281706146376074, 69.16815163967823], [29.28287959686641, 69.16838101163987], [29.28446511660441, 69.16870146618935], [29.285120102933195, 69.1688317600882], [29.285451679894418, 69.16889780009865], [29.286039161119994, 69.16901663701505], [29.286160517598148, 69.16905227220587], [29.286265573548725, 69.16908552309083], [29.28635423558635, 69.1691174077296], [29.28641302828945, 69.16914475161492], [29.28646001941205, 69.16917180956172], [29.286493417615823, 69.16920130455114], [29.28651545611501, 69.16923001703373], [29.28653771447795, 69.1692633023842], [29.28654589799581, 69.16931991097391], [29.286536443723634, 69.16937213651774], [29.286501290177426, 69.16943416085103], [29.286467974637034, 69.16949198896197], [29.286408399375947, 69.169567652484], [29.28633256681236, 69.16964910087084], [29.286246857767114, 69.16974626218855], [29.286061502866872, 69.16991357331489], [29.28603391508541, 69.1699386838406], [29.28579712112072, 69.17012669711656], [29.28550232457974, 69.17034836514989], [29.285080322147227, 69.17064490291031], [29.284566369346923, 69.17099302872454], [29.28406189109318, 69.1714024259899], [29.283769357541942, 69.1717027781432], [29.28355448164804, 69.17198305431312], [29.283398813777406, 69.17223765468067], [29.2832741526915, 69.17247456916249], [29.283158505407986, 69.1727322999384], [29.282954078952454, 69.17330802126386], [29.282881513305142, 69.17365218773575], [29.282836444577555, 69.17395334572403], [29.282834055730856, 69.17396521025825], [29.282789640677713, 69.17422875482333], [29.282774981401772, 69.17430061243049], [29.28270323752059, 69.17458465289687], [29.282680005861188, 69.17468652968464], [29.28266412577503, 69.1747851209951], [29.28265243583953, 69.17493358795035], [29.282652009342097, 69.17504023742451], [29.282662531707324, 69.17513585874381], [29.282674150268, 69.17519529849687], [29.28269732096918, 69.1752476994915], [29.2827386181905, 69.17528552610997], [29.282788624735126, 69.17532904338559], [29.282832554716567, 69.17535691323191], [29.282898115197796, 69.17539204279849], [29.282974296543923, 69.17542259997403], [29.28312898981508, 69.17547369123777], [29.28327625311396, 69.17552100369112], [29.283481574357047, 69.17557910320757], [29.283639380806804, 69.17561477876698], [29.28378463932288, 69.17564674152615], [29.283951938117387, 69.17568078669028], [29.284122973053467, 69.1757084546425], [29.284309211042018, 69.17573299858209], [29.284523282895837, 69.17575555286447], [29.28474610258732, 69.17577497861444], [29.285047836958668, 69.17580048618072], [29.285387524478022, 69.17582369772651], [29.285745519641832, 69.17584765408058], [29.286100782303315, 69.17587138198489], [29.2864229900333, 69.17589662284988], [29.286567350937794, 69.17591102829154], [29.28670267456375, 69.17592619896385], [29.286868842487905, 69.1759481240947], [29.287008782864525, 69.17596942352537], [29.287119227406535, 69.17598945579951], [29.287230730354, 69.17601068400614], [29.287409573614845, 69.17605348269839], [29.287541265975932, 69.17609099966334], [29.287675027867838, 69.17613623871287], [29.2877952161962, 69.17618510670819], [29.287913124646142, 69.17623866745004], [29.28800429494144, 69.17628273838805], [29.28815023253488, 69.17635890310115], [29.28837840758253, 69.17649973063953], [29.288954834708374, 69.17693228676417], [29.289354432479026, 69.17726448011571], [29.28946671748755, 69.17736516704954], [29.289632842908286, 69.17753126910918], [29.289748513994727, 69.17765784117869], [29.289830152718036, 69.17775901178611], [29.289909070685237, 69.17785380100996], [29.289961713037435, 69.17793786758857], [29.289999607205846, 69.17800298046261], [29.290054786014277, 69.17808967900676], [29.290116548564615, 69.17818968646536], [29.29017917155616, 69.17831450738653], [29.290232722105284, 69.1784392703029], [29.290281644013778, 69.17855248721219], [29.29033200866315, 69.17867403044963], [29.290334044197383, 69.17867900060335], [29.29038806164951, 69.1788179579683], [29.290467774955015, 69.17901883736536], [29.290605057090648, 69.17945075620861], [29.29079869583918, 69.1800405360726], [29.290944171026926, 69.18044301858576], [29.291111383933032, 69.18084595612858], [29.291288689627624, 69.18122269361182], [29.29137620457856, 69.18140087368147], [29.29147798549554, 69.18160961941433], [29.291612707334963, 69.18187682723048], [29.291798394138095, 69.18220087882662], [29.29283227999017, 69.18354157871325], [29.2935140788496, 69.1844256661778], [29.294123712337797, 69.18538042660435], [29.294444569989533, 69.18595980721892], [29.29461336248883, 69.18634526025295], [29.29466573667574, 69.18662165023298], [29.29466501694638, 69.1868580900661], [29.294629786603007, 69.18700212998345], [29.29460971633858, 69.18736197974613], [29.294557024149277, 69.18765268701324], [29.2944933698728, 69.18789271233335], [29.294397362821105, 69.18813648780821], [29.294374097606717, 69.18818657885889], [29.29416957777649, 69.18861228254636], [29.29382413122904, 69.18933386837472], [29.29342265597294, 69.19018160005321], [29.293209332218225, 69.1906458810631], [29.293067792836293, 69.19104806474614], [29.292931014866628, 69.19148859838344], [29.292746676322487, 69.19195492303675], [29.29264025564762, 69.19221867832205], [29.292522407924256, 69.19252591954206], [29.292458563971703, 69.19271673570414], [29.292307692263297, 69.19324616126558], [29.292262478155592, 69.19341234982029], [29.292226831478985, 69.19357469784322], [29.2922144483461, 69.19369118018015], [29.292211691461823, 69.19380390889049], [29.292234834848678, 69.19391481219365], [29.29227043257122, 69.19401345750411], [29.292326054124004, 69.19412271321613], [29.29238203717307, 69.19423212201951], [29.292466218554484, 69.19436742812135], [29.29254153916282, 69.19448025067122], [29.292629991284606, 69.19459030852659], [29.292703038861713, 69.19467081465581], [29.292788636736887, 69.19475540092303], [29.292880056637998, 69.19484482061986], [29.292948633508136, 69.19491055280702], [29.29306361773956, 69.19500660982999], [29.29318330638413, 69.19510428889764], [29.293407466658593, 69.19527191602297], [29.295870460165727, 69.19676588339875], [29.296077827760925, 69.19694347243365], [29.29621897343812, 69.19707312942451], [29.296385657692007, 69.19725361237838], [29.296474360138276, 69.1974249030429], [29.29651073669225, 69.19761449150083], [29.29650808529452, 69.19783181266523], [29.2964132294487, 69.19810469503325], [29.296328757636665, 69.19830864866897], [29.294868381599283, 69.20051114163869], [29.29407039556322, 69.201747922469], [29.29313192235726, 69.2031411304125], [29.292821083919698, 69.20366829877102], [29.29261476152947, 69.2040980929507], [29.29252501001, 69.2044527276418], [29.292459549895774, 69.20480273511673], [29.29245483527657, 69.205010861677], [29.29249200042354, 69.20520782199459], [29.29254322147509, 69.20539027702182], [29.29264177384008, 69.20561905158098], [29.292742072938864, 69.20577485430373], [29.292857061062143, 69.205932903714], [29.29299034470531, 69.20607158916215], [29.293165690685022, 69.20622058200127], [29.2933763508595, 69.20635593359215], [29.293624565607633, 69.20649370884614], [29.29370001347495, 69.20652451663878], [29.294125759759616, 69.20669153135819], [29.294523580124352, 69.20681186940362], [29.295213797589522, 69.20701132463253], [29.295773522667115, 69.20716764026173], [29.2963382959644, 69.20731489488027], [29.29693682147395, 69.20746351566055], [29.297581948878364, 69.20764345494246], [29.298180890038832, 69.20782234320085], [29.298753528170003, 69.20800207922595], [29.29922822498752, 69.20815833024466], [29.29960588350215, 69.20828743875107], [29.299926684558784, 69.20838379936833], [29.300412040576713, 69.20851159506239], [29.300752058682708, 69.20857069515968], [29.301129672588605, 69.20861724427392], [29.30149934719284, 69.2086504138822], [29.301970824447512, 69.20869121807279], [29.302698969572468, 69.20876897142148], [29.30313432861468, 69.20882605563584], [29.303551537479777, 69.2088942269574], [29.30409876606203, 69.20901824453634], [29.304547083216782, 69.20913199427055], [29.304910969826924, 69.20927015896059], [29.305161453893064, 69.20938725341887], [29.305394700630906, 69.20951949139383], [29.30552436724367, 69.20960870498946], [29.305687863649094, 69.20978376895444], [29.30580827466252, 69.20996165540096], [29.30585127933088, 69.21008429056926], [29.30587654189035, 69.2102344185394], [29.305823433945537, 69.21037832644203], [29.305719682762934, 69.21049107374458], [29.305634795530587, 69.21055180429714], [29.305370845067102, 69.2107324861857], [29.30513154009937, 69.21089712092652], [29.304714477938973, 69.21112125729496], [29.304116005632846, 69.21139252908151], [29.303400523923962, 69.21169133780573], [29.302997331865043, 69.21192154838957], [29.30259394728709, 69.2122582129667], [29.30226825090274, 69.2126505641378], [29.301981694344754, 69.2130846924009], [29.301677665606405, 69.21363344164229], [29.301376367177607, 69.21413695820124], [29.30096827811886, 69.21481004345584], [29.300755593875902, 69.21530578069705], [29.300690376232993, 69.2156517396162], [29.30065337474618, 69.21595150410391], [29.300665968042665, 69.21644617304777], [29.300719590983963, 69.21708945134723], [29.300777738290947, 69.21755951019428], [29.300899863910953, 69.21815456304876], [29.301048489967126, 69.21868042453174], [29.301223891860506, 69.2192207348338], [29.30133656396003, 69.21948762890187], [29.30144962462028, 69.2197026940772], [29.30148293983156, 69.21976581365668], [29.301635154043822, 69.22003689221359], [29.301836018226783, 69.22037466020105], [29.302142007122978, 69.22086516545228], [29.30237383144436, 69.22120086494009], [29.302630856298755, 69.22157640172067], [29.303029853224867, 69.22218265056449], [29.30331223669184, 69.22262712462661], [29.30347099753832, 69.22289324287388], [29.30382282080736, 69.22344957723928], [29.30423829337321, 69.22397122903514], [29.304720440646797, 69.22447695245836], [29.30518747203346, 69.22498671084969], [29.30563911761058, 69.22549933321943], [29.305777655046786, 69.22564281524023], [29.306115925719126, 69.22599237695938], [29.306459931237647, 69.22632850416281], [29.306905875324382, 69.22673856673738], [29.307260823276287, 69.2270312464142], [29.30760448980897, 69.22729402293436], [29.308120069042488, 69.22765824116854], [29.308729209886543, 69.22803768296924], [29.309364039763626, 69.22842220499318], [29.30965804251018, 69.2285898140116], [29.309931479174363, 69.22874336733948], [29.310192048744614, 69.22887661097542], [29.310423250463874, 69.22898809474147], [29.310679860339693, 69.2290992641966], [29.310932459406384, 69.22919791532173], [29.311264157854072, 69.22932532021215], [29.311567397030846, 69.22943116369898], [29.311831899713155, 69.22953211258319], [29.31211578969024, 69.22964804305839], [29.31235858879698, 69.2297601968323], [29.312621451933502, 69.22988718311467], [29.31289892878576, 69.23003359620918], [29.313100880791186, 69.23015618794017], [29.313299756324366, 69.23028767319032], [29.31349635920997, 69.23044580118419], [29.31366661150256, 69.23062131417224], [29.313812681693168, 69.23082321277903], [29.31390615059484, 69.23100421698987], [29.31398611975579, 69.23123173413563], [29.313991043983116, 69.23127062545964], [29.31406263546521, 69.23205155594812], [29.314120943946087, 69.23286199090843], [29.314168237225175, 69.23385851247669], [29.3141874817201, 69.23435907497199], [29.31415129410232, 69.23486726949926], [29.31407523259418, 69.23529691662687], [29.313723366992715, 69.23604702036654], [29.313168835129588, 69.23696232613106], [29.312540062357282, 69.23768066533535], [29.31166237709541, 69.23844890393354], [29.311494935871796, 69.23856832498215], [29.310805913213414, 69.2390920870735], [29.310419659728456, 69.23934041607342], [29.30960990616486, 69.23977786129716], [29.308881262173674, 69.24015847646693], [29.307891241417632, 69.24062438610707], [29.30709801302082, 69.24099180982309], [29.30602682471626, 69.24149460110011], [29.304681190933852, 69.24206293222409], [29.303525664804187, 69.24246235050057], [29.302049469943608, 69.24293020080349], [29.300647487976352, 69.24332131928338], [29.29839713193136, 69.24391574352049], [29.29631560470126, 69.24440319674241], [29.29437533893271, 69.24483046652846], [29.293118927876897, 69.24511213234206], [29.292715885280273, 69.24518631948743], [29.29240154574545, 69.24523528659978], [29.29224807775577, 69.24525275312861], [29.29210299822413, 69.24526767405526], [29.292049687077824, 69.24527272926485], [29.29181682830774, 69.24529497440798], [29.291651491548834, 69.24530903498403], [29.291222639806584, 69.24533902157967], [29.290652621767396, 69.24536816765584], [29.290215901623444, 69.24539376531509], [29.28990159311307, 69.24541425570551], [29.289524240749916, 69.24544227499487], [29.289247480540805, 69.24546546970754], [29.288971887239416, 69.24549233058292], [29.28854824683462, 69.24554280799379], [29.288113636337943, 69.24559623113514], [29.287604405098026, 69.24566771028475], [29.28713389827966, 69.24573554979422], [29.286622187212576, 69.24581568369824], [29.286257905554805, 69.24587436559051], [29.28591098507099, 69.24593461094922], [29.28557458791343, 69.24599626264755], [29.284997460834028, 69.2461158933041], [29.284369555259286, 69.24625284952339], [29.28394721644416, 69.2463538956473], [29.283550370234124, 69.24646013468926], [29.283116247642756, 69.24658182536449], [29.28256131559862, 69.24674998796405], [29.282039874395334, 69.24694259509128], [29.28181296328452, 69.24703237032358], [29.281484134893738, 69.24716243094328], [29.28096397584546, 69.24738513799188], [29.280385682360112, 69.24765049279281], [29.280012324666714, 69.2478465700719], [29.27960033621746, 69.2480773131275], [29.279251794939626, 69.24828607810224], [29.27893292572993, 69.2484896745428], [29.278640294761157, 69.24870189174597], [29.27833768484072, 69.24893744893792], [29.278083602536416, 69.24918589875932], [29.277918342193672, 69.2493529280025], [29.277750705501994, 69.24953494230978], [29.277591067367762, 69.24973235180632], [29.27747468045597, 69.24989002155411], [29.277345976741614, 69.25005442397458], [29.277260348529804, 69.25018654004602], [29.277150855948733, 69.25037494198833], [29.276970984920627, 69.25076102584497], [29.276845768337502, 69.25117491408551], [29.276775668598578, 69.25160417081098], [29.276744298620635, 69.25215596856987], [29.276710433728326, 69.2531995499035], [29.276715202456856, 69.25331586519977], [29.27678191459926, 69.2550225251853], [29.276850532881593, 69.258560332863], [29.276887643892028, 69.25905860353453], [29.27701714548126, 69.25976663097651], [29.277136516105596, 69.2604954412574], [29.27741055144332, 69.26200518669592], [29.277456615117714, 69.26265643144592], [29.27741654845192, 69.26299536507666], [29.27738514255078, 69.26339041230628], [29.277248061384814, 69.26406490906433], [29.277108910963932, 69.26468154198588], [29.27644074651319, 69.26683505379103], [29.275974016955463, 69.26876844075417], [29.275691701187675, 69.27053383495736], [29.27565598255759, 69.27131264258333], [29.27570897381508, 69.2721999561636], [29.27600662148584, 69.27357604012415], [29.276544360488625, 69.2750045288373], [29.276866971000103, 69.27595149449355], [29.277273414804345, 69.27672490284137], [29.27770353834895, 69.27728657021561], [29.278208988894722, 69.2777932171241], [29.278824577122293, 69.27835256770342], [29.279071648050078, 69.27854883447682], [29.279548072015746, 69.27886213986699], [29.28019605430294, 69.27926319334921], [29.281490960226204, 69.27997759417796], [29.28186151729827, 69.28024481469595], [29.282061175810217, 69.28043837430525], [29.28222491176585, 69.2806938285387], [29.2822473424277, 69.28077963940478], [29.282636256253724, 69.28219875646364], [29.28386838190003, 69.28599667786843], [29.28456805014999, 69.28921154151091], [29.284597530146875, 69.29072682643124], [29.28469095263335, 69.29147182221568], [29.28489355271996, 69.29218970843117], [29.28520718967626, 69.29283349225683], [29.285572975003706, 69.29344946341118], [29.28609977898329, 69.29408253689168], [29.28664524144562, 69.29469971199698], [29.2873251590287, 69.2952971972221], [29.288214754103773, 69.29599556974996], [29.28886897586302, 69.29646416937462], [29.289758699555655, 69.29696021204876], [29.290465363442113, 69.2972814895625], [29.291454865206006, 69.2976480741574], [29.292340660109158, 69.29793192826651], [29.29359142662179, 69.29828896686102], [29.29489501072403, 69.29860912607558], [29.296277296404874, 69.29891079356396], [29.29838374338907, 69.29930199174096], [29.300163583689574, 69.29962291051585], [29.301859462043197, 69.29988734377135], [29.304051575055784, 69.30016958971225], [29.30556503427352, 69.30033311191198], [29.308139586057425, 69.30056246575053], [29.312488805219083, 69.30093467115192], [29.3151372846143, 69.30116861813815], [29.317286395787207, 69.30139923968738], [29.3188579381385, 69.30162535167752], [29.3198240857524, 69.30184077733104], [29.321219946793097, 69.3022207693259], [29.322257998326783, 69.30260067282441], [29.323300541045306, 69.30303677204064], [29.324656992489807, 69.30367807984167], [29.327132422849424, 69.30493014006016], [29.327807210642877, 69.30524014858405], [29.328264722974467, 69.3054168732174], [29.3287482281706, 69.30555172108772], [29.330708385587812, 69.30595635319547], [29.331348840572282, 69.30610511772663], [29.332078817072627, 69.30629141227507], [29.3327041943453, 69.30651006091743], [29.33321688786927, 69.30671490377044], [29.334254971406548, 69.30730547295136], [29.33458633353951, 69.30750212976832], [29.334773799669865, 69.30761616014536], [29.334933094978943, 69.30769619855975], [29.335245688590415, 69.30780782481307], [29.335571166829762, 69.30789163225516], [29.335975259959337, 69.30795225895194], [29.336266422380913, 69.30798376321947], [29.336645078265377, 69.30800483807302], [29.33700370162163, 69.30801318505847], [29.33874868279647, 69.30801406317663], [29.339447679948236, 69.30801144024915], [29.340440123978762, 69.30801449156101], [29.340872305249505, 69.30802597837632], [29.3412323623126, 69.30804411563531], [29.34156897962346, 69.30807406323095], [29.341964656661993, 69.30812335612929], [29.342475008416024, 69.30820547691147], [29.34421772365047, 69.308536987659], [29.34651000560704, 69.30905410658997], [29.347476992685035, 69.30931041007844], [29.348248154957528, 69.30953064659033], [29.349499398730217, 69.30990673630627], [29.351058849160623, 69.31041647603988], [29.352628379354034, 69.31096016817602], [29.35376904505192, 69.31133420751966], [29.35473974724438, 69.31163481299087], [29.35585012809686, 69.31193792014204], [29.35702241368364, 69.31220041534587], [29.358228907200804, 69.31243511415155], [29.359630429257663, 69.31265237308179], [29.361011585126686, 69.31281650638569], [29.362024552015423, 69.31289542517777], [29.362757723863698, 69.31294714532943], [29.363418555969282, 69.31299984561176], [29.36409907131495, 69.3130654823437], [29.364787208529954, 69.31316574607888], [29.36546097754028, 69.31331802455806], [29.36598983885969, 69.31346503132421], [29.36632120965981, 69.313606629012], [29.366599671623362, 69.3137667637343], [29.366865412026794, 69.31395489188695], [29.367208746888647, 69.31429812491851], [29.367419479593806, 69.3144767664548], [29.367690338749092, 69.31462220388177], [29.367735070457325, 69.31464027753957], [29.36799492487429, 69.31474494124812], [29.36823330610628, 69.31483938996952], [29.369397252797203, 69.31520863234095], [29.36972809784022, 69.31532216140897], [29.369926953972286, 69.31542574528035], [29.370099443216276, 69.31553872861952], [29.37017983198107, 69.31564656315959], [29.37018102529449, 69.31574797170809], [29.370112347341788, 69.31586935584426], [29.369999949948188, 69.31602475941726], [29.369935382728336, 69.3161414774525], [29.369949646539396, 69.31624453439912], [29.37001681922448, 69.31633823958641], [29.370162993770695, 69.31642773122707], [29.370321185189326, 69.31648818609504], [29.370549521960932, 69.31654554505381], [29.370782276066503, 69.31658718817955], [29.371071075780726, 69.31661912131148], [29.371376741332096, 69.31662840417391], [29.371878854636506, 69.3166399635442], [29.372574376189945, 69.31665736243718], [29.372982565817917, 69.31667641889133], [29.37330300536375, 69.31670134951771], [29.373578876012008, 69.31673106738266], [29.373833218710654, 69.31677923700117], [29.37418394416167, 69.31686682368965], [29.374598022859054, 69.31698688882321], [29.375206838975547, 69.31719021354424], [29.377169046571087, 69.31792049978057], [29.37759573490336, 69.3180606207983], [29.37788845816481, 69.3181522927032], [29.37816772740948, 69.31822030086815], [29.37853922760558, 69.3183028133401], [29.378989821478594, 69.31836667707499], [29.379597888306925, 69.31842628379468], [29.380414631979598, 69.31848776332907], [29.38097829268116, 69.31854855845069], [29.381376267862613, 69.31861145816518], [29.381716752440585, 69.31869457393994], [29.382159549171075, 69.3188300137734], [29.382448167918596, 69.31894315778149], [29.382767276886206, 69.31908513485631], [29.382973237737108, 69.31919940823605], [29.383180829565568, 69.31932833401174], [29.38413364270911, 69.32003355847152], [29.38502449863344, 69.32079291123429], [29.385242418698454, 69.32095155311528], [29.385458499418014, 69.32105311654976], [29.38567357211189, 69.32112601032561], [29.385866468769446, 69.32117313210595], [29.386005934367134, 69.32119860262938], [29.3861767525759, 69.32122315945927], [29.386355682475422, 69.3212401379585], [29.386642364324455, 69.32126267632096], [29.387166798990837, 69.32129885638392], [29.38746214379679, 69.32132764079985], [29.38773242911664, 69.32136277638494], [29.387918912037645, 69.32139316883983], [29.38810008652508, 69.32142493011506], [29.38878958272362, 69.32154568092321], [29.38964305103493, 69.32170460982073], [29.390620406009102, 69.3219016246675], [29.391277047760013, 69.32204398847622], [29.391954280941544, 69.3222101434945], [29.39263167670556, 69.32239603516123], [29.39327725713588, 69.32261466664498], [29.393752174622865, 69.32279559515561], [29.394314926960156, 69.32302658134971], [29.39485417969271, 69.32324936298252], [29.39518736149419, 69.32337469917437], [29.39547825985157, 69.32347835842643], [29.39576899521028, 69.32356034933677], [29.396066384133764, 69.32362955621177], [29.39630594859744, 69.32367105536275], [29.396518230741762, 69.3236938308228], [29.396804960325753, 69.32370679651764], [29.39713550953767, 69.32371117342119], [29.397463160668877, 69.32369980977197], [29.397691127696447, 69.32368330907379], [29.39789136152567, 69.32365584036735], [29.398085857356012, 69.32361801739009], [29.398225309313382, 69.32357724077852], [29.398349074334792, 69.32352906757431], [29.398490253300928, 69.32344569862768], [29.398577576508462, 69.32337489388577], [29.398662478537712, 69.32328178561472], [29.398738154058226, 69.32316401152316], [29.398836864028556, 69.32296958902513], [29.39897343539513, 69.32253712407025], [29.39904118100343, 69.32238014968456], [29.39909114235484, 69.32228192203651], [29.399157646852952, 69.32219579538943], [29.399235652320122, 69.32212467833277], [29.399499020541626, 69.32197746448335], [29.399956244413566, 69.32181370060846], [29.400384844380387, 69.32168700157783], [29.401121192592402, 69.32154418651707], [29.401814756321375, 69.32143366511781], [29.40534451246014, 69.32095659782269], [29.405755414870086, 69.32089836204946], [29.40626977107993, 69.3208102984543], [29.40662530469146, 69.32073563174178], [29.40687467031993, 69.3206604272574], [29.407083336146936, 69.32056589429877], [29.407226106441637, 69.32048531919851], [29.40732014491227, 69.32039501024022], [29.4074046236011, 69.32029026185356], [29.407443686138777, 69.32015657167969], [29.407491572677603, 69.31992308965313], [29.407544035222376, 69.31978081912418], [29.407609453030894, 69.31963772361034], [29.40771115168659, 69.31952351873369], [29.4078487257408, 69.31942537621597], [29.408127903768463, 69.31931529548532], [29.408478053686554, 69.31921517097314], [29.408978449041975, 69.31910779317555], [29.409756006369726, 69.31897530252535], [29.410681684507576, 69.31881524561653], [29.41195427526214, 69.31861532003197], [29.412780925499373, 69.31850804177179], [29.413674708159125, 69.31841921704331], [29.414453171883462, 69.31838860862872], [29.415332603490803, 69.31837918257347], [29.415992530018865, 69.31841312674742], [29.41665313629847, 69.3184614356947], [29.41743700494879, 69.31855374743182], [29.418258072779025, 69.31867091658088], [29.41910408317983, 69.31882510239322], [29.42019054805147, 69.3190487895559], [29.421519587335556, 69.31935346335688], [29.42266558290456, 69.31962288635172], [29.423666586503202, 69.31982782271893], [29.42540707292547, 69.32014176710608], [29.426815681282754, 69.3203584185856], [29.428182550362138, 69.32054617698385], [29.430291870588704, 69.32080178060433], [29.43192612539283, 69.32096290324098], [29.433504962736137, 69.32109491498161], [29.435105191808958, 69.3212227956918], [29.43740712360428, 69.32134872547923], [29.43867938890759, 69.32138403211624], [29.44034833508341, 69.32142304384516], [29.442980009576843, 69.3214524615175], [29.446456090571086, 69.32143637558022], [29.44741047603763, 69.32140349992774], [29.44811768808948, 69.32136502885486], [29.44880985394323, 69.32131212355661], [29.44969025361551, 69.32121919390501], [29.4507053673842, 69.32109888320821], [29.451559165075185, 69.32101537687464], [29.45256400552445, 69.3209474795014], [29.454031747451467, 69.32087402994429], [29.455542767670437, 69.32083923971537], [29.45717908455062, 69.32084365118466], [29.458586604975125, 69.32090366799362], [29.459638371872558, 69.32099860256618], [29.460260590335842, 69.32108053735216], [29.460962622919215, 69.32119177807579], [29.461888221721985, 69.32134331406196], [29.4638555520978, 69.3216735940735], [29.464743685054184, 69.32180331791], [29.46535354187289, 69.32187278324844], [29.466011645959753, 69.32192379556811], [29.466736296682477, 69.3219576418881], [29.467871598195565, 69.3219744631593], [29.469117363468897, 69.32196494337595], [29.470190377391177, 69.32194157542055], [29.47115791551603, 69.32192747693765], [29.472045823032243, 69.32193193126614], [29.472841146485635, 69.32195043962383], [29.47362297860357, 69.32198268572262], [29.47447679589031, 69.32203883457147], [29.475889595286553, 69.32213061540519], [29.47710882215209, 69.32218606940219], [29.477628985328813, 69.32219229823289], [29.478155888600167, 69.3221905062912], [29.478660406528544, 69.32217270375395], [29.47922911396493, 69.32214381317014], [29.479836042207804, 69.32210540790818], [29.4806469062009, 69.32204618571767], [29.481971749417593, 69.32194839629086], [29.482477383972906, 69.3219185394924], [29.48300461481118, 69.3218906045129], [29.483533304114903, 69.32187697153891], [29.483992707742214, 69.32187761771807], [29.484394920198017, 69.32188627230173], [29.484730190232142, 69.3219031253486], [29.48506288379559, 69.32192837700246], [29.485379726165696, 69.32196352885539], [29.48584221207176, 69.32202722652835], [29.486140691599182, 69.32207506580329], [29.486529935321027, 69.32214648911904], [29.487090318022606, 69.32226091327655], [29.48854260884242, 69.32258623495231], [29.496853819611076, 69.32456402228051], [29.497159085010868, 69.324641043759], [29.497539987997605, 69.3247419273765], [29.497843807630954, 69.32482936493093], [29.498120899523016, 69.324919546608], [29.498414329164, 69.32503130750727], [29.498687094822102, 69.325143272368], [29.4989476497185, 69.32527006672034], [29.49921875060117, 69.32542555275728], [29.49945404038964, 69.32556709789297], [29.499832143906747, 69.3258226188942], [29.501892891523468, 69.3272642400299], [29.502591001923943, 69.32774229072571], [29.503054737952628, 69.32804333460149], [29.503269861100605, 69.32816978421802], [29.50351706075849, 69.32829900525535], [29.50371894494068, 69.32838789403698], [29.50394074652422, 69.32847167894823], [29.50421588597882, 69.32854750196874], [29.504630163254063, 69.32863807911843], [29.50508289750289, 69.3287111210791], [29.50550496198578, 69.32875572032256], [29.505964124856604, 69.32879181518523], [29.506400051267594, 69.32881031995244], [29.506837135461602, 69.32880887255101], [29.5071965179748, 69.3287843838017], [29.507554621898088, 69.32874777983145], [29.507869456796524, 69.32869245054229], [29.508109780603547, 69.3286430346076], [29.50840831052731, 69.32856391594586], [29.50869048959977, 69.32846321820698], [29.510540794891288, 69.32768049755252], [29.510883187446222, 69.32753787931867], [29.511108656853644, 69.32745011584541], [29.511272856809125, 69.32739213405605], [29.511460851878418, 69.3273339542321], [29.511650216059042, 69.32728650227023], [29.511856702517253, 69.32724126131775], [29.512047590761046, 69.32720590232869], [29.512234648607894, 69.32717482294883], [29.51255536419249, 69.32713570678942], [29.512913227278474, 69.32710296970714], [29.513188288411413, 69.32708301601446], [29.513463560436552, 69.32707058039736], [29.513739803753637, 69.3270644948834], [29.51404028876454, 69.32707214281369], [29.51432900202978, 69.32709449228587], [29.51454970755846, 69.3271200881817], [29.514854656518835, 69.32716384108737], [29.5151677012542, 69.32721940045728], [29.515432902533483, 69.32727574544901], [29.515910604850855, 69.32739882746051], [29.516658412551173, 69.3276115636865], [29.520227274430212, 69.32877305431579], [29.52096159542398, 69.32896597720969], [29.521525729576172, 69.3290731009047], [29.522090747260663, 69.32914319861713], [29.52270931785984, 69.32918554714966], [29.52335525985606, 69.32919080665731], [29.523895915791602, 69.32917759777625], [29.52435815008025, 69.32914564292867], [29.52497914282473, 69.32907168929094], [29.52544250638447, 69.3289837509637], [29.525880237186968, 69.32886831830135], [29.526133318640095, 69.32876208154443], [29.526413850072796, 69.32861433774143], [29.52661601674039, 69.32842973814601], [29.526780613922945, 69.32817105632977], [29.526893570367285, 69.32787010511453], [29.526995828115712, 69.32745802675429], [29.52725263465196, 69.32608378749343], [29.527434079491464, 69.32458723122936], [29.52747611310764, 69.3243088069542], [29.527551471844667, 69.32398304111237], [29.52766817948569, 69.32362542297764], [29.52783269809277, 69.3232893522448], [29.528050450311348, 69.32294292935697], [29.528277259528124, 69.32265483057996], [29.528719337972692, 69.32215774697418], [29.529106354683663, 69.3217487456237], [29.529472120635685, 69.321392943734], [29.5300151563977, 69.32092405923741], [29.53046180717327, 69.32056224045428], [29.530785930311136, 69.32031257889119], [29.53125360256851, 69.32001403041353], [29.532107595552535, 69.31950156860147], [29.53292450205469, 69.3190518401315], [29.533606427551252, 69.31869346013553], [29.534319366712825, 69.3183401377838], [29.53512680398225, 69.31800177938571], [29.535993320897575, 69.31769952797468], [29.537311228272667, 69.31733438710654], [29.53847818291395, 69.31706343418567], [29.53983831312243, 69.31682241204625], [29.54125889958673, 69.31660661554204], [29.542643138963477, 69.31644925836522], [29.54400114686322, 69.31634763597022], [29.545678372517852, 69.31626861350618], [29.54746786915373, 69.31623683667142], [29.549408925307343, 69.31624626473847], [29.551971800652957, 69.31630652712136], [29.555847113237718, 69.31641638774946], [29.558634709673203, 69.31652803596016], [29.5611542125139, 69.31665550178019], [29.56279356363434, 69.31676828357364], [29.56421292071915, 69.31690032155859], [29.565848450989396, 69.31709255309394], [29.56726158459352, 69.31729864462172], [29.568510176407038, 69.31750177031742], [29.569594340981343, 69.31770210741624], [29.570451742965354, 69.3178793692378], [29.571311014962827, 69.31807255441615], [29.572188735209238, 69.31829706069087], [29.572957112923195, 69.3185089015529], [29.573610376704647, 69.3186981864172], [29.574588426471575, 69.3190109511699], [29.575538631936833, 69.31933989607808], [29.57700482838167, 69.31986182908122], [29.57902147623651, 69.3206183653136], [29.583451002088257, 69.32241521411201], [29.590405131475315, 69.32521729556774], [29.591430094888175, 69.32564290890063], [29.592669288330715, 69.32617805445288], [29.59368285042678, 69.32664472634931], [29.59454488830477, 69.3270572333899], [29.595804777601177, 69.32764326648729], [29.59726221974528, 69.328303213862], [29.598412045688974, 69.32881394827112], [29.599007595463036, 69.32906128566944], [29.59943304817865, 69.32923592682856], [29.599990987446883, 69.32945662111806], [29.60052338795486, 69.32966140174136], [29.601046286896437, 69.32984824431227], [29.60159883827103, 69.33003731340362], [29.60384031199871, 69.33078141682132], [29.6049486978016, 69.33113434506814], [29.607156011537917, 69.33182895890455], [29.607807852771366, 69.3320282191515], [29.610598780673655, 69.33283646034216], [29.61291369921731, 69.33349444982586], [29.614440926012715, 69.33390383392074], [29.6158896551281, 69.33430461952739], [29.61740190374725, 69.33476032898032], [29.619367903692318, 69.33540732835945], [29.621030250967063, 69.33598919097615], [29.622965189183763, 69.33672609980174], [29.62497397848672, 69.3374916603438], [29.62682041394564, 69.3383042181045], [29.62811043662321, 69.33890610664179], [29.628813350401863, 69.33928922156659], [29.629376095548725, 69.33961307358767], [29.630101501878013, 69.34009676862773], [29.630830605523123, 69.34068588449063], [29.63177266891323, 69.34159969067521], [29.632212017966413, 69.3420077439845], [29.633300096441022, 69.34287420003972], [29.634050962532577, 69.34338383445412], [29.634743457413535, 69.34376692420125], [29.635647815124603, 69.34422239807273], [29.636521428011967, 69.34463151326425], [29.637659349462275, 69.34510784167067], [29.63945820369537, 69.34581337982863], [29.642229050145996, 69.34683713095338], [29.643069637800355, 69.34712485319105], [29.643793816344036, 69.34735466738591], [29.64478776063853, 69.34764183765277], [29.645601018851398, 69.34788060155542], [29.646479623644304, 69.34811326223989], [29.64739247921951, 69.34832576767992], [29.64834539434394, 69.34852800651903], [29.65006507982659, 69.34886302697598], [29.651700683130084, 69.3491800072484], [29.652895222170734, 69.3494405355276], [29.654327173723715, 69.34978078536818], [29.655945876370165, 69.35017386353411], [29.658302053489713, 69.3507823139642], [29.660730333261117, 69.3514505384471], [29.662168925408398, 69.35185739039603], [29.66406409730704, 69.3524114557814], [29.665570776039473, 69.3529349875717], [29.671802881944906, 69.35510002479563], [29.678280847135145, 69.35718545475504], [29.683586772535648, 69.35900059557447], [29.68644662069081, 69.36010901814576], [29.690335877466683, 69.36159616751718], [29.692912749103904, 69.36258527778656], [29.695068420859297, 69.36345393067262], [29.69559194144763, 69.3637146850534], [29.69595288768927, 69.36393138840792], [29.696338364355803, 69.3641971953674], [29.696683770839662, 69.36449121145877], [29.69697482612613, 69.36477043544046], [29.69718547344828, 69.36509672037451], [29.697327870431916, 69.36538899922282], [29.697456574479833, 69.36567620977864], [29.697560923704927, 69.36607304314361], [29.697613598230618, 69.3665885785752], [29.6975575416263, 69.36707453188191], [29.697392958487004, 69.36756417816993], [29.6971066021905, 69.36808046039127], [29.696889179908506, 69.36842752579915], [29.69673219245521, 69.36874976932168], [29.696625886193356, 69.36913246484306], [29.696681993589788, 69.36947047544743], [29.69680968835293, 69.3697768137622], [29.69706378119155, 69.37019802770659], [29.69771239865347, 69.37129382234292], [29.698089123519267, 69.37188661840334], [29.70088063002571, 69.37378000771157], [29.70323654423964, 69.375359306328], [29.708473353106733, 69.37679305227509], [29.71297851319434, 69.38087866799873], [29.712897288302806, 69.38114204293497], [29.71286901898429, 69.38126654475138], [29.712846749667644, 69.38137682230332], [29.712826695247905, 69.38149776125148], [29.712816735516373, 69.3816391644274], [29.712814246810158, 69.3817939009616], [29.71283737137141, 69.38201006693095], [29.712897404002454, 69.38225108909057], [29.712978372554872, 69.38247273042323], [29.713092788837052, 69.38271014611746], [29.713197653373147, 69.3829009291714], [29.713299543957124, 69.38305039630745], [29.713420470883413, 69.3831908565035], [29.713546100258906, 69.38331784869271], [29.713650207593272, 69.38341285747558], [29.713778235710276, 69.3835290645678], [29.71399936634164, 69.38370802991084], [29.714367470832304, 69.3840030330035], [29.714586612434918, 69.3841738926905], [29.714824446154967, 69.38435021554214], [29.715069233554914, 69.38452078529498], [29.71534248256806, 69.38469735156556], [29.715595979678927, 69.38485944062359], [29.71591633062842, 69.38505786436366], [29.716232431366176, 69.38525205724748], [29.7164973078074, 69.38539825982787], [29.716709630285724, 69.38551627064722], [29.716837033918576, 69.3855862668131], [29.71693974579601, 69.38563770683501], [29.71703665605605, 69.38568569435216], [29.71705249719042, 69.3856930599962], [29.717139288745244, 69.3857332780966], [29.717239775989537, 69.38577479314117], [29.717359446388674, 69.38582172865564], [29.717487336883845, 69.38587034345332], [29.71762887923347, 69.38591869530282], [29.717770273275402, 69.38596384068138], [29.717929108133198, 69.38601078626716], [29.718123618616286, 69.38606733409536], [29.718423690917447, 69.386151711861], [29.72031187916133, 69.38667179892158], [29.720586582130007, 69.38677253719841], [29.720964604519367, 69.38692144213988], [29.721226352174007, 69.38702679766725], [29.72180759110492, 69.38728806039761], [29.722139186461632, 69.38747888292458], [29.722408464438413, 69.38765073064951], [29.722505312331727, 69.38774048117237], [29.722579191539594, 69.3878392125743], [29.722627123174743, 69.3879437797357], [29.722627483150703, 69.3879502791432], [29.72263048117767, 69.38807649226807], [29.722593467431555, 69.38818428129372], [29.722523048835047, 69.38828236364682], [29.722456511908515, 69.38834561696922], [29.722350838568826, 69.3884287259617], [29.722293362199835, 69.38846718720097], [29.722218461426138, 69.38852481844867], [29.72216722013436, 69.38856660250379], [29.722122246198776, 69.3886087632645], [29.722090722818503, 69.3886466311888], [29.722080158834473, 69.38866253932208], [29.722070333373008, 69.38867838346107], [29.72206508420657, 69.38869180750162], [29.72206128012157, 69.38870804969143], [29.722058267684087, 69.38873066189656], [29.722061030474524, 69.38875369348423], [29.72206962905734, 69.38877723118802], [29.72208296163756, 69.38880081859706], [29.722096762045947, 69.38882096220406], [29.722122424305194, 69.38884725244641], [29.72214466748041, 69.38886565271379], [29.722169368511658, 69.38888420793036], [29.72219030772159, 69.38889812217516], [29.722212425312293, 69.38891110649134], [29.722250699034433, 69.38893115306391], [29.722291260996567, 69.38894998957494], [29.722346449547896, 69.38897519304776], [29.72248008599418, 69.3890297472115], [29.722646701148005, 69.38909376903707], [29.722854681711105, 69.38916506005117], [29.723058195674657, 69.38923443845415], [29.7232302651369, 69.38928906521852], [29.723411418374905, 69.38935670181436], [29.723593148528728, 69.3894165619352], [29.723780972763805, 69.38947019103796], [29.72405141291169, 69.38954342705999], [29.72452027024226, 69.38965778377096], [29.72532673883594, 69.3898443359246], [29.726709870787765, 69.39014739191302], [29.72765900375095, 69.39033702377901], [29.728238891097938, 69.39044542850843], [29.728944197553453, 69.39056255204108], [29.729590298731903, 69.39065583114912], [29.73024182380377, 69.39073668025328], [29.731005237143386, 69.39082070454243], [29.731773539943287, 69.39089041245732], [29.732721124006115, 69.39096370504164], [29.733733947947037, 69.39101413470361], [29.73469251108078, 69.39104930356407], [29.73567881200597, 69.39106624036395], [29.73654585340989, 69.39107355430338], [29.737774426113347, 69.39105530090778], [29.739918849435256, 69.39101480518795], [29.74075689350302, 69.39100676793568], [29.74172653401214, 69.39101702064056], [29.742733325438742, 69.39103259917961], [29.743742130589382, 69.39106860231908], [29.74456280400211, 69.39110740367661], [29.74556687193766, 69.39116312510477], [29.74622142255782, 69.39121192057752], [29.746754840820916, 69.39126635181186], [29.747154478127378, 69.39131169572555], [29.74764366000722, 69.39137529937423], [29.748143491896162, 69.39145076385802], [29.7484724923701, 69.39150747982785], [29.748869950203986, 69.39158851729093], [29.74923789449006, 69.39167588758113], [29.74989645951663, 69.39186699781877], [29.75055450501222, 69.39210101867552], [29.751417087317034, 69.39242095346759], [29.752710558524356, 69.39290953327944], [29.75320786512277, 69.3930958708998], [29.754040136938084, 69.39338393383547], [29.754373463722423, 69.39348929743454], [29.754759964720115, 69.39359749460905], [29.755051361989008, 69.39366905790493], [29.755319954385882, 69.3937263187074], [29.755612928768556, 69.39378072598079], [29.755872456872876, 69.39382092693202], [29.756081388562997, 69.39384592722354], [29.7563212102718, 69.39386916465507], [29.756595918525054, 69.39389075198389], [29.756947279417307, 69.39390991357578], [29.75731529485298, 69.3939237644179], [29.758141047757373, 69.39394569503771], [29.759058087651706, 69.39396558025982], [29.759888651780187, 69.3939794494042], [29.76040213185367, 69.39398507379582], [29.761009231411293, 69.39398900341381], [29.761904807573153, 69.39398865987604], [29.762922792313443, 69.39397887244226], [29.764618021518235, 69.39395494160857], [29.765269878543506, 69.39395340306054], [29.765709233680415, 69.39395386148925], [29.766163071896067, 69.39395784390119], [29.766683850510823, 69.39396566709485], [29.76728222922622, 69.39398210775462], [29.76793165257576, 69.39400579334593], [29.76883464479049, 69.39404359115522], [29.769714920307283, 69.39408437102055], [29.770387645459493, 69.39412377748629], [29.771006014786337, 69.39417655439941], [29.771578746334743, 69.39425178813363], [29.772034884300037, 69.39433320078537], [29.77254407232547, 69.3944470750384], [29.773026643082158, 69.39456731024079], [29.77337464006928, 69.39467440576517], [29.77370874224369, 69.39479595655595], [29.77419504970627, 69.3949855987238], [29.7747314097512, 69.39525110997323], [29.775079690620924, 69.3954517405626], [29.775391363943875, 69.39566199396778], [29.77573866707698, 69.39590778826148], [29.776183019582014, 69.39626667296649], [29.777442141799323, 69.39741433987068], [29.777646096517994, 69.39759532099328], [29.777886661992717, 69.39776033060348], [29.7781012593527, 69.39786706317476], [29.778370110011835, 69.39797404552739], [29.778603270306554, 69.39804539988678], [29.77890915566048, 69.39810720944637], [29.77930563088496, 69.3981562641635], [29.77967540236861, 69.39817617676401], [29.780090824090244, 69.39817997432337], [29.780621863592543, 69.39815641890961], [29.787786514727447, 69.39765683623541], [29.7890948176897, 69.39825958541749], [29.793144550066472, 69.40098930970565], [29.797011692768923, 69.40411379512719], [29.797109057230607, 69.40421149305823], [29.79716681405064, 69.40432386381175], [29.797199406777967, 69.4044361251796], [29.797190259154757, 69.40453472333319], [29.79714169306659, 69.40464714972326], [29.797077807131878, 69.40475934565094], [29.796990658299105, 69.40485516556969], [29.79683998085496, 69.40501383510757], [29.796736856476663, 69.40513156265472], [29.796617330705676, 69.40529589242158], [29.79654958088952, 69.4054394299789], [29.79651912130414, 69.40561633948795], [29.796540499027643, 69.405764355221], [29.796600803908433, 69.40589039737033], [29.796700408024964, 69.40601099450598], [29.79683135172079, 69.4061207671248], [29.797165325602894, 69.40633688942549], [29.797595360377453, 69.40653646082055], [29.79800667040841, 69.40669708725765], [29.798478732665927, 69.40685638057668], [29.799009424335168, 69.40701020089034], [29.799526237098235, 69.40713532640824], [29.80027495563349, 69.40730852873162], [29.8012065076116, 69.40749157122397], [29.80334261530757, 69.40790609689878], [29.804336251628296, 69.40810672189677], [29.805210636710388, 69.40829905086518], [29.806031001568854, 69.4085007740431], [29.80662293106218, 69.40864970450014], [29.80716868636739, 69.40880247146005], [29.807577315847606, 69.40892154521418], [29.808017990563062, 69.40907131832488], [29.808533951739975, 69.40925566078617], [29.80917811977631, 69.40951302271485], [29.809765942649484, 69.40976829925452], [29.812308210061776, 69.41097150021689], [29.812871735105116, 69.41121775584975], [29.81336498872244, 69.41142541615845], [29.813901424381253, 69.41162903710854], [29.81431999896245, 69.41177585089865], [29.81474853472215, 69.41190597011145], [29.815121544843898, 69.41200918317767], [29.8154974727166, 69.41209944381289], [29.815908858098144, 69.412189558301], [29.816275618830726, 69.41226083399454], [29.816803901395197, 69.41235023679614], [29.817457143905898, 69.41244853029241], [29.82076025088088, 69.41293021813938], [29.82170916869132, 69.41306888116969], [29.822471713898285, 69.41318716669105], [29.823157311977585, 69.41330755746908], [29.824043776627214, 69.41347815528643], [29.824812909067617, 69.41364214167875], [29.82530629313992, 69.41376318327382], [29.825799713475053, 69.41389986332065], [29.826308758831935, 69.41404981035258], [29.82690474395534, 69.41423928682204], [29.827446461610535, 69.41441555153212], [29.82818722860778, 69.41468321883704], [29.828828675149687, 69.41490525700668], [29.829370326446124, 69.4150880571451], [29.829776669410663, 69.41521870631631], [29.830327668837086, 69.41539507630759], [29.831511381159604, 69.41574869084573], [29.833139287183485, 69.41620452174743], [29.83407332949649, 69.41647979001559], [29.835214582945977, 69.41682936303228], [29.836547186840505, 69.41726446832948], [29.83735134967483, 69.4175979880099], [29.83853203035205, 69.4182667285565], [29.83890934005623, 69.41846099984772], [29.83924791617309, 69.41863444973703], [29.839548849087908, 69.41879011182851], [29.83985637789705, 69.41894510610139], [29.840156481355642, 69.41909623919335], [29.84040589159745, 69.41921664437746], [29.840718928097964, 69.419368672864], [29.84113993799086, 69.41957366779914], [29.84133567236989, 69.41966949443587], [29.841547336799323, 69.41976899181228], [29.841890632716897, 69.41993089335672], [29.842290742650672, 69.42009731407502], [29.842611876675313, 69.42023630359412], [29.842766728419992, 69.42029787714964], [29.842927470450338, 69.42036372162048], [29.843099699759556, 69.4204350968809], [29.843183879771168, 69.42046989509794], [29.843385127092283, 69.42055051614061], [29.84362349414552, 69.42064556515886], [29.84390710409816, 69.42075617345517], [29.844047167703675, 69.42080900689699], [29.844433759747446, 69.42095175927703], [29.844575261664207, 69.42100069404263], [29.844724442025377, 69.42105346755196], [29.845024913196085, 69.4211560694654], [29.84536185521023, 69.42126809439739], [29.8457644993953, 69.42140576295571], [29.846130701741608, 69.42152958815218], [29.846415191094223, 69.42162916678191], [29.84678347674634, 69.4217440671542], [29.847280565611953, 69.42190137127825], [29.847858660754756, 69.42207930102452], [29.848456932911052, 69.42226356594963], [29.8488664814159, 69.42238203870217], [29.84929318938189, 69.42250591431844], [29.849708121232887, 69.42262087895627], [29.849956668926694, 69.42268356211495], [29.850237134463466, 69.42275551309474], [29.85049716563507, 69.42281259178384], [29.85109231050341, 69.42291117342768], [29.852693764881455, 69.42315487791211], [29.854740252416374, 69.42345190873756], [29.85633112734668, 69.42366899383354], [29.857938707687094, 69.42383298038375], [29.858651134202603, 69.42389672333593], [29.85937572295774, 69.42395433953634], [29.859930607700054, 69.42399355914466], [29.860394019675603, 69.42402365274516], [29.860816260499973, 69.42404731175542], [29.861180633954937, 69.4240660874234], [29.861578332008186, 69.424083146666], [29.86189679823974, 69.4240939688907], [29.862184117260227, 69.42410143861964], [29.862747433947295, 69.42411405306297], [29.863900755785032, 69.42413409112275], [29.865121752330815, 69.42414066003677], [29.866139822398637, 69.42413366884965], [29.86701837198608, 69.42411917393311], [29.868047065691723, 69.42408759093803], [29.86926057369049, 69.42403837044934], [29.870018549579804, 69.42400393963733], [29.870741252003956, 69.42396513517447], [29.87150408975997, 69.4239135226636], [29.87240283724525, 69.42384505125656], [29.87333451898317, 69.42376136211925], [29.874141367314316, 69.42367726586794], [29.87496062196881, 69.42358333713432], [29.875690131606206, 69.42349311283567], [29.87632343014599, 69.42340706784026], [29.876990012834142, 69.42331074574291], [29.8776689932413, 69.42320680163297], [29.87816456484731, 69.42312543524854], [29.87881438366472, 69.42300986398116], [29.87950330450972, 69.42287411825183], [29.880352776798272, 69.4226942251164], [29.885565958417818, 69.42150526410892], [29.886597833365162, 69.42128414631078], [29.887415550850537, 69.42111830948176], [29.888148165289486, 69.42097160795909], [29.889111896026616, 69.42078957090453], [29.89019370810992, 69.42058549783219], [29.891117074653234, 69.42040302413643], [29.891967517808908, 69.42022288166719], [29.892803551942347, 69.42003792152276], [29.893304262769522, 69.41991923624535], [29.893828462335637, 69.41978717085718], [29.89446874792796, 69.41961953146242], [29.89507048519842, 69.41945029596681], [29.89571986904232, 69.4192567268303], [29.896369918690073, 69.41906300398443], [29.89686683661422, 69.41891794616828], [29.89733360593738, 69.41878684893003], [29.897851239117152, 69.41864963625183], [29.899082045119926, 69.41833956866378], [29.899633424857893, 69.41821494624058], [29.900007386083352, 69.41813348295308], [29.90034795012884, 69.41806286115086], [29.900496633370047, 69.41803565566778], [29.90060491062222, 69.41801640938326], [29.900686083801897, 69.41800358836274], [29.900789979718333, 69.41798849958948], [29.900991729078942, 69.4179619808007], [29.901261579522057, 69.41793078122127], [29.901516701601043, 69.41790538210603], [29.901838373096062, 69.41788050002968], [29.902151659093118, 69.4178607702783], [29.902469737710323, 69.41784485366567], [29.90277026160102, 69.41783259221305], [29.90305735261428, 69.41782537347318], [29.903354529456927, 69.41782279253022], [29.90362694708108, 69.41782477466121], [29.90388809274413, 69.4178293092405], [29.904096349124714, 69.41783636320365], [29.90434713548403, 69.41784843225264], [29.904628448528758, 69.4178648197807], [29.904977587202474, 69.41788980292887], [29.905364934962794, 69.4179255177806], [29.905636494073363, 69.41795509255633], [29.906039458045633, 69.41800177046993], [29.909430707672865, 69.41845941780204], [29.909960963854562, 69.41852842811129], [29.91050525786344, 69.4185987830662], [29.91092701880876, 69.41864684006883], [29.911347805342995, 69.41869019537695], [29.911665312056524, 69.41871886139047], [29.911949279544963, 69.41874006777564], [29.912270130104137, 69.41875905100838], [29.912548573873984, 69.41877135251434], [29.912803261053377, 69.41877929440214], [29.913057461742607, 69.41878396501073], [29.913265063819285, 69.41878453101509], [29.913513674753517, 69.41878205162257], [29.913759584051885, 69.41877539073354], [29.91402809565487, 69.41876444555622], [29.91423861097615, 69.41875361740966], [29.914419328405973, 69.4187424576919], [29.914620000669515, 69.41872696988368], [29.914774926091336, 69.41871301003043], [29.91491039653069, 69.41869891594855], [29.9150101535412, 69.41868758679831], [29.915103755393833, 69.4186753248759], [29.9154272436966, 69.41862789060941], [29.91579779300374, 69.41856491302065], [29.91611681677181, 69.41849752694216], [29.91640795508264, 69.41842660390596], [29.91669596662574, 69.41834647391732], [29.916995096833986, 69.41824217221892], [29.91726682882334, 69.41813723642994], [29.917622419204626, 69.41798711064381], [29.918439722396396, 69.41760629930242], [29.91879592369928, 69.41744820026229], [29.91906259394388, 69.41733983852002], [29.919359737232302, 69.41722981422647], [29.919637839821913, 69.41712983653306], [29.92003831393775, 69.4169950936878], [29.92063659878418, 69.41680395937392], [29.921197897928028, 69.41664000084688], [29.921904827967285, 69.41643978406556], [29.923010958308506, 69.41614588381124], [29.927393598785464, 69.41504474415193], [29.92807959605112, 69.41485829833077], [29.92857088803668, 69.4147252172663], [29.92906717191123, 69.41458074203115], [29.929500713009066, 69.41444849558206], [29.929845903984663, 69.4143314642624], [29.930153780138063, 69.41422415322286], [29.930423426040477, 69.41411973943369], [29.93073329755779, 69.4139805865442], [29.93105438092106, 69.41382774498908], [29.93125033692252, 69.41372676511268], [29.93143318142704, 69.41362500369323], [29.931561343336963, 69.41354792874714], [29.93174265585052, 69.41343589972215], [29.93194935226237, 69.41329512984314], [29.93209169403439, 69.41318900931483], [29.93213797750846, 69.41312520247808], [29.932183464363906, 69.41305732334548], [29.932217933988568, 69.41298903138737], [29.93222132503681, 69.41298275019854], [29.932260807891264, 69.41288428557556], [29.932289471953222, 69.41277057063763], [29.932315700888346, 69.41262761359528], [29.93231547262458, 69.41254175090023], [29.932314979012094, 69.41241016262504], [29.932310629463096, 69.4123218084915], [29.93230452785064, 69.41219816902341], [29.932294195369224, 69.41212387194166], [29.932285007571053, 69.4120762608633], [29.932275810920984, 69.41203822377315], [29.932259112728026, 69.4119925612832], [29.93222920054053, 69.41192716445008], [29.93220370510931, 69.41187758036703], [29.932174764321836, 69.4118268262073], [29.932141451405816, 69.41177875745004], [29.932104631719742, 69.41172943196186], [29.932051087409874, 69.41166353414704], [29.931998154604276, 69.41160218511271], [29.931939374047335, 69.41154217833112], [29.93188157408688, 69.41148687199471], [29.93170251560879, 69.41131924099234], [29.93147558982, 69.4111401672229], [29.931292268477836, 69.41099564710247], [29.93117936938073, 69.41089915696823], [29.93105732225836, 69.41078165482777], [29.930954299592415, 69.41065778671948], [29.9309075322512, 69.41059110955104], [29.93086876034097, 69.41052980519383], [29.930833943986727, 69.41045195260618], [29.930823515839442, 69.41035686119672], [29.930817089400424, 69.41026040566773], [29.930841931400128, 69.41015862552474], [29.93089237578415, 69.4100553323243], [29.930975935028467, 69.40994563168049], [29.93105293310097, 69.40987314313065], [29.931154128968842, 69.4097875745209], [29.931296636650167, 69.40968245138428], [29.93150312883769, 69.40953000748166], [29.931769654088136, 69.40934089916394], [29.932007217110375, 69.40918802525317], [29.932144709527584, 69.40910681423136], [29.93235300294445, 69.40899010965808], [29.932621993009732, 69.40884874043877], [29.932808852885817, 69.40874680543607], [29.93293365600109, 69.40867315196103], [29.93304664060168, 69.40860237793433], [29.933141468332096, 69.40853476425444], [29.933215321952783, 69.40845564642272], [29.93327095495747, 69.40838254817899], [29.9333256072448, 69.40830474946922], [29.933371705937105, 69.40822668987317], [29.9334069755366, 69.40814700452849], [29.933465594250173, 69.40803645544554], [29.933604398930527, 69.40777940307444], [29.933690515889214, 69.40760549980807], [29.933740555291998, 69.40752157057902], [29.933816701680687, 69.40741804137187], [29.933890307337126, 69.40733415799828], [29.933997638850816, 69.40724289198945], [29.934116352826084, 69.40715182209206], [29.934251065414518, 69.40705934589441], [29.934411117707775, 69.40697900219513], [29.934628217726537, 69.40688802899379], [29.934880946843258, 69.4067919906456], [29.935377016347246, 69.4066360850897], [29.936163938960483, 69.40639330421547], [29.936553743228878, 69.40629846797871], [29.93684131963238, 69.40623535420539], [29.937080705934715, 69.40618687812902], [29.93726796615321, 69.40615154501249], [29.937466362673995, 69.4061160610604], [29.937640757872025, 69.40608655309524], [29.937983146857476, 69.40602883573752], [29.9382374122038, 69.4059891752103], [29.938473521968792, 69.40595488462594], [29.938690309179467, 69.40592321307757], [29.939019209410795, 69.405878553909], [29.940237320382646, 69.40572578836229], [29.9419035468341, 69.40551952018434], [29.942415732754803, 69.40545643308467], [29.942717788038934, 69.4054192816045], [29.943615453851695, 69.40531427842396], [29.944858970256327, 69.40515831993712], [29.945655826218587, 69.40507634840102], [29.945759746524462, 69.40506840329972], [29.94606301419938, 69.40505139032214], [29.94629970812649, 69.40504115402805], [29.946555905369575, 69.40503150294944], [29.947015507899536, 69.40501923752444], [29.94732061727421, 69.40501071329], [29.947707555874565, 69.4050018010668], [29.94814678919357, 69.4050013586071], [29.948283129853408, 69.40500445966546], [29.94843399038377, 69.40500886060633], [29.948572483918287, 69.40501499394205], [29.94869559568003, 69.4050230329134], [29.948825782799062, 69.40503219829833], [29.94896359863341, 69.40504474277132], [29.94912350147371, 69.40506298428114], [29.94929490958597, 69.40508343523084], [29.949617299851493, 69.40512576581767], [29.949926770747208, 69.40516868040362], [29.950302936049813, 69.40522376851138], [29.950595673823155, 69.40527257324119], [29.95094101717707, 69.40533359446215], [29.951169339742066, 69.40537527123806], [29.951232403931304, 69.40538675179349], [29.951483369171918, 69.40543453655702], [29.951654719940784, 69.40547183684818], [29.951834500205436, 69.40551658816472], [29.95200234464752, 69.40556883371194], [29.952130504814047, 69.40561564220643], [29.952248821076466, 69.4056644216628], [29.952469519292226, 69.40577930856007], [29.952652010927498, 69.40586763957248], [29.952815860871656, 69.40593708257954], [29.952950916274368, 69.40598659795936], [29.953125043076845, 69.40603921056218], [29.95329012579375, 69.40608461012246], [29.95348948083931, 69.40613039924797], [29.953700219525675, 69.40617454188263], [29.953925910468858, 69.4062154350951], [29.95416569199713, 69.40624965650396], [29.95438160040145, 69.40627787790089], [29.954573204750037, 69.40630059757066], [29.95477871486074, 69.40632043603237], [29.954975426112824, 69.40633561739625], [29.955284860013535, 69.40635339609774], [29.955771684862423, 69.40637645625142], [29.95607582662356, 69.40638346844716], [29.956391412060928, 69.40638486984172], [29.956721394221578, 69.4063800321573], [29.957012611882167, 69.40637179415914], [29.95728340075966, 69.4063601988758], [29.957522993523497, 69.40634702285072], [29.957728928631276, 69.4063306417654], [29.957921941393696, 69.4063107951877], [29.958125042096725, 69.4062812226179], [29.958365733749325, 69.40624125165161], [29.958595471415737, 69.40619801003587], [29.959461620613595, 69.40602324490148], [29.96038337945549, 69.40585646575501], [29.960699553005913, 69.40580717436677], [29.961030617732536, 69.40576559274334], [29.96135430253813, 69.4057357073932], [29.96173779349466, 69.40571160161323], [29.96243322007307, 69.4056716224466], [29.962967206793376, 69.40565322372768], [29.96341530593319, 69.4056457021285], [29.963945609653145, 69.40564714136764], [29.964614544695273, 69.40566776041143], [29.964883921812632, 69.40568693257026], [29.96525759700022, 69.40572112892603], [29.96561712486017, 69.40576006909613], [29.965931986131817, 69.40580091802488], [29.966226358830273, 69.40584016511853], [29.966530826597854, 69.40588478261131], [29.966944582624013, 69.40594959950066], [29.967231151065377, 69.40599772614654], [29.96753495349233, 69.40605280373138], [29.967907497459755, 69.40612585264196], [29.968303988393423, 69.40621234950659], [29.968650762410576, 69.40629254693438], [29.96899465217185, 69.40637935025376], [29.97000953522571, 69.40663341118785], [29.971420184795814, 69.4070026550335], [29.97166206297062, 69.40707211413645], [29.971997002252284, 69.40716835600035], [29.972407221128897, 69.40728990921365], [29.972864730826082, 69.40744264639504], [29.973258550746, 69.40758488480256], [29.97453242834975, 69.40803521368346], [29.975089086948273, 69.40823315819588], [29.975702141581685, 69.40844933100351], [29.976378962981435, 69.4086687200179], [29.976954096382965, 69.40884956579947], [29.977570330327094, 69.40901721259414], [29.978214265857595, 69.40918517784077], [29.978993997706944, 69.40938112611842], [29.980708410232968, 69.40969076476078], [29.983961669139063, 69.41029979808833], [29.994366369247434, 69.41247610317552], [29.996816062267197, 69.41302705375026], [29.9990599875174, 69.41354494987455], [30.003619630645225, 69.41463538549894], [30.007545119154102, 69.41559022506844], [30.008803391009824, 69.41590448658445], [30.009554447613315, 69.4160942141667], [30.010589133745615, 69.41636053888854], [30.01140698159107, 69.41658367785915], [30.012575627529934, 69.41690197035163], [30.013629141684465, 69.41720262165335], [30.01471364491585, 69.41752244535975], [30.01582996406822, 69.41786882648326], [30.016741072430953, 69.41815460894813], [30.018255500297368, 69.41863255673628], [30.020522653690588, 69.41936919672534], [30.02241289962548, 69.42002348110324], [30.023921367824514, 69.42055570120199], [30.025459453849567, 69.42110251483341], [30.027037829841056, 69.42168544607321], [30.028618624721748, 69.4222833493263], [30.030133932556883, 69.42286493591097], [30.031302321076318, 69.42332654627103], [30.0323906400635, 69.42376981871018], [30.033458447851213, 69.42421582273549], [30.03452846196783, 69.42467912458139], [30.03514853290453, 69.42496637459189], [30.0400183119975, 69.42717605166186], [30.040787355702076, 69.42754321280051], [30.041437317699174, 69.42786795877466], [30.041962276690846, 69.4281504457717], [30.042520223883244, 69.42846694044165], [30.043131527687674, 69.42881223324187], [30.04387032041472, 69.42926393250922], [30.044515119367972, 69.42968011479535], [30.045482357448087, 69.43032321610984], [30.046531480654068, 69.43108099572493], [30.04744543255495, 69.43177679026488], [30.049547059272495, 69.43339712387814], [30.050931517728007, 69.43449689864737], [30.05312448523033, 69.43631598513568], [30.053872157495267, 69.43696074681712], [30.056776174238163, 69.43946495649983], [30.057296645715034, 69.43991921866032], [30.057829964134648, 69.44035042547506], [30.058510389214366, 69.44089910443341], [30.05918599065978, 69.44141358340441], [30.059932207219713, 69.44196693603136], [30.06086023486922, 69.44265430383369], [30.062162957545183, 69.44354508386408], [30.06408441216741, 69.44492388087488], [30.064984138670606, 69.44551475094744], [30.065945174822687, 69.4460697066001], [30.06650897263872, 69.44640003917127], [30.068483614551532, 69.44746964691397], [30.069581561582318, 69.4480894634686], [30.070377852808228, 69.44854452841832], [30.070932946061188, 69.44890270522099], [30.071445559764342, 69.44937479453215], [30.072478973376636, 69.45047417220299], [30.072840461088678, 69.45081524022594], [30.073265931256778, 69.45116215249938], [30.073808115830477, 69.45157995621655], [30.074295802425873, 69.45192218544054], [30.07482374068719, 69.45225983525575], [30.075338103083578, 69.45259279323871], [30.076082268046783, 69.45303543522736], [30.077002016820167, 69.45354982985161], [30.078299511596548, 69.45420786043807], [30.080678485190482, 69.45537653545469], [30.083553186749292, 69.4567204643055], [30.08537369905673, 69.45753197973055], [30.086513112501525, 69.45801601699618], [30.087407064228476, 69.45838033990374], [30.088730459784422, 69.45888775632645], [30.0901117963749, 69.45939868801365], [30.0918823360735, 69.45996416771399], [30.093706261852837, 69.46052057305023], [30.09628924280331, 69.46128200237709], [30.101981110522953, 69.46302874378006], [30.106732991842836, 69.46454055275194], [30.107849234760618, 69.46492184239524], [30.109041341347393, 69.46535193758433], [30.109783283840603, 69.46562652582932], [30.11057808032691, 69.465936213129], [30.11204186127839, 69.4665374594622], [30.112883285541827, 69.4668997437571], [30.113670510690994, 69.46726287734359], [30.114289474443154, 69.46759093108837], [30.114910012858623, 69.46792842418141], [30.11541709683088, 69.46823444689451], [30.11584732443463, 69.4685186460322], [30.116264763445805, 69.46879163724424], [30.116888092693227, 69.46925378829626], [30.11730989383691, 69.46960561068845], [30.117573352642836, 69.46985570524873], [30.117704463667216, 69.47011478879418], [30.11775606195852, 69.47043868924989], [30.117728697922963, 69.47073496618385], [30.11764819888736, 69.47103107913186], [30.117514934997814, 69.47137342096553], [30.117350056066137, 69.47162166456843], [30.11714241881961, 69.47195623921758], [30.116876887784027, 69.4722986246579], [30.11645239052564, 69.47270560135995], [30.115754740613088, 69.47337162545507], [30.114669551180842, 69.47433180654478], [30.114226795822415, 69.4747503408798], [30.113823384468077, 69.4751586564901], [30.11351993744425, 69.47549444719293], [30.113262493026102, 69.47579428253044], [30.11305213761693, 69.47607823945503], [30.11276358204657, 69.47657676014097], [30.112473758971518, 69.4771121453191], [30.112264862632188, 69.47764108472435], [30.112131389248802, 69.47803501625872], [30.112007161373793, 69.47849094853207], [30.11194715057036, 69.47873549260065], [30.111924667844974, 69.47895561264907], [30.11192803529084, 69.4791657014464], [30.111983450799773, 69.47936057897954], [30.11208437410966, 69.47958798784748], [30.112218174916915, 69.47978779314084], [30.11244151114581, 69.48005242399837], [30.112755725228347, 69.48034767921857], [30.113226987361344, 69.48072599552253], [30.113698672620714, 69.48103058287543], [30.11398670265374, 69.4812428638912], [30.114169717128497, 69.48143185505579], [30.11432041952818, 69.48162555585596], [30.114457069853174, 69.4818376370243], [30.114717924023612, 69.48234940000268], [30.114887489384948, 69.48275494975387], [30.11497825997129, 69.48317430832905], [30.114977045813895, 69.48355678519151], [30.115039944380516, 69.48394914070215], [30.115119535680822, 69.48409591043574], [30.115328829221262, 69.48433111626504], [30.115682487824852, 69.48460334649987], [30.116413482056405, 69.4851245194313], [30.11690848716142, 69.48553039441973], [30.11740615305845, 69.48596504994087], [30.117846126303164, 69.48641836650123], [30.11812890599654, 69.48684381237658], [30.118357181345434, 69.48740775634481], [30.11845291542564, 69.48804536503911], [30.118420618692014, 69.48847021621938], [30.1181726175877, 69.48930128088168], [30.11776342616872, 69.49037242326403], [30.11759934014009, 69.49082471844413], [30.117428607380965, 69.4913264243851], [30.117322186614476, 69.49184517676078], [30.117259663055485, 69.49255182052467], [30.11727140866856, 69.49354959561578], [30.117285369875912, 69.4944088160844], [30.11732410559925, 69.4951687487331], [30.11725736263515, 69.49608579318091], [30.117121951906174, 69.49701546876156], [30.117037463832958, 69.49762798385323], [30.11691136897407, 69.49816975888632], [30.116765246120362, 69.49866559348422], [30.116619206965396, 69.49924856235299], [30.116575133565487, 69.49955885048506], [30.116649338758915, 69.4998924557494], [30.116854658168812, 69.50025404346796], [30.117061001820826, 69.50055078269061], [30.117202562940548, 69.50076870427404], [30.117358339237036, 69.5011530179398], [30.117399605488718, 69.50140092935193], [30.117540559206066, 69.50269989786361], [30.11777781171469, 69.50533818793078], [30.117947444931556, 69.50656792738346], [30.118194368952167, 69.50794686316884], [30.118612148017483, 69.50961759012978], [30.118892205934376, 69.5105137538386], [30.119173499657517, 69.51130967753892], [30.11944504424753, 69.51203820758764], [30.11969072868942, 69.51263628920886], [30.119971914210765, 69.51319649566032], [30.1202572764971, 69.5137366193235], [30.12049354753358, 69.51412799490143], [30.120759132444558, 69.51453335338407], [30.121163591122894, 69.51513412816223], [30.121642287621135, 69.51577207870507], [30.121993410842357, 69.51619528022637], [30.122380345757506, 69.51667564537924], [30.123086924311643, 69.51747698879115], [30.123531864840373, 69.51795783194791], [30.124131681783847, 69.51857427034344], [30.12484038189715, 69.5192757550897], [30.1255895342178, 69.51997162734827], [30.12612579513622, 69.52043488736868], [30.126672137080003, 69.5208738549796], [30.127122890864133, 69.52122282117598], [30.127893046491703, 69.52177837414524], [30.128597188912444, 69.52225788460284], [30.129292750410894, 69.52267965818278], [30.12978917409034, 69.52296506299793], [30.130146429252953, 69.52314682751084], [30.13058915720545, 69.52334634513974], [30.131146148479974, 69.5235728537887], [30.13173238443709, 69.52379612292626], [30.132242923520582, 69.52397949067158], [30.13271321821035, 69.52411704905462], [30.133444791757697, 69.52433166143467], [30.13413695075545, 69.52450306133342], [30.134828446728957, 69.5246411692059], [30.135603496211687, 69.52476163691037], [30.13660067048266, 69.52489703415989], [30.137855594013853, 69.5250856530905], [30.138828193146527, 69.52523648624448], [30.139717138563583, 69.5253916979688], [30.14032977962489, 69.52551274117808], [30.140682272801698, 69.52558814272719], [30.141000680082048, 69.52566371273275], [30.141622616009514, 69.52582409481506], [30.141883039626496, 69.52589771580939], [30.14217664126665, 69.52598589609477], [30.14253122469633, 69.52609759169206], [30.142684598251215, 69.5261494817374], [30.142842207652613, 69.52620431233184], [30.143087992611818, 69.52630567187032], [30.143274087955575, 69.5263954697274], [30.146342694938337, 69.52857231335835], [30.14779688028714, 69.52959630820442], [30.149017206370235, 69.53046012139583], [30.14939326946249, 69.53073131553991], [30.149557209844293, 69.53083947779409], [30.149685552134837, 69.53091450132636], [30.149796102566555, 69.53097369188424], [30.149934824357853, 69.53104051565523], [30.150064379048285, 69.53110013795674], [30.15020709447378, 69.5311575783813], [30.150342207385272, 69.53120961314377], [30.15047619626107, 69.53125428513401], [30.150635220029283, 69.53130226220235], [30.15091518496817, 69.53137690636063], [30.151729192187858, 69.53156655984233], [30.15937551456316, 69.53317779878383], [30.160098246553016, 69.5333310315682], [30.16044852787981, 69.53339471971319], [30.16076900099735, 69.5334485252387], [30.16110285651617, 69.53349754821382], [30.161328623208956, 69.5335260456198], [30.161585315382634, 69.53355253238406], [30.16188121313055, 69.53357571993901], [30.162206968864417, 69.53359542509654], [30.162566709041705, 69.53360971477862], [30.1629515805372, 69.53361836187739], [30.16324900731313, 69.53362187895716], [30.163557765242526, 69.5336199662723], [30.163861157858427, 69.53360811857499], [30.16416249778195, 69.53358945048873], [30.16444579405887, 69.53356768630867], [30.164749737576795, 69.53353192510312], [30.165008508653393, 69.53349704484893], [30.166569679440652, 69.53326654037846], [30.167255668949505, 69.53316733659729], [30.167909700893155, 69.53310137484175], [30.168357622507436, 69.53307464535614], [30.168832753808665, 69.53306327826829], [30.169154889864615, 69.53306891864285], [30.16940849037084, 69.5330838754184], [30.169673061438328, 69.53311176923175], [30.16988192580384, 69.53313908650247], [30.170202229628302, 69.5331984192186], [30.170449549789666, 69.53325622363518], [30.17081141044513, 69.53335212495674], [30.171158496959766, 69.53346647666298], [30.17142716110082, 69.53356854325098], [30.171672264887764, 69.53367224352837], [30.17195294755329, 69.5338089904352], [30.172290495021635, 69.53398380181804], [30.17256406051918, 69.53413684448991], [30.17284520865187, 69.53430939099893], [30.17309228065412, 69.53447271279605], [30.174100732396017, 69.53520556455935], [30.17455086586578, 69.53556726365493], [30.175453266939822, 69.53633377746233], [30.17634616521656, 69.53721944322001], [30.17715714334387, 69.53811294789536], [30.17771714881983, 69.53878414137203], [30.178136160018095, 69.53935002709729], [30.17846053215867, 69.53984398346424], [30.178658117207096, 69.5401938670492], [30.178829649222042, 69.54057168257877], [30.178942512706605, 69.54094559355852], [30.179016866792413, 69.54130818675397], [30.179054520696244, 69.54183123446592], [30.179107707828155, 69.54277075667036], [30.179162634540422, 69.54352888540784], [30.179200642412923, 69.54407668870354], [30.179269106837346, 69.54444782360437], [30.179359381356644, 69.54483627694518], [30.179457562036507, 69.5451239632133], [30.179597598770407, 69.54541087678338], [30.179758567899846, 69.54564829285603], [30.179958820783348, 69.54586544679036], [30.180205089533747, 69.54606616268367], [30.180496564200645, 69.5462826695406], [30.180917346382792, 69.5465694082533], [30.183431769930024, 69.54819418704362], [30.184189991135987, 69.54873867796782], [30.184699151696698, 69.54915549362337], [30.18502765598627, 69.54949706168632], [30.185278221890346, 69.54982528960703], [30.185486504479584, 69.55022398936931], [30.185599374529136, 69.55057192662866], [30.185652638526033, 69.550933918346], [30.185631208013326, 69.55131241182116], [30.185583540142808, 69.55165592060632], [30.185504925916437, 69.55198043544917], [30.185356883651117, 69.55230624013949], [30.185173399989473, 69.55258368799414], [30.18486771485147, 69.5529808214483], [30.1845290014154, 69.55334596812618], [30.182272561667553, 69.55562686272533], [30.18196229517391, 69.5559946296249], [30.181554372986135, 69.55645971550557], [30.181327942207453, 69.55672714931461], [30.181072972588158, 69.55704595396114], [30.1808101159899, 69.55740719879512], [30.18070282565987, 69.55761557557099], [30.180642982854906, 69.55777937741904], [30.180571283388254, 69.55812040755121], [30.180561122206168, 69.55845689015717], [30.180606412145597, 69.5587655938888], [30.18070849946486, 69.5590827951771], [30.18087429833764, 69.55938972776771], [30.181085085866815, 69.55963129615701], [30.181366443301442, 69.5598930380071], [30.181675605693442, 69.56011471501505], [30.18204139221851, 69.56032905621309], [30.1824359258777, 69.56052600748892], [30.182838494211722, 69.56070971299846], [30.184133564790532, 69.56123988573582], [30.184910823637146, 69.56157070214827], [30.185494277428525, 69.56183986898142], [30.185861947319935, 69.56207154747493], [30.186211528745456, 69.56236675429587], [30.186573037236602, 69.56275332131243], [30.186919995186663, 69.56319269060273], [30.187279576391266, 69.56376602168325], [30.187518799149952, 69.5642330292351], [30.187905770507363, 69.56514421681916], [30.18812319097575, 69.56582500457323], [30.1882100818223, 69.56635365480427], [30.18832394186398, 69.56742715588202], [30.188323602754707, 69.56785952923674], [30.188302551481996, 69.56846411936479], [30.1882396933319, 69.56888343633135], [30.18814096881968, 69.56924770535728], [30.188012629346666, 69.56959811224996], [30.187872832698904, 69.56987121398952], [30.187702729050294, 69.57013493783114], [30.187534298974914, 69.57037271198968], [30.18730786657673, 69.57063950564832], [30.187025384172188, 69.57096444682269], [30.186479787571432, 69.57163951113013], [30.185670266526095, 69.57252055886352], [30.18539869510514, 69.57281236618383], [30.182586962655645, 69.57546322259084], [30.181351488523113, 69.57659306694765], [30.180392023991423, 69.57750930726719], [30.179993020106725, 69.57794915177787], [30.179735661854625, 69.578319012472], [30.179482500460054, 69.57876350351559], [30.1793029905244, 69.57913557242051], [30.179144576643964, 69.57952502550883], [30.179040434040413, 69.58001221427789], [30.17901852343217, 69.58041156975547], [30.17908356515418, 69.58076653302653], [30.17920558320355, 69.58121604431541], [30.17935774152457, 69.58151849279768], [30.179552996941116, 69.58181379831416], [30.179851349479833, 69.58222167187829], [30.180070605046907, 69.58251512372453], [30.18033119189699, 69.58293851381687], [30.180523877214213, 69.58334729262633], [30.18064786458694, 69.58363528965808], [30.180745313145383, 69.58395098237666], [30.180775483058248, 69.58424786162425], [30.180767100730684, 69.58447804249255], [30.18065166377044, 69.58491998160562], [30.18043259170928, 69.58535481089886], [30.180207519767578, 69.5857274224561], [30.179911023305067, 69.58605127168072], [30.17942237499649, 69.58645704416035], [30.17863445370647, 69.58694917670289], [30.177749469974234, 69.58740485938029], [30.177013401294467, 69.58768376744332], [30.17618371316131, 69.58798203537192], [30.17167865337294, 69.58946115559262], [30.170688408991193, 69.58983784943152], [30.16985112763958, 69.59018899069723], [30.169474598991396, 69.5903716507143], [30.16906823586619, 69.59059565391588], [30.168774553116748, 69.5907905901497], [30.168092024707597, 69.59129817585547], [30.16759631382405, 69.59174183201296], [30.16682082720028, 69.59251674584853], [30.16583248881688, 69.59350493519568], [30.164128331688662, 69.59532425942409], [30.162461238486106, 69.59712376915394], [30.161760350204712, 69.59797734216464], [30.16108078034546, 69.5989019924721], [30.1608172405737, 69.59928550825363], [30.16060118279277, 69.59963957052264], [30.160424852446145, 69.59993538275316], [30.160227342135943, 69.60034142440507], [30.160112367566818, 69.60068597667039], [30.16004795292314, 69.60098606195562], [30.15994828067444, 69.60146774052316], [30.15985301194288, 69.60226386197532], [30.159671513135983, 69.60405865090073], [30.159580966094847, 69.60446581030223], [30.15950841736599, 69.60470902928866], [30.159259527417277, 69.60538055000139], [30.159150908181505, 69.60563120148846], [30.158964152675942, 69.6060854860376], [30.158848625259584, 69.60633536666263], [30.158697261498748, 69.6065911848933], [30.15859334747726, 69.60672458858822], [30.1584623866385, 69.60686692912081], [30.158318545628287, 69.60696618426259], [30.15821494978738, 69.60702455967886], [30.158047991655245, 69.60709932614878], [30.157854744966112, 69.60716084919628], [30.157534474690948, 69.60723877989845], [30.154341766629173, 69.60789913357378], [30.154158982896366, 69.60794129767459], [30.15401367265648, 69.60798558008037], [30.15389721344636, 69.60802703181143], [30.15378256994592, 69.60808186663195], [30.153663250158424, 69.60814697381329], [30.15352462479571, 69.60823710017152], [30.153395871510952, 69.60832699737463], [30.15321191986096, 69.60847862825324], [30.153070749050748, 69.60861716611215], [30.152929538125157, 69.60877597706573], [30.152795717996895, 69.60896490675806], [30.15270828566086, 69.60911702208358], [30.15262473542135, 69.60929624998917], [30.15257586587488, 69.60944762364116], [30.152525179995596, 69.60967563032816], [30.152518758269274, 69.60985337497081], [30.15252822797799, 69.6100061264004], [30.15257277835594, 69.61022340018086], [30.15262744556993, 69.61037979845436], [30.1526765402003, 69.61049587402843], [30.15272711179454, 69.6105805849943], [30.15277931083635, 69.6106544642198], [30.152821647450196, 69.61070572184485], [30.15287915388526, 69.61075821657275], [30.15301300188043, 69.61087637274123], [30.15382288324462, 69.61156047714367], [30.154061973113805, 69.61177380016177], [30.154199765999955, 69.61191150869712], [30.15432111896127, 69.61205712198628], [30.154452800935935, 69.61226954111072], [30.154532095977558, 69.612432513481], [30.15458522036961, 69.61260563400249], [30.154611119492117, 69.61274753471044], [30.154607622336634, 69.61287047756751], [30.154593688864317, 69.6129994116811], [30.154547898361166, 69.61312959923774], [30.15448153655646, 69.61327690216922], [30.15438991738901, 69.61340911896951], [30.15428953587454, 69.61352930427287], [30.154175152170733, 69.61364731971995], [30.154041812055862, 69.61376470938605], [30.153703964676744, 69.61408032474779], [30.15239713141105, 69.61537688162167], [30.15204256957025, 69.61575708210027], [30.151847426078742, 69.61598672214726], [30.151726008945335, 69.61621416841969], [30.151638045096725, 69.61648029961059], [30.15160287950415, 69.61672093633906], [30.15161967621644, 69.61702930170263], [30.151836226029257, 69.618421750391], [30.15184687791472, 69.61878409880367], [30.15183927031163, 69.61911738165517], [30.151774843827383, 69.61954469458978], [30.151660164718077, 69.62005836192667], [30.15149684120199, 69.62064607908243], [30.151284136831592, 69.62129123416139], [30.151054369969508, 69.62182005619019], [30.150728695258966, 69.6224575122047], [30.150008976403328, 69.62364734389449], [30.149658322262155, 69.62420629287998], [30.14946310007578, 69.62458878279338], [30.14934498308936, 69.62492612474014], [30.149298592407682, 69.62518442845715], [30.149281750126423, 69.62548729219242], [30.149309452021537, 69.62610214844283], [30.149347936034083, 69.62659240599858], [30.149383302044242, 69.6272264864465], [30.149380857531973, 69.62749647495227], [30.149371702050832, 69.62771840946316], [30.14935030150948, 69.62790429623742], [30.149315377927486, 69.62804475830477], [30.149266592395275, 69.62818543261828], [30.149212561971726, 69.62828768954157], [30.149132360234365, 69.62840230336697], [30.148999690690385, 69.62854763079483], [30.148850841845295, 69.62870378640103], [30.148686831068535, 69.62886091381206], [30.14849525643199, 69.6290161477095], [30.147885020897608, 69.62945200230335], [30.146443718985818, 69.63046723463577], [30.14622621359094, 69.63063737850341], [30.146065751867397, 69.63079216027549], [30.1459683533701, 69.63091188416037], [30.145913841076986, 69.6310116934354], [30.145882376018758, 69.63112789227682], [30.145869959434144, 69.63124627695584], [30.145891801047085, 69.63151770914025], [30.145897636898834, 69.63180492918877], [30.145888206318723, 69.63197860704334], [30.145861137383076, 69.63212371601438], [30.1458179440643, 69.6322546794897], [30.14572811480862, 69.63241639192708], [30.14519134295065, 69.63315843650946], [30.14446900186207, 69.63406991174787], [30.14379602937403, 69.6348317218468], [30.143191133886237, 69.63550293169469], [30.142776486024395, 69.63594799922154], [30.14170127442094, 69.63701813942323], [30.141397554899527, 69.63733482361881], [30.14107545886149, 69.6377058302663], [30.14058538925649, 69.63825594731891], [30.139868248064456, 69.63920699614407], [30.139283115058152, 69.64010215465383], [30.138941811688756, 69.64064630719866], [30.1385999159535, 69.6412899212934], [30.138435675839045, 69.64161767662479], [30.138321140818356, 69.64185093639563], [30.138240327132493, 69.64205311761118], [30.13816951402551, 69.64223488347241], [30.13807876591989, 69.64250261873264], [30.13801977087498, 69.64272240493165], [30.13782602954242, 69.64351969082662], [30.13276451228755, 69.643445825011], [30.131426517348203, 69.64342582186238], [30.128734671079698, 69.64338617089358], [30.125738256693346, 69.64334285602033], [30.125001709730764, 69.64333072727518], [30.123865643854828, 69.64331431742598], [30.12301108377953, 69.64330291764956], [30.109730673790686, 69.64310875938655], [30.10845138231925, 69.64308958014831], [30.105464049856945, 69.64304705412971], [30.09985032689046, 69.6429636852252], [30.0912854228131, 69.64283787242138], [30.088350389845964, 69.65032241427235], [30.085922683758483, 69.65650110695518], [30.085291519684358, 69.65809715177234], [30.0853250055218, 69.65810424803334], [30.098901860965576, 69.66097845152406], [30.111963461028473, 69.66374239520374], [30.11632575729898, 69.66436268978818], [30.119307959844978, 69.66478362139094], [30.11986047265853, 69.66486391619365], [30.126144243846834, 69.66575616419206], [30.130215556167002, 69.66633088180608], [30.135705192064062, 69.66711099785437], [30.137562351201705, 69.6673767982093], [30.144114109364477, 69.66830577134996], [30.15167217399516, 69.66937622455359], [30.153166012878557, 69.6690418916072], [30.157764963283597, 69.66801026862308], [30.164440290935833, 69.66651091533987], [30.170833760597304, 69.66507430431817], [30.177031062365693, 69.66368017833034], [30.18209003684041, 69.66254777908904], [30.184771927877584, 69.66194751422721], [30.203972128770676, 69.65763001428716], [30.209600675940067, 69.65636508379184], [30.214747343910446, 69.65520847825762], [30.224029092803942, 69.65312053680441], [30.228902773445174, 69.6516411870873], [30.235629465273455, 69.64959936701075], [30.236159446021578, 69.64943852972169], [30.24730475214373, 69.6460549770894], [30.2534549997712, 69.6441867134823], [30.266529932922065, 69.64021537929537], [30.271465054360842, 69.63871609091171], [30.275134827591543, 69.63760053399014], [30.28816486265706, 69.63363786206699], [30.29063521495625, 69.63288544713159], [30.29430467150684, 69.6317682513313], [30.29843222135474, 69.63051277064336], [30.30249039294305, 69.62927828809252], [30.303832510909505, 69.62886712870926], [30.309049236463125, 69.62709108516285], [30.316690194212374, 69.62448644943882], [30.322322653375387, 69.62256597545458], [30.338095464236197, 69.6171856284269], [30.35133887496185, 69.61266298425163], [30.358300025181485, 69.61028498900852], [30.35939573188299, 69.60991240250173], [30.367488455252303, 69.6071473668525], [30.369353888936285, 69.60650682758298], [30.375922552016778, 69.60425686163119], [30.37799359246503, 69.60354708086064], [30.381956466030008, 69.60218991515586], [30.387163377189417, 69.60040263420025], [30.394577555164812, 69.59786126285134], [30.40003695379823, 69.59598697165572], [30.40259804989358, 69.59510812942898], [30.4113619226125, 69.59209727832298], [30.41426648615155, 69.59110099233538], [30.417716197261733, 69.58991417219707], [30.421195294676963, 69.58829695359879], [30.42584723370663, 69.58613088075249], [30.42914030767308, 69.58460426128937], [30.435104427255368, 69.58183510227913], [30.436857000789978, 69.58101887473583], [30.44781967153354, 69.57591500429152], [30.452409106502863, 69.57377596263754], [30.45471255182144, 69.5727072400556], [30.46584191847701, 69.56752505116432], [30.47444602309237, 69.56351561675498], [30.481590870592655, 69.55981499724132], [30.49791724250033, 69.55236835093628], [30.507559474493302, 69.54795656156462], [30.515981229183513, 69.54042061797848], [30.522830706146024, 69.54064936292477], [30.528588544590487, 69.54084072519314], [30.535501017926688, 69.54106684731683], [30.54783560733223, 69.54147935944195], [30.55660414918306, 69.54177105210859], [30.56618156887831, 69.54208978235302], [30.575405084517456, 69.54197074413213], [30.583706422828946, 69.54186278493522], [30.588763361533058, 69.5417967022886], [30.600256346446766, 69.54164724023802], [30.603365949559667, 69.54160184608949], [30.625916098680843, 69.5412640557864], [30.64672870036618, 69.54095335992335], [30.664220858930893, 69.54068906538319], [30.665060377018552, 69.54061236463205], [30.668557782079027, 69.54029298276592], [30.6817571678116, 69.53908295088621], [30.688195154404326, 69.53849156645659], [30.693121890398146, 69.53804298003766], [30.708884104524756, 69.5365926248608], [30.720131585408417, 69.53541974537502], [30.734933501911947, 69.53387240815046], [30.743859852846285, 69.53293385113197], [30.74442713964067, 69.53287550620708], [30.744608528326317, 69.53285680059552], [30.744766836350777, 69.53303893028959], [30.744784579664266, 69.53305160189392], [30.7448225140079, 69.53307948885656], [30.74484609704447, 69.53310584005021], [30.744864347149726, 69.53313351520326], [30.744879553613398, 69.53316904306465], [30.744883791685876, 69.5332057694683], [30.744884037290092, 69.53323510888771], [30.74488862035075, 69.5332548140008], [30.74489663783314, 69.53327207797658], [30.744910821320794, 69.53328877199536], [30.74493020297249, 69.5333022155075], [30.744966681745904, 69.53331943399218], [30.745007632744706, 69.5333338384017], [30.745053223502275, 69.53334495157716], [30.74512838310643, 69.53335748652388], [30.745206637490668, 69.5333667806897], [30.745298587520487, 69.53337009980575], [30.745384278564703, 69.53336827274205], [30.745465813945845, 69.53336618344092], [30.74552887926524, 69.53336164642838], [30.74557533129187, 69.53335467475331], [30.74564010905064, 69.53333492895793], [30.745772423683107, 69.53328336345447], [30.745878854843973, 69.53324924096698], [30.745952092114877, 69.53322742031698], [30.746027162840143, 69.5332115241861], [30.74609529519581, 69.53320356381583], [30.746171845794798, 69.53319731822377], [30.74623447761448, 69.53319115895887], [30.746313536406472, 69.5331857894396], [30.7463819805234, 69.53318278616862], [30.746459950529097, 69.5331829649511], [30.746527431701733, 69.53318882239725], [30.746583605048095, 69.53319997256442], [30.746621122440388, 69.5332119240515], [30.74663947636829, 69.53321946072916], [30.746658166030056, 69.53324072418516], [30.7466828266856, 69.53327094608265], [30.7467192658617, 69.53330663483838], [30.746738620697254, 69.53331934204415], [30.74675974844801, 69.53332985399295], [30.746778270032287, 69.53333691349738], [30.7467941622267, 69.53334153838252], [30.74681423329219, 69.53334540760478], [30.746837040592105, 69.53334800818956], [30.746860452744837, 69.53334861383189], [30.746889495622558, 69.53334759091146], [30.746924350699985, 69.53334483031337], [30.747000054502383, 69.5333374623091], [30.74707324547819, 69.53333235793376], [30.74713867911149, 69.53332990970917], [30.74721032062419, 69.53332799555703], [30.747279179547387, 69.53332938566507], [30.74736599222432, 69.53333428664997], [30.74746365258953, 69.53334132409103], [30.747527811464668, 69.53334277929022], [30.747604744307313, 69.53334333049217], [30.74768129537287, 69.53334197792731], [30.747783026536947, 69.53333728166932], [30.74791519625567, 69.5333292171772], [30.748162735522072, 69.53330900870594], [30.748469542354414, 69.53329181493585], [30.748558796965344, 69.53328771772595], [30.748639815185893, 69.53328669036813], [30.748717943846927, 69.53328777683873], [30.7487925874079, 69.5332915862175], [30.74886429940754, 69.53329640529891], [30.748923265603445, 69.53330286450982], [30.748995825570088, 69.53331369925934], [30.74902573513008, 69.53332081366185], [30.749074683404892, 69.53333392387727], [30.74911183531408, 69.53334923281363], [30.7491320379229, 69.53335816807365], [30.74916229401778, 69.53337762334063], [30.74917927226456, 69.53338962678532], [30.749190083812564, 69.53339730664504], [30.749206670274148, 69.53340389853535], [30.74923498391063, 69.53341134514999], [30.749270630632658, 69.53341312762564], [30.749326776175277, 69.53341375340877], [30.749404230568654, 69.53341499428728], [30.74947342063567, 69.53341856897906], [30.749561910302873, 69.53342848464462], [30.749661485554064, 69.53344189968543], [30.749859426305484, 69.53346782579456], [30.749941061674093, 69.5334780980751], [30.750097137049107, 69.53349330605967], [30.750369241939303, 69.53351366662487], [30.75059850065846, 69.53353004790787], [30.750764727463988, 69.53353074329127], [30.750887691083907, 69.53351817233168], [30.750928287481273, 69.53351183290823], [30.751010517857264, 69.53349878107146], [30.751128848755904, 69.53347832807898], [30.751269385404864, 69.53345443648992], [30.75139437735881, 69.53342533406509], [30.75148281240196, 69.53340302858703], [30.751572371679202, 69.53337452490294], [30.751673531334085, 69.53334356334283], [30.75173677226138, 69.5333242339169], [30.75178108530359, 69.5333147804516], [30.751823985122822, 69.53331044381643], [30.75186316765415, 69.53330922102323], [30.751912257643497, 69.53330819002619], [30.751975690739588, 69.53331008004311], [30.75204246706849, 69.53331849373825], [30.75211272074089, 69.53333046395028], [30.752212025257347, 69.53335295159768], [30.752348753810992, 69.53338970676865], [30.752433354269012, 69.53341438520513], [30.752487702522394, 69.53342625654562], [30.75258859710081, 69.53344176409703], [30.75265716928302, 69.5334469644189], [30.75274783618704, 69.53345067534268], [30.752860164464522, 69.53345127485305], [30.752984246530772, 69.53344857116619], [30.753209910721043, 69.53344376706569], [30.753296902851385, 69.5334387685773], [30.75337936220552, 69.53343335823548], [30.753473578700742, 69.53342150492655], [30.753681581352893, 69.5333901709257], [30.75379880800717, 69.5333748964956], [30.753913806055284, 69.53336121315117], [30.75401704162467, 69.53335221878865], [30.754143437372605, 69.53334209792541], [30.75433437779562, 69.53333219358417], [30.75450305628154, 69.53332425579116], [30.75474911484442, 69.53331885587961], [30.75499832834325, 69.53331344079254], [30.755070042651326, 69.53331022384246], [30.75513329228838, 69.53330732814472], [30.755202523939687, 69.53329907755], [30.755239580990892, 69.53329084826002], [30.755282033321645, 69.53327648731917], [30.75534118107922, 69.5332489475253], [30.755393594965852, 69.5332313566638], [30.755465605265073, 69.53321490789003], [30.7555599129803, 69.5332038758648], [30.75567219513075, 69.53319847576518], [30.755792065248823, 69.53319892964237], [30.755935996274584, 69.5332039906898], [30.756135692237077, 69.53321266516346], [30.756358357705352, 69.5332297410931], [30.756610031752366, 69.53324330220019], [30.756817744674194, 69.53325769795255], [30.756990320904457, 69.53327552865915], [30.757142852654088, 69.53329826070839], [30.75730947898585, 69.53332707577763], [30.757578508443824, 69.53338316767123], [30.75778726354212, 69.53341814976861], [30.757931431682177, 69.53343574537475], [30.758075217339822, 69.53345143715966], [30.758233673111818, 69.53346244742154], [30.758307796985967, 69.53346556222212], [30.758373246444776, 69.533468371471], [30.758517514188046, 69.53347247601393], [30.75870967251119, 69.53347011815745], [30.758809561667217, 69.53347066426274], [30.75888704479146, 69.53347263697415], [30.758955145075472, 69.53348000236227], [30.75905800884508, 69.53349670940064], [30.759153011813876, 69.53351174288598], [30.759216213982178, 69.53352205452164], [30.759291764283894, 69.53352845348361], [30.759405518876836, 69.5335323333272], [30.759506131381958, 69.53353558229082], [30.75958906634553, 69.53354092851288], [30.759649419696192, 69.53354956448365], [30.759708651050907, 69.53356439862088], [30.759784174659632, 69.5335861281286], [30.760064518238334, 69.53369140252958], [30.760132499247476, 69.53371327581578], [30.760205290851626, 69.53373313420512], [30.76026402398125, 69.5337462598815], [30.760314238065106, 69.53375509514825], [30.760356020832024, 69.53375870850013], [30.760401956063696, 69.53375769001472], [30.76044253906146, 69.53375587400863], [30.760721223009032, 69.53370598664145], [30.760914960071947, 69.53367079224562], [30.760981182317536, 69.5336599551803], [30.761048535645934, 69.5336495674571], [30.761116878985, 69.53364398208248], [30.761189261944594, 69.53363885392746], [30.761234954906907, 69.53363157852881], [30.76127586235744, 69.53362216043898], [30.76132270166267, 69.533604529249], [30.76137351400564, 69.5335792355683], [30.761438043409544, 69.533551841477], [30.761573918520927, 69.53350851890424], [30.76167570524463, 69.53348294033093], [30.761777640123533, 69.53346279600763], [30.76186342601569, 69.53344747026023], [30.761947091904577, 69.53343492615784], [30.762044488969124, 69.53342064961339], [30.762194941520296, 69.53340709588485], [30.76230294074286, 69.53339497757986], [30.762363815219217, 69.53338509645266], [30.7624181859777, 69.53337184656083], [30.762449201275025, 69.53335946528865], [30.762509925655344, 69.53332494323169], [30.762596164512143, 69.5332606349483], [30.762697086462484, 69.53316966657557], [30.7627401512295, 69.5331425037698], [30.762773400094638, 69.53311911191241], [30.76279415703673, 69.53309909229002], [30.762808764925186, 69.53307687153841], [30.762818978598407, 69.5330530259752], [30.762810152210747, 69.53302004639436], [30.76279104780394, 69.53297730657977], [30.76276600654534, 69.53292985283126], [30.762757830363082, 69.53290087604515], [30.762756815998927, 69.53287788493115], [30.76276462662274, 69.53285749366637], [30.762786320951253, 69.532834524737], [30.76282071471518, 69.53281195027466], [30.76286952808401, 69.53278785660991], [30.762944011396254, 69.53276037145932], [30.763019904792746, 69.53273894254183], [30.763091073656796, 69.53272173677699], [30.763172147559544, 69.53270786190159], [30.763237717471224, 69.53270105463699], [30.76329841219305, 69.53269617599167], [30.76336608942502, 69.5326942523454], [30.7634368543794, 69.53269536714271], [30.76349964832194, 69.53269675794829], [30.763575276260266, 69.5327036094037], [30.763653977743274, 69.53271313125094], [30.763739162527873, 69.53272389981862], [30.76382305724388, 69.53273331030744], [30.763883754144786, 69.53273646486012], [30.76394168124123, 69.53273839830662], [30.76401089529828, 69.53273780961727], [30.764061927362135, 69.5327358565181], [30.764105832035547, 69.5327304077682], [30.764150796446927, 69.53272356815343], [30.764355317960472, 69.53267647436368], [30.764479565350637, 69.53265269293618], [30.764619463074535, 69.5326304177054], [30.764799535190157, 69.53260543950935], [30.76494746661699, 69.53258611397966], [30.7650573407889, 69.53256984928365], [30.765142075212722, 69.53255628088617], [30.76520278058391, 69.53254373622724], [30.765272815772914, 69.53252608025691], [30.765361930526012, 69.53249945556757], [30.765493472615244, 69.5324612392076], [30.76556285501173, 69.53244272009566], [30.765567083911325, 69.53244168225564], [30.765627550095754, 69.53242777442742], [30.76569855326253, 69.53241593844444], [30.765756172811795, 69.53240838856837], [30.765804368767434, 69.53240512760954], [30.76586401664652, 69.53240200698453], [30.76603897626058, 69.53239679975974], [30.766289529991273, 69.53239281291], [30.766376425010247, 69.5323918792023], [30.766477043868814, 69.5323874588159], [30.766628614028733, 69.53238063018742], [30.766736949071678, 69.53237734215492], [30.76694191108168, 69.5323751740434], [30.767117113736425, 69.53237622239992], [30.7671573800592, 69.53237748113357], [30.76723474345689, 69.53237964558214], [30.767315673972814, 69.53238443469178], [30.76740614098458, 69.53239101880315], [30.76748788021069, 69.53240385902942], [30.767595401664273, 69.53241939112509], [30.767679629340435, 69.53243098514207], [30.767706731959148, 69.53243263137038], [30.76775262723025, 69.53243226074989], [30.767825202675372, 69.53242110930658], [30.767901452480267, 69.53239946006033], [30.76796754059151, 69.53237902857724], [30.768029552487672, 69.53235878975869], [30.768085251745678, 69.53234486053826], [30.768187133081756, 69.53232046872611], [30.76832808784858, 69.53228738046496], [30.768396915196487, 69.53227057350706], [30.76844989356342, 69.53225828117215], [30.768502087724457, 69.53224809294449], [30.76856967145217, 69.5322390654198], [30.76865706386279, 69.53222552593677], [30.768728158508626, 69.53221451111959], [30.768815640580623, 69.53219376055905], [30.76887820052733, 69.53217808768824], [30.768945314034962, 69.53216494812798], [30.76899351665081, 69.53216030044179], [30.769031855353433, 69.5321565660284], [30.769135548866537, 69.53214853495335], [30.76920344264589, 69.53214271040098], [30.769264353237055, 69.53213393104878], [30.76933638391459, 69.53211996665385], [30.769389217640345, 69.53210399365906], [30.769465771037186, 69.53207751359456], [30.76952488669331, 69.53205763456435], [30.769574680236172, 69.53204462091331], [30.769631392754615, 69.532031335964], [30.769741840758876, 69.53201409119772], [30.769867200351836, 69.53199528093018], [30.769957710326835, 69.53197923575145], [30.770082164864554, 69.53195469152354], [30.770336505800195, 69.53190371461206], [30.770422556269914, 69.53188281854247], [30.770507716203234, 69.53185655666502], [30.770640922963764, 69.53180903923825], [30.77078676187203, 69.53176496904646], [30.770884104564708, 69.53174016436773], [30.77096041213162, 69.53172487962577], [30.7710407082148, 69.53171033360665], [30.771117812019295, 69.53169959218417], [30.771190730479603, 69.53169099281392], [30.77125688163804, 69.53168495928958], [30.771316642609662, 69.53168164138442], [30.771403339365943, 69.53167730655132], [30.77148572713439, 69.53167669505466], [30.771556931126174, 69.53167804263498], [30.771661959342524, 69.53168364527642], [30.771807012209628, 69.5316954219799], [30.7719903273698, 69.53171418227126], [30.77211496458615, 69.5317275723828], [30.77221191341432, 69.53173540043834], [30.77228006373819, 69.53173933911921], [30.772351035791402, 69.53174107724408], [30.772432422960645, 69.53174018860396], [30.77251449974955, 69.53173637341509], [30.77280476746857, 69.5317214032022], [30.773040314326018, 69.5317104846813], [30.77318009855736, 69.53170621876286], [30.77329086516408, 69.53170510196593], [30.773370010890066, 69.53170543624186], [30.77343180140823, 69.53170654678839], [30.773532747301566, 69.53171058721456], [30.77359732945458, 69.53171504055078], [30.773715382476414, 69.531727746589], [30.77388935054193, 69.53174949463948], [30.773969292053504, 69.53176379120806], [30.774457428495136, 69.53185136952577], [30.77479588907336, 69.53189768116881], [30.77496859028443, 69.5319201920819], [30.775138761316658, 69.53193656546192], [30.775330551714536, 69.53195989352561], [30.77560322221451, 69.53198828834125], [30.775963504119435, 69.53201355377865], [30.776358192704134, 69.53204209541494], [30.776919639853684, 69.53208039830825], [30.777110534057538, 69.53209032530712], [30.777268523578247, 69.53209582045234], [30.77740022987729, 69.53209691682319], [30.777539282951103, 69.53209446977937], [30.777736204058858, 69.53209247931804], [30.777949283843856, 69.5320923160506], [30.778253839896678, 69.53209134229526], [30.778421641906057, 69.53208992486323], [30.77856714216346, 69.53208623324204], [30.778695780033228, 69.53208013291722], [30.77885722782891, 69.53206822229298], [30.77902877769271, 69.53205048121877], [30.77911267434254, 69.5320441856213], [30.779227401603908, 69.53203992777807], [30.779395514914658, 69.53203857285871], [30.780053066013863, 69.53204903062951], [30.780272933818722, 69.53205155993807], [30.780406184554035, 69.53205260323288], [30.780514776091373, 69.53204965181394], [30.780616143383742, 69.53204238303466], [30.78071538526242, 69.53203300247858], [30.780903938001515, 69.53200250996859], [30.780912669774665, 69.53200114678077], [30.781074366227248, 69.53197212680962], [30.781216924617077, 69.53195199074963], [30.781293523546886, 69.53194267638864], [30.781390161893942, 69.53193787692123], [30.781510233497364, 69.53193580027785], [30.781633981558016, 69.53193125889042], [30.781720219680583, 69.53192631483113], [30.781819214577112, 69.5319200962257], [30.78196705494701, 69.53191461483237], [30.78207560935417, 69.53191231221912], [30.78217216200745, 69.53191472327097], [30.78224997471525, 69.53191887092756], [30.78232698318204, 69.53192614052516], [30.78239278735871, 69.53193638770158], [30.78247834942093, 69.53195496199392], [30.782549885838645, 69.5319755748299], [30.782655766202666, 69.53200879619298], [30.78275419358776, 69.5320506500517], [30.782831045215953, 69.53209293350783], [30.782920066360745, 69.53213316567992], [30.782986027831335, 69.53215826599782], [30.783024985849963, 69.53217487955791], [30.783068316210212, 69.53218785575918], [30.78311991349796, 69.53219711070486], [30.783189134040764, 69.5322045476912], [30.78330313868103, 69.53221014289232], [30.783400990966886, 69.5322125252754], [30.783492264576168, 69.53221283923394], [30.783602951768003, 69.53220812176797], [30.783719708865398, 69.53220201054623], [30.783847815370983, 69.53219346216483], [30.78409245922334, 69.53217328170759], [30.78420420549055, 69.5321703126184], [30.78436216861927, 69.5321782049108], [30.78463142305461, 69.53220902719558], [30.78474859074442, 69.53221635994991], [30.784867771632552, 69.53221519474334], [30.78490417069067, 69.53221098991118], [30.7849087903796, 69.53221046937988], [30.784993328464104, 69.53219700058958], [30.785090742679696, 69.53219148071585], [30.78519747970815, 69.53219479318338], [30.78530171737972, 69.53220526333806], [30.785439174837887, 69.53222336665495], [30.785490621207234, 69.53223346609835], [30.785530434497026, 69.53224353563063], [30.785555307860474, 69.53225443585963], [30.78557208811526, 69.5322671944176], [30.785586861005743, 69.53228392530507], [30.785602545726373, 69.53229558488611], [30.785630945809448, 69.53231114500824], [30.78566061231308, 69.53231966164596], [30.785720594667943, 69.53232813870798], [30.78589653293803, 69.53233990447225], [30.78609449152448, 69.5323546157319], [30.786158972537585, 69.53236729307393], [30.786204909555444, 69.53238196636198], [30.786254587964553, 69.53239426117737], [30.78633204324392, 69.53240490469719], [30.78641529252134, 69.5324134411924], [30.786492064109698, 69.53241934591735], [30.78659231942188, 69.53242455133162], [30.786757653152108, 69.53243101963035], [30.786862004309754, 69.53243187424181], [30.787101711683345, 69.53243375662832], [30.78721348955938, 69.53243466136354], [30.787334718917286, 69.53243829146066], [30.787417400587614, 69.53244189330668], [30.787468523794082, 69.53244075570458], [30.787530669577976, 69.53243674929898], [30.787606947179718, 69.53242561484869], [30.787686624595526, 69.53241130237558], [30.787757211337766, 69.5323909064421], [30.787838746995575, 69.53236580150929], [30.788126508448503, 69.5322819606091], [30.788392382968894, 69.53220476559491], [30.788556186038292, 69.53215901210113], [30.788733526986572, 69.532109879262], [30.788824716073606, 69.53208951200062], [30.78892004609673, 69.53206903780975], [30.789045487101735, 69.53204651067163], [30.78913212670087, 69.53203616931167], [30.78923858197798, 69.53202934696264], [30.78940889441553, 69.53202112913797], [30.78956921323385, 69.53201365300603], [30.78968223915307, 69.5320071446493], [30.78977839515439, 69.5319996145682], [30.789926857903545, 69.53198344830406], [30.790046853505682, 69.53196558092553], [30.790240111916482, 69.5319339942728], [30.790377147703364, 69.53191214555018], [30.790468753266538, 69.5319006965197], [30.790549562299926, 69.53189311135613], [30.790646022954096, 69.53188703006968], [30.790783554820205, 69.53188221966846], [30.791088313730352, 69.53187871058851], [30.79119321214073, 69.53187784931798], [30.791280043731337, 69.53187543102443], [30.791370093319525, 69.5318699437889], [30.79144570922205, 69.53186247031645], [30.791484774215927, 69.53185690852757], [30.791485020782442, 69.53185688566379], [30.791910186288536, 69.53178412164937], [30.792091185680043, 69.53175551636214], [30.792699798404264, 69.53166749296349], [30.792925826324403, 69.53164015949065], [30.793118955957972, 69.53162095593284], [30.793337896426774, 69.53160203657524], [30.79350255112865, 69.53159018320935], [30.79364124899223, 69.53157750471314], [30.793856948693463, 69.5315518665185], [30.794165282719906, 69.53151892944278], [30.794324352735813, 69.531499004521], [30.79447226809194, 69.53147863639052], [30.794559319013292, 69.53146326678808], [30.794656571057377, 69.531444642203], [30.794765239536495, 69.53141914054932], [30.79495096939017, 69.531366820442], [30.795175676579788, 69.53129453861165], [30.795397631744336, 69.53122001814633], [30.79556062147277, 69.53117460866092], [30.795703695682825, 69.53113704912201], [30.79596480410379, 69.53106545283136], [30.79608265723914, 69.53103152527595], [30.796179057268734, 69.53099644766694], [30.796245235511897, 69.53095909405981], [30.796377220074294, 69.53088285123845], [30.79649333622174, 69.53079053343646], [30.796599319561167, 69.5306893661662], [30.79667595547899, 69.53063829762152], [30.79674397608754, 69.53061139321414], [30.796825096000134, 69.53058715236588], [30.79696319729901, 69.53055836427605], [30.79706380265308, 69.5305340703477], [30.797208788985348, 69.5304704730903], [30.7973191218322, 69.5304112910307], [30.797504346142784, 69.53029316690282], [30.79758516376246, 69.53024309501103], [30.797639449917583, 69.530211646062], [30.79768419223347, 69.53018745478818], [30.797733678125756, 69.53016430104924], [30.797811108948274, 69.53013763120117], [30.797922324136238, 69.53010191642635], [30.79820737611659, 69.53000482100893], [30.79835213963971, 69.52996497744587], [30.79841102585386, 69.52995249530473], [30.798453572516603, 69.52994596201485], [30.79853377965658, 69.52993445696276], [30.798634568133295, 69.52992399760505], [30.79871834556773, 69.52991511647636], [30.798794382067992, 69.52990298235986], [30.798849231352463, 69.52989318339615], [30.798897159551586, 69.52988051716878], [30.79894000557525, 69.52986915363115], [30.798980691705598, 69.52985180286308], [30.79902442224878, 69.52983324608603], [30.799063100377126, 69.52981672806351], [30.799121913961784, 69.52979788002695], [30.799210198196516, 69.52977195698423], [30.79933219183383, 69.52974281380101], [30.79977599593142, 69.52963551019455], [30.799942169818667, 69.52959746468893], [30.800016505181365, 69.52958308655916], [30.80010152147046, 69.52956817906562], [30.8002215688404, 69.52955214506198], [30.800320266543487, 69.52954206321458], [30.800408092823357, 69.52953086597175], [30.80049135651992, 69.52951852205182], [30.80056127434991, 69.529503537668], [30.80071123454137, 69.52946847340198], [30.800814957193534, 69.52943890019287], [30.800891015847753, 69.52941669637015], [30.800973118215833, 69.52939097636487], [30.80103234738703, 69.52937024181837], [30.801102351219676, 69.52934213501082], [30.80119848171368, 69.52930079832741], [30.801469109906517, 69.52918120682052], [30.80153652939595, 69.52915804959099], [30.801607329022705, 69.52913587158905], [30.801663138976185, 69.52911933287139], [30.801733674819832, 69.52910133517938], [30.801826492733895, 69.5290821007893], [30.80195190176203, 69.52905956469888], [30.802074602425886, 69.52904041986403], [30.802260238351934, 69.52902180657067], [30.802442024845277, 69.5290043814878], [30.802556561494928, 69.52899292045255], [30.802664899533912, 69.52898268109101], [30.8027526866898, 69.52897213247276], [30.802833989538215, 69.5289603385334], [30.802949438886635, 69.5289424200792], [30.803240767359366, 69.52889266241917], [30.80337627917918, 69.5288737127569], [30.80347873136457, 69.5288602325732], [30.803548083054984, 69.52885425751955], [30.80362107650361, 69.52884960679808], [30.803706943089935, 69.52884662419349], [30.803808489799447, 69.5288458803413], [30.803905759856, 69.52884645691478], [30.804127404189305, 69.52885239012238], [30.804255173843735, 69.52885909394813], [30.804389644419672, 69.52886628396035], [30.804501893179946, 69.52887618299165], [30.80465192696532, 69.52889033248306], [30.804797307082318, 69.52890565265817], [30.804942383636575, 69.52892718865746], [30.80503878777718, 69.52894751651773], [30.80509936409715, 69.52896304280819], [30.80514865112731, 69.52897933993688], [30.80519723275282, 69.52899958143004], [30.80524806176859, 69.52902487851875], [30.805297715632967, 69.5290608131159], [30.80535602669096, 69.52911792452467], [30.80539290283716, 69.52915301341105], [30.805424107608772, 69.52917643792355], [30.80545412737958, 69.52919202992834], [30.805487110842748, 69.52920596150565], [30.80552127240329, 69.52921692072606], [30.805577039392684, 69.52923584872136], [30.80562674010008, 69.52925164562326], [30.805685229802076, 69.52926755021687], [30.805763988764788, 69.5292844362733], [30.80584478118308, 69.52929808583401], [30.80593602946335, 69.5293056852548], [30.806021106357548, 69.52930757737528], [30.806061334019766, 69.5293049513739], [30.80610707623383, 69.52929950458048], [30.806165095125586, 69.52928866981308], [30.80621811931282, 69.52927368092722], [30.806261228038714, 69.52925674946363], [30.806269303139885, 69.52925452217389], [30.806403229098432, 69.5292164150934], [30.80647991004021, 69.52919294987608], [30.80649319732986, 69.52918959223207], [30.806625380813937, 69.52915580265174], [30.807133996560086, 69.52907349079774], [30.80725053469635, 69.52905352866334], [30.807330481522996, 69.52904342834543], [30.80741575529952, 69.52903652765836], [30.807567259312254, 69.52903206726856], [30.80774268487373, 69.5290271406259], [30.80795109809414, 69.52901804292478], [30.80816287208843, 69.52900641639798], [30.808271770117667, 69.52899935374123], [30.808360112026044, 69.52899336831524], [30.808429809791278, 69.52898680494647], [30.808503335977576, 69.52898007080917], [30.808577823299494, 69.5289711232165], [30.808652099345412, 69.52896154871173], [30.80877743918002, 69.52894206115853], [30.808870721874158, 69.52892832058812], [30.808946385865795, 69.52892092596481], [30.808992739863136, 69.52891837686431], [30.809052712168498, 69.52891604101022], [30.80913375313514, 69.52891608966787], [30.809207730900432, 69.52891587053996], [30.809269785809114, 69.52891454186788], [30.80936055169395, 69.52891036264405], [30.80943547073449, 69.52890442229652], [30.80949366745155, 69.52889800276436], [30.80957489541432, 69.52888750524468], [30.809727183936953, 69.52886597644178], [30.809859409006755, 69.52885000469199], [30.80995778132286, 69.52884123987278], [30.81006041954486, 69.52883392600718], [30.810309413107863, 69.52881884056616], [30.810416875504366, 69.52881301799826], [30.810571979110613, 69.52880738931945], [30.81117112231082, 69.52880171785115], [30.811569573103466, 69.52877912415057], [30.811694984556556, 69.52877052562627], [30.812254744743942, 69.52874735780699], [30.812355424839566, 69.52874511924401], [30.81248696358409, 69.52874564856302], [30.812586693029502, 69.52874737715099], [30.812636723867083, 69.52875002696219], [30.812720918578336, 69.52875458355994], [30.812857106364458, 69.52876437835252], [30.813039985234404, 69.52878285907974], [30.81337013760074, 69.52883550279327], [30.81377295348928, 69.52891159815562], [30.814002079508207, 69.52894896448721], [30.814287491364958, 69.52899061559451], [30.814500905533762, 69.52901143093624], [30.814879945138554, 69.52903875105103], [30.81511535680223, 69.52904089804306], [30.81541642723912, 69.52902558581393], [30.81564660832285, 69.52901039277315], [30.81582234016023, 69.52899194493408], [30.815967407564614, 69.52896646298755], [30.81603578280103, 69.52895189164096], [30.81629358435263, 69.52883844850678], [30.816331804156867, 69.52882169086926], [30.81644861841235, 69.52878017648479], [30.816572609626913, 69.52875369624077], [30.816684117655278, 69.52874102865647], [30.816764588702576, 69.52873927942706], [30.816831594496794, 69.52874552322567], [30.81690758761249, 69.52876118392032], [30.8170139704711, 69.52879221612254], [30.817098809908064, 69.52881536724364], [30.817221253092956, 69.5288338243251], [30.817311515602206, 69.52883698385426], [30.817529152475796, 69.52884317997675], [30.81762366172117, 69.52884880795105], [30.81772396211595, 69.52885685335602], [30.8178496653828, 69.52887334472155], [30.817990027988518, 69.52888828938798], [30.81807746328536, 69.52890685809977], [30.818128269206397, 69.52892375005727], [30.818166871854473, 69.52894473123965], [30.818184671243774, 69.52896228830534], [30.818181569741512, 69.52898603568144], [30.818160504061886, 69.52901219087948], [30.818140135383068, 69.52903126201997], [30.818085321845604, 69.52905362556916], [30.817962532567773, 69.52909421856354], [30.81783841583311, 69.52913862911922], [30.81775561999376, 69.52917698417741], [30.81771996427734, 69.52920338638677], [30.81769615454971, 69.52922453192765], [30.817684919171683, 69.52925356048489], [30.81769729144306, 69.52929249491623], [30.817721899767413, 69.52931763942983], [30.817758081979765, 69.52933542830975], [30.81783588679876, 69.52936043350437], [30.817938187111643, 69.52938537963334], [30.81816613336163, 69.52944030691758], [30.818294195724402, 69.52947486623877], [30.818333134421145, 69.52948898168059], [30.818374917087688, 69.52950754322634], [30.818403286532632, 69.52952337945773], [30.818420747272228, 69.52954918800174], [30.818431535566976, 69.52958568360839], [30.81844207289311, 69.52960862571436], [30.818453568912705, 69.52962482888447], [30.81847919048185, 69.52963704131784], [30.818527029767683, 69.52965245411777], [30.818588929218063, 69.52966378987838], [30.81867728421615, 69.52966860395998], [30.818789899044205, 69.52967513558265], [30.81888375501332, 69.52968581129828], [30.818979104045535, 69.52970715431783], [30.819141422956438, 69.52977713689098], [30.81933150767493, 69.52981692419424], [30.819440711388378, 69.52984713939236], [30.819560164651367, 69.52989330409625], [30.81965220465549, 69.52995272946049], [30.819692594467355, 69.53000633226779], [30.819710719572388, 69.53006606752751], [30.819729640802205, 69.53012859198259], [30.81976785290132, 69.53016992857604], [30.81983646693808, 69.53020890232999], [30.81989495346808, 69.53023487068711], [30.819932225545315, 69.53025200397575], [30.820000093226074, 69.53027294451371], [30.82007086528387, 69.53028484099268], [30.820174222954147, 69.5302948181825], [30.820297097209462, 69.53029503902138], [30.820437910913533, 69.53028029310707], [30.820724963808228, 69.53023394902397], [30.820877618164847, 69.53021533170434], [30.821039586900902, 69.53021247360769], [30.821175826424533, 69.53023066285817], [30.8213774175307, 69.53028665078729], [30.821543974390327, 69.53033471834274], [30.821688299903464, 69.53036286975454], [30.82199152621897, 69.5303872465689], [30.822225881866625, 69.5304008435711], [30.822422069942917, 69.53042048075588], [30.82256000880889, 69.53043186122288], [30.822715839170634, 69.530453955347], [30.82284398954613, 69.5304962625329], [30.822928812841283, 69.5305395480569], [30.82297346759743, 69.53058241011392], [30.823017623178668, 69.53065939977236], [30.823029033472096, 69.53073148935485], [30.823019247017953, 69.5307937264998], [30.82294069945344, 69.53085681175027], [30.822821419791705, 69.53093125559846], [30.822685525258386, 69.53102275986599], [30.82267292210412, 69.53106041356767], [30.822679213307755, 69.53116715234395], [30.822657010268614, 69.53127007365737], [30.822694425869646, 69.53132182870019], [30.82275504658387, 69.53135581844475], [30.822834756151902, 69.53138018368516], [30.82295007229265, 69.53140382628085], [30.823054614853493, 69.53141535468828], [30.823159744080712, 69.53142313408048], [30.82328205770803, 69.53142608388379], [30.82341012541784, 69.53141713846288], [30.82349076203168, 69.53140724367894], [30.823593300505053, 69.53138099754304], [30.82366014108294, 69.53133691798232], [30.823741039692482, 69.53125153951709], [30.82379406987003, 69.53122647662984], [30.82396731939395, 69.531179342904], [30.824181637850977, 69.53112303530447], [30.8243140013467, 69.53109992794712], [30.824487382661317, 69.53109018770294], [30.824856489130855, 69.53108728712185], [30.8251896541332, 69.53108744905335], [30.825660474246547, 69.53108017333638], [30.82582296813704, 69.53107938672203], [30.82595395185738, 69.53107220008857], [30.82608770628783, 69.53105579669798], [30.826228626506698, 69.53102727424397], [30.826375814281043, 69.5309903183025], [30.826564956426644, 69.53093874856339], [30.826634077040527, 69.5309272439332], [30.826692958881488, 69.53092241742526], [30.826743111813684, 69.53092486761173], [30.826824272466308, 69.53094835745351], [30.826878565326012, 69.53099069279811], [30.82692676103278, 69.53103368724238], [30.82708279085677, 69.5311092374635], [30.827134870026928, 69.53115039313533], [30.827171695873393, 69.53127369146357], [30.827200190882714, 69.53131750115666], [30.827248438708835, 69.531354302499], [30.827341441293168, 69.53138574308807], [30.8274355126158, 69.53139981249949], [30.827609647227302, 69.5314199246656], [30.82801705474419, 69.5314525269566], [30.828187084280028, 69.53147209657966], [30.828255191309434, 69.53148811736399], [30.828409020320574, 69.53151381091325], [30.828592844539873, 69.53151852050985], [30.82876842235831, 69.5315109733093], [30.828879621012426, 69.53148779772003], [30.829082674110676, 69.53140796181725], [30.829132978714256, 69.53139774356187], [30.829202642365868, 69.53139773282308], [30.829256829476886, 69.53140340952544], [30.829345690561652, 69.53141860890557], [30.82941655222536, 69.5314250445081], [30.829487818333295, 69.53142784031552], [30.82969310798362, 69.53142953715432], [30.82980276512557, 69.53143458264888], [30.830038935286417, 69.53145123436603], [30.830341619963956, 69.53149014992712], [30.830544015500216, 69.53152314907707], [30.830797044035776, 69.53155818311377], [30.830991261015804, 69.53160856772848], [30.83115141392227, 69.531666922222], [30.831307886554338, 69.5317378108626], [30.83145743428123, 69.53180583346445], [30.831607905539613, 69.53189141169634], [30.831735091826374, 69.53199707351743], [30.83180418975978, 69.53208079644156], [30.83189095819617, 69.53211235319745], [30.8320637470466, 69.5321355424527], [30.83229198055916, 69.53215597781505], [30.83249069846874, 69.53218516099005], [30.83274463944146, 69.53222103187824], [30.83291788699035, 69.53225803246215], [30.833034113958004, 69.53229119082435], [30.83311558180212, 69.53232758119275], [30.833155496119367, 69.53237042159043], [30.833157204373872, 69.53242134042705], [30.83314157092734, 69.53251303439757], [30.833178560587584, 69.53256870837471], [30.833263444140677, 69.5326127245503], [30.833398797710323, 69.53265925223336], [30.83364790741091, 69.5327301160856], [30.833904785875273, 69.53279000480453], [30.834281666147266, 69.53285499065575], [30.8344528182927, 69.53289200046393], [30.8346111116956, 69.53293953479161], [30.83471362560153, 69.53297895546764], [30.834806959840144, 69.5330163664263], [30.83488388376282, 69.5330651864909], [30.834950746927397, 69.53311605051277], [30.8350319108917, 69.53315828779617], [30.835116562856417, 69.53319225727978], [30.835288146705707, 69.53325555062652], [30.83546648265893, 69.53331313586887], [30.83563389646503, 69.53337580081009], [30.835802970258317, 69.53345872411813], [30.835886346209517, 69.5335181203033], [30.835953242847822, 69.53357701697067], [30.836015605685922, 69.53368242580622], [30.836063546068385, 69.53383314205331], [30.836084919089036, 69.53388214036724], [30.83613065268684, 69.53392776484235], [30.836228919027786, 69.53396019099652], [30.836313545770032, 69.53397291850858], [30.836435016579674, 69.53397750888239], [30.8366185149152, 69.53395637958305], [30.836801244534612, 69.5339199887789], [30.83690905583135, 69.5339058980668], [30.83701680590688, 69.53390354347182], [30.837142807340307, 69.5339099287542], [30.837241617895767, 69.53392152142823], [30.837302693210106, 69.53393625412579], [30.83735292902724, 69.53396243231957], [30.83735211994591, 69.53399160294768], [30.837316428236587, 69.53401967658402], [30.837262215134707, 69.53404873382976], [30.837232689939686, 69.53407484843235], [30.83721620893159, 69.53410215139954], [30.83721660457387, 69.53412908554796], [30.837253150440883, 69.53417685758372], [30.837374666498846, 69.5342732553091], [30.83753023120473, 69.53439050164977], [30.83755736695948, 69.53445716034432], [30.83772476481816, 69.53457469168953], [30.83786758305203, 69.53465673115089], [30.83799459400839, 69.53472490790054], [30.83813612674135, 69.53476042173024], [30.838328352436534, 69.53477579544237], [30.83850101772552, 69.53478661493759], [30.83865240968467, 69.53482989393511], [30.838721138166726, 69.5348835399851], [30.838934990242723, 69.53504866052512], [30.839169180670734, 69.53515332871838], [30.83925046440022, 69.5351863175395], [30.839354955233016, 69.53521058974401], [30.839477881271407, 69.53522889831028], [30.839643069902944, 69.5352486331097], [30.839793328974, 69.53525045168931], [30.839936475786665, 69.53523630557817], [30.840200938493233, 69.53518935331299], [30.84034395343467, 69.53516773731216], [30.84045412162126, 69.53515952170136], [30.84054596441024, 69.53515984582954], [30.840648352705273, 69.53516953412758], [30.840748173154182, 69.5351959950297], [30.840844308728332, 69.53523914773187], [30.840928966952692, 69.53530054843436], [30.840961024939656, 69.53531668645594], [30.84100397449403, 69.53532700820473], [30.8411030897423, 69.53533099687886], [30.841209445549584, 69.53533791430227], [30.84127902873051, 69.53535028447487], [30.841461682635614, 69.53539508736216], [30.84175786889936, 69.53544964964243], [30.84209412464982, 69.53549475714422], [30.842351217675812, 69.53551175920303], [30.842705183164675, 69.53552944741432], [30.843186262367592, 69.53554593141087], [30.843527613247726, 69.53553763526153], [30.84408343492697, 69.53550448862859], [30.844468930706835, 69.53553309505706], [30.84471516494828, 69.53554934908347], [30.84497745458621, 69.5355575507016], [30.845146623005633, 69.53556305515727], [30.845573603185272, 69.53558927723219], [30.846241055487216, 69.53567209778703], [30.84645055865851, 69.53571643018077], [30.846569661318465, 69.5357362909942], [30.84681897784905, 69.53576666518579], [30.84711450092045, 69.53579948220145], [30.847328925037317, 69.53583291804259], [30.847472135281873, 69.53586226591139], [30.84758006382224, 69.53589138696208], [30.847697361392946, 69.53593700165278], [30.847802442378427, 69.53598633956112], [30.84786052803226, 69.53604226779214], [30.847887155497876, 69.53608320376834], [30.847919687527636, 69.53615656641118], [30.847974742910704, 69.53626893775056], [30.84803738055019, 69.53632564323294], [30.8482671488988, 69.53640947024779], [30.84838834328326, 69.53645638485514], [30.848549003593305, 69.53653472732675], [30.848613796151678, 69.53657377424017], [30.84877317719967, 69.53663376160132], [30.848892764995277, 69.53666188961], [30.848976265278562, 69.5366623395704], [30.849086001576673, 69.53664972517223], [30.84920413929286, 69.53660787863345], [30.849321328699, 69.53655401967448], [30.84942342042261, 69.53653343362167], [30.84962562672103, 69.53653133340505], [30.849956752891337, 69.53654984101902], [30.850185920074505, 69.53657035573883], [30.85044798814756, 69.53656296010561], [30.850763049046613, 69.53652144232827], [30.85102926892331, 69.53646950582633], [30.851319990341658, 69.53641750508363], [30.85147105029163, 69.53640750847285], [30.85165441251217, 69.53642055367291], [30.851963840116397, 69.53648135121861], [30.852729339042373, 69.53672323340705], [30.85296715986105, 69.5367606746484], [30.853324656810422, 69.5367864204981], [30.85365971230655, 69.53682848017475], [30.85413922739608, 69.53688969804777], [30.854530059163796, 69.5369450381851], [30.854868811564685, 69.53702249995101], [30.854991503344422, 69.53704774913098], [30.855137496987943, 69.53706371608108], [30.855280738604154, 69.53706321966614], [30.85556569787226, 69.53704842005283], [30.85602432710494, 69.53709291873544], [30.856222003575503, 69.53710047020527], [30.856639827518592, 69.53707847069906], [30.856830684440773, 69.53707427842292], [30.857026736529416, 69.5370800403838], [30.857351422361827, 69.53708380063237], [30.85761362089054, 69.53710224684171], [30.857956458246022, 69.53717082487022], [30.858215856517553, 69.53718315725233], [30.858625315560534, 69.53717237009057], [30.8589139201066, 69.53713459372443], [30.859020159426603, 69.53712848741549], [30.8590728806648, 69.53712838112469], [30.859147710391785, 69.53713720844765], [30.859233027377083, 69.5371566982429], [30.8593024681261, 69.53717683516267], [30.859343411680094, 69.53718484607458], [30.859391891416386, 69.53719825184966], [30.859438114882906, 69.53721528558893], [30.85947603191837, 69.53723771160654], [30.859577395386044, 69.53727759962317], [30.859671059822567, 69.53731118416655], [30.859761911374836, 69.53734697051117], [30.859839173074604, 69.53738189785125], [30.859923176653684, 69.53742672799338], [30.860046593674923, 69.53750705430411], [30.860271528911806, 69.53762503706234], [30.860304493605643, 69.53764025716161], [30.860342518806494, 69.53765657632974], [30.860370772579717, 69.53766733930716], [30.860415949595833, 69.53768160677927], [30.860458911275305, 69.5376933093248], [30.86049576246808, 69.53770253258813], [30.860528968650538, 69.53770904695286], [30.860569571345327, 69.53771487244798], [30.860600053086277, 69.53771849979827], [30.860639164077885, 69.53772132346604], [30.860686428946384, 69.53772237159644], [30.860838532492377, 69.53772206166428], [30.861032329579793, 69.53772276427715], [30.861181685647225, 69.53772474218076], [30.861304909258205, 69.53772776826541], [30.861421311139615, 69.5377318915087], [30.861528704331672, 69.53773805461898], [30.86163282511485, 69.53774581571182], [30.861789021564352, 69.5377585181361], [30.861906630353673, 69.5377704729277], [30.861998271696656, 69.5377829988155], [30.862093017324476, 69.5377971754022], [30.862181349481155, 69.53781472057915], [30.86226166094039, 69.53783282805033], [30.86232765999097, 69.53784912785005], [30.86238430791529, 69.537865282509], [30.862442529566973, 69.53788489321336], [30.86248850876545, 69.53790333484386], [30.862565541499208, 69.53794280922475], [30.862764622031804, 69.53805072779947], [30.862953464633556, 69.53817364104138], [30.862987016215833, 69.5382520834985], [30.86302799338127, 69.53844715139209], [30.86310109092759, 69.5385668049373], [30.86336591020066, 69.53885824777946], [30.86351708814522, 69.53898577817378], [30.863813116477765, 69.53921620979575], [30.86435762343173, 69.53971032382744], [30.86445482159114, 69.53982172845797], [30.864505734636495, 69.53991915407482], [30.86451749796797, 69.53993912011654], [30.864543726916924, 69.539972888403], [30.864572710757855, 69.53999743957246], [30.864604968727555, 69.54001900684418], [30.86463673659504, 69.54003784847838], [30.864682290557514, 69.54006057900796], [30.86472420009286, 69.54007921494818], [30.86477097696739, 69.5400959194657], [30.864827910035746, 69.54011417207963], [30.864893438201136, 69.54013365631924], [30.864977455028217, 69.54015557523276], [30.86507943389984, 69.5401806244914], [30.865191258419884, 69.54020577270019], [30.86529578810389, 69.54022827484097], [30.865408142686245, 69.54024995563822], [30.865511887774883, 69.54026865095274], [30.865608206570858, 69.54028452770336], [30.86571212109489, 69.54029858830462], [30.865814346088623, 69.54030938830422], [30.865925694389976, 69.54031933835088], [30.866050029440153, 69.54032761663265], [30.866297536731498, 69.54034021669052], [30.866373932585347, 69.5403420602523], [30.866470579568706, 69.54034275619566], [30.86655164560524, 69.54034240944041], [30.866644628859106, 69.5403414143071], [30.86674356334301, 69.54033921805409], [30.86684736492368, 69.54033509027616], [30.866956593710242, 69.54032768549965], [30.867101497544176, 69.54031233814646], [30.867333534335987, 69.54027686380627], [30.867468068878882, 69.54024095823533], [30.8674887063289, 69.54021326222185], [30.867456438183204, 69.54018162704394], [30.86727812280653, 69.54014198229719], [30.86715105283524, 69.5400895263053], [30.867120480338258, 69.54003861106253], [30.867142011807935, 69.54000445779536], [30.867391416345818, 69.53991895931142], [30.8675332586106, 69.53988745341633], [30.8676826499653, 69.5398856361911], [30.86798051076701, 69.5399373289936], [30.868166378623847, 69.53998550704873], [30.868232623986465, 69.54003263668902], [30.868265328965176, 69.5400912053594], [30.86831475496039, 69.54014433624126], [30.868315758411434, 69.54017999289809], [30.868250617894724, 69.54025571491705], [30.868254953014624, 69.54029678856556], [30.868311507807764, 69.54033743095232], [30.868613294245662, 69.54049416059745], [30.868902103247756, 69.5405904832033], [30.869277893915946, 69.54069283476106], [30.86960947654031, 69.54079052910065], [30.869712960538138, 69.54085395777143], [30.86977804862291, 69.54093666841517], [30.869788573577008, 69.54102991350749], [30.86981529082744, 69.54110141901], [30.869887702066816, 69.54113513352681], [30.870061026220263, 69.54116369445347], [30.870218940548362, 69.54118242097326], [30.87040861338244, 69.54124077454038], [30.870559854767237, 69.54136414083104], [30.8706015245804, 69.54148857175747], [30.87062937561758, 69.54160699247043], [30.870645519233268, 69.54170969122222], [30.870699821255347, 69.54178343024168], [30.87082255470401, 69.54183536550774], [30.871008858956213, 69.5418591137819], [30.871221888099587, 69.54186559095125], [30.871432096595367, 69.54188535613075], [30.871506986169216, 69.5419091396817], [30.871563265811815, 69.54193622783976], [30.87166735653303, 69.54206250985298], [30.87181696119501, 69.54219480470931], [30.87192009591857, 69.54223729570751], [30.8720586829688, 69.54226391940296], [30.87243278057711, 69.5423126608711], [30.87283318036696, 69.54238657195229], [30.873187500856602, 69.54241904878003], [30.87332191751237, 69.54244227277805], [30.873585817502228, 69.54251864941568], [30.87387980765694, 69.54258529299014], [30.87443602518662, 69.54267895222881], [30.874597744854487, 69.5427092383371], [30.875043215285505, 69.5427576973952], [30.87555206130544, 69.54280024841066], [30.875888757383642, 69.54279500919615], [30.876293439736592, 69.54276357034983], [30.876619783907103, 69.54271458227134], [30.87681541987201, 69.54267602231049], [30.877043118366583, 69.5426542428111], [30.87722343939775, 69.54267115276474], [30.87735886791593, 69.54272273312712], [30.877403198151374, 69.5427677474272], [30.87735601416083, 69.5428514087838], [30.87731746969444, 69.54294987713979], [30.87735358799005, 69.54305136275916], [30.877473523435903, 69.54316267996288], [30.877567870790312, 69.54326086243492], [30.877684563892544, 69.54334920188082], [30.877802167818448, 69.54342452305362], [30.87803176714892, 69.54354908237747], [30.87825783829669, 69.54366519429074], [30.878511924676285, 69.54378063449835], [30.8787870399246, 69.54389559229399], [30.879051759352787, 69.54399101030437], [30.87944572981418, 69.54412814477449], [30.879741066306124, 69.54422144695846], [30.88004844037934, 69.5443111322796], [30.88031409699396, 69.54438835497353], [30.880603970374267, 69.54446858542693], [30.880944526824138, 69.5445595180582], [30.88140283700719, 69.54468122828382], [30.881939349884902, 69.54483518601789], [30.882397371534115, 69.54497659903622], [30.882805438757554, 69.54511102899926], [30.883255710459878, 69.54526304835125], [30.883678911062148, 69.54541592848206], [30.883973822044492, 69.54552109121921], [30.88417700114336, 69.54559600658729], [30.88420588577806, 69.54560790970646], [30.88457394154657, 69.54576084991322], [30.88496446049673, 69.54591760757741], [30.885249190159414, 69.54604127166122], [30.885509672729974, 69.54616396330216], [30.885771983280076, 69.54628731579], [30.886007991182908, 69.54640526841072], [30.88626784126821, 69.54653855046641], [30.88650850750799, 69.54667611588567], [30.886772787010326, 69.54684187357579], [30.8870121286226, 69.5469995175068], [30.887215449687726, 69.54714629353738], [30.887404452615147, 69.54728849230108], [30.887593622612712, 69.54743159934606], [30.887776202000442, 69.54757541346333], [30.887966644536924, 69.54773854181609], [30.888113565866025, 69.54788235580541], [30.888236234999415, 69.54800441159077], [30.888364612454936, 69.54814191767636], [30.888517445141247, 69.54831529811119], [30.888696212107593, 69.54850224250293], [30.888845794729875, 69.5486762034026], [30.888997780099732, 69.54884569055926], [30.88911906416065, 69.54897942405405], [30.889228902298242, 69.54908983532313], [30.889325139716064, 69.54917583191316], [30.88938514841105, 69.54922714459639], [30.889467473516085, 69.54929559209792], [30.889557676236603, 69.54936847847347], [30.889675374639648, 69.54945108766532], [30.889840172101636, 69.54955665015238], [30.889969102202496, 69.54963008178336], [30.890104872232005, 69.54969446829719], [30.89024376602611, 69.54975117252812], [30.890367151635132, 69.5497948185759], [30.890503149811444, 69.54983664146006], [30.89069785391985, 69.54988268909351], [30.89084774676064, 69.54991674875137], [30.89129397113488, 69.55000261980986], [30.891757137256736, 69.55009199094714], [30.892154477799995, 69.55016745359062], [30.89274473962643, 69.55028487804805], [30.893255395668007, 69.55038487515732], [30.893814326971, 69.5505034643421], [30.894467596495172, 69.55064041295272], [30.895133833307263, 69.55077910636489], [30.895711784629366, 69.55091116061173], [30.896295171521988, 69.55104686382293], [30.8967757776925, 69.55116628708205], [30.89723009268457, 69.55128345084076], [30.89767897391896, 69.55140906628878], [30.89805448922127, 69.55151713636961], [30.89839514386205, 69.55162383953092], [30.89864382648496, 69.55170697339044], [30.898824814925746, 69.551777576698], [30.8989725780376, 69.55183649815112], [30.89910998284469, 69.55189777201079], [30.899240317627743, 69.55196016754462], [30.899352643040086, 69.5520187003073], [30.899465843360442, 69.55208149370985], [30.899579045238568, 69.5521456727932], [30.899705719830198, 69.5522146922854], [30.89980657899366, 69.55226339304014], [30.899912981254577, 69.55231277754771], [30.899994723721186, 69.55234958860042], [30.90006863521963, 69.55238167945132], [30.900166036225183, 69.55242100193098], [30.90027249858569, 69.55245938635673], [30.90035566663009, 69.55248664053343], [30.900424407348016, 69.552507110802], [30.900501995925218, 69.55252740205803], [30.900589912414485, 69.55254737616492], [30.900679423134722, 69.5525656308281], [30.9007706921966, 69.55258168877764], [30.900862979559122, 69.55259561907441], [30.900934722578807, 69.55260444503554], [30.900992649109167, 69.5526104028784], [30.90105294313632, 69.55261530823975], [30.90112412416685, 69.55261993663687], [30.901204464515526, 69.55262306344716], [30.90127595514682, 69.5526235977232], [30.901362476041815, 69.55262235963701], [30.90152375609472, 69.55261589959994], [30.901711774774014, 69.55260638949167], [30.90185460235807, 69.55259998830634], [30.901945298742472, 69.5525966047867], [30.90204737642011, 69.55259428393353], [30.902142514898333, 69.55259325742041], [30.90224449533293, 69.5525928857243], [30.902370225119757, 69.55259454726061], [30.90249868715624, 69.5525990949676], [30.90262593477715, 69.5526068972164], [30.90274984624473, 69.55261759771003], [30.90288629216327, 69.55263156292482], [30.903552181659897, 69.5527069780344], [30.90421710614629, 69.55274478540606], [30.904936308133713, 69.55276819198556], [30.90569622606311, 69.55276774559515], [30.906591944859077, 69.55275757384504], [30.907460545864012, 69.55276655989482], [30.908573343866614, 69.55281362701085], [30.910066101488475, 69.55293672479448], [30.911440087376217, 69.55308938198563], [30.912954979359444, 69.55328772456922], [30.913693241601703, 69.5533923793372], [30.914297247657547, 69.55350116405911], [30.915126535342107, 69.5536993157131], [30.915420403109916, 69.55377054313813], [30.915792889053453, 69.55388930904874], [30.916057538082665, 69.55399698959897], [30.91631344722148, 69.55413265073592], [30.91650544865207, 69.55426975447925], [30.916688834239345, 69.55442946850324], [30.916808653726537, 69.55455511340547], [30.916865491723446, 69.55465402622599], [30.916864019800826, 69.55471606895844], [30.91683715506219, 69.55477946747172], [30.91679762632043, 69.55482076524936], [30.916690173243108, 69.55489871408008], [30.916607153870164, 69.5549947997752], [30.916571385644133, 69.55506660634164], [30.916581366054174, 69.55510974681665], [30.916607987966927, 69.55513904409558], [30.91664534800359, 69.55515541921748], [30.91670502032005, 69.55516675336662], [30.91677979814961, 69.55517122505493], [30.916971546687726, 69.55518315652128], [30.917216352786394, 69.55523753041912], [30.91741788502788, 69.55528023934407], [30.917469925856118, 69.5552912698599], [30.91780084081627, 69.55536873641685], [30.917944475596066, 69.55538756413071], [30.91814569619322, 69.55540738725689], [30.91832980240652, 69.55544285333487], [30.918450832661883, 69.55548984831927], [30.918600374936243, 69.55556273004862], [30.91871783573066, 69.55559813927185], [30.91911684361823, 69.55568929251393], [30.91937154807362, 69.55575521307297], [30.919779871288483, 69.55583607043961], [30.92006191420361, 69.55589038110497], [30.920145508620838, 69.55590326754522], [30.920201874690505, 69.55590197412543], [30.920248999817694, 69.55589239678974], [30.92039724142691, 69.55583807589292], [30.920550571735298, 69.55576794139468], [30.920662615212155, 69.5557371449849], [30.920854588343104, 69.55570165188834], [30.921110898395167, 69.5556618100185], [30.92130776245082, 69.55565034462859], [30.921444684917834, 69.55564586607065], [30.921539123795803, 69.5556521946295], [30.921648455338016, 69.55567246952067], [30.921769601844336, 69.55571510932678], [30.921946853178675, 69.55579621049773], [30.922029035866014, 69.55586808538709], [30.922066607190576, 69.5559182576338], [30.922088342012007, 69.55597018693105], [30.922062701004197, 69.55602894562136], [30.921998542148277, 69.55609989657373], [30.921963280481346, 69.55615022204], [30.921957373978156, 69.55620713661015], [30.921991611721687, 69.55626020756092], [30.922036977689853, 69.556308819939], [30.92209754846306, 69.5563513916351], [30.922197834131858, 69.55638886623056], [30.922287190661017, 69.55641239360857], [30.922500939359697, 69.55644961407783], [30.923018187677403, 69.55653599488993], [30.92334123515876, 69.55658859495733], [30.92341870840284, 69.55659761710656], [30.923475760006504, 69.55660171018407], [30.92353149265253, 69.55660407853624], [30.923606320627588, 69.55660549395425], [30.923684616898996, 69.55660556883569], [30.924304616827385, 69.55660371279087], [30.92495367942767, 69.55660080146293], [30.92507369340137, 69.55660289026731], [30.925150370739388, 69.55660810533085], [30.92522134775611, 69.55661727189036], [30.92529275742702, 69.55662907755932], [30.925343835889684, 69.55664056584538], [30.925535919766748, 69.55669921183184], [30.92559077525015, 69.55671598339968], [30.925684030931027, 69.55674598254072], [30.925724260778225, 69.55676125669129], [30.925759046366903, 69.55677667008854], [30.925784484222422, 69.55678953840084], [30.92581368176061, 69.55680732206604], [30.92584184902398, 69.5568282511992], [30.925867268457978, 69.55684869796598], [30.925888237001676, 69.55686401678471], [30.92591703897718, 69.55688128302488], [30.925942560165684, 69.55689460554024], [30.92597049685109, 69.5569065934971], [30.926009261581722, 69.55692098817077], [30.92604329965776, 69.55693231344998], [30.926089032516874, 69.55694337724978], [30.92615572760866, 69.55695765613164], [30.926213814947854, 69.5569693207613], [30.926853460323862, 69.55709229997134], [30.92693488286568, 69.55710889803285], [30.927012673818226, 69.55712731391053], [30.927067543321996, 69.55714168149605], [30.927145508912435, 69.55716516299235], [30.927213899741165, 69.55718787624983], [30.92727465769048, 69.55721028656178], [30.927328818299905, 69.55723201993987], [30.92737200157928, 69.55725080620653], [30.927419599258226, 69.55727259863212], [30.927491403089352, 69.5573073743842], [30.927675360735478, 69.5574013361314], [30.928000871432996, 69.55756319325637], [30.928206690147647, 69.55768745137415], [30.92829584660312, 69.5578098634891], [30.928314621846056, 69.55795982949056], [30.928345101296067, 69.55805668016617], [30.928409599138963, 69.55811265167529], [30.928644160975466, 69.5582354243603], [30.9288146175768, 69.55834108930483], [30.928885323682806, 69.55846356317033], [30.928848514898785, 69.55861170298645], [30.92888561319345, 69.55870959838768], [30.928977977118187, 69.5588275530691], [30.92915577280815, 69.55893900024792], [30.9293945999754, 69.5590652551961], [30.929851265576673, 69.55928341335789], [30.930065665690538, 69.5593601146164], [30.930235105300504, 69.55938151256444], [30.930369353003186, 69.55938559482327], [30.93067945841613, 69.55936556761982], [30.93104590757748, 69.55933038542186], [30.93113856571705, 69.55932606582203], [30.931227385877413, 69.55932709464854], [30.931304465078522, 69.55933799921392], [30.931377712460108, 69.5593570237013], [30.931577947341104, 69.55943800473723], [30.9318146720005, 69.55951899302282], [30.932003835352965, 69.55959102955957], [30.93213381280201, 69.55967968770302], [30.93224612553525, 69.55979189658468], [30.93230494664142, 69.55992195047547], [30.932334777260152, 69.55998338070019], [30.932386101482408, 69.56006322220958], [30.93245525049079, 69.56012421050391], [30.932580459724736, 69.56015999870645], [30.932917956677016, 69.5602019962021], [30.933389796460528, 69.56024335213597], [30.933938142029174, 69.56029381628], [30.93486994151786, 69.5604279923912], [30.93555893839181, 69.5604984726628], [30.936178689720272, 69.56058762328205], [30.93713623453463, 69.5607574520031], [30.937882618961506, 69.56087522769123], [30.93821662720389, 69.56092160863456], [30.938595300452562, 69.56095346235081], [30.93874678121715, 69.56096932581528], [30.938879261373387, 69.56099870162164], [30.938942937403418, 69.56102730512924], [30.938986424309697, 69.56106786898528], [30.939017887072836, 69.56131682007337], [30.939072109352722, 69.56147049911779], [30.93917478140796, 69.56160975948545], [30.93930422912091, 69.56171907150566], [30.939428260770075, 69.56183304831045], [30.93951554304594, 69.56192320303353], [30.939544651302803, 69.5619950508928], [30.93951936648212, 69.56206043561296], [30.939455868552702, 69.56212218683307], [30.93935087138791, 69.56221433943091], [30.939307006788543, 69.56226547583802], [30.93931342832166, 69.56232530770384], [30.939396049432563, 69.56249638283764], [30.93941735489392, 69.56254077720592], [30.93950798503028, 69.56277375362217], [30.939496917114674, 69.56290397023162], [30.93941249455254, 69.56307098645493], [30.939240382590928, 69.56326782626473], [30.93844069821988, 69.56418275239854], [30.93828092801691, 69.56437363078746], [30.93813731294332, 69.56456419937402], [30.937979080429734, 69.56480612514335], [30.937880330551128, 69.56497586506046], [30.937827920590596, 69.56508767732215], [30.937784258325987, 69.56520366137445], [30.93774701160314, 69.56533216686142], [30.937717306834053, 69.56545636334005], [30.937696468287864, 69.56558592182556], [30.937678802420145, 69.56575380852406], [30.937667872268694, 69.56593705130112], [30.937675656215358, 69.56608879015086], [30.937685821414636, 69.56623189760228], [30.93770947000645, 69.56633770675438], [30.937743428368126, 69.56643349633889], [30.937796886638925, 69.56656165218526], [30.937846814129244, 69.56666620553986], [30.937898101212838, 69.56675492309266], [30.9379772172632, 69.56687652181316], [30.938120327484736, 69.56706060852794], [30.93825933821347, 69.56722345604999], [30.939007652502923, 69.56804537423132], [30.939152931237317, 69.5682146589117], [30.939255136069328, 69.56834324738294], [30.939308841952837, 69.56842129752833], [30.939377450025027, 69.56853399214965], [30.93943745176896, 69.5686468447114], [30.939478254048744, 69.56874947991794], [30.939516358551412, 69.56888415469572], [30.939542802090255, 69.5690343350333], [30.939553395839962, 69.56920318474319], [30.93955006295141, 69.56932657976266], [30.939534823313892, 69.56940922865756], [30.939503655612313, 69.56949974279344], [30.939455610178783, 69.56959377550211], [30.93938354690547, 69.56969892472188], [30.939314699717805, 69.56977512764115], [30.939242493291744, 69.569844529407], [30.939113759752054, 69.56996236934353], [30.938980606948707, 69.57009032476668], [30.938854676279206, 69.5702111363998], [30.938781928620664, 69.57028881237508], [30.938688938257904, 69.5703932377133], [30.9386345206942, 69.57046273146713], [30.938593160084746, 69.57052130196034], [30.93855385096135, 69.57059049197763], [30.938515863102904, 69.57066796726679], [30.938483451662712, 69.5707506502744], [30.938455434396566, 69.57083319966131], [30.938434068306744, 69.57092926512604], [30.93841754860157, 69.57102820406135], [30.93840761061275, 69.57113918711116], [30.93840770190751, 69.57123287691127], [30.938407814319877, 69.57125753844991], [30.938423634928178, 69.57136796147665], [30.938450679110456, 69.57149027191498], [30.938484214127836, 69.57160171864848], [30.938545450399555, 69.57174448823673], [30.93861982633124, 69.57188852442272], [30.93870261010821, 69.5720307581941], [30.938781040572273, 69.5721503901985], [30.93886877963985, 69.57227284820848], [30.938971509254348, 69.57240554786117], [30.939109720560424, 69.57256625576186], [30.939312269886507, 69.57279228562456], [30.939544909489456, 69.57301614937252], [30.939814206199735, 69.5732495229303], [30.9400788783525, 69.5734623529119], [30.94035279913304, 69.57365962580714], [30.94104535853255, 69.57406623781154], [30.94180320776633, 69.57440852906015], [30.942635957376176, 69.57474011952124], [30.943590383960995, 69.57503297825237], [30.94483487958451, 69.5753642257054], [30.945257583867274, 69.57549352523047], [30.94557935339598, 69.5755991813293], [30.94579436563989, 69.57568395664279], [30.94596878662226, 69.57576513524388], [30.94611934601232, 69.57584383249666], [30.946311722431872, 69.5759777600041], [30.946413586533854, 69.57607921552673], [30.946491325676917, 69.57618958060888], [30.94655074730371, 69.57636301764543], [30.94657437698646, 69.57653083842324], [30.94656842921948, 69.57671805871936], [30.946558736131834, 69.57687485743261], [30.946565379226385, 69.57731557672528], [30.946525702911334, 69.57744431510302], [30.946470651879267, 69.57751331711867], [30.946390892489006, 69.57758426003629], [30.946303318720148, 69.57764087113127], [30.946192624244752, 69.57769631753258], [30.94608170752961, 69.57773801582863], [30.945950236255804, 69.57777775495776], [30.945337160053995, 69.57792998537255], [30.945166386860297, 69.57797644810175], [30.944928161081556, 69.57804779154951], [30.944746364528456, 69.57812060406016], [30.944574239599476, 69.57822466973955], [30.944407521249165, 69.57834855921487], [30.944345757011543, 69.57841088734068], [30.944305516504215, 69.57846297875285], [30.944279631203983, 69.57853137775717], [30.944273121762915, 69.57859260554233], [30.944334912154567, 69.5788889077962], [30.944335277650097, 69.57897601372616], [30.944329289201885, 69.57914974495179], [30.944204123519288, 69.57960084402897], [30.944200176005065, 69.57974583055385], [30.944229351189176, 69.57986498818401], [30.944400031198477, 69.5802432409413], [30.944552230466293, 69.58050937586634], [30.944596154552134, 69.58065949749566], [30.94460216444893, 69.58072186515604], [30.944600805158235, 69.58078704714652], [30.94460435520582, 69.58084724219309], [30.94459929222297, 69.58089585986693], [30.944588004475793, 69.5809387757808], [30.944567504520524, 69.58096795254716], [30.94453378561429, 69.58099300550408], [30.944496632422975, 69.58101496043868], [30.944442348159814, 69.581035282661], [30.94438153398941, 69.5810526114366], [30.94434169027938, 69.58106104913605], [30.94428496091186, 69.58107300598256], [30.94426609969957, 69.58107670982908], [30.944112961738615, 69.58110340883874], [30.943975289562317, 69.581125427597], [30.94384475712864, 69.58114502302672], [30.943727528629996, 69.58116402148534], [30.943647453130943, 69.58117797574154], [30.94356056407393, 69.5811933985672], [30.94346775596088, 69.58121214688], [30.943371167659752, 69.58123355868554], [30.9432995387148, 69.58125300682775], [30.94323007393072, 69.58127493242861], [30.943149850268984, 69.58130664239945], [30.943054416663323, 69.58135234148284], [30.943016757904413, 69.58138848146109], [30.942954872890812, 69.58147068696854], [30.94292259942658, 69.58161222191436], [30.94296025597372, 69.58179111334283], [30.94302532308888, 69.58192567460402], [30.943079667571237, 69.58200690286822], [30.943229061862223, 69.5821672177826], [30.943419924222617, 69.58230360407129], [30.9439726138123, 69.58266056460418], [30.94421574717538, 69.58286164743123], [30.944434785948843, 69.58307237532355], [30.944597905854522, 69.58326264135701], [30.944702809476134, 69.58340771018995], [30.94482333182981, 69.58363319235502], [30.94487504833795, 69.5837917348877], [30.944875486956864, 69.58386857721925], [30.944875750146757, 69.58392482900172], [30.944846987014394, 69.58410854478355], [30.94483229623835, 69.58427782315992], [30.94484166829552, 69.58446398061687], [30.944868008309214, 69.5845442234631], [30.944894116233367, 69.58458447539493], [30.944936337922044, 69.58463227702295], [30.944995226820737, 69.58467972193728], [30.945050382694944, 69.58471781297497], [30.945116052730967, 69.58475787821641], [30.945156527262483, 69.58479373773693], [30.945180684296673, 69.58482557812268], [30.945198738109973, 69.58485429271335], [30.945204763729173, 69.58488699633972], [30.945201236681424, 69.58493657953237], [30.945192000067514, 69.58503290047145], [30.945186613366065, 69.58509420850827], [30.945192585524726, 69.58514789377148], [30.945217726492945, 69.58521725230678], [30.945262242686564, 69.58528840361876], [30.94535773614119, 69.58539840633586], [30.9455096438507, 69.58551949183102], [30.945970972993933, 69.58582585526388], [30.946072482425706, 69.58592402192674], [30.94610595507647, 69.58596903768353], [30.94614838019835, 69.58604435821658], [30.94616787434598, 69.58609668725796], [30.94616922161601, 69.5861560723722], [30.94615207062738, 69.58623723934298], [30.946115661159507, 69.586300893204], [30.946076088976724, 69.5863645654638], [30.946006024176807, 69.58645474465202], [30.945944609285217, 69.58654032645434], [30.94589334303741, 69.5866267152989], [30.945842235525372, 69.58673332670112], [30.945799606609764, 69.58683304656228], [30.94575291240254, 69.58694506707047], [30.945721439800064, 69.587035519686], [30.945696473092998, 69.587125826193], [30.945681485118, 69.58720947062325], [30.945670550624367, 69.58729356783333], [30.945668470727146, 69.58734745151531], [30.945672393389348, 69.58744780999494], [30.945692743666797, 69.587521959922], [30.945746333378445, 69.58762839533536], [30.945823818785883, 69.58775459042208], [30.94584504946516, 69.58779779369186], [30.945866204798783, 69.58784331422233], [30.94587108549507, 69.5878779732404], [30.945881024691083, 69.58794062125126], [30.94588548683649, 69.58797300918528], [30.945875806517954, 69.58800801275511], [30.945860918921603, 69.5880313975394], [30.945833049477866, 69.58805442480056], [30.945812941136843, 69.58806720854386], [30.94575238134445, 69.58808765445052], [30.945669399839947, 69.58810751623275], [30.94561462790541, 69.58812446401298], [30.945579780344584, 69.5881442622883], [30.945558110890804, 69.58817502671964], [30.945557739618334, 69.58819973446485], [30.94556975384911, 69.58822919869361], [30.945619999735854, 69.58825776930804], [30.945689524401633, 69.58827696045756], [30.94576292310276, 69.58829153869532], [30.945838563747568, 69.58830110211342], [30.945911962630696, 69.58831568028596], [30.94598103811108, 69.58833324998697], [30.946044567526137, 69.58835808389311], [30.946133496260856, 69.58840946757672], [30.94620885215821, 69.58846110343221], [30.946298299684127, 69.58855319084176], [30.946340298612903, 69.58863243295552], [30.94636702415873, 69.58877631028805], [30.946372586361896, 69.58891089195333], [30.946418460927756, 69.58908938854165], [30.946465193856252, 69.58920274918083], [30.94655917449436, 69.58939218169257], [30.94657416424912, 69.58947866141105], [30.946555275874616, 69.58958447927134], [30.946477970210747, 69.58972320274087], [30.946464217280784, 69.58982225675227], [30.94647318329151, 69.5898943292934], [30.946521922683562, 69.59000029472402], [30.94659025641584, 69.5900917687317], [30.946653575959985, 69.59017567185533], [30.946719649528397, 69.59025488195891], [30.946809769948473, 69.5903426563192], [30.946967584556244, 69.59048379966666], [30.947123439546008, 69.59061375989714], [30.947201395663313, 69.59070396504818], [30.94727994065085, 69.59078182475996], [30.947316434295256, 69.59085733117978], [30.947343557629583, 69.59093408309072], [30.94734641094976, 69.59098334774055], [30.94733678752162, 69.59103636603965], [30.94730228143862, 69.59109318862868], [30.9472219068792, 69.59114441064133], [30.94713651242991, 69.59118667604524], [30.946974683957293, 69.59122767614123], [30.946810402520132, 69.59126410002955], [30.946715139783784, 69.59129074623998], [30.946645239826594, 69.59131973474527], [30.94657918833795, 69.59136823144966], [30.946529105498044, 69.5914289121657], [30.946510090286864, 69.59152041847999], [30.94651462706034, 69.59169058144037], [30.94649910891402, 69.59209271718309], [30.946440082255954, 69.59229598903161], [30.94635492611813, 69.59247314841379], [30.946283878310396, 69.59256517421713], [30.946214125386916, 69.59261161373223], [30.94606969132767, 69.59267150115171], [30.945918494056603, 69.59272361122815], [30.94568148151316, 69.59279640074799], [30.94547995815223, 69.59284711437013], [30.945258801556626, 69.59288949743768], [30.944982688194454, 69.5929244481518], [30.94468012470697, 69.59295253673714], [30.944382231777148, 69.59296669667927], [30.94409091788181, 69.59297700703131], [30.943831649218517, 69.59298663277201], [30.943594188605985, 69.59299948765441], [30.94336532961279, 69.59301837666632], [30.943200984004832, 69.59303955420776], [30.942988586622718, 69.59307058091204], [30.94277900286945, 69.59311770059087], [30.942632717770916, 69.59315724250885], [30.942388048685892, 69.5932376721289], [30.94206669856357, 69.59336657156196], [30.94183008228019, 69.59348200935737], [30.941643758023446, 69.59357602241545], [30.941474596607808, 69.59367998266141], [30.94132445055329, 69.59376109731419], [30.94113746216855, 69.59384907262684], [30.94102169067264, 69.59388456066509], [30.94087038495954, 69.59392309091285], [30.940727634172397, 69.59395102665795], [30.940545336911267, 69.59398505910619], [30.94041272246888, 69.59400825894319], [30.940256179150243, 69.59404238019388], [30.94012182748944, 69.5940812663872], [30.939983018257838, 69.59414126795578], [30.939866686357625, 69.5942081331868], [30.939809526869002, 69.5942692861773], [30.939692649855697, 69.59444487244443], [30.939627023108184, 69.59457990992996], [30.9395797573199, 69.59474095431216], [30.93952027661126, 69.59504590797589], [30.939444632925596, 69.59526144302187], [30.939324478325062, 69.59544657528275], [30.939147698337834, 69.59564937867474], [30.9385524122105, 69.59639996667305], [30.93850101045873, 69.59649763579101], [30.93849048954343, 69.59656884729037], [30.938501791530342, 69.59662914965838], [30.938560644371645, 69.59670413925603], [30.938652671229995, 69.59678508647832], [30.938817098717763, 69.59687341014138], [30.93897793529981, 69.59694358780365], [30.939204814043027, 69.5970218279837], [30.939713963172572, 69.59720113368513], [30.939851722998885, 69.5972557241762], [30.93993481961774, 69.59729878687105], [30.93996877713433, 69.59733165400164], [30.939995301778893, 69.59738831712701], [30.939982572930575, 69.59746389367632], [30.939963987960724, 69.59754944269599], [30.93996939145214, 69.59759652765476], [30.940002463726593, 69.59763687007603], [30.940093189263298, 69.59770851338037], [30.9407082662122, 69.59811143805881], [30.940799344637092, 69.59818388008372], [30.940811003340038, 69.59819803836572], [30.94082038517388, 69.59821130042235], [30.9408244990594, 69.59822080377258], [30.940828579810514, 69.59823613188506], [30.940825284946555, 69.59825427426118], [30.940819520564872, 69.59826747247779], [30.94080449864239, 69.59828828109949], [30.94078667434983, 69.59830888942466], [30.940756315324887, 69.5983321470161], [30.940736918632, 69.59834449312036], [30.940679997358433, 69.5983755912388], [30.94064235791197, 69.59839453878669], [30.94058311877704, 69.59841605816094], [30.940523270391544, 69.59843781922321], [30.9404603723694, 69.59845940304938], [30.94041401217467, 69.59847768650582], [30.940380852242658, 69.59849556873573], [30.940367351881534, 69.5985066248081], [30.940356169368652, 69.59851552384468], [30.940344762787195, 69.598532760461], [30.94033863395671, 69.59855135229341], [30.94034376116736, 69.59857563857352], [30.94035316040507, 69.59858926865276], [30.940364863872215, 69.59860175945138], [30.94039055756313, 69.5986252337712], [30.940412413731938, 69.59864370688327], [30.94043508142972, 69.59866358271817], [30.940473469566122, 69.59869428047797], [30.940497828601643, 69.59871187297922], [30.940521031706243, 69.59872864936841], [30.940574278616488, 69.59876248731389], [30.94060993497784, 69.59878272096263], [30.940662662603962, 69.59881346555336], [30.94071802931971, 69.59884488772846], [30.940793412028494, 69.59888479006601], [30.940856697944554, 69.59891306999212], [30.94092861706925, 69.59894017394335], [30.9409875575974, 69.59895278079787], [30.941056579153077, 69.59896333717907], [30.94116643452186, 69.59897118852686], [30.941318254362994, 69.59897401137441], [30.941483447978626, 69.59897355197621], [30.9419258739476, 69.59897159331636], [30.942049973139966, 69.59897487940218], [30.942136852813526, 69.5989824736291], [30.942202574262584, 69.59899148969818], [30.942277182239312, 69.59900725313372], [30.94233776451921, 69.59902303294353], [30.942429921738913, 69.59904889291603], [30.942536436780966, 69.59908690329189], [30.942668558878303, 69.59913998683326], [30.9427499483022, 69.59918080615594], [30.94285142225699, 69.59924192733793], [30.943026940216505, 69.59933947148626], [30.94317326117192, 69.59941691807015], [30.94329321799126, 69.59945690692656], [30.94340733111573, 69.59948237903942], [30.943560115281635, 69.59950922876543], [30.943759883506214, 69.5995282702812], [30.94395668732449, 69.59954241363405], [30.944137360837196, 69.59955279633134], [30.9442957940722, 69.5995666426239], [30.944414509975704, 69.59958188890478], [30.944538830077924, 69.59960271056133], [30.944736741731504, 69.59964521157134], [30.945049975702933, 69.59973580336585], [30.94522377558555, 69.59979451033882], [30.945420458779246, 69.59986577243384], [30.945585209453082, 69.59991820911577], [30.945653979976672, 69.59993119019728], [30.94575287289228, 69.59994717885101], [30.945923070391547, 69.59997461798216], [30.94611599832496, 69.60000233598319], [30.946241822469727, 69.60002856080331], [30.946331923393704, 69.6000527633771], [30.946447264595157, 69.60008948568246], [30.946546847888758, 69.6001419112755], [30.946655985264915, 69.60021368192453], [30.94673783180429, 69.60025990981991], [30.94682604409761, 69.6002964868008], [30.94695828640017, 69.60034521410127], [30.947152682020413, 69.6004034742659], [30.947290616013003, 69.60043753093363], [30.947527286970864, 69.60051013808493], [30.947718737015222, 69.6005742176876], [30.948022109563684, 69.60069677750859], [30.948216766636513, 69.60078365972939], [30.94840354226286, 69.60087442024465], [30.948529894651497, 69.60096583641045], [30.948588730133874, 69.60104073591724], [30.948608503731975, 69.60110616305714], [30.948619864686645, 69.60117477894244], [30.948619184783496, 69.60123047353129], [30.94861571972902, 69.6012915109332], [30.948619462603606, 69.60132295038629], [30.94861964343735, 69.60137976589101], [30.948626215642665, 69.6014145449884], [30.9486416333033, 69.60147326358502], [30.94868125694159, 69.60151382585133], [30.9487171288986, 69.60155122707273], [30.948771791156993, 69.60160378369324], [30.948866514682088, 69.60166331669706], [30.94895216346744, 69.60170965122], [30.949080858046642, 69.60177857783378], [30.949157852098608, 69.60182950985845], [30.949197596661868, 69.60187126219132], [30.949216423336797, 69.60190785346192], [30.949219527002, 69.60192983442717], [30.949211786374732, 69.60198323178267], [30.949197649954836, 69.60204175487392], [30.949176901520495, 69.60210995202056], [30.949168357587297, 69.60216989317288], [30.949177161943823, 69.60226794992582], [30.94920511021774, 69.60236264695197], [30.949297965486924, 69.60250598640293], [30.949348957448056, 69.60262551429433], [30.94940186883705, 69.60281860669062], [30.949410920202688, 69.60297735440724], [30.94932338648995, 69.60309485517129], [30.949191496895686, 69.6031987573217], [30.949015843014944, 69.60330915097575], [30.94887004139392, 69.60342461007778], [30.948811230622468, 69.60348878558656], [30.94879455868888, 69.6035488391819], [30.948806081136617, 69.60361041704114], [30.948872502254545, 69.60375003530372], [30.949049241985577, 69.60394532777875], [30.949087243514334, 69.60415108764931], [30.949059295170986, 69.60427752928607], [30.948881460262925, 69.60456897365589], [30.948645841904305, 69.60482589450552], [30.948433484133634, 69.60520798337221], [30.94834891678316, 69.60530866402475], [30.94823731732482, 69.60540105788421], [30.947861735416147, 69.6055982321893], [30.947633447751134, 69.605756048061], [30.94759552684829, 69.60582880579062], [30.947623576439817, 69.60590362543967], [30.947672407006767, 69.60597548735007], [30.94775907295771, 69.60606211216843], [30.947870762729252, 69.60617855825603], [30.947983888731233, 69.60628479746875], [30.948153067858854, 69.60639984688238], [30.948327626377825, 69.60652603751055], [30.948433118679695, 69.60662578186846], [30.94849160978862, 69.60671642497998], [30.948516375264774, 69.60681456195549], [30.948513135905017, 69.60688417263034], [30.94849169339594, 69.60695871814474], [30.948448802229375, 69.60702362352552], [30.94839762796946, 69.60707636513752], [30.948304059969868, 69.60714360170502], [30.94820128142228, 69.6071974673184], [30.948104136030775, 69.60723934770566], [30.94786467722646, 69.60733675327336], [30.94770619032777, 69.60741883236264], [30.947617682633545, 69.60749714690411], [30.947583869169865, 69.60759216136601], [30.94758400878079, 69.60766755527476], [30.947604445267796, 69.60773763412539], [30.947617601775086, 69.60777891404047], [30.94765066134375, 69.60786749726549], [30.947702242587482, 69.60799916957222], [30.947740402778724, 69.60807369206701], [30.94777560063691, 69.6081447024476], [30.94786572926702, 69.6082799823061], [30.947928214708224, 69.60837099208553], [30.948000489575175, 69.60845508079754], [30.948083172188976, 69.60855547817783], [30.94820730793485, 69.6086967303746], [30.948344634533672, 69.60884756257319], [30.948475149679552, 69.60898193506802], [30.948585416250435, 69.60909029089208], [30.94867032478059, 69.60917356934134], [30.948823663894046, 69.6093124635907], [30.94890698861051, 69.6093847082886], [30.949142371491387, 69.60958071913969], [30.9493474789841, 69.60975007889958], [30.949452294658766, 69.60983269928221], [30.949539239860798, 69.60990137145674], [30.94976452030807, 69.61007041790168], [30.9499240180888, 69.61018729762642], [30.950238244527235, 69.61037344855431], [30.95053823579831, 69.61052692164242], [30.950724194877733, 69.61059992893753], [30.950928634396274, 69.61066594228315], [30.951117634022747, 69.61071047968773], [30.95139382334796, 69.6107705292645], [30.951645228021942, 69.61083039879692], [30.951803991051506, 69.61087628181295], [30.951952646904726, 69.61092246208787], [30.952082476451587, 69.6109800119745], [30.952163046293126, 69.61103209086943], [30.952221900322932, 69.61108971019088], [30.952277826335678, 69.61114455345657], [30.952303053605505, 69.61120152540701], [30.95232383589049, 69.61124615971752], [30.95233103160502, 69.61129622189188], [30.952302777138804, 69.61139155116105], [30.952224198709196, 69.61155211188722], [30.952160526348308, 69.61172689766485], [30.952113788172785, 69.61185749926567], [30.952070064480058, 69.61198236688001], [30.95205676806948, 69.6120685359892], [30.952041265473902, 69.6122480628755], [30.952213596781373, 69.61301035428976], [30.952284730925097, 69.61320914228934], [30.952379287855734, 69.61339391354296], [30.952505084979762, 69.61356449225036], [30.952608501924356, 69.61368180650635], [30.952716075944416, 69.6137990097057], [30.952926095654533, 69.61399914807225], [30.952996534929976, 69.61408424142381], [30.95304598672573, 69.614166859558], [30.953071249199674, 69.61423214586063], [30.953094046214595, 69.6143093989288], [30.95309420650239, 69.61437961776683], [30.953076863535717, 69.61444879171252], [30.953055749129227, 69.61451961174144], [30.953020556848923, 69.61458315244174], [30.952941759852116, 69.614667215911], [30.95286279699353, 69.61472726744978], [30.9527074453857, 69.61481450814433], [30.952519123505862, 69.61492645295365], [30.952444249353828, 69.61497216788754], [30.952249258661258, 69.61509785771308], [30.95219561256181, 69.61515360322318], [30.952160098466187, 69.61521569493863], [30.95214422892296, 69.61529230873707], [30.95215124433225, 69.61537593378092], [30.952158353327384, 69.61546278453568], [30.952150022055868, 69.6154960919808], [30.95213344818189, 69.61554523259245], [30.95210504343472, 69.61558346462091], [30.952080614950656, 69.61560755575152], [30.95204119458741, 69.61564663184379], [30.951948936825612, 69.61571319182097], [30.951844522193745, 69.61577497278888], [30.951683366209334, 69.61585157188706], [30.951543415793, 69.6159119586131], [30.951477084677748, 69.6159443066875], [30.951308568362037, 69.61602547400386], [30.95118423958745, 69.61609170180222], [30.951090213152657, 69.61614872285877], [30.951021395024167, 69.61621198380868], [30.950959394903567, 69.61626721494581], [30.95091659235665, 69.61633155772446], [30.950880001242115, 69.61640363746332], [30.950843300646245, 69.61648247349761], [30.950810418238046, 69.61657352097806], [30.950782039342858, 69.61665490661387], [30.950754195328283, 69.6167138785159], [30.95071558243555, 69.61677367130899], [30.950675405862587, 69.61683453423537], [30.95060363390984, 69.61689844027846], [30.950464811439062, 69.6170030778535], [30.950378840270144, 69.61705851408442], [30.950071634767646, 69.61723968326572], [30.949769303095735, 69.617404778739], [30.949564864620804, 69.61755306168364], [30.94946240208256, 69.61771122807158], [30.949176170351127, 69.61823568617365], [30.949139121402165, 69.61845206243386], [30.94914263718782, 69.61874846842431], [30.94915417203932, 69.61892491445849], [30.949215573873825, 69.61911001155751], [30.94927662263955, 69.61924773441507], [30.949391366522125, 69.61940391623394], [30.94958676645179, 69.61963398190953], [30.949672701345737, 69.6197478492721], [30.949740028707303, 69.61988683440877], [30.94982580924721, 69.62020642571667], [30.949851432922948, 69.62048431925207], [30.950029915217378, 69.621028318948], [30.95022954358751, 69.62141010192339], [30.95038151139896, 69.62181093666337], [30.950401473980996, 69.62191830427757], [30.950361737275816, 69.62264200021923], [30.950367542782168, 69.62269025198076], [30.950373941204024, 69.62279204765234], [30.950330282458914, 69.6228608127076], [30.95027711687374, 69.62288961902425], [30.95020700205769, 69.62291742024371], [30.95009050618322, 69.62296526190887], [30.950037693847854, 69.6229962530228], [30.950028156975137, 69.62301109770314], [30.950027329441117, 69.62303002709913], [30.95003385757414, 69.62304300223082], [30.950053460099753, 69.62305780629148], [30.950095782065233, 69.62307215258747], [30.950182598016035, 69.62308918322451], [30.950253025097368, 69.62310007374539], [30.950444914026406, 69.62313132132455], [30.95052641030489, 69.62314626095763], [30.950681905708393, 69.62317915044609], [30.950786314470243, 69.62320664431681], [30.95087812711552, 69.62323707007334], [30.950987747644806, 69.62327341094213], [30.95145899034222, 69.62344861414421], [30.951724207694838, 69.62354555816], [30.951792096883533, 69.62357590713657], [30.951906125195016, 69.62362625258227], [30.951987737032667, 69.62368341379538], [30.95203630338987, 69.62374208957574], [30.952054641461483, 69.62379628725931], [30.952014754696005, 69.6238954744592], [30.951970334466264, 69.6239960090601], [30.95192920761999, 69.62413772962876], [30.95188412530852, 69.62429534489634], [30.951840237109383, 69.62437346571343], [30.951771790394783, 69.62445517330367], [30.95167979672954, 69.62452281467186], [30.95153079503375, 69.62462082260326], [30.95145010282189, 69.62466901835371], [30.951355316743232, 69.624745791767], [30.951230192455235, 69.62486864687678], [30.951170131477365, 69.62496195434261], [30.95113300106046, 69.62506300906263], [30.951104403277682, 69.62514515418366], [30.951092611884246, 69.62521501029785], [30.951091663386084, 69.62526102809062], [30.95109408686714, 69.62530867174131], [30.951107380525578, 69.62535493087998], [30.95112857025665, 69.62539869698362], [30.951155729752568, 69.62544125885253], [30.95118710436538, 69.62548102445702], [30.951231952952853, 69.625523136214], [30.95129207884654, 69.62556890436622], [30.951346820064447, 69.62560353120091], [30.951402554788192, 69.6256342763403], [30.951499128470218, 69.62567812021977], [30.95166395640243, 69.62575070860358], [30.951824743445922, 69.62582838727889], [30.951916179027915, 69.62587003080606], [30.952011298909262, 69.6259223275148], [30.952253945419674, 69.62605816150986], [30.95243440551134, 69.62616348310607], [30.952529945049417, 69.62623597913476], [30.952589598609528, 69.62629630028326], [30.952613078030236, 69.62632820866965], [30.95261845379773, 69.62637899628162], [30.95261238155241, 69.62643593551546], [30.95257215099378, 69.62651260603621], [30.95250727262568, 69.62656791993018], [30.952410087457704, 69.62662985424119], [30.95225496973297, 69.6267185448], [30.95219146176805, 69.62676495124009], [30.952133827919916, 69.62681589194983], [30.9520843194588, 69.62687808775873], [30.952041446762152, 69.62695029154757], [30.952013905451793, 69.6270272556448], [30.951985523051462, 69.62709967758053], [30.95196341333164, 69.62716301184614], [30.951937508730722, 69.62723141347504], [30.9518902385233, 69.62730652285839], [30.951827344311607, 69.6273927018364], [30.95181189976773, 69.62741262639322], [30.95170016874022, 69.62758912416915], [30.95165565481197, 69.62773162261182], [30.951670556339057, 69.62784584054342], [30.95170517886171, 69.62799777034537], [30.951738595737126, 69.62810157296423], [30.95177891915448, 69.6281836605915], [30.951842592599768, 69.62825506634871], [30.951893736015982, 69.62830638677708], [30.95195305490773, 69.62835454123267], [30.952022686295038, 69.62839230677844], [30.952121814109677, 69.62843083034413], [30.952268875336802, 69.628479942363], [30.952418426769086, 69.62851884115783], [30.95259268387146, 69.62855709681686], [30.952755998614833, 69.62858112565745], [30.952991761663604, 69.62861243741828], [30.95334041527427, 69.62867119125048], [30.953652834317936, 69.62874146002561], [30.953829344484326, 69.62879022445959], [30.953991944559032, 69.6288443537479], [30.95413478285444, 69.62889210318737], [30.954296951166224, 69.62896808242057], [30.954381228026946, 69.6290424624329], [30.95439308894014, 69.6291051209344], [30.95436167304384, 69.62921359141554], [30.95430276388606, 69.62930494457011], [30.95417409944025, 69.62944596793717], [30.954058447737655, 69.62957080503867], [30.9539581733612, 69.62971287397221], [30.953899977007843, 69.62981515751682], [30.95386778772913, 69.62989745422497], [30.953837435405674, 69.63004593285469], [30.953807912299997, 69.63021411069853], [30.95376204304276, 69.63045035286217], [30.953737104991415, 69.63061311222522], [30.953670001820672, 69.63085244561542], [30.95363544349464, 69.63101166714652], [30.953633346816584, 69.63109032259699], [30.95365130397094, 69.63116849212463], [30.95367540281224, 69.63122843717454], [30.95368069666941, 69.63123635266355], [30.95381427312984, 69.63139928491336], [30.953920481678658, 69.63153871134578], [30.95403971634726, 69.63175196231214], [30.954139588162988, 69.63196452587029], [30.954215738278307, 69.63214418659068], [30.95424849750362, 69.63227503703793], [30.9542527783428, 69.63240956268216], [30.954227207963243, 69.63251046373661], [30.95420091491803, 69.63258490925494], [30.954134163047172, 69.63267366698048], [30.953974619262134, 69.6328128583113], [30.95384085278461, 69.63292727872013], [30.953751123880167, 69.6330127285592], [30.953729883254354, 69.63304650192491], [30.95369222783747, 69.63311101054512], [30.953665570926468, 69.63317671039646], [30.953603228319242, 69.63328085888843], [30.95356009553379, 69.63334652562347], [30.953503197113513, 69.63341292281548], [30.953455236747278, 69.63346748832281], [30.9534030798984, 69.63350728956654], [30.9533519209864, 69.63354459485447], [30.953274132767326, 69.63359556794242], [30.953180679374928, 69.63365169978094], [30.95308210437721, 69.6337022102541], [30.95293607027296, 69.63378173272861], [30.952728259908262, 69.63388476471046], [30.952566792685637, 69.63397044030798], [30.952327887726504, 69.6341003090573], [30.952118142820453, 69.6342418721808], [30.951916802255184, 69.63440815666613], [30.951719409894345, 69.63457129977385], [30.9515342708129, 69.63475520090273], [30.951439590500204, 69.63489803724005], [30.951358012814087, 69.63507273472482], [30.95131928566655, 69.63524518888255], [30.951331859314813, 69.63543327878192], [30.951400524355734, 69.63565633400108], [30.951472108507016, 69.63596801903324], [30.951517763785745, 69.63609701906947], [30.95161132397324, 69.63634621484216], [30.951688332790464, 69.63656424087627], [30.951728283802417, 69.636652372003], [30.951785193884202, 69.63675047223063], [30.95186018476254, 69.63685344652924], [30.95193579599473, 69.63693067185756], [30.95199182058838, 69.6369783043035], [30.952054907395475, 69.63702925148858], [30.952139282430824, 69.63709096512781], [30.9522016366552, 69.63713061374331], [30.95229916234365, 69.63719424218758], [30.95240957174535, 69.63726840486615], [30.95249233368478, 69.63732629523318], [30.952566665102584, 69.63738598894085], [30.952614688402655, 69.63743011707872], [30.952658658292503, 69.63747656421044], [30.952692913919886, 69.63752142275162], [30.95271041198598, 69.63755278166639], [30.952728046551254, 69.63759466308692], [30.952739653603732, 69.63764560915982], [30.952740831534957, 69.63767507183935], [30.952736772484368, 69.63769910874103], [30.952723896607512, 69.63774651759029], [30.952702402704475, 69.63778031406466], [30.95267394840525, 69.63781161801836], [30.952640580807827, 69.63784033081649], [30.95259936438272, 69.6378674657256], [30.952537403185797, 69.63789764556354], [30.952453038275838, 69.63792871475758], [30.952380326225637, 69.63795389087691], [30.952272885704772, 69.63798739065226], [30.95217990264057, 69.63801898666817], [30.95213641465616, 69.6380390326535], [30.952083440267728, 69.63806606323031], [30.952031156830273, 69.63809709552524], [30.95200132556108, 69.63812695671639], [30.95197970869161, 69.63815438788173], [30.95196377683371, 69.63817851609689], [30.95194488557145, 69.63823914682771], [30.951936601912745, 69.63827355860123], [30.95193299551578, 69.6383326705529], [30.95191401822305, 69.6383876720331], [30.95188813717253, 69.6384516350202], [30.95185085140073, 69.63849836424511], [30.951796726784846, 69.63855562896218], [30.951719082535913, 69.63861129941415], [30.951682796180314, 69.6386324290023], [30.95162028611306, 69.63865776150983], [30.951533165696837, 69.63868594496533], [30.951428382452566, 69.63870635031006], [30.95130195846482, 69.63872415423323], [30.951097571744366, 69.6387447970045], [30.95083640478125, 69.63876269765377], [30.9504924229515, 69.63877954583691], [30.950145419351983, 69.6387917773171], [30.949951706334954, 69.63880042546745], [30.949801258656773, 69.63880494418883], [30.949595829367677, 69.63882078436309], [30.949429457098436, 69.63883806295647], [30.94923572603483, 69.6388708317834], [30.949024083129412, 69.63890998455506], [30.948884150136294, 69.63894300118379], [30.94877217090124, 69.63897544277685], [30.94869770443319, 69.63900179693422], [30.94863236491708, 69.63903173537123], [30.948587335201736, 69.63906634029894], [30.94856464953587, 69.63910653091166], [30.948565901115398, 69.6391595516336], [30.94859227764488, 69.6392397081087], [30.948679326998782, 69.63942389850976], [30.94871344879079, 69.63953826461311], [30.948732310955407, 69.6396276242205], [30.9487392995755, 69.6397118998858], [30.948737177596563, 69.63978778420152], [30.948721796974297, 69.6398543703556], [30.948676983481096, 69.63991926652683], [30.94860114082754, 69.63998419261317], [30.948523175776707, 69.64002704508125], [30.948284363040386, 69.64008333185942], [30.948024266842204, 69.6401160977194], [30.947726558280777, 69.64013102444922], [30.947177408757526, 69.64013512062209], [30.94674906318155, 69.64013617127605], [30.946237451451882, 69.64014110630937], [30.945979870415695, 69.64015127041915], [30.945814735596063, 69.64016223741048], [30.945704035592094, 69.6401749654505], [30.945602259137534, 69.64018963345279], [30.945513386039572, 69.64020623987834], [30.945448139758653, 69.6402266493327], [30.945403446874472, 69.64024514172705], [30.94537046803765, 69.64027058137214], [30.945343414872802, 69.64030544880856], [30.945338405623616, 69.64034482145307], [30.945345287770117, 69.64040517144942], [30.94534309990282, 69.6404489015448], [30.94532289192746, 69.64048645734493], [30.945290651212296, 69.64051561698672], [30.945245895921694, 69.64054575900748], [30.94514635529404, 69.64058369066407], [30.94493792901811, 69.64065534264371], [30.944744333169695, 69.6407172940465], [30.944498567981206, 69.64079492278398], [30.944275048963366, 69.6408683508575], [30.944046805319623, 69.64094702453487], [30.94365577980824, 69.6410949390448], [30.94334654332199, 69.641231528643], [30.94293410851741, 69.64142856690363], [30.942751840924124, 69.64155839737158], [30.942689553651164, 69.64164062957676], [30.94270297342488, 69.64170776242067], [30.942772709524107, 69.64180152571079], [30.942852116382564, 69.64191407082588], [30.942893207207373, 69.6419888810881], [30.942914646446496, 69.64204815053978], [30.942933484778635, 69.64211542507378], [30.942938333803777, 69.64219832783475], [30.94292274476624, 69.64230503786547], [30.942910527663894, 69.64238611279039], [30.94288309846582, 69.64245086323344], [30.942845959502, 69.64248953498557], [30.94279312122304, 69.64251987502898], [30.942737496935052, 69.64254659355747], [30.942656924846474, 69.64257573072288], [30.941454174286243, 69.64294034238517], [30.941069703607674, 69.64305094860273], [30.940810777421543, 69.64312083211811], [30.94057421056098, 69.64319010912548], [30.940394935659043, 69.64324794537876], [30.940249092783525, 69.64329610346284], [30.940116768749693, 69.643347344345], [30.93983530963382, 69.64346248207413], [30.939625873965724, 69.64354909613222], [30.93940135798747, 69.64364164369276], [30.9392737777413, 69.64370112792112], [30.93917680499705, 69.64375036600586], [30.93913404697516, 69.6437796721901], [30.93910880519947, 69.64380069200357], [30.939093587117707, 69.64383232866606], [30.939094659195117, 69.64385995172032], [30.939105214943577, 69.64388299432824], [30.939130436815965, 69.6439057787111], [30.93916920425001, 69.6439347856133], [30.939222153499923, 69.64397291284365], [30.939296803509457, 69.64403821873762], [30.93957277579849, 69.64435940051153], [30.93981733285077, 69.64459452001216], [30.93988261494395, 69.6446797358072], [30.93992083228722, 69.64472838502562], [30.93993887389788, 69.64476874989172], [30.93995413180691, 69.64481722913789], [30.93995814508293, 69.64487248605118], [30.93993910304647, 69.6449398724839], [30.93991980302008, 69.64499277453324], [30.939835962383167, 69.64510464405086], [30.93977415589006, 69.64519995109039], [30.939730223654415, 69.64529054235523], [30.939674393461996, 69.64541846749408], [30.9396142450362, 69.6455887493605], [30.93956607478724, 69.64575458784927], [30.939533360864278, 69.64589117006429], [30.939534409866745, 69.6459663866556], [30.93955053911399, 69.6460356694807], [30.93959717018636, 69.64613010948892], [30.93962772732743, 69.64618501762997], [30.93968200929783, 69.64626904143766], [30.93969688018657, 69.64633151084062], [30.939693265017457, 69.64639893773979], [30.93968503774451, 69.64645967894472], [30.939654970103216, 69.64653068044161], [30.93960783103879, 69.64658811786514], [30.939480708693765, 69.64666271358381], [30.93926948029487, 69.64671252771814], [30.93899021637751, 69.64673670896255], [30.93828455517955, 69.64668973944985], [30.93786169680772, 69.64665873401367], [30.93738736946735, 69.6466401943952], [30.93681900583682, 69.64663503760382], [30.93639510323734, 69.6466603109457], [30.93619282617016, 69.64668276511823], [30.936004001308497, 69.64672512710953], [30.935759459382737, 69.64679790856943], [30.93535611556607, 69.64694139469972], [30.9350366871115, 69.64706800412088], [30.93465564914623, 69.6473012635302], [30.93423618970607, 69.64755085371641], [30.93399824106011, 69.64769712867893], [30.93386147297973, 69.64779442524429], [30.933775807378712, 69.64788843893187], [30.933736131270102, 69.64798805540958], [30.933737362969328, 69.64808321366358], [30.93376172824302, 69.6481925728818], [30.93378753262356, 69.64832693312856], [30.93376955447839, 69.64847202594075], [30.93374862232051, 69.64855113714505], [30.93369072832393, 69.64865882703089], [30.933653005451866, 69.64872370069043], [30.933591367218025, 69.64879717858834], [30.933480776681336, 69.64890090656571], [30.93335812769187, 69.64901795568913], [30.93329313317545, 69.64908500022031], [30.933231949511132, 69.64915631008338], [30.933184190245264, 69.6492312668984], [30.93316740938593, 69.64927607727591], [30.93315418295422, 69.64933414052491], [30.933148227820386, 69.6493868135527], [30.933132049454905, 69.649446907554], [30.933090653483376, 69.64951702069553], [30.933039134239905, 69.64958881614805], [30.93298746990656, 69.64964972090966], [30.932949951419985, 69.64970588873366], [30.932888191589335, 69.6498161557814], [30.93282003936471, 69.6499581598047], [30.93278978456602, 69.65005588139546], [30.93279888506569, 69.65012295362939], [30.932878410146664, 69.65023050120563], [30.932980367032492, 69.65035444081754], [30.933041641492306, 69.65047588651706], [30.933091078519197, 69.65061266586352], [30.93310153080078, 69.65072119602104], [30.93314658779454, 69.6508077437075], [30.933214734179856, 69.6508970381679], [30.93328491475043, 69.65098069106409], [30.933394116418963, 69.65106847126299], [30.93353629050321, 69.65117184641039], [30.93356797057923, 69.65120474971862], [30.933591885878823, 69.65123791432394], [30.933601430265053, 69.65127241767128], [30.933601859529684, 69.65130887905175], [30.93359692162427, 69.6514011931277], [30.933606325991427, 69.65145104934706], [30.933631042722816, 69.6515297891492], [30.93368287665426, 69.65162790369267], [30.933718949276052, 69.65170207414842], [30.933731758058418, 69.65175808187097], [30.933729698694606, 69.65180891362878], [30.933714653271497, 69.65186012342106], [30.933719266499658, 69.65190996396305], [30.933734440429355, 69.65194246440822], [30.93375811913944, 69.6519732485131], [30.933808331028395, 69.65201505259984], [30.933864761456846, 69.65205285828222], [30.933904337560527, 69.65208428687866], [30.933913511118252, 69.6521096763868], [30.933903468784674, 69.65213528499957], [30.93387792590534, 69.65215420559048], [30.933840559360387, 69.65217570613652], [30.93376538037369, 69.65220673559881], [30.933692650208595, 69.65223300887341], [30.933639404972418, 69.6522607937432], [30.933609135044918, 69.65229152085847], [30.933588016952577, 69.65232758682639], [30.933580071674417, 69.65237111212409], [30.933581756388428, 69.65241956211293], [30.933622632138892, 69.65249134471536], [30.933686107271985, 69.65256730595333], [30.933802894782833, 69.65266389826606], [30.93406428295975, 69.65287528404313], [30.934202842462653, 69.65300431677497], [30.934390261286175, 69.65321584734059], [30.934475863229682, 69.65333816985111], [30.934519773529825, 69.65342390099093], [30.93454754916665, 69.653524904098], [30.934559073345675, 69.65359304494366], [30.934560419602914, 69.6536735002129], [30.934543182844212, 69.65375051163647], [30.93451226633086, 69.65382251353542], [30.9344653864507, 69.65390034565081], [30.934351175109402, 69.65405255511992], [30.934198475512428, 69.65418062684606], [30.93402257540613, 69.65428544691709], [30.933639862854687, 69.65446285009264], [30.933211160295276, 69.65469129423924], [30.93203486753329, 69.65531057427833], [30.931271923320363, 69.65565108793251], [30.93110430904449, 69.65573045842352], [30.93103749112177, 69.65579896368938], [30.93100470419266, 69.65588167253351], [30.931007956406464, 69.65617799914506], [30.931001468577087, 69.65630732757], [30.93096589072633, 69.65641644770311], [30.93084093875832, 69.65652021390335], [30.93065957998415, 69.65664318598621], [30.93027920240863, 69.65693281901935], [30.929951278198303, 69.65713458438962], [30.92967807676342, 69.65730667307822], [30.92958092497511, 69.65739583607419], [30.92948048562069, 69.65755082196249], [30.929476386761607, 69.6576677294482], [30.929527569971615, 69.65812065847368], [30.92954298530757, 69.65820285206847], [30.9295700821615, 69.65829643309625], [30.92959711867968, 69.65835333394904], [30.929620723036273, 69.65839299691696], [30.92966431079503, 69.65844586178511], [30.92969097331792, 69.65847914113198], [30.929706401484566, 69.65850782958744], [30.929724162030674, 69.65854369350212], [30.929727667632356, 69.65855722826208], [30.92972870823116, 69.65856341509794], [30.92972997922558, 69.65856921085238], [30.929733108404108, 69.65859710384657], [30.929736419126417, 69.6586248875318], [30.92973541102458, 69.65864429459155], [30.929734389001514, 69.65866471943183], [30.929736369783623, 69.65869595361835], [30.929739257957827, 69.65872008034141], [30.92974416374114, 69.65873819753466], [30.929748873795553, 69.65875088089913], [30.92975926081905, 69.65877301574471], [30.9297752129062, 69.65879962247725], [30.92979088222334, 69.65882551627762], [30.929822363699735, 69.65886851185348], [30.92985963011914, 69.65891143087238], [30.929894002170943, 69.6589471343477], [30.9299210388332, 69.6589712305514], [30.92996416003087, 69.65900898408984], [30.930036280236447, 69.65906889538837], [30.930174572122073, 69.65917614992499], [30.93032428247818, 69.6592944467884], [30.930466129982968, 69.65942669008763], [30.93069321674762, 69.65965902213085], [30.930988435239072, 69.659964019782], [30.931211372839265, 69.660229266209], [30.9313080656587, 69.66039602401794], [30.931372767207282, 69.66055365503922], [30.931386550727463, 69.66068377641983], [30.93137966356601, 69.66074836426765], [30.931322969717918, 69.66083108104094], [30.93115878057474, 69.66094533723329], [30.93092092022245, 69.66106811547064], [30.930842453776744, 69.66111321583274], [30.930764219427335, 69.66117760783936], [30.93072017010546, 69.66124223623639], [30.930695800730692, 69.66129135598663], [30.930673061200284, 69.66136952497364], [30.930663913963034, 69.66148089676841], [30.930663455043113, 69.66164015881219], [30.93066053667523, 69.6617503038612], [30.93067170386673, 69.66182938213545], [30.930694798508327, 69.66187389822207], [30.930735825459042, 69.66191064590822], [30.930787696197445, 69.6619345558016], [30.930847638514106, 69.66194754932519], [30.930945727470892, 69.66196419926521], [30.931026542728954, 69.66197497226165], [30.931182111429884, 69.66199209246551], [30.931398743865778, 69.66202090021156], [30.93152775432964, 69.6620528755168], [30.931592062972445, 69.6620725777909], [30.931653886275456, 69.66209630019586], [30.931748434466925, 69.66214839472116], [30.931799834410878, 69.66218722607942], [30.931846263678114, 69.66223409773798], [30.931890837313546, 69.66229167675866], [30.93191814109088, 69.66236962264465], [30.931905991597752, 69.66244394149359], [30.93184877410053, 69.66251700418354], [30.931781203550695, 69.66257005394964], [30.931661081056053, 69.66261764655013], [30.931551759098923, 69.66264889366651], [30.931417868696784, 69.6626792861067], [30.931194298132134, 69.6627298557544], [30.931075320127476, 69.66276098493043], [30.930968472805695, 69.66279717603845], [30.93087474339932, 69.66283039007459], [30.930614937528333, 69.6629333084534], [30.930469232294424, 69.66301118871696], [30.93035941976584, 69.66310291540225], [30.93025064786229, 69.66324536956336], [30.930224620715098, 69.66333826001664], [30.93017798201656, 69.66344545185433], [30.930087609598186, 69.66354414722993], [30.929924911872845, 69.66364449258153], [30.929762123881076, 69.66372331499416], [30.929533910186873, 69.6638127552172], [30.92937004973919, 69.66386774322832], [30.92913998132922, 69.66393785726848], [30.928949461022317, 69.66398996657942], [30.92874198610384, 69.66403903331948], [30.928492145344297, 69.66409139613052], [30.92833212465224, 69.6641237551643], [30.9280296503662, 69.66416641560703], [30.927811067439208, 69.66419137996796], [30.927640967452017, 69.6642068416999], [30.927447624545056, 69.66421661182876], [30.927309085565756, 69.6642188786431], [30.927128918510633, 69.66421503958655], [30.92698322165923, 69.66420420364676], [30.926820676487026, 69.66418597211252], [30.926657789723997, 69.66416315189083], [30.926383921451215, 69.66412765053356], [30.92617373971758, 69.66410655153686], [30.926050731370726, 69.6640975769681], [30.925893116769426, 69.66409404054352], [30.925743805166356, 69.66409887956472], [30.925650540101863, 69.66410404724843], [30.925553468039023, 69.6641142818833], [30.92541706354992, 69.66413797170664], [30.925321657636683, 69.66416764131438], [30.925273587136527, 69.66421221896806], [30.925259812259537, 69.66425268113531], [30.92525690285692, 69.66428067380761], [30.92525905476809, 69.66432353496991], [30.92526326830431, 69.664357333269], [30.9252727939615, 69.66438629414614], [30.92528386044095, 69.66440965966225], [30.92529221888088, 69.66442052508286], [30.925322724004047, 69.66445603511593], [30.925395004751337, 69.66451787464018], [30.925465219531887, 69.66457288352342], [30.92554744282738, 69.66463693967184], [30.92560533844006, 69.66469078477017], [30.92565855828082, 69.66474580423758], [30.925709671375337, 69.66481155411783], [30.925778744891385, 69.66490686614067], [30.92581720767931, 69.66496446016882], [30.9258280594297, 69.66498063799254], [30.925886367172883, 69.66508129500818], [30.925920900227208, 69.66515450187005], [30.9259440446606, 69.66523569903643], [30.92594490554916, 69.66528413247903], [30.925940897922676, 69.66533625320356], [30.925929932914645, 69.66539659870543], [30.92591169493845, 69.6654440371952], [30.925873948461163, 69.66549892784757], [30.92582355698426, 69.66554843426822], [30.92560407371115, 69.665715230099], [30.925475266865444, 69.66583653284559], [30.925415744870826, 69.66591285487962], [30.925354262568156, 69.66604776024606], [30.925284411753847, 69.66620978009722], [30.925230915198263, 69.66631742156429], [30.92513701247408, 69.66644092789777], [30.92501953985334, 69.66655452191645], [30.924879746468118, 69.66664117694104], [30.924580953989754, 69.66679816166632], [30.924140432212624, 69.66703135291654], [30.92400089430276, 69.66711696647197], [30.92392886718128, 69.66719500520965], [30.92390835501892, 69.66723396845916], [30.923905562307514, 69.6672631514158], [30.923891584343938, 69.66730335486649], [30.923887008830164, 69.66737650421479], [30.923891062858434, 69.66743462016234], [30.923892697137784, 69.66752585783976], [30.923899573918796, 69.66765292342971], [30.92389975202406, 69.66774364975647], [30.923894557064, 69.6678418988375], [30.923869883703972, 69.66797596554427], [30.92384233152172, 69.66809523784548], [30.923827964235254, 69.66823130272742], [30.92382078905878, 69.66834562989779], [30.92382317093851, 69.66850933696361], [30.92382902756205, 69.66882297336926], [30.923811505804245, 69.66896081023394], [30.923777254700397, 69.66907275873218], [30.923711049763845, 69.6692253815339], [30.923620185165294, 69.66935562577997], [30.923503964860092, 69.66948434755359], [30.92345831689354, 69.66953174762916], [30.923427657732677, 69.66957479636099], [30.92340206467513, 69.66962753848865], [30.923389462374562, 69.66967713163012], [30.9233763091236, 69.66973878881997], [30.92337618105925, 69.66978352531665], [30.923379692544078, 69.66982884731529], [30.923399027433067, 69.66987297459875], [30.923446987946658, 69.66993116457378], [30.923563890581026, 69.67003820028211], [30.923734084389043, 69.67019757059477], [30.92385395048007, 69.67033297667204], [30.923924024750864, 69.67044788009177], [30.923988161496005, 69.67058338808363], [30.924056193390097, 69.67072223005057], [30.924118825353922, 69.67088513805753], [30.924163839307067, 69.67102445803852], [30.924201013022607, 69.67115600598896], [30.924263268331302, 69.67135434095356], [30.924303206314065, 69.67146530241946], [30.92435621585208, 69.6715576755267], [30.924399886379312, 69.67161718896693], [30.9244449799333, 69.67166991676467], [30.924689628234344, 69.67184001172231], [30.925161965610176, 69.67212430212317], [30.925686081016845, 69.6724074718543], [30.926029041904584, 69.67258440725404], [30.926349635542305, 69.67271638790842], [30.926783836258114, 69.67286542908154], [30.92741880983138, 69.67303737429094], [30.927588240705905, 69.67310209838138], [30.927739629085544, 69.67319345116269], [30.927865596579124, 69.67329114256233], [30.92796687613704, 69.67337782412017], [30.928078697943704, 69.67350547813977], [30.928142033902407, 69.67363644192372], [30.92815190097754, 69.67376286233038], [30.92810920793443, 69.67392355856697], [30.92795193679813, 69.67421338173814], [30.927864400141765, 69.674380744751], [30.92781985127904, 69.67449587136316], [30.927818899868225, 69.67458993889248], [30.927889873719472, 69.67466003476025], [30.927988821771535, 69.67470535017301], [30.92820808881511, 69.67475675220135], [30.928408272251218, 69.67477749416705], [30.928585333517315, 69.67478615624063], [30.9287968459501, 69.67478052388897], [30.92897443166899, 69.67474912390091], [30.9291678489237, 69.6746996171805], [30.929452074943637, 69.67461855900451], [30.929788849169842, 69.67451874956008], [30.930648630339263, 69.67427999044558], [30.931182295876404, 69.67412036455289], [30.932002748888316, 69.67388303803733], [30.93232243019856, 69.67380144618305], [30.932552278772754, 69.6737495604496], [30.932807495895357, 69.67370852796903], [30.93331407352918, 69.67363837181719], [30.93377140978261, 69.67359229547777], [30.934098205614813, 69.67357380033896], [30.934441820554248, 69.67356057743484], [30.934694256609983, 69.67356702228435], [30.934940811084523, 69.67358722894282], [30.935172111952284, 69.67362317875981], [30.935375040994217, 69.67367405986965], [30.935573447635544, 69.67374495286923], [30.93581256958287, 69.67385835365653], [30.936062901936733, 69.67399769481581], [30.93631684479679, 69.6741655320662], [30.936473382987923, 69.67432182867827], [30.936558589264646, 69.67444659957347], [30.936601478202277, 69.67455784396769], [30.936622945383682, 69.67464058675874], [30.936606377738283, 69.67472640801196], [30.93655778443545, 69.67480033216526], [30.936448893532166, 69.6748781132298], [30.93631265639681, 69.67493247210648], [30.936092717445597, 69.67498584288262], [30.935522092154727, 69.67506917484974], [30.93466381633759, 69.67521254485185], [30.934273811862806, 69.67527878378527], [30.934079302083873, 69.67531961948664], [30.933943448328343, 69.67536654727559], [30.933862354173243, 69.67541623352685], [30.933778183598747, 69.67548367156031], [30.933585408425966, 69.67568865040202], [30.933488688512856, 69.67582332931279], [30.933480381457233, 69.67586328430681], [30.933486692527826, 69.67590150926664], [30.93352191784954, 69.67596864770333], [30.93357440244946, 69.67603196212582], [30.93363906800944, 69.67609728492317], [30.933725659761866, 69.6761769238502], [30.933794058624198, 69.67622258548285], [30.93386135972902, 69.67625439531115], [30.933990264557135, 69.67630958135024], [30.934099798418632, 69.67634134204005], [30.93423455547705, 69.67637167940211], [30.934426476406472, 69.67640547569697], [30.93456965834749, 69.67642569532909], [30.93474441161036, 69.67644306900849], [30.935032953218137, 69.67646389879678], [30.935201889352147, 69.67647164827373], [30.935321011703817, 69.67647202041131], [30.93546070198836, 69.6764687223617], [30.935604181050174, 69.67645998895853], [30.935719749084395, 69.6764498795364], [30.935825204555055, 69.67643803132773], [30.936010603481055, 69.67640192345567], [30.936098918766874, 69.67637817835222], [30.936188165042346, 69.67635046526414], [30.93642092786262, 69.67626023107422], [30.936694677609214, 69.67614141508172], [30.93685457636836, 69.67608152712866], [30.936961583193227, 69.67605271474035], [30.937053939615815, 69.67603145754302], [30.937439985600975, 69.67595661726659], [30.937593714220117, 69.67592530344027], [30.937785441557796, 69.67587843867628], [30.937957260418706, 69.67583989573377], [30.938099702027827, 69.67580186944015], [30.938231778539063, 69.67576074177086], [30.93831820242992, 69.67573144165608], [30.93840294415954, 69.67569305688305], [30.938472500561254, 69.67566015182861], [30.938530393979256, 69.67562694630492], [30.938606477018357, 69.67557559805552], [30.93865297860023, 69.67553347248074], [30.938679488892138, 69.67549921476183], [30.938689905498126, 69.67547615854866], [30.93869550733338, 69.67545271886016], [30.93869966177566, 69.67542118924715], [30.938695299719576, 69.67537964027984], [30.93868287773889, 69.67532590398164], [30.938675760366383, 69.67528664459506], [30.938674370752736, 69.67524343273367], [30.938691455513734, 69.67520487739999], [30.938736580153012, 69.67515095877282], [30.938783922275377, 69.67510820035449], [30.938911373642508, 69.67502794994795], [30.93906523070237, 69.67491779460676], [30.939137252358126, 69.67487015078929], [30.93921514913039, 69.67480218373257], [30.939254331478622, 69.67475297659198], [30.93927849886332, 69.6746570206116], [30.93928977328889, 69.67459608784404], [30.93931040247355, 69.67453280552213], [30.93934257744185, 69.67448036941038], [30.93939448875898, 69.67442905294104], [30.939519516141637, 69.67434255842932], [30.939743179033712, 69.67422054263567], [30.940042445719126, 69.67408797528894], [30.94034399196153, 69.67399252953047], [30.940648904272916, 69.67393733874003], [30.94097186307745, 69.67389867217882], [30.94134855877278, 69.673870064343], [30.9418058231634, 69.6738577031283], [30.9421096282801, 69.67386628504183], [30.942486934861652, 69.6738840091211], [30.942904112949577, 69.67390448823524], [30.943211839160107, 69.67391815553609], [30.94348612562256, 69.67392809799361], [30.943759450585798, 69.67393230751861], [30.94401544403231, 69.67393230870809], [30.944369129762954, 69.6739290329108], [30.945101704578832, 69.6739362117226], [30.945589236948305, 69.67395345866964], [30.945903612742146, 69.6739860938754], [30.94617359989909, 69.67403459992639], [30.94638586823892, 69.67410410015707], [30.946577223182235, 69.67419061191427], [30.946703818358856, 69.67428518907158], [30.946744310439097, 69.67437669692777], [30.94671175833076, 69.67445828172448], [30.9465904249068, 69.6746243785033], [30.946450643413137, 69.67474136531757], [30.946287026490758, 69.67485881616996], [30.946118791414815, 69.67495165251188], [30.945928462034733, 69.67502686217613], [30.94557470961743, 69.67514252187804], [30.94527055208415, 69.67520180939975], [30.9450106913526, 69.67523682434633], [30.944838431673862, 69.67525684154408], [30.944638982798498, 69.67526848588994], [30.944515075327207, 69.67526949051434], [30.94439083094612, 69.67526867814487], [30.944121036803704, 69.67523216414405], [30.943928801724116, 69.67519452613733], [30.943752802875906, 69.67517450558454], [30.943628351075493, 69.67517583754734], [30.94341080824099, 69.67518814896682], [30.94308065597069, 69.67524199769787], [30.94278711616714, 69.67530851620079], [30.94258553389727, 69.67538190403417], [30.942377010834768, 69.6754883749195], [30.941954313222315, 69.67578713907278], [30.941780897221033, 69.67595918752069], [30.94172920145241, 69.67603562123844], [30.941687516176792, 69.67611297108375], [30.941665378362025, 69.67618877805049], [30.941671115741364, 69.67625487370874], [30.941680914917377, 69.676308300227], [30.941714514592036, 69.67636570234852], [30.94176716629301, 69.67642160776839], [30.941896934688433, 69.67650203049718], [30.94200647759196, 69.67656345104642], [30.942138054341903, 69.67662448339553], [30.94227208150028, 69.67668593443777], [30.942503737314095, 69.67677609195687], [30.942627120415562, 69.67681441407684], [30.942835950879477, 69.67687943475542], [30.9430847081046, 69.67694692914631], [30.94351212365316, 69.67705822549154], [30.943749051808926, 69.67711416008444], [30.94400490060724, 69.67716842494521], [30.944229430425082, 69.67721137428533], [30.944520214798374, 69.6772640487281], [30.94479783269054, 69.67730205368215], [30.945083384966438, 69.67733793314329], [30.94540024680098, 69.67736683012357], [30.94551483581872, 69.67738027863999], [30.945612707239608, 69.67739583850704], [30.945694809378946, 69.6774150848986], [30.945780678838215, 69.67744266738707], [30.945824949516062, 69.677457674216], [30.945987714990384, 69.67753465297272], [30.946171845381876, 69.67764244915644], [30.94626373820883, 69.67771336762702], [30.946327108175858, 69.67776901405769], [30.946353004048824, 69.67779950198168], [30.946384290137058, 69.67784353496593], [30.946403583414728, 69.67788304758349], [30.946413000016868, 69.67791285234031], [30.94641552061068, 69.67794819734377], [30.946399154734575, 69.67799491246909], [30.946369621871384, 69.67803730897595], [30.94632350841224, 69.67808337521], [30.94629882959647, 69.6781037869381], [30.9462694421079, 69.67812602341222], [30.946197784910485, 69.67817206573348], [30.946096204161005, 69.67822412932877], [30.945949311737493, 69.67829122522677], [30.945797896011914, 69.67836142220321], [30.945675389237564, 69.67842911158408], [30.94555601155495, 69.67850741434891], [30.945454778420363, 69.67858476656198], [30.945346758976562, 69.67869056743268], [30.94526303160182, 69.6788323656399], [30.945182842195088, 69.67899324132874], [30.945012203247174, 69.67942758455469], [30.94499706762957, 69.6795114277563], [30.944993899179075, 69.67957733713428], [30.944976044379466, 69.67962040147212], [30.944940511191536, 69.6796560553593], [30.944902636387162, 69.67967935890023], [30.944853592605742, 69.67970231623676], [30.944791124498643, 69.67972338149268], [30.944702829157688, 69.67975405998702], [30.94458748655341, 69.67978587072378], [30.944451640589897, 69.67982143880748], [30.944366666129707, 69.67984607814645], [30.943750918708286, 69.6800162492877], [30.943672101015142, 69.68004197835853], [30.943591666851376, 69.68007423445752], [30.943504415234102, 69.68011627424968], [30.943443302664832, 69.68015772852156], [30.943385318372847, 69.68020462115992], [30.94334419217288, 69.68025613590683], [30.943294828597857, 69.680338359713], [30.94326989171119, 69.6803974236678], [30.943252591510074, 69.68048433252349], [30.943242626646015, 69.68055799011582], [30.943238852929465, 69.68060759812796], [30.94323947808412, 69.6806515289897], [30.943240351357474, 69.68069543675223], [30.943241112364138, 69.68076541572087], [30.943242187975507, 69.68083545781685], [30.943241353798985, 69.68090336737362], [30.94323814912122, 69.6809699265952], [30.943235735651346, 69.6809805940811], [30.943234380508, 69.68098608026223], [30.943218473384544, 69.68101408408236], [30.943199597481183, 69.68103996153387], [30.943143671487668, 69.68109470226662], [30.943111349214732, 69.68112728400078], [30.943043359158366, 69.6811915575168], [30.942928323991563, 69.68129967162442], [30.942864780181818, 69.68135281102998], [30.9428057458126, 69.68139869193733], [30.942701335967303, 69.68148816547227], [30.942611416770085, 69.68156159604645], [30.942549946428056, 69.68163191598423], [30.94249934222634, 69.68173116635862], [30.94245454759031, 69.68184623309108], [30.94242486363642, 69.68198780203812], [30.942412088657647, 69.6820885209808], [30.94241403891354, 69.68215349116316], [30.942435272013384, 69.6822151876294], [30.94247425021123, 69.68226885560463], [30.94253209948176, 69.68231975026701], [30.942613955494558, 69.68236970385593], [30.94278289564599, 69.6824539684181], [30.942962367532967, 69.68252015588023], [30.943267081032342, 69.68262495699578], [30.943588162802744, 69.68270993594528], [30.943775190837542, 69.68275314763795], [30.944019420465523, 69.68280535793164], [30.944178082794295, 69.6828469591253], [30.944291571808375, 69.68288860730306], [30.944319525306035, 69.68290485734171], [30.94434696569882, 69.68292596070785], [30.944383328526424, 69.68296277558392], [30.944410639783488, 69.68300440701334], [30.944428529602664, 69.68303933760888], [30.944444701273362, 69.68307997304804], [30.944448517820433, 69.68311251731936], [30.94444776309009, 69.68315361967316], [30.944440222586596, 69.68318454128598], [30.94441539873025, 69.68322788451346], [30.944371380288842, 69.68327634169266], [30.944325843883995, 69.68331144764056], [30.94420878357171, 69.68338934652354], [30.9440815999829, 69.68348343611649], [30.943982050732668, 69.6835678369303], [30.943923691279018, 69.68364322778254], [30.94383593739732, 69.68379122040557], [30.943776432771685, 69.68386098804395], [30.94373643916891, 69.68390639014687], [30.943668551159284, 69.68395355730648], [30.943557956283048, 69.68401190846282], [30.943410709454973, 69.68406618595327], [30.942863232344692, 69.68425262987479], [30.942548918998536, 69.68436515339296], [30.94224901374732, 69.68448705493574], [30.94155966771739, 69.68477273564366], [30.941033858006822, 69.68501250999228], [30.940560979099292, 69.68517019038178], [30.940133042703064, 69.68527646309724], [30.93993410238999, 69.68532787689915], [30.939794499934504, 69.6853562096444], [30.939701845088635, 69.68537333453975], [30.939671918868594, 69.68537695131825], [30.93938076141485, 69.6854119024623], [30.93912007979265, 69.68542876882168], [30.938632878286416, 69.685458859195], [30.93822929011218, 69.68548597292862], [30.93800430270544, 69.68550256554794], [30.93784455620961, 69.68552029520554], [30.937607139105648, 69.6855583745773], [30.937451233875294, 69.6855769477376], [30.93719325639304, 69.68559180344747], [30.936895146971505, 69.685601521311], [30.936596728652784, 69.68560221100479], [30.93630930566963, 69.6855995668501], [30.93606757147412, 69.68560098835314], [30.93594799871347, 69.68560009996322], [30.9358307965571, 69.68560056193007], [30.93572960102051, 69.68560212210384], [30.93564073829653, 69.68560484508224], [30.9355629051648, 69.68561014589505], [30.935498477507178, 69.68561558563133], [30.93543497483349, 69.68562602191898], [30.935383932504642, 69.68564158289365], [30.935336762019723, 69.68566251313982], [30.93529355689356, 69.68568686331682], [30.935254120586695, 69.68572093569485], [30.935240263940333, 69.68575299788715], [30.935250757499748, 69.68580940916151], [30.935265677073016, 69.68583463563098], [30.935288870628572, 69.68585955438758], [30.935317817044936, 69.68588227451842], [30.93536018152901, 69.68590929098568], [30.93542912170511, 69.68594076582879], [30.935496515985303, 69.68596988937271], [30.935562516077162, 69.6859920269205], [30.935652313255137, 69.68601915855713], [30.93571356824535, 69.68603720937053], [30.935800588153423, 69.68605970153043], [30.935883766155754, 69.68608134975305], [30.93598599074457, 69.68610769470664], [30.93607814718902, 69.68613201917447], [30.936169438855618, 69.68616039777972], [30.936265618577618, 69.68619063186964], [30.936359977197164, 69.6862205733059], [30.93645006725529, 69.68625636417067], [30.93652147017718, 69.68628585384673], [30.93658112885189, 69.68631736033403], [30.936656695543576, 69.68636087886397], [30.93672450334057, 69.6863998518033], [30.93678164795109, 69.68644258922873], [30.936832250859116, 69.68648926214821], [30.93688508680403, 69.68654090238539], [30.936908730689485, 69.68656605649339], [30.936942535942183, 69.68662371836798], [30.936953194482186, 69.6866510047953], [30.93696138045095, 69.68667611856232], [30.936966050657237, 69.68670978413088], [30.936949684058515, 69.68676481357224], [30.936925221442188, 69.68681348053754], [30.93689650841509, 69.68686318984153], [30.936863488572698, 69.68693353810637], [30.93684543223912, 69.68696636098205], [30.936828511644, 69.6869916852098], [30.93680992015184, 69.68701725730598], [30.936780660677528, 69.68704520812895], [30.93675581641053, 69.68706646412613], [30.936723287476106, 69.6870860323786], [30.936685045912107, 69.68710474593725], [30.936635662652904, 69.68712246302675], [30.936577924952434, 69.68714141944028], [30.936527186216683, 69.68715427234493], [30.936462593332184, 69.68716675077049], [30.936406426343108, 69.68717428670323], [30.936347675616204, 69.68718123128933], [30.936295834727336, 69.68718540750972], [30.93617464337222, 69.6871886428448], [30.936070662363644, 69.68718556391924], [30.93599378311006, 69.68717968629733], [30.935931166105895, 69.68717229694295], [30.935844844304697, 69.68715796414894], [30.93575318704942, 69.68714154016669], [30.935668395193947, 69.68712401538106], [30.935536484687436, 69.68710126330389], [30.935376067721222, 69.68708190243699], [30.93519678563289, 69.68705773525073], [30.935065909432975, 69.68703183708803], [30.93494956154971, 69.6870047721229], [30.934877863962534, 69.68698214762206], [30.934775903518105, 69.68695097179592], [30.934617939304026, 69.68689820652281], [30.934389836406023, 69.68681758891827], [30.934261708244517, 69.68676833190652], [30.93416720246304, 69.68672749852377], [30.934055013829546, 69.68667269257834], [30.933949274659938, 69.68661590048684], [30.933881609656748, 69.68657330949735], [30.933803356160915, 69.68652042933813], [30.933735390752013, 69.686476757356], [30.933577150017356, 69.68636598329381], [30.933203621888225, 69.68617774221464], [30.93312719335816, 69.68613689048415], [30.933004126990586, 69.68605518817542], [30.932871555653463, 69.68593629681732], [30.932720393289983, 69.6857739460353], [30.932526296538633, 69.68557381950497], [30.932428436687694, 69.68547304627548], [30.932345956804674, 69.68537980625744], [30.932238052938747, 69.68525529378957], [30.93216640431477, 69.68517610921326], [30.932124670984393, 69.68513609627239], [30.93208435241311, 69.68510482312867], [30.932044965897905, 69.68508131816463], [30.93200362925178, 69.68505873387922], [30.93194039310282, 69.68503430540653], [30.931870509193025, 69.68501160420462], [30.931778114260577, 69.68498730048894], [30.931417732071473, 69.68489994936822], [30.931111898318772, 69.68482471225843], [30.930799066708236, 69.68475557785452], [30.93053841311764, 69.68470376829518], [30.930414047315544, 69.68469112422824], [30.930287869252385, 69.68468751996835], [30.930195863417353, 69.68468960864057], [30.93012352056972, 69.68469892458943], [30.930063622434893, 69.68471438340794], [30.929998423489675, 69.68474022303502], [30.92985071685682, 69.68486023166604], [30.929732504055927, 69.68496363556505], [30.929479930482206, 69.68515466410011], [30.929170382921377, 69.68537427763825], [30.928754917017912, 69.68565216257666], [30.928630735981287, 69.68573643685497], [30.928457383304334, 69.68583905257184], [30.928335001064585, 69.68589700742568], [30.928179902724185, 69.68595634109333], [30.92805336568868, 69.68600821336668], [30.927991898205885, 69.6860458103165], [30.927954158825436, 69.6860817552211], [30.927929892142956, 69.68612448687043], [30.92792031388696, 69.68616418928967], [30.927918308046614, 69.68621372217488], [30.927919649311324, 69.68628382823674], [30.92793381379142, 69.6863654019199], [30.927977928752455, 69.68647653371511], [30.92808988551591, 69.68665777931855], [30.92818307254938, 69.6868440047073], [30.928284473516026, 69.68696838398917], [30.928412793800376, 69.6870952502334], [30.92848717549033, 69.68719663715481], [30.928547484403364, 69.68733361653854], [30.92854618269933, 69.68741099169637], [30.928519033996732, 69.6874717340081], [30.92847342013999, 69.68753474778279], [30.928356038658738, 69.68762855372941], [30.928134747942888, 69.68776667489054], [30.927709544562113, 69.68801403923105], [30.92702435086556, 69.68833723115338], [30.926148580819977, 69.68881360724527], [30.925913957348733, 69.68894584755739], [30.92564118055304, 69.68911868993997], [30.92537991858414, 69.68932409771273], [30.925081196545264, 69.68953095397038], [30.924761065015097, 69.68973074341821], [30.92462615393104, 69.68980907863735], [30.924543302725514, 69.68986797404843], [30.924484161520606, 69.68994970801545], [30.924432735340734, 69.69004560247633], [30.924400565500424, 69.69015717207442], [30.924335658441375, 69.69027769872473], [30.924269196190323, 69.69037859456385], [30.92423009255449, 69.69043074340607], [30.9241496020451, 69.69052896951199], [30.92405331028189, 69.69063051238214], [30.92390647403979, 69.69076382857719], [30.92379473408489, 69.69085119007663], [30.923786670720162, 69.69085729918257], [30.923677506903733, 69.69094248052907], [30.92363368936911, 69.69097677045504], [30.923566923156546, 69.69102271129007], [30.92348728910398, 69.69107335954546], [30.92339027022937, 69.69112285129032], [30.923287975220664, 69.6911675660827], [30.923160766312346, 69.69121930907838], [30.922981718629018, 69.69128871443543], [30.922830380770172, 69.69135092385095], [30.922751250479926, 69.69137805322653], [30.92266992382741, 69.69140751204301], [30.922592867280514, 69.69142973580983], [30.922492166162325, 69.69145683676317], [30.922395363939724, 69.69148071066759], [30.92230420176314, 69.69150258183126], [30.922216938586622, 69.69152122595918], [30.922097921910243, 69.69154596281736], [30.922003123452146, 69.6915634589376], [30.921933689926743, 69.69157554835682], [30.92187530614017, 69.69158402347723], [30.921809173963517, 69.69159210975242], [30.921742178286035, 69.69159907495134], [30.921662927449265, 69.69160394474302], [30.921599761333365, 69.69160621086857], [30.92152151120892, 69.69160719890736], [30.92145365324468, 69.69160648192685], [30.921381386554252, 69.69160349481243], [30.92129773600258, 69.69159574390716], [30.921208443282737, 69.69158204879344], [30.921077312717713, 69.69155893489787], [30.920884815777494, 69.69152867888052], [30.920702961453067, 69.69150464146111], [30.920591123552793, 69.69149137776463], [30.920478971112587, 69.69147805082874], [30.920410046275393, 69.69146662103859], [30.92035501304828, 69.69145630295864], [30.920299658910395, 69.69144315008165], [30.92026066157916, 69.69143051023345], [30.920212991101774, 69.69141109896704], [30.92016304218598, 69.69138700186514], [30.920098452608933, 69.69135252956076], [30.920044086059065, 69.69132200486047], [30.9199182489427, 69.69125912572362], [30.919869877196728, 69.69123673017307], [30.919802818427573, 69.69120803165889], [30.91971969749314, 69.69117712936857], [30.919659958387143, 69.69115689891811], [30.919599330620176, 69.69113896878113], [30.919542779341572, 69.69112287760069], [30.919468679417704, 69.69110610684169], [30.919369773129297, 69.69108544979481], [30.919224187309762, 69.69105841091326], [30.9190204125132, 69.69102282530072], [30.91881485763041, 69.69099045429898], [30.918693958698682, 69.69097267205368], [30.91857364326963, 69.69095668364385], [30.918469361391587, 69.69094493461076], [30.918365844765788, 69.6909348701342], [30.918250377161787, 69.69092517673944], [30.918140573531243, 69.69091662033608], [30.918041419345943, 69.6909104934409], [30.917949903762672, 69.69090772264472], [30.91785984901666, 69.69090684900158], [30.91775966475083, 69.69090663921321], [30.91765973467428, 69.69090917791848], [30.917534799830058, 69.69091551817299], [30.91741025186077, 69.690924779364], [30.917300685987747, 69.69093449664722], [30.91717586660414, 69.69094858794956], [30.917051255021565, 69.69096709530092], [30.916959696447016, 69.69098327106033], [30.916871948273045, 69.69100094087018], [30.916780152786533, 69.6910226828385], [30.91669658437048, 69.69104439967916], [30.916654530202084, 69.69105680784527], [30.91659183280803, 69.69107695529601], [30.916534383436375, 69.69109735441408], [30.916486933724382, 69.69111830302127], [30.916448770665408, 69.6911392205296], [30.916409833875736, 69.69116224281613], [30.91634267865537, 69.69121218909606], [30.916275144900474, 69.69127131859793], [30.916219827713157, 69.69133042202016], [30.91615429087166, 69.6913949102189], [30.91599586340059, 69.69152153002513], [30.91595105897915, 69.69156561110735], [30.915928592996643, 69.69159689806503], [30.915922172139506, 69.69162207426264], [30.91592226408594, 69.69164257963595], [30.91592705869323, 69.69166366461458], [30.915940767819837, 69.69168872654814], [30.915957138692427, 69.69171206274211], [30.915981439648146, 69.69174362556792], [30.916079943688242, 69.69184184978272], [30.91609009381172, 69.69185088664152], [30.91616813111221, 69.69192218173636], [30.91624377280227, 69.69200349432995], [30.91629220895208, 69.69207365823473], [30.916295349892824, 69.69207946519924], [30.916355533311254, 69.69217801512126], [30.916436604198296, 69.69226603104505], [30.91652341790527, 69.69235286667355], [30.916576194668643, 69.69239998813579], [30.91661017153143, 69.69242649394248], [30.916663898405755, 69.69246862966713], [30.916776549149567, 69.69254410185697], [30.916875524649665, 69.69260319498918], [30.91699768087615, 69.69267926262553], [30.917221929536083, 69.69279186405764], [30.917413495773914, 69.69288689510361], [30.917596968048585, 69.6929741766848], [30.91784035532486, 69.69308398342633], [30.91806780149736, 69.69317826831146], [30.918345459209675, 69.69327833014853], [30.91859894810217, 69.69337084210213], [30.918940561651375, 69.69350626722684], [30.919587530229435, 69.69380774521129], [30.91981919258281, 69.69389988166876], [30.919870236867144, 69.69392988402528], [30.919904318542518, 69.69395582557406], [30.919920166134162, 69.69397191042803], [30.919934617224953, 69.6939927453625], [30.919947093125412, 69.69401136124142], [30.919955346393692, 69.69403693031705], [30.91996180004957, 69.69405739941857], [30.919961666724987, 69.69408624267419], [30.919951129730507, 69.69415615701062], [30.919929510728736, 69.69425279000811], [30.91992698961175, 69.69426540673125], [30.91991354876074, 69.69433984155678], [30.91990423591224, 69.69439476467912], [30.919879846477926, 69.69445256704186], [30.91986150528889, 69.69447607904694], [30.91985054514189, 69.69449086591612], [30.919795374821117, 69.69453323151387], [30.919741869695468, 69.69457257776534], [30.919672245448595, 69.694615177276], [30.91959808065723, 69.6946487731116], [30.919476977041896, 69.6946970792675], [30.91929617070463, 69.6947683967039], [30.91908740111807, 69.69484831810462], [30.918933748100063, 69.69490583880437], [30.91878369106865, 69.6949576656732], [30.91862167074669, 69.69500570619246], [30.91843198659376, 69.69505548473084], [30.918219471656823, 69.69510636739805], [30.917855445660155, 69.69518232040016], [30.917561023758065, 69.69524293590408], [30.91737750147355, 69.6952806822185], [30.917292557202813, 69.6953013246212], [30.917167075151053, 69.6953349730212], [30.91706845089519, 69.69536963796922], [30.91699418114781, 69.6954037963354], [30.916891720082855, 69.69546422907119], [30.916779044120034, 69.69555665879156], [30.91665244793122, 69.69567523842194], [30.916610261430503, 69.69571547222807], [30.91654524430543, 69.69576475699556], [30.916488802288686, 69.69580548317956], [30.916431782417376, 69.69583924018313], [30.91638173535207, 69.6958661583449], [30.916321183789705, 69.69589774836581], [30.916256918782036, 69.69592728071558], [30.91617640897026, 69.69596405097386], [30.91609504421961, 69.69600385755085], [30.916020398245905, 69.69604202357851], [30.91596055884872, 69.69607419408489], [30.915880339571608, 69.69612378147629], [30.915809888219293, 69.69617292361781], [30.91568047967121, 69.69626505792787], [30.91556851055147, 69.69635150655179], [30.915502019353216, 69.6964026831945], [30.915455411556202, 69.69643648908118], [30.91540464848092, 69.69647077326175], [30.91533294778924, 69.69650931206928], [30.91525284996585, 69.69654696739025], [30.915161877377347, 69.69658674146301], [30.91506801420304, 69.6966220712523], [30.914964994339744, 69.69665760450772], [30.9148631380815, 69.69668739290738], [30.91474805364667, 69.69671831729266], [30.914637147458045, 69.69674395609248], [30.91452418514251, 69.69676830726657], [30.91437704829571, 69.69679389147713], [30.914248775937637, 69.69681356547947], [30.91408182995567, 69.6968369231391], [30.913921597577442, 69.69685586857594], [30.91365061114154, 69.69688648462815], [30.913388875908332, 69.69691494747403], [30.91321653756961, 69.69693372264008], [30.91304438083992, 69.69695238834156], [30.912869413811315, 69.6969736249059], [30.912628515373413, 69.69700634270485], [30.912359495710426, 69.69704573700349], [30.912114647217738, 69.6971006280794], [30.91176946973246, 69.6971741668712], [30.911168573134223, 69.69732892203932], [30.91083622003425, 69.69741947126015], [30.910567459944147, 69.69750587137034], [30.9102612525455, 69.69761690777096], [30.910000966465518, 69.69772192461816], [30.909749743670595, 69.69782212615952], [30.909518499608602, 69.69791890164663], [30.90933686736489, 69.69804452114245], [30.909187514050004, 69.69817370450897], [30.90908942860027, 69.69825645479683], [30.909000039658693, 69.69835050250131], [30.908903201031176, 69.69849329117724], [30.908846810637613, 69.69870763356387], [30.90883194322405, 69.69887912751892], [30.90884815130572, 69.69900837328106], [30.908935106477323, 69.69917559039791], [30.909125792303403, 69.69941393934215], [30.90920424525605, 69.69951929653493], [30.9092557301847, 69.69965737286823], [30.909291140332744, 69.69977975436139], [30.909307829521552, 69.69990720013364], [30.909307255370845, 69.70001222350636], [30.90928490022836, 69.70010623977426], [30.909257874937946, 69.70020041230761], [30.909230482451292, 69.70023742130638], [30.90907911734558, 69.70037057873989], [30.90879093641927, 69.70052271818874], [30.90847588778539, 69.70062717572361], [30.907968943340627, 69.70078381643982], [30.90746248129473, 69.70089753547619], [30.907011258903065, 69.70095890846436], [30.90661496627469, 69.7009585398613], [30.90589105576797, 69.70094329572355], [30.905221640983196, 69.70094248859395], [30.90472956605725, 69.70097050036449], [30.904332840715735, 69.70102246593461], [30.903949605611857, 69.70110302439987], [30.903579792997835, 69.70121208962549], [30.90308283872229, 69.70134995165618], [30.902636943143175, 69.70145664808418], [30.902292072830438, 69.70151756468279], [30.902019675710086, 69.7015543856783], [30.901699502756205, 69.70159656230916], [30.901315150905845, 69.70164007189506], [30.900944294358286, 69.70167068616989], [30.90053477622136, 69.70168668303411], [30.900102550166192, 69.70169046323078], [30.89967261291079, 69.7016844204407], [30.899275475877666, 69.70165805549237], [30.898891453237443, 69.7016158741856], [30.89866670623385, 69.70158146479461], [30.898504934156517, 69.70153724109419], [30.898357408199846, 69.70148143964677], [30.898261469693743, 69.70142177746963], [30.898161627924523, 69.70133974706393], [30.898072380616064, 69.7012265194726], [30.897907492806425, 69.7009786593718], [30.897665545846003, 69.70068943700157], [30.897557749333984, 69.70054448157278], [30.897537036992688, 69.70041482630286], [30.897462001938784, 69.70024327069115], [30.897321176934184, 69.70009066053066], [30.897071791149834, 69.69986542217221], [30.89686566555576, 69.69969364372524], [30.896669535530737, 69.69962479442665], [30.896363998145034, 69.69956350478084], [30.896003541849296, 69.69955535525266], [30.89568635664393, 69.6995740530902], [30.895379816248735, 69.69961939019984], [30.895106061673957, 69.69969143844433], [30.894788174536284, 69.69979779285194], [30.894470039794243, 69.69992320336101], [30.893877380506808, 69.70020444228125], [30.893537726702295, 69.7003354490532], [30.89309478774276, 69.7004799122177], [30.892681040174065, 69.70060697603883], [30.89243881701826, 69.70069928652964], [30.89220921981408, 69.70081666672023], [30.89188752232418, 69.70100633918483], [30.891199172177146, 69.70138088608665], [30.89088861561824, 69.70154734728791], [30.890641222498427, 69.70171220251025], [30.890530503579228, 69.70186133841305], [30.89049284421329, 69.70199473913907], [30.890491073055205, 69.7021979912351], [30.890540251433297, 69.70243911535592], [30.890532386341956, 69.70247837386358], [30.890541250468868, 69.7025546110565], [30.890569124886856, 69.70264414673416], [30.89059357150619, 69.70271607520594], [30.89061135052279, 69.70275960916891], [30.890637028710426, 69.7028013021492], [30.89067988719846, 69.70286533334928], [30.89077572255916, 69.7029542979511], [30.890936480312607, 69.70305258231907], [30.890982382997116, 69.70307558433734], [30.891081727524337, 69.7031241233903], [30.89119511621433, 69.70317015938865], [30.891298740938804, 69.70320730637923], [30.891448454142484, 69.70325246975723], [30.891608049327328, 69.70329006439623], [30.891755074529783, 69.70331200789893], [30.891881007412977, 69.70332694407544], [30.892005891880363, 69.70333671071964], [30.892275207431055, 69.70334047969614], [30.892439748758427, 69.7033364059438], [30.892602013242833, 69.70332487411416], [30.89274132846973, 69.70330530595939], [30.89288528600458, 69.70327412717765], [30.89301861259352, 69.70323016658209], [30.893205817096035, 69.70316698152244], [30.893332448749607, 69.70312123893311], [30.893546127294513, 69.70304922343124], [30.89371775565103, 69.70299866183686], [30.89388041027425, 69.70295235074065], [30.89405054141619, 69.70291264567523], [30.894296122885788, 69.70286169442402], [30.894567400447677, 69.70281750758913], [30.894736041576596, 69.70279558787915], [30.894947200084246, 69.70277323676696], [30.895111081897273, 69.70276173695531], [30.8952629451044, 69.70275606372299], [30.895499319082646, 69.7027543809708], [30.895687907458463, 69.70275250902893], [30.89587951889214, 69.70275802564089], [30.896046517849427, 69.7027640687916], [30.89627386451127, 69.70277625031565], [30.896515063366294, 69.70279259854294], [30.896854586591118, 69.70282570011466], [30.897156779261664, 69.70286078463123], [30.89741352669741, 69.70289906681556], [30.897845962646947, 69.70296263506174], [30.89818535895283, 69.70302254203685], [30.898397414345588, 69.70306810949211], [30.898662449664506, 69.7031330642692], [30.89881915589439, 69.70318210151856], [30.898947164807012, 69.7032363874478], [30.899017827017026, 69.70327529448825], [30.89909911640733, 69.70332143947125], [30.89918246303488, 69.70338236242229], [30.899260213324336, 69.70345711000554], [30.899299319985925, 69.7035189945079], [30.899320103980795, 69.70357851280109], [30.89930841433255, 69.70363180294059], [30.899289809197008, 69.70366642287965], [30.89925816624483, 69.70369966482417], [30.899216297380026, 69.70374106235963], [30.899130479723016, 69.70380455389243], [30.898991215546488, 69.70388575337203], [30.898864943243378, 69.70395927976891], [30.89867160612947, 69.70406221803573], [30.898493237086964, 69.70414898385748], [30.89835860537747, 69.70420369615503], [30.89823012040934, 69.70424702750604], [30.898084436224728, 69.7042866869477], [30.897943008498476, 69.70431320036744], [30.897786610708785, 69.70433029115554], [30.8976390321171, 69.70433981878867], [30.897453237716046, 69.70434845497763], [30.897209697626458, 69.70435607024342], [30.89706013615011, 69.70435644890455], [30.89686570227848, 69.70434417177954], [30.896566146278744, 69.70431530846523], [30.89638115757999, 69.70429143674714], [30.896217366266523, 69.70427677959371], [30.89605974498944, 69.70426875729802], [30.89588463419192, 69.7042629109498], [30.895718307104328, 69.70426086992025], [30.89551625377867, 69.70426186411913], [30.89522117200915, 69.70427582637036], [30.89499982033518, 69.70429117546605], [30.894715700092135, 69.70431696383481], [30.894478687777127, 69.70434171043797], [30.894221323906642, 69.70437287103238], [30.894012083313857, 69.70440742345251], [30.893832690945167, 69.70444133348951], [30.89369648125595, 69.7044742890035], [30.89356597727168, 69.7045146616339], [30.893453567384164, 69.70456056370816], [30.893315590033435, 69.70463101142558], [30.893159373597868, 69.70471719428475], [30.89274911867917, 69.70492052583984], [30.892338710219533, 69.70514373551545], [30.892128285945255, 69.70528160251568], [30.891707335825718, 69.70559735258978], [30.89136245010658, 69.70586770548263], [30.89117270852843, 69.70602832328098], [30.891036864942457, 69.70614827975335], [30.890874317685782, 69.70628854367875], [30.890711790753944, 69.70638177530333], [30.89059815887878, 69.70643129861558], [30.89048941044292, 69.70645948748688], [30.890335299931337, 69.70650241372063], [30.890089962040392, 69.70655028358887], [30.88979407232608, 69.70659091884627], [30.889572127281465, 69.70660483536675], [30.889328945620893, 69.70660187076403], [30.888661112976887, 69.70657561411306], [30.888387034933555, 69.70657227752538], [30.888102572570304, 69.70657239748867], [30.887805854824716, 69.70657734847087], [30.887470774324314, 69.70658917999542], [30.8873012702815, 69.70659444590858], [30.88699444314108, 69.70661705584186], [30.886707118774698, 69.7066459889071], [30.886464032373404, 69.70668329590754], [30.88628839474582, 69.70673042985212], [30.886114485812694, 69.70678673532626], [30.8858596330507, 69.70689285726044], [30.885697949940866, 69.70699967835843], [30.885546666533504, 69.70712660177907], [30.885421965497216, 69.70729328675772], [30.885375103550896, 69.70749646293143], [30.885361393508855, 69.70779847962758], [30.885325880937504, 69.70800430007716], [30.885268100156928, 69.70811193465717], [30.88517186656933, 69.70822183801894], [30.885029804816206, 69.70833099750371], [30.88479829148864, 69.70844049755505], [30.88452266813277, 69.70854456666804], [30.884243176512797, 69.70864049313465], [30.88360752694916, 69.7088642075649], [30.883317444063128, 69.70896748817295], [30.88296624552413, 69.70908511405388], [30.882611444854412, 69.70919771368091], [30.882362727560103, 69.70927655661929], [30.882132103639933, 69.70935954408733], [30.881874896525407, 69.70946439594925], [30.88165497218643, 69.70957965336252], [30.88155358916291, 69.70964826757482], [30.881485783284216, 69.70970203791795], [30.881405307260685, 69.7097666830055], [30.881352070032687, 69.7098307456255], [30.881321926521533, 69.70988814213334], [30.8813069569235, 69.7099389592723], [30.881294663065816, 69.71000606711803], [30.88128459955402, 69.71009338746822], [30.88127356487726, 69.7101936405181], [30.881258160004062, 69.71026916713585], [30.88123264697375, 69.71034332001935], [30.881172099081, 69.71043734837131], [30.881095923177423, 69.71052663356492], [30.88102257423775, 69.71060401524741], [30.880871019983708, 69.71075904334602], [30.88077822857546, 69.71086169333198], [30.880740287738625, 69.7109397686759], [30.880723347139405, 69.71103095946636], [30.88071242429486, 69.71112824533523], [30.880710577912005, 69.71128650216194], [30.880736787232152, 69.71134551698988], [30.880800020381574, 69.71145025683029], [30.880887558205842, 69.71157898587839], [30.881002758396907, 69.71171771892213], [30.881114073344712, 69.71190402515977], [30.881177889129116, 69.71203929367111], [30.881212713700094, 69.71212301160365], [30.881228201044987, 69.71220824306714], [30.881222749347636, 69.71230640845994], [30.881201770510195, 69.71237191828908], [30.881147076008407, 69.71245071359587], [30.88109201596966, 69.71252834158324], [30.881010474406008, 69.71260546511944], [30.880925999138743, 69.71268258305119], [30.880788919172005, 69.71278027899639], [30.88059438072727, 69.71290436103341], [30.88041931073868, 69.71299143793455], [30.880297353374832, 69.71304717199791], [30.880054535511565, 69.71313340706043], [30.87975872389375, 69.71323036914977], [30.87952557133, 69.71329732190338], [30.878837304936336, 69.71345075999788], [30.87735330056776, 69.71369754090246], [30.876857939199805, 69.71379680058111], [30.8765018582812, 69.71387808403597], [30.876256343116808, 69.71395079499038], [30.875864868869225, 69.71407194030158], [30.875587813962966, 69.71415385203518], [30.87522501886373, 69.7142731722614], [30.87490421252509, 69.71438130612069], [30.874274062748487, 69.71462080940596], [30.87407248547857, 69.7147091288998], [30.87388350154417, 69.71479443470136], [30.87377343358658, 69.71485700732406], [30.873659456233405, 69.7149352786299], [30.873555573901825, 69.71503118624787], [30.873480844652956, 69.71513696102019], [30.87344399987874, 69.71523174601576], [30.873438429008463, 69.71532668570372], [30.873443787461195, 69.71536102141928], [30.873463452761996, 69.71542054950272], [30.87348583466728, 69.7154697555124], [30.8735264006458, 69.71553603420145], [30.87359005960216, 69.71563685526492], [30.87364895795186, 69.71570966030322], [30.873693053498275, 69.7157656341082], [30.873744078808333, 69.71583131448435], [30.87379202089962, 69.71589229105571], [30.873854419556213, 69.71597484291904], [30.873947752025536, 69.71609139637843], [30.874024853114808, 69.71617332680673], [30.87411093413539, 69.71623437718603], [30.874199913890056, 69.71628361032025], [30.87434962608608, 69.71635226115174], [30.874461578097403, 69.7163974280348], [30.87461104012182, 69.71645085724933], [30.874775137033666, 69.71649942107815], [30.875022458298304, 69.71656236424941], [30.875290449818998, 69.71662690506194], [30.875414899801562, 69.71666130612945], [30.875579579685624, 69.71670750572167], [30.875808196482375, 69.71678317400062], [30.875977819800006, 69.71683787791287], [30.8761084565039, 69.71687928226773], [30.876165196067557, 69.71689454192908], [30.87630282518873, 69.7169263369305], [30.876480036127003, 69.7169611205944], [30.87661945565405, 69.71699108663627], [30.87671483477189, 69.71701607437507], [30.87679973802241, 69.71703852077627], [30.876876271117798, 69.7170608179493], [30.877361619335886, 69.717216479504], [30.877437839210653, 69.71724009902714], [30.8775411972925, 69.71727719058781], [30.877684923776144, 69.71733595365447], [30.877754816615926, 69.71737004482061], [30.87778959780212, 69.71738826060991], [30.877845782549095, 69.7174201096803], [30.877876554134563, 69.71744211515595], [30.877940687097883, 69.71749641922163], [30.877979025088678, 69.717539344358], [30.877989043009418, 69.71755652615313], [30.87801345640188, 69.71759519660486], [30.878025583513878, 69.71762308558084], [30.87804258965114, 69.71766632219958], [30.878080050804808, 69.71779848810073], [30.878092056145086, 69.71785392158407], [30.87810025839755, 69.71789021209821], [30.878106825843922, 69.71798532372551], [30.87809823606468, 69.71801882606727], [30.87808616497784, 69.71805126474324], [30.878069981046085, 69.71807835571965], [30.8780207362123, 69.71812513765843], [30.87796139039456, 69.7181556693622], [30.877866114146777, 69.7182018150679], [30.877814095601146, 69.71823564138673], [30.87777182506663, 69.71827383182604], [30.877735143247552, 69.71831963556589], [30.877701419580852, 69.7183866007193], [30.877650958573007, 69.71851110532774], [30.87763994038724, 69.71856950134638], [30.877642040892162, 69.71860201413834], [30.877661826714053, 69.71863085737886], [30.877696445456706, 69.71865232216607], [30.877746396454803, 69.7186719058715], [30.87782192486941, 69.71869254073331], [30.877919034356747, 69.71871006934596], [30.878022988167643, 69.71872299149805], [30.878145207725765, 69.71873265223857], [30.87827074047441, 69.71873692459015], [30.878394580214454, 69.71873553276967], [30.878549463830353, 69.71872637051302], [30.878636816840245, 69.71871874686755], [30.878735689926035, 69.71871051880382], [30.878915101081624, 69.71869030843365], [30.879098603499877, 69.71866399072503], [30.87934503868756, 69.71862427097497], [30.87968231668203, 69.71856449989048], [30.880362022275396, 69.71844577208752], [30.880533018073496, 69.71841081654489], [30.880693851751023, 69.7183747688891], [30.880808674611608, 69.71834676878386], [30.880966022937713, 69.71830411388387], [30.881242147524812, 69.71822163537941], [30.881332068483626, 69.71818688557511], [30.88162036638235, 69.7180921918506], [30.881817763221985, 69.71802993616437], [30.88200273188639, 69.71797576044672], [30.88207205511844, 69.71795474367715], [30.882132045815712, 69.71793302023096], [30.88214898145325, 69.71792526175459], [30.882170440970654, 69.7179154213143], [30.882204328161208, 69.71789888653042], [30.882253439263682, 69.7178671753518], [30.882297856829954, 69.71783109418378], [30.882345552572723, 69.71778888859329], [30.88242098665424, 69.71773219575283], [30.882501083439426, 69.71768468019796], [30.882621599951356, 69.7176256608904], [30.88277985802693, 69.71756758182212], [30.88292209830775, 69.71752780158718], [30.883022678837122, 69.71750518354854], [30.883126113237243, 69.71748766009704], [30.88322121490562, 69.71747765299118], [30.883323447437682, 69.71747345319768], [30.88342573211761, 69.7174731291113], [30.88353867613304, 69.7174752365605], [30.88367639031786, 69.71748807800061], [30.883782083309647, 69.71750360729158], [30.88395173293744, 69.7175337259437], [30.884065074362113, 69.71755954191292], [30.88421467979094, 69.71760583778322], [30.884379259742847, 69.7176615571905], [30.884522274709404, 69.71771520808358], [30.884632817220403, 69.71776576786107], [30.88471896436029, 69.71782061941795], [30.884887344609254, 69.71792523362355], [30.885000920058573, 69.71799565476125], [30.885055344232615, 69.71802831232743], [30.885087433648312, 69.71805028757149], [30.885101017477368, 69.71806205745821], [30.885109730032465, 69.71807649595031], [30.885113947661498, 69.71808682329775], [30.885112533305875, 69.7181022919885], [30.88510593366583, 69.71812175190452], [30.885084802300124, 69.71814828606774], [30.885061479861225, 69.71817058812621], [30.885036763721743, 69.7181910789274], [30.885021920941433, 69.7182036333259], [30.8850095811676, 69.71821632551719], [30.885003025971905, 69.71822857442898], [30.884999537397753, 69.71824100133891], [30.884998900509803, 69.71825436531805], [30.885001479822566, 69.71826844781988], [30.885019955965763, 69.7183066518694], [30.885043284710065, 69.71833904759553], [30.88508020842665, 69.71837526615472], [30.885124457161695, 69.71840923566282], [30.885186180899744, 69.71844860900704], [30.885250388058033, 69.71848359455628], [30.88535251603729, 69.71853428681983], [30.885424067539546, 69.71857016296241], [30.88562203754079, 69.71866372148065], [30.88583136804425, 69.71876269559405], [30.886001045883237, 69.71885582494534], [30.88610523100958, 69.71892545259455], [30.88618590034426, 69.71898044186548], [30.886243249406075, 69.71901689400788], [30.886296484651442, 69.71904938449421], [30.886350165637978, 69.71907933899651], [30.88644123501984, 69.71912015243299], [30.88652437472155, 69.71915273776037], [30.886604510967373, 69.71918107379202], [30.886712599438976, 69.7192145824444], [30.886814763968246, 69.71924004680059], [30.886915036467098, 69.71926236006348], [30.88702018161533, 69.71928339044989], [30.887114731521077, 69.7193006898133], [30.88727579622048, 69.71932966154675], [30.88740322081396, 69.71935056871166], [30.88751850650414, 69.71936539309506], [30.887613380864458, 69.71937342251579], [30.8877023027358, 69.71937960086696], [30.88781373518403, 69.71938526507256], [30.887917175399494, 69.71938815834542], [30.88803400658696, 69.71938768618409], [30.888197192431452, 69.7193758060565], [30.888325711317172, 69.71935798929837], [30.888439174664942, 69.7193358382585], [30.888493716853045, 69.71932330234708], [30.88860209514238, 69.71930596482333], [30.888794227764897, 69.7192815164418], [30.888879113257385, 69.71927864352173], [30.888941938649506, 69.71927929221015], [30.889074341234235, 69.71928624715636], [30.889191433131334, 69.71929960962767], [30.889323075457046, 69.71932668506724], [30.889548482672676, 69.71937972434068], [30.88988680852119, 69.71946526880721], [30.890058022745595, 69.71951122338328], [30.89019393875731, 69.71954972940668], [30.890306097419316, 69.7195847073718], [30.89038353655609, 69.71961125929106], [30.89044041897958, 69.71963601948318], [30.890506580832955, 69.71967387217781], [30.890549196919252, 69.71970466617275], [30.890595649702654, 69.71974286619238], [30.890634309053212, 69.71977855421069], [30.890676556524202, 69.71982167128465], [30.890772915080184, 69.71993508027992], [30.890844887885443, 69.72002995867497], [30.8908956005387, 69.72011590351453], [30.89091154653938, 69.72014768969855], [30.890924924303324, 69.72018063776932], [30.890933014392576, 69.7202139832564], [30.89093553564809, 69.72024839898968], [30.890930176947194, 69.72027707679706], [30.890916682445532, 69.72030937258155], [30.890894752621094, 69.72034420530618], [30.890873781987647, 69.72037682401582], [30.890805043819974, 69.72046745835769], [30.89073181851449, 69.72054742050955], [30.890697800987375, 69.72058004652459], [30.890670355547417, 69.72060356313816], [30.890646683577206, 69.7206209091341], [30.89061800488321, 69.72063797970809], [30.89057976196776, 69.7206561209922], [30.89053359637616, 69.72067573531179], [30.89047581234649, 69.72069790417267], [30.890410105558264, 69.72072154605362], [30.8902843032466, 69.72076054853089], [30.89013305214421, 69.7208149361846], [30.889896942808434, 69.72089058123183], [30.889698641404728, 69.72096170759914], [30.8895992292238, 69.72100177616359], [30.88953523109595, 69.72102867801522], [30.88946850030617, 69.72105860485954], [30.889397362680032, 69.72109180414972], [30.889332144191272, 69.72112611832326], [30.889287358901385, 69.72115271890918], [30.88924692283508, 69.72118566167731], [30.889211514243808, 69.72122340545073], [30.889193042351987, 69.72125477589356], [30.889186709904752, 69.72129084304706], [30.88919004626908, 69.72131317143804], [30.889208373185685, 69.72133974768943], [30.8892809773619, 69.72138458108428], [30.889334580301526, 69.72140853692423], [30.8893867214018, 69.72142920943928], [30.88943839393119, 69.7214451206684], [30.889463896947667, 69.72145125919172], [30.889483662772683, 69.7214561735301], [30.889542159631983, 69.72146572402113], [30.889629730462048, 69.72147082611608], [30.889861742867346, 69.72147151245484], [30.890014332804682, 69.72147595127085], [30.890108685078513, 69.72148190338967], [30.890169301564793, 69.72148867023061], [30.890241511178804, 69.72150046152086], [30.89030818552448, 69.72151405905713], [30.890358398185285, 69.72152807254896], [30.890392699997907, 69.72154633170291], [30.89042565373298, 69.72157598827607], [30.890434111035304, 69.72161188693187], [30.890424828407543, 69.72168010487427], [30.890404985567265, 69.72173183771669], [30.89034919255347, 69.72182579992467], [30.890236972748863, 69.72196065405825], [30.890235780289526, 69.72196187328139], [30.89016019436253, 69.72204223812291], [30.890110949380574, 69.72210353155724], [30.89007935212039, 69.72215626058225], [30.890043656874237, 69.72222304403512], [30.890026964040743, 69.72225914693347], [30.889973994062366, 69.72237788716986], [30.88991710356216, 69.72245485702776], [30.88987657128388, 69.72249252105429], [30.88979994036545, 69.7225583834287], [30.88970842830954, 69.72263190701685], [30.889614460190373, 69.7227036252259], [30.889340133081944, 69.72288814065278], [30.889206794809855, 69.72296858649078], [30.888963320080013, 69.72310459911184], [30.888759308841685, 69.72321228638717], [30.888575568403112, 69.72331550892783], [30.88849384934234, 69.72337269403738], [30.888395632042755, 69.72344720684936], [30.888276867630573, 69.72355420582484], [30.88819318838927, 69.72364622118619], [30.88816191592503, 69.72368034740151], [30.888069670874263, 69.72378027043521], [30.888016400036815, 69.72385607211498], [30.887945038225602, 69.72396755117973], [30.88787466313045, 69.72407062304002], [30.88773782595277, 69.72426004988549], [30.887687657829076, 69.72434092303094], [30.88765624235513, 69.7244222772383], [30.88764485580159, 69.72446527992625], [30.887636685266564, 69.72450761523136], [30.88763658627349, 69.72450817878097], [30.887635789491632, 69.7245261776186], [30.887638831694286, 69.7245733880902], [30.887645832449014, 69.72463473838309], [30.88766387953677, 69.72471908912107], [30.88769018678471, 69.7248065557065], [30.8877305615414, 69.72495832179037], [30.88776097909891, 69.72506185455232], [30.887781021458352, 69.72513253061437], [30.887795023579667, 69.72516006205284], [30.887849477306933, 69.72525536342413], [30.887965085213885, 69.72542732833894], [30.888142178518212, 69.72567223036023], [30.88828075048503, 69.72583698729204], [30.888435157732758, 69.72598078214324], [30.888615094509483, 69.72609717334424], [30.8887220452864, 69.72616617772206], [30.88879277663209, 69.72622966571437], [30.888876059678015, 69.72632710262076], [30.888953072483933, 69.72645653541765], [30.889061567776434, 69.72664726960225], [30.889190544460636, 69.72683795535274], [30.889238435723975, 69.72690845549653], [30.88928271876825, 69.72696838680673], [30.889331938534035, 69.72702296390992], [30.889392267483377, 69.72707605035328], [30.88945834307037, 69.72712102803968], [30.889537383462475, 69.72716277245665], [30.8896280929226, 69.72719890882344], [30.889714700507405, 69.72722867993274], [30.889859630735558, 69.72727605753884], [30.890004561616756, 69.7273234350177], [30.89018614502329, 69.72739107234378], [30.890279924606414, 69.72742738624115], [30.890375664584504, 69.72746693731925], [30.890439404759835, 69.72749503747038], [30.890504856481755, 69.72752639786141], [30.89058219196455, 69.72756765319454], [30.89063867319164, 69.72759947466858], [30.890678467549854, 69.72762692788888], [30.890717832421892, 69.72765589925716], [30.890763101994494, 69.72770187955422], [30.89078105568533, 69.72772830614252], [30.89079378623584, 69.72775521641286], [30.89079981537737, 69.72778034489457], [30.89080180571615, 69.72781268487702], [30.890801085684892, 69.72785396131415], [30.89079833187045, 69.72788498504801], [30.890788202226155, 69.72798358836648], [30.89078299158617, 69.72806020730681], [30.890787470964597, 69.72810996493496], [30.890795635856588, 69.72814755426292], [30.89080873997918, 69.7281825610453], [30.890826646180535, 69.72821065524866], [30.890854377398682, 69.728245970719], [30.890887717567736, 69.72826884737165], [30.890924385862377, 69.72828670350252], [30.89097622962256, 69.72830592630898], [30.89104221712808, 69.72832310017165], [30.89112974385802, 69.72833744783279], [30.891259926714284, 69.72835459045434], [30.891375859837332, 69.72836741625748], [30.891547569910372, 69.72838588742016], [30.891711985198246, 69.72840595797028], [30.891820047438078, 69.7284241323638], [30.891897463603406, 69.72844264998797], [30.891971414668944, 69.7284618580801], [30.892051639660426, 69.7284857518812], [30.892139532156527, 69.728514756726], [30.892216842271694, 69.72854178479832], [30.892330187644827, 69.72858238469335], [30.89247607870091, 69.72862994960522], [30.892674144149368, 69.7286930103646], [30.892823919181616, 69.72874215579938], [30.892917967278375, 69.72877188393711], [30.892996424148034, 69.7287993600169], [30.893036873996575, 69.72881520251744], [30.893075948964455, 69.72883237353842], [30.893110712088248, 69.72884948189282], [30.893144282627627, 69.72886780948807], [30.89319599598185, 69.72890034952236], [30.893234670056952, 69.72892910759846], [30.89326990977864, 69.72895652055246], [30.893305849593407, 69.7289869178536], [30.89333795230266, 69.72902617128496], [30.893359169145466, 69.72905959533773], [30.893369926988196, 69.72909777642616], [30.893373940677495, 69.72912651056696], [30.893369327208518, 69.72915234771978], [30.893356007942657, 69.72917899114704], [30.893332490422313, 69.72920657906542], [30.893298769771455, 69.72923095393912], [30.893243018263718, 69.7292637447038], [30.893176453365196, 69.72929633569368], [30.893092257023465, 69.72932714073401], [30.892976439699165, 69.72936290694116], [30.892702709397344, 69.72943168470003], [30.892470492358026, 69.72948931793199], [30.89228728710677, 69.72953723763666], [30.892049867237464, 69.72960126547589], [30.891896872430095, 69.72964481622844], [30.891812530842618, 69.72966713312626], [30.89173471985118, 69.72968616565308], [30.891679621908803, 69.72969801293274], [30.891625135770756, 69.72970823275351], [30.89155814587719, 69.72971951800803], [30.891489495114584, 69.72972864705388], [30.89141863804873, 69.72973733357802], [30.891344728053664, 69.7297448243846], [30.89127992122277, 69.72975064062517], [30.89121381969199, 69.72975546793936], [30.89113353664105, 69.72975883643826], [30.891052357486902, 69.72976173348177], [30.890815164147917, 69.72976309182904], [30.890788693715894, 69.72976193932712], [30.890598311368183, 69.72975591372668], [30.890415472067506, 69.7297468795259], [30.890327785804143, 69.72974409563987], [30.890105667181526, 69.72974461160743], [30.88986788018527, 69.72974934997534], [30.889646646024254, 69.72975551214968], [30.889409100045828, 69.72976955977161], [30.889188938986972, 69.7297881881223], [30.889003839588725, 69.72980874429139], [30.888663078183683, 69.72985036450011], [30.888062812329608, 69.72992838991887], [30.88770377580369, 69.72997604249349], [30.887420492889824, 69.73001825215785], [30.887195468144434, 69.7300561769477], [30.886939092040233, 69.73010772169248], [30.886632419823812, 69.73016835687196], [30.886575110239598, 69.73017837418426], [30.886265224295922, 69.73022618564487], [30.88611692525601, 69.73025266382764], [30.8859950280442, 69.73027743716729], [30.885928850338626, 69.73029428089258], [30.8858586293442, 69.73031556431106], [30.885790448934614, 69.73033776757121], [30.885676065238254, 69.73038475958069], [30.885594941723923, 69.73044068447194], [30.885538803286572, 69.7304857961485], [30.885404023985103, 69.73060286455807], [30.885268534529526, 69.73074670115523], [30.885159027159663, 69.73090420973287], [30.885126982086053, 69.73098719130911], [30.885111244582312, 69.73105397241979], [30.885111420690983, 69.7311095789707], [30.885125121902377, 69.73115367765988], [30.885169604845657, 69.73121664057896], [30.885254432037602, 69.73126727651353], [30.885373885160814, 69.73131027254126], [30.885579481409202, 69.73134677369943], [30.885948565516905, 69.73138135513695], [30.886452690118894, 69.73141064321045], [30.886732338785055, 69.73141940692118], [30.887050393768433, 69.73141990279969], [30.887697816051467, 69.73140339883014], [30.88808914684168, 69.73140283825097], [30.888441558858073, 69.73141160836806], [30.888703692612406, 69.73141977284929], [30.8889573568099, 69.73143389534187], [30.889172682462657, 69.73145637155787], [30.889347569691903, 69.73147686265298], [30.889545353618587, 69.73150493562156], [30.88972757846339, 69.73154775427989], [30.88991502526828, 69.73160357952378], [30.890053092218892, 69.73165584536015], [30.89019769869349, 69.73172801817807], [30.89035869424957, 69.73181696851212], [30.890470033871757, 69.73189231369082], [30.8905396674126, 69.7319436158347], [30.890564228840645, 69.73197238777811], [30.890580070646813, 69.73200575538742], [30.890619289441606, 69.73206116710469], [30.890647186059688, 69.73210672404632], [30.890665435410337, 69.73218957932806], [30.890675929660553, 69.73224783535576], [30.89068983843691, 69.73228803467917], [30.890714138428304, 69.73238289603711], [30.89074109652574, 69.73245006885324], [30.890793785333813, 69.73252123492483], [30.890855601172067, 69.7325803757164], [30.89090476575439, 69.7326279367861], [30.89096164129659, 69.73267339795343], [30.89106689528642, 69.73274394763745], [30.891153336063137, 69.73279526458418], [30.89129495809687, 69.73287288815429], [30.891387483268083, 69.73293556122972], [30.891474067297338, 69.73301024187501], [30.89157746232894, 69.73310674303582], [30.89162190710675, 69.73318865166327], [30.891663797946574, 69.73327070437632], [30.891760266935723, 69.73350663062152], [30.891824591813382, 69.73363890432577], [30.891838494642094, 69.73371541734161], [30.891837732811844, 69.73371650426995], [30.89179421408933, 69.7337831802769], [30.891632934493792, 69.73393745061968], [30.8914603218271, 69.73412095165719], [30.891353696702634, 69.73430638179785], [30.8912526435336, 69.7345070037528], [30.891102235396776, 69.7347210650703], [30.890979463223797, 69.73485994188196], [30.890855835859536, 69.73497625988601], [30.890767177052922, 69.73507742100304], [30.890653938314532, 69.7351996144844], [30.890589558847946, 69.73524890947685], [30.89056774310267, 69.7352634953001], [30.890476923556374, 69.73530026922893], [30.890368745954966, 69.73533181243377], [30.890244997114557, 69.73535352432802], [30.890119911880763, 69.73536658193383], [30.88989456287396, 69.73538097447255], [30.889661108705617, 69.73538623030775], [30.889307151556636, 69.73540910813958], [30.88898385614483, 69.73542092358322], [30.888608205902468, 69.73543398086925], [30.888482703478356, 69.73544615180397], [30.888370682821076, 69.7354702877213], [30.888309872725973, 69.7354941186854], [30.888274679263347, 69.73553840093952], [30.888268842927328, 69.73562875218711], [30.88826649685818, 69.73563885594162], [30.888304090454266, 69.73571049610268], [30.888364967829933, 69.73577360570474], [30.888487855964136, 69.73585250451012], [30.888643308176082, 69.73592903599864], [30.888792180945718, 69.7359942570399], [30.88915970919692, 69.73616129751883], [30.88945845460037, 69.73630513686723], [30.88979216195155, 69.73649988552367], [30.890073841767297, 69.73668799253458], [30.89040823140344, 69.73692028427077], [30.890472083481534, 69.73697859107338], [30.890513603739013, 69.73702002324582], [30.89055077660316, 69.73706065665743], [30.89057596423864, 69.73709473037778], [30.890592619228652, 69.73712395759226], [30.890605521806513, 69.73715039058656], [30.89061365007079, 69.73718031469589], [30.890616721201848, 69.73721301690638], [30.890610778875942, 69.73724128670847], [30.89059841183596, 69.73726571606095], [30.890570255169084, 69.73729456376219], [30.890522440382224, 69.73732523111454], [30.890466758682194, 69.73735330027532], [30.890249663825987, 69.73744278714818], [30.890246960568938, 69.7374437765625], [30.890069567532343, 69.73751905466618], [30.889948952086815, 69.73756699377594], [30.889829136402806, 69.73761873948638], [30.889680915599513, 69.73768586525571], [30.889534193997882, 69.73775978197186], [30.88939866087486, 69.73782434703034], [30.889280802017442, 69.7378779437974], [30.88910699472033, 69.73794577378571], [30.88872346210452, 69.7380870672069], [30.888404815623293, 69.73823057770663], [30.888108145496133, 69.73835348138421], [30.887869523585497, 69.73845622851915], [30.887804313843173, 69.73848647166113], [30.887751330306912, 69.73851493651738], [30.887704502829326, 69.73854412521855], [30.887670134873385, 69.73857253044767], [30.887647416079243, 69.73860290675691], [30.887638599229895, 69.73863125735053], [30.88763852487078, 69.73865815210277], [30.887651351887776, 69.73869521790705], [30.887657609713244, 69.73871579797816], [30.887659247408596, 69.73874595302973], [30.887657316434037, 69.73877459037115], [30.88765119656361, 69.73881267038536], [30.887639274682464, 69.73889166533988], [30.887630008234346, 69.73891839436746], [30.887621596509454, 69.73893654366186], [30.887614526791143, 69.73895262840185], [30.88760229877129, 69.73897066886724], [30.88758705054811, 69.73898824963752], [30.887565846609778, 69.73900675114419], [30.887540891509698, 69.73902384421488], [30.887512435395603, 69.73904089167144], [30.887281133065684, 69.73915765112227], [30.887072462100942, 69.73925845613047], [30.886699556291525, 69.73941289566989], [30.886611814872925, 69.73944919605607], [30.886574842772237, 69.73946315055736], [30.88653830067787, 69.73947558689169], [30.886494008615013, 69.73948661518823], [30.886429158406816, 69.73949760540283], [30.88635425073844, 69.73950592270614], [30.8862072802669, 69.73951240740702], [30.886053487609505, 69.73951591972066], [30.885926272987057, 69.73951586388998], [30.885792418734255, 69.73951272641435], [30.885686820623466, 69.73950854513225], [30.885564477297372, 69.73950027692098], [30.885460797983573, 69.73948889576268], [30.885371235487998, 69.73947334406508], [30.885292837220057, 69.73945463422021], [30.885215695750773, 69.73943063381358], [30.88514875914951, 69.73940707514771], [30.885059728651232, 69.73937179348623], [30.884987561703447, 69.73934317488443], [30.884942417764055, 69.73932748635015], [30.884891366417634, 69.73931105082089], [30.884833096913276, 69.73929389717028], [30.884738967228955, 69.73927137604718], [30.88464463953482, 69.7392499819758], [30.884455717876044, 69.7392054628174], [30.88434019150778, 69.73917004526149], [30.884209523566742, 69.73912189181598], [30.88410487314389, 69.73907428790321], [30.884020400188795, 69.73902795866489], [30.883955743923245, 69.73898866610445], [30.883891403201822, 69.73894943674378], [30.883586602066732, 69.73878665208986], [30.883452531887567, 69.73870915384605], [30.883358544448896, 69.73864873652376], [30.88323763892037, 69.73857898278264], [30.88312107294867, 69.73852074670656], [30.88249850074014, 69.73825514057513], [30.88192951938199, 69.73804213861888], [30.881695580926223, 69.73796510110984], [30.88159318535026, 69.73792283181243], [30.881506384726695, 69.73787865785383], [30.881435113447267, 69.73783387886361], [30.881355566548365, 69.73779393084473], [30.881287608737193, 69.7377669549138], [30.881197903477887, 69.73774531700313], [30.88110201417239, 69.73773053403666], [30.8808997396353, 69.73771053170377], [30.88070742540043, 69.73769930934435], [30.880388638814573, 69.73769036140638], [30.88017151009123, 69.73768845592467], [30.880009499500893, 69.73769096851149], [30.879860846073047, 69.7376959412402], [30.879745806931247, 69.73770233196191], [30.87964035927938, 69.73771217799442], [30.879549478651924, 69.73772224727566], [30.87945405364353, 69.73773541629973], [30.879295442084764, 69.73776588670152], [30.87915450100221, 69.7377988802925], [30.87906344601434, 69.73782568890515], [30.878974268490055, 69.73785805229296], [30.878905051748397, 69.73789383591982], [30.878858462605383, 69.7379243852122], [30.878816022857247, 69.7379582464994], [30.878785065439814, 69.73799455676591], [30.878756686064897, 69.7380435638717], [30.878709262663676, 69.7381311979371], [30.878693182612448, 69.73815809379143], [30.878677117192197, 69.73818120009494], [30.8786480816163, 69.73821308237954], [30.878610221855954, 69.7382501233531], [30.878578830988115, 69.73828379416327], [30.878561654561878, 69.73830857390907], [30.878546351565372, 69.73833059332276], [30.878546119478962, 69.73833098436762], [30.878538978600478, 69.73835114014159], [30.878536814278263, 69.73836944971974], [30.87853195434761, 69.73840537885387], [30.878527109792863, 69.73843890429744], [30.878524323247735, 69.73847371771932], [30.878517710610907, 69.7385548052841], [30.878527110743953, 69.73860613903055], [30.878541911874965, 69.73867452830065], [30.878558470576433, 69.73874035276036], [30.87861131822296, 69.73887581302581], [30.878648103802576, 69.7389755236758], [30.87873132612028, 69.73916185631658], [30.878775463894222, 69.73932685715462], [30.878804324407174, 69.73943496967627], [30.878830705348392, 69.73952843593743], [30.878874272166858, 69.73964525946685], [30.87891365605715, 69.73972652817895], [30.878921626735927, 69.73973826435595], [30.878963080193802, 69.73984160892479], [30.878998910573106, 69.73994769105818], [30.879036449225243, 69.74005149014306], [30.879056608427675, 69.74011125334181], [30.879071922651672, 69.74014014265005], [30.879095020962517, 69.74017256223537], [30.879125585869094, 69.74020429127994], [30.879159849057043, 69.74023216727302], [30.879217066863905, 69.74027150242244], [30.879290285254143, 69.74031915166073], [30.879356529091325, 69.74035635849835], [30.87943361270367, 69.74040106318209], [30.879518313655083, 69.74044700366612], [30.879588325992785, 69.74048598704594], [30.87964557736592, 69.7405232863774], [30.879683810333024, 69.74055596936762], [30.87972581822434, 69.74060290171812], [30.879755625247547, 69.74064126096467], [30.879787323306136, 69.74070734876928], [30.87979198627486, 69.74076568106452], [30.879789232984695, 69.74082580801264], [30.879771853610418, 69.74087352073462], [30.879738154467322, 69.74093604774926], [30.879705969476632, 69.74097699894746], [30.879670580004486, 69.74101482786276], [30.879601282315626, 69.74106955966685], [30.87952789805152, 69.7411169081381], [30.879453849228067, 69.74116339405906], [30.879373494474425, 69.74121000113293], [30.879246966810836, 69.74127178093153], [30.879239351797356, 69.7412747026659], [30.879128893385552, 69.74131891943011], [30.87865309245603, 69.74147453427956], [30.87827243627192, 69.74159825012909], [30.87779225308175, 69.74174299468442], [30.877663815096938, 69.74178222022978], [30.877521570136405, 69.7418215212213], [30.87739473745322, 69.74185348365386], [30.877212284133986, 69.74189493156281], [30.87691499254468, 69.74196556902383], [30.876756064465198, 69.74199809625783], [30.87665312057828, 69.74201814771598], [30.87655641478373, 69.74203522005591], [30.876454165833852, 69.74205132654488], [30.87635241339195, 69.74206461522165], [30.87624252882434, 69.74207634586375], [30.876135812421573, 69.74208491927675], [30.876050401734332, 69.74208930526099], [30.875961919835284, 69.74209074135906], [30.875865454426773, 69.74208838822825], [30.875787690240042, 69.74208365922985], [30.875711849891072, 69.74207588810891], [30.875654761534555, 69.74206823110602], [30.87559093486118, 69.74205805568407], [30.875525415035444, 69.74204637369097], [30.875427515108328, 69.74202345669484], [30.87531155752883, 69.74199232300936], [30.875212990999046, 69.7419602281639], [30.875149159915964, 69.74193619393728], [30.87509410720476, 69.74191144050394], [30.874936351180757, 69.74183778933458], [30.874854028544405, 69.74179596954826], [30.874771390926547, 69.74175408647746], [30.87462256308859, 69.74167471291857], [30.87448827815791, 69.74161145723441], [30.87433491010722, 69.74154627000492], [30.874171587238283, 69.74148338893953], [30.87408799382496, 69.74145480640207], [30.87400056767319, 69.74142713253516], [30.873914835202005, 69.74140235105082], [30.873839409833504, 69.74138437772415], [30.873775021080352, 69.7413713896436], [30.873719710644522, 69.74136292110082], [30.873663388721255, 69.74135694828081], [30.873618384792035, 69.74135390205298], [30.873567457260354, 69.74135251214872], [30.87350642444393, 69.74135288796043], [30.873437543538255, 69.74135657628209], [30.87336338664567, 69.74136380129035], [30.873282096015792, 69.74137769129761], [30.873205502181634, 69.74139456561866], [30.87313012080178, 69.74141613225964], [30.87308339540978, 69.741430245373], [30.873029950893887, 69.74145052319138], [30.87296341538867, 69.74147838626925], [30.87289427589668, 69.74151221839794], [30.87283276923597, 69.74154488293124], [30.872777269544414, 69.74157773128634], [30.872691207612995, 69.74162975835031], [30.87263310423516, 69.74167134746898], [30.87257405793741, 69.74172660548827], [30.872534756439304, 69.74177218488711], [30.87248080776954, 69.74184341757537], [30.87243543631934, 69.74190674310833], [30.87240634214853, 69.74196246605732], [30.8723968424884, 69.74200242640602], [30.872394543686873, 69.74203719387572], [30.87239307845771, 69.74208897699653], [30.872402251439254, 69.74214522795292], [30.872413945108356, 69.74219366968698], [30.872439345912916, 69.74224121396915], [30.87247508554611, 69.7422893732623], [30.872523386686815, 69.74233341485099], [30.872566873563358, 69.74236912411395], [30.872636019791692, 69.74241946185346], [30.87271600569184, 69.74248145547074], [30.872771710690806, 69.74253164978015], [30.8728388718049, 69.74260295949102], [30.872932744184634, 69.74271069765176], [30.873031846744855, 69.74282488187978], [30.873148677774243, 69.74295239509095], [30.873275885820266, 69.74309234616143], [30.873367475888273, 69.74321165984442], [30.87341462742428, 69.74328398780189], [30.873474201736066, 69.74338768994052], [30.873525246671964, 69.74349208815696], [30.873559758125552, 69.74358055234958], [30.873576141586003, 69.74364962654704], [30.87358377250014, 69.74375304866673], [30.873544103724637, 69.74402465674505], [30.87349906402157, 69.74420547643564], [30.87346443857667, 69.7443018096978], [30.873424861511925, 69.74437855123796], [30.87336360389724, 69.74449536287301], [30.873328454293553, 69.74456088506227], [30.873301250078338, 69.7446114442245], [30.873265434074288, 69.74466917452615], [30.873212907515093, 69.74473602564719], [30.873137063253942, 69.74480687986289], [30.873056273338825, 69.7448803161811], [30.872959683431493, 69.74495678348131], [30.872741275982932, 69.74511713110597], [30.872668961073714, 69.74517629431506], [30.872622898989192, 69.74522175905187], [30.87258453787055, 69.74526752832449], [30.872556652375795, 69.74532517203309], [30.872534576105046, 69.74538412667816], [30.872528530836462, 69.7454355017051], [30.8725305682199, 69.74548594491351], [30.872536820478967, 69.74553285719782], [30.87253540384758, 69.74557604339611], [30.87253089720143, 69.74560759645234], [30.872510141645954, 69.74563917299538], [30.87247534229051, 69.74566151467062], [30.87243400357715, 69.74568436832541], [30.872416777527608, 69.74569316707611], [30.87238999232265, 69.7457061754608], [30.872329036188546, 69.74573333677894], [30.872140172275483, 69.74580253199073], [30.871865834817918, 69.74589718094231], [30.871656336334322, 69.74596347796302], [30.871566033278075, 69.74598854659176], [30.871460227965134, 69.74601495541317], [30.87133316111214, 69.74604388338489], [30.871224698920084, 69.74606684183743], [30.871060104625275, 69.7461007158885], [30.870887825469982, 69.74613742494384], [30.87073672411914, 69.74617116041102], [30.870613854826868, 69.74620173244114], [30.870427268722, 69.74625242078982], [30.870246972675915, 69.74630539178922], [30.870147920051185, 69.74633607235852], [30.870052004202716, 69.74636701734762], [30.869961748294774, 69.74640011863566], [30.86988184926944, 69.74643281718916], [30.869825751170552, 69.74646109897549], [30.86978532135517, 69.74648756335992], [30.869753970683043, 69.74651438988654], [30.86973457033381, 69.74653872627178], [30.86971792542357, 69.7465645634961], [30.869709313612915, 69.74658697905895], [30.869712986058527, 69.74662258033788], [30.86972804530753, 69.74666119471411], [30.86974643943447, 69.74668785950604], [30.86978005572824, 69.74672632984381], [30.8698217387963, 69.74676350044085], [30.869882660230346, 69.74680591518566], [30.869953425240002, 69.74685176279857], [30.8700501014496, 69.74690251513128], [30.870185222880657, 69.74697133481034], [30.87063796221502, 69.74715964941664], [30.870804444348856, 69.74724044623446], [30.870925808303806, 69.74729935747824], [30.871078283483094, 69.7473813561692], [30.871177838115283, 69.74744034246949], [30.871264911272807, 69.74750112890821], [30.8713444499671, 69.74756667689036], [30.871422696807986, 69.7476437086004], [30.871450623479284, 69.74767790034741], [30.871475762863017, 69.74771817043118], [30.87149243521326, 69.74775090757636], [30.87150632023816, 69.74778972306224], [30.871531290215213, 69.7478910806407], [30.871556193473822, 69.74798958022197], [30.87156355783127, 69.74804036264884], [30.871566890206115, 69.74809872433138], [30.87155731073142, 69.74816871959784], [30.871535266622846, 69.74824642659961], [30.87148512995429, 69.74837458916288], [30.871437707697247, 69.74846748386612], [30.871426903938527, 69.74848012372738], [30.87138377244882, 69.748533909194], [30.871309853334278, 69.74861317586027], [30.871239717216575, 69.74868627212938], [30.87111466047877, 69.74880546566297], [30.8710567069593, 69.74887568059152], [30.871008995816148, 69.7489484599935], [30.87089744677397, 69.74914512381774], [30.87081617792471, 69.74926784702286], [30.870757360353174, 69.74934525578249], [30.87069815904688, 69.74941419980203], [30.87063171837959, 69.74947651363432], [30.870565425630975, 69.74953243863825], [30.87048965439182, 69.74959302747169], [30.870408172715013, 69.74965728521227], [30.870353348670147, 69.74970559050855], [30.870231269631272, 69.74982589336526], [30.87016793022407, 69.74988496371806], [30.870086664095055, 69.7499609351089], [30.870036153161024, 69.74999821653515], [30.869980396167065, 69.75003561305243], [30.869861309936432, 69.75009918693902], [30.86970533654979, 69.7501709730764], [30.869546440353698, 69.75024312141527], [30.86929650858431, 69.7503702457546], [30.869055855205797, 69.75050907769119], [30.868912079506977, 69.75059498053716], [30.868766591498346, 69.75066792165474], [30.86863267184612, 69.75071882084517], [30.868506969028434, 69.75076618904916], [30.868357608645915, 69.750817128448], [30.868272212189307, 69.75084756088346], [30.868187778600117, 69.75088132281815], [30.868116791928035, 69.75091245663124], [30.868052362956192, 69.75094760422775], [30.867997728604667, 69.75097953720035], [30.867954466434174, 69.7510141153178], [30.867919305762538, 69.75104812982401], [30.86789935254847, 69.7510880385026], [30.867892265310218, 69.75112075320855], [30.8678948571485, 69.75115737820101], [30.867905086334158, 69.75120253690376], [30.86792457939069, 69.75124656269404], [30.867961504513367, 69.75128897821963], [30.86800209848098, 69.75132541892847], [30.868040700363252, 69.75136204365775], [30.868087287950125, 69.75139830028371], [30.86813844091068, 69.75142905362001], [30.868204552543094, 69.75146018059881], [30.868287997017465, 69.75149164667829], [30.86841703215705, 69.75153451554615], [30.868536803064913, 69.75156881614849], [30.868665207523115, 69.75160324308037], [30.86876975436402, 69.75163128137744], [30.868887334316767, 69.75165996350528], [30.869020371492724, 69.75169035899962], [30.869180122519058, 69.75172392254464], [30.869319037392966, 69.7517515574756], [30.869466734988745, 69.75177708746814], [30.86960083474508, 69.75179638975763], [30.869762378247536, 69.75181426533852], [30.869958404847626, 69.75183015620442], [30.870171514269142, 69.75183809355974], [30.870457075625836, 69.75184035336538], [30.870761380769576, 69.7518409733762], [30.87095718837982, 69.75183683411242], [30.871206586919158, 69.75182608018109], [30.871410378352795, 69.75181464281978], [30.871662646229737, 69.75179410656419], [30.871893445974564, 69.75177028705227], [30.872115776773395, 69.75174170609026], [30.872287636317786, 69.7517140925518], [30.87245353468599, 69.75168462738495], [30.872567884797984, 69.7516626969494], [30.872686102142247, 69.75163782205549], [30.872797262527612, 69.75161036535704], [30.872884333978053, 69.75158661276105], [30.872961094102973, 69.75155882364346], [30.873030116712002, 69.7515286080642], [30.873109479043165, 69.75148792043105], [30.873181584679646, 69.75144300641924], [30.873235597059406, 69.75140854170404], [30.8732793821897, 69.75137326653702], [30.873307679816985, 69.75134524331645], [30.87335670346613, 69.75128629315114], [30.87346037756808, 69.75116704121082], [30.873544885513713, 69.75107866436957], [30.873722370502158, 69.75091498688165], [30.87389149417165, 69.75077647374556], [30.874098974154226, 69.75061676832564], [30.874329594296775, 69.75046009797268], [30.874434573974813, 69.75039588347566], [30.87453990346375, 69.75033662583051], [30.874637017672246, 69.75028505689913], [30.874765387593836, 69.75022385444174], [30.874910446576887, 69.75017774041224], [30.875077200828784, 69.75012758841122], [30.87522825297853, 69.75008544743972], [30.875362343202614, 69.75005522217617], [30.87551165635272, 69.75002571487413], [30.875697655190557, 69.74999189273989], [30.87577394897421, 69.7499829008688], [30.87593611516088, 69.74996523280983], [30.8761000265121, 69.74995294696424], [30.87624204532762, 69.74994998367283], [30.87639895704929, 69.74995146457968], [30.876571693260342, 69.74996136892531], [30.87671961589809, 69.74998095830699], [30.87686062036911, 69.75000922543137], [30.87696226406658, 69.75003660338838], [30.877052770702992, 69.75006787500759], [30.877116089337576, 69.7501074806187], [30.877160561746837, 69.75013820282312], [30.877204553747966, 69.75017072494377], [30.877249695013518, 69.75021062484994], [30.877284641991906, 69.75024767886369], [30.877311654514273, 69.75028620546718], [30.877336696735266, 69.7503349852902], [30.877359765211143, 69.75038708900533], [30.877375126524154, 69.75043057321176], [30.87738745713574, 69.75048847405372], [30.877386679976414, 69.75052762912124], [30.877383396651695, 69.75056803219488], [30.877378152037053, 69.75060381200122], [30.87736412913222, 69.75064724047698], [30.877343528430213, 69.75068351575112], [30.87731812655453, 69.75071321276253], [30.877283228650644, 69.7507430483521], [30.8772441121857, 69.75076948565369], [30.877198487084566, 69.75079439945736], [30.877137772199863, 69.75082153957987], [30.87707034926639, 69.75084689742818], [30.87702720986061, 69.75086326582957], [30.876988635162913, 69.75087828834224], [30.87695842682474, 69.75089170597627], [30.876928685592965, 69.75090988497807], [30.87689736967701, 69.75093329125524], [30.87687760830882, 69.75095646109158], [30.87686166998855, 69.75098944102977], [30.876853321489882, 69.75102846428794], [30.87684693418826, 69.75107211082201], [30.876841977172415, 69.75112107647129], [30.876838490143115, 69.75115429146318], [30.876826919140075, 69.75118982436564], [30.876812208902066, 69.75122232119338], [30.876781427320363, 69.75125334681908], [30.876767917265447, 69.75126143277303], [30.876740913901973, 69.75127797270828], [30.87667649732375, 69.75131035160007], [30.876584689849235, 69.75134803396024], [30.87646897880875, 69.75139346926092], [30.876072339658712, 69.75153961647582], [30.875800736922244, 69.75163373750041], [30.87561554980875, 69.75169668035912], [30.87544793947948, 69.75175023736057], [30.875313961169404, 69.751795511855], [30.87519153741196, 69.75184054992339], [30.875080436011007, 69.7518857426335], [30.87491382705551, 69.7519599951275], [30.874794757671047, 69.75201146758317], [30.874690526342942, 69.75205242163693], [30.87458785366148, 69.75208916620304], [30.874504817405324, 69.75211504140461], [30.87442981481631, 69.7521361088012], [30.874359990488323, 69.75215281706625], [30.874297103924427, 69.75216398727744], [30.874235760183947, 69.75217196587624], [30.874144680804218, 69.75217908890419], [30.8740236664394, 69.75218509755115], [30.87390105743142, 69.75218903600306], [30.87372062143311, 69.75219305146754], [30.873590358293033, 69.75219640346064], [30.873462103632, 69.75219855342547], [30.873311351553237, 69.75219816243319], [30.87311542300819, 69.75219557054183], [30.87284630778076, 69.7521852351103], [30.872679416361013, 69.75217912814558], [30.872596003899282, 69.75217611773061], [30.872505120853145, 69.75217518345502], [30.872402982345704, 69.75217833810632], [30.872290268976982, 69.75218542638011], [30.872181806524235, 69.75219526318715], [30.872071651532195, 69.75220913683155], [30.87195239933744, 69.75222782385259], [30.871845897772886, 69.75224644141149], [30.871749308347006, 69.75226719205578], [30.87166515413599, 69.75228781003207], [30.87153380299634, 69.75232923460906], [30.871323560126278, 69.7523943015366], [30.870976135241463, 69.75250188515766], [30.870771302434704, 69.75257190251496], [30.87061376908543, 69.75263579428908], [30.87046941732116, 69.75269809850435], [30.870337732540452, 69.75275849317417], [30.87021922964329, 69.75281730034314], [30.870136022540088, 69.75286443895133], [30.87003951662507, 69.75291613218931], [30.86997893832362, 69.75295905516386], [30.869928337839422, 69.75299865413685], [30.869879249413138, 69.75304679832556], [30.869815537257203, 69.75312133186105], [30.869758449233753, 69.75319442188193], [30.869709329584033, 69.7532612321908], [30.869676629259885, 69.75331922666746], [30.869649391635896, 69.753379118713], [30.869638210177257, 69.75344288631837], [30.869632358101967, 69.75350422136519], [30.869632748786998, 69.7535639634116], [30.869638802937214, 69.75363417703846], [30.869655848454904, 69.75370134269909], [30.86968873661364, 69.75378422996808], [30.86972359894422, 69.75385409228683], [30.869754439431976, 69.75389864092384], [30.869802583600787, 69.75395665117425], [30.869868312075585, 69.75401636322218], [30.8699540172205, 69.75408503989323], [30.870033776507036, 69.75414114602256], [30.870132067147097, 69.7542005295159], [30.870201978442097, 69.7542421157281], [30.870311161529802, 69.75429624291267], [30.870438908583907, 69.75434883996677], [30.87056331706699, 69.75439259846685], [30.87106465602139, 69.75455407748248], [30.871565300143022, 69.75469455414928], [30.871708063776182, 69.7547486276552], [30.872008239846362, 69.75486124196875], [30.87217150245157, 69.75493846019684], [30.872365825521403, 69.75504422270687], [30.872466094676838, 69.75513178793241], [30.872531650361896, 69.75524251734976], [30.872577745057136, 69.75535153378074], [30.872578774627023, 69.75546369733388], [30.87255709299761, 69.75559209537477], [30.87250079182227, 69.75567416857646], [30.872400853926496, 69.7557660939052], [30.872227308958404, 69.75587987936878], [30.871887468825218, 69.75603997891587], [30.871595467627262, 69.75614511880899], [30.871312508289773, 69.75622771024182], [30.870932651628877, 69.75631232228352], [30.870656056532017, 69.75635884533087], [30.870389969072736, 69.75639164698318], [30.87006399804278, 69.75641667485749], [30.869671367992026, 69.7564320598316], [30.869174832963083, 69.75644521449279], [30.86864304081975, 69.75644342263624], [30.868258210970385, 69.75642944219142], [30.86793807871192, 69.75641632286384], [30.86770763547322, 69.75639667538597], [30.867534815257784, 69.75637355387572], [30.86735332639909, 69.75633709678185], [30.867189240786416, 69.75629136380846], [30.86700916378888, 69.75622798238344], [30.866823424496477, 69.75613334092964], [30.866640210650772, 69.75601841715688], [30.866493497925696, 69.75588922033671], [30.866417393899667, 69.75579212278498], [30.866358527087662, 69.75568345513744], [30.86633963008097, 69.75558061275412], [30.86635085531897, 69.75549956486101], [30.866389827847467, 69.75539322616247], [30.866457111687065, 69.75525470752139], [30.866577978926358, 69.75509673480195], [30.866665004543734, 69.75500499084906], [30.866781652235403, 69.75489905451543], [30.866944608645532, 69.75476075405497], [30.86707536781174, 69.75466136736698], [30.86718611712366, 69.75455782305869], [30.867258077350606, 69.75445518171058], [30.867341258123552, 69.75427149247103], [30.867489834939057, 69.75394927287454], [30.867670836695645, 69.75365981372451], [30.867694543713714, 69.75360052573987], [30.867709465268184, 69.75350592389117], [30.867677348042864, 69.75340116119118], [30.867586668639746, 69.75325949202148], [30.867372974477533, 69.7530824347144], [30.867164282399173, 69.75293438845739], [30.8668855280738, 69.7527923513369], [30.866660970032505, 69.75269852607903], [30.86650075046696, 69.75264634007964], [30.866380046622236, 69.75261498811797], [30.86615720166762, 69.75257292835113], [30.865933311260072, 69.75254094319784], [30.865709803003366, 69.75251742251928], [30.86506790202043, 69.7524798784992], [30.864419477780945, 69.75244598359515], [30.863857636202876, 69.75243688968973], [30.863345467669852, 69.75244796777308], [30.86301599643673, 69.75246351641611], [30.86269575468566, 69.75248551099754], [30.86230872757722, 69.75254342117924], [30.86207668874973, 69.75259718275606], [30.86179565029541, 69.75266248976301], [30.86167357516837, 69.75270073889875], [30.86154988799957, 69.7527434790758], [30.86145213392956, 69.75278872142286], [30.86138757112036, 69.75282683405224], [30.86132796952648, 69.7528765916459], [30.861264380295985, 69.75293641829029], [30.861196484293174, 69.75302010951017], [30.861141938582612, 69.75309757904779], [30.861103980033697, 69.75317268562465], [30.86107081685544, 69.75325852860237], [30.861055704288567, 69.75333420519871], [30.861046842454215, 69.75344330411906], [30.86105431156437, 69.753516433943], [30.861067592119607, 69.75358948919278], [30.861118503891547, 69.75376550324386], [30.861161669605686, 69.75391377644674], [30.86119825276289, 69.75409370040273], [30.86120473320443, 69.75414059048923], [30.861217187900408, 69.75420078750201], [30.86121818313985, 69.75420485316272], [30.861225346932994, 69.75424188684654], [30.861230622805085, 69.75425913862074], [30.861235965083207, 69.75427647665484], [30.86124356414848, 69.75429951929063], [30.86125109683661, 69.75432247566593], [30.861323584924207, 69.75448596562619], [30.86141636834373, 69.75463631040415], [30.861494515660613, 69.75475308306748], [30.86160008568645, 69.75491102455318], [30.861639425923293, 69.75496975588156], [30.861701503795445, 69.75507951234064], [30.861758117566282, 69.7551970721102], [30.86185175173965, 69.75536064287873], [30.86194278356736, 69.75550939438477], [30.862054624487985, 69.7557343869868], [30.862155048167303, 69.75593484168554], [30.862268809452164, 69.75613009238681], [30.862414021750602, 69.75634193400231], [30.86256512406472, 69.75650666719054], [30.86269231018019, 69.75660671769127], [30.862848724560738, 69.75670730345742], [30.86304532778998, 69.75680879839028], [30.86323506022972, 69.75689374292057], [30.86340774280225, 69.75695272903491], [30.863619185702706, 69.7570142342812], [30.8662394988489, 69.75763125634178], [30.866446007842033, 69.75769118236298], [30.866583448832422, 69.75773937724179], [30.866711009175912, 69.75778617466077], [30.866850012757862, 69.75784263281929], [30.866986609475575, 69.75790947632287], [30.867191565756553, 69.75803736113944], [30.86732351720132, 69.7581452861439], [30.867373110713157, 69.75820759848905], [30.86740154620124, 69.75826391893037], [30.867425234506694, 69.75835772708307], [30.867422085720868, 69.75846103531255], [30.86739234601269, 69.75853363018817], [30.867358436135767, 69.75858314247917], [30.867313615251852, 69.75864031454755], [30.867250260153615, 69.75870391007638], [30.86713299718418, 69.75880075548696], [30.867035893708234, 69.75886488021222], [30.866941081477705, 69.75892713020727], [30.866857196409025, 69.75897931668031], [30.866768095814585, 69.75902681070943], [30.866677599591497, 69.75906972153157], [30.866542659741317, 69.75912144801771], [30.86635203194347, 69.75917951736606], [30.86587783290743, 69.75930386720763], [30.865667470856003, 69.75935987714988], [30.865475659231898, 69.75941814686682], [30.865310470115897, 69.75947044743356], [30.86518299847244, 69.75951316763495], [30.864953962591898, 69.75960730274004], [30.86463078365104, 69.75975105827766], [30.864078420729353, 69.76002065006398], [30.863579425153873, 69.76029372008394], [30.863356613593538, 69.76043060867016], [30.863141356112152, 69.76057003311968], [30.86294253980886, 69.7607051677112], [30.862767140021013, 69.7608436838455], [30.86254035407689, 69.76104681202116], [30.862263257433384, 69.76131907204477], [30.862054429988685, 69.76154484000799], [30.861898474464077, 69.76174050483239], [30.861803536707704, 69.76188129344058], [30.86173549523757, 69.76199567035306], [30.861685156228997, 69.76212957078218], [30.861622768637236, 69.76229045251846], [30.86157721951018, 69.76238760127772], [30.86152052414286, 69.76248448524302], [30.861487109110623, 69.76253709050107], [30.86144603470277, 69.76259742431395], [30.861389976222753, 69.76266117358443], [30.86132238883417, 69.76272728028391], [30.86121379868944, 69.7628219316791], [30.86113534851877, 69.76287878540481], [30.861042262186036, 69.76294123975802], [30.860962350988892, 69.76299065216213], [30.860880996150623, 69.76303160542852], [30.860798962129383, 69.76306301271987], [30.860708671672267, 69.76309582863053], [30.86062505979371, 69.76312414775371], [30.860517294027254, 69.76315506538937], [30.860420791869718, 69.76318050876662], [30.8603151032756, 69.76320615308532], [30.860209364869384, 69.76323069323462], [30.860082363067715, 69.76325673354881], [30.859951956115655, 69.76328077822076], [30.85977013487332, 69.76330910525996], [30.859560986594563, 69.76333902983096], [30.859351854613063, 69.7633679363103], [30.85913013096135, 69.76339504790649], [30.85881471456687, 69.7634294185858], [30.858603888996406, 69.76344988805137], [30.858350735709855, 69.76347223020628], [30.85802392518192, 69.7634952704027], [30.857850960760324, 69.76350356090997], [30.857646367745495, 69.76351098148034], [30.857486296368076, 69.76351244629112], [30.857308534433475, 69.7635113856206], [30.85715888107186, 69.7635066227589], [30.856942452859005, 69.76349139044726], [30.856816076185957, 69.76347838212143], [30.85668976783689, 69.76346130230259], [30.856577680306764, 69.76344189414242], [30.856458286762905, 69.76341576886064], [30.85634715135328, 69.76338546326595], [30.856204924326125, 69.76334389056183], [30.856068131215252, 69.76329932198446], [30.855945077967274, 69.76325145322525], [30.855812145322464, 69.76319525699205], [30.85566907185124, 69.7631220728832], [30.85552711449897, 69.76304444351902], [30.855443931710045, 69.76299566808727], [30.855333567975936, 69.76292371620363], [30.85524692366401, 69.76285622809972], [30.85518794904659, 69.762799029381], [30.855135044844957, 69.76272787436338], [30.855102895149887, 69.76267605400923], [30.85506969302749, 69.76260345101227], [30.855020019490162, 69.76248552673677], [30.854993915391315, 69.76237152577923], [30.854990990699655, 69.76230878684761], [30.854994998585124, 69.76223459895091], [30.85500926613697, 69.76217165980466], [30.85503581154855, 69.76210352289223], [30.855239014097382, 69.76179615563126], [30.85536490293823, 69.76159810199209], [30.8554308556591, 69.7614768091238], [30.855471744339983, 69.76138674611188], [30.855501512208622, 69.76131378463681], [30.855515081041432, 69.761249246793], [30.85551715966749, 69.76117671498334], [30.855509829156475, 69.76112038772547], [30.855488569751877, 69.76105047105054], [30.85545583351055, 69.76097985787382], [30.855416795992376, 69.7609222060977], [30.855376657987982, 69.76087352513358], [30.855312786735812, 69.76082139814045], [30.855224654096894, 69.76075959144063], [30.855072849679694, 69.760680931608], [30.854929907336622, 69.7606186383092], [30.854822366076345, 69.76057737696061], [30.854700557099804, 69.76053733950232], [30.85453852229204, 69.76049426880041], [30.854398770015017, 69.76046558733545], [30.854263646673616, 69.76044673378973], [30.85414682344921, 69.7604343220067], [30.85398531838755, 69.76042695611329], [30.85383302890712, 69.7604242831724], [30.853660670363723, 69.76043020580508], [30.85351493592489, 69.76043709049942], [30.853356642026224, 69.760448459623], [30.853076124340593, 69.76047923364476], [30.85286591677604, 69.76050462993035], [30.852648346893687, 69.76053606351898], [30.852447602598062, 69.76056612949922], [30.852264379667663, 69.76059781253211], [30.852075641050238, 69.76063065081148], [30.851874421990164, 69.76067258531447], [30.851607995663166, 69.76073485410122], [30.851419839745187, 69.76078648464897], [30.851232972929182, 69.76084603366563], [30.85108444724626, 69.76089576373857], [30.85095327757045, 69.76094620249351], [30.850791364477125, 69.76101703008923], [30.850701855881617, 69.76106057729895], [30.850590589069316, 69.76112543999345], [30.850492596815407, 69.76118501325088], [30.850358791335736, 69.76126913830424], [30.850246103929923, 69.76134290834219], [30.85012087225224, 69.76144268710068], [30.849918701128313, 69.7616297527541], [30.849855998268026, 69.76169392362713], [30.84982931726178, 69.76174387081097], [30.849821608158148, 69.7617900358346], [30.849834143307874, 69.76184135522948], [30.849849151284054, 69.7618736921548], [30.84988822086939, 69.76191545072534], [30.849939252116453, 69.76195472036171], [30.85001952690472, 69.76200459669614], [30.850103071150752, 69.76203652569606], [30.850253035617516, 69.76207674138786], [30.85058948731113, 69.76216544487332], [30.85095473377854, 69.76227006198249], [30.851332725683207, 69.76237285640092], [30.851584661258315, 69.76244985997636], [30.851785291198546, 69.76252087849392], [30.851883188986992, 69.7625575807164], [30.85225458919436, 69.76272288134929], [30.85262027702313, 69.76289462135944], [30.852797231202285, 69.76298583866328], [30.852806514036644, 69.76299061807734], [30.852890125289978, 69.76303510493359], [30.852992166613866, 69.76309452158634], [30.85312145248892, 69.76317997300075], [30.853273036867883, 69.7632857254318], [30.8534331592169, 69.76339494016], [30.853550756503143, 69.76347629599698], [30.85364676979555, 69.76353931742753], [30.853729284428127, 69.76359138878313], [30.853839793367868, 69.76366803995072], [30.85392049518623, 69.7637257294008], [30.853995068392024, 69.76378204401614], [30.854066999347307, 69.76384081967028], [30.85412004953102, 69.76388720156183], [30.854164365510258, 69.76392709046411], [30.854202152617237, 69.76396785876918], [30.854245678819673, 69.76402509709224], [30.85428628510647, 69.76410662565878], [30.854322849417997, 69.76419850499713], [30.854358236713132, 69.76428642785355], [30.8543875435877, 69.76437546592791], [30.85440425646386, 69.76446825257662], [30.85440416031094, 69.76455584538832], [30.854390062541505, 69.76463807777606], [30.85436862360765, 69.7647170146185], [30.854326953431375, 69.764789779804], [30.854275994519856, 69.76486608099808], [30.854194976102086, 69.76495430120605], [30.85406692023422, 69.76505249559447], [30.8539594470576, 69.76511987389033], [30.853783252412768, 69.76520338370479], [30.85358178608185, 69.76528977844583], [30.853400412221475, 69.76536101581759], [30.853239064214105, 69.7654183955021], [30.853030329458836, 69.76548356374931], [30.852823095336447, 69.76553750672802], [30.85274721091973, 69.76555577662391], [30.852593298767435, 69.76559195962874], [30.85246060736037, 69.76561860959956], [30.852297509442852, 69.76565083527316], [30.852083902660674, 69.7656881807452], [30.85128054895529, 69.76582139357227], [30.851021862291834, 69.76586363366161], [30.850864343102852, 69.76589478889555], [30.850743210803483, 69.76592120279616], [30.850612054388133, 69.76595574711189], [30.850506101763347, 69.7659887063103], [30.850406891226246, 69.76602557067811], [30.850324777706447, 69.766060026963], [30.850260943040595, 69.76608910223192], [30.85017874961553, 69.76614148880402], [30.85012172860495, 69.76619016839844], [30.85008122894489, 69.76625164449393], [30.850068764221476, 69.76632596411031], [30.850078609282505, 69.76638141221521], [30.850108209873827, 69.76643513110731], [30.85013987486808, 69.76648320883763], [30.850176544960487, 69.7665256514096], [30.85023545014411, 69.76658415155133], [30.850302399436924, 69.76663923075486], [30.850381397906176, 69.76668950345788], [30.85092135643962, 69.76699152380375], [30.85124976414999, 69.76718444830095], [30.851506223620884, 69.76734492740468], [30.851921273375304, 69.76761605959706], [30.85218197030642, 69.76779277760187], [30.852319433059375, 69.76789262952263], [30.852473541936895, 69.7680262385013], [30.85255479735764, 69.768098845582], [30.85261973676926, 69.76817175623525], [30.852675803795652, 69.76824493075684], [30.85273131535535, 69.76833090603404], [30.852789891423715, 69.76843369048417], [30.85284533618467, 69.76855043712725], [30.85292332891731, 69.76872524903743], [30.85294805715433, 69.76883364939823], [30.852968435174937, 69.76899465011616], [30.852967114599455, 69.76912365304783], [30.852958135014603, 69.76919312532844], [30.852944490690355, 69.76925480523643], [30.852920412624876, 69.76931402892136], [30.852869525169503, 69.76938524073202], [30.852817612379148, 69.76944749303841], [30.85274649541809, 69.76950144588413], [30.852666858059543, 69.7695481466074], [30.8525920112865, 69.76958581345598], [30.85251023901954, 69.76961691260365], [30.852417849870378, 69.76964566471123], [30.85232131081084, 69.76966694645017], [30.85225440460158, 69.7696792133638], [30.852169070820906, 69.76969077733139], [30.8520846201241, 69.76969828715359], [30.851938855344937, 69.76970313559976], [30.851798428599864, 69.7697013941439], [30.851666895265552, 69.76969421318736], [30.8514981276575, 69.76968131892123], [30.851296034148646, 69.76965773152328], [30.851168613230207, 69.76963889979615], [30.851012368877978, 69.76961071519904], [30.850598372592394, 69.76952721166593], [30.850105269596998, 69.76944185445218], [30.849845550455505, 69.76939992749493], [30.849542546227127, 69.76935829534827], [30.84921878577449, 69.76932125552214], [30.848912435819354, 69.76929018581603], [30.848619339097482, 69.76926870306656], [30.84836401018528, 69.76924946615728], [30.84799713567211, 69.76923062633811], [30.84777308484323, 69.76922531957105], [30.847591284541256, 69.76922600311677], [30.847437910900563, 69.76923136458034], [30.84729240996063, 69.7692407118815], [30.84717278004395, 69.76925072302588], [30.847055239558486, 69.76926553031402], [30.846963853157703, 69.76928032872615], [30.84686870412439, 69.76930341908366], [30.846799441222394, 69.76932892734719], [30.84673364676106, 69.76935928946472], [30.84664681756388, 69.76940637213401], [30.84658215538197, 69.769452427742], [30.846500174784715, 69.7695214206952], [30.846417137881243, 69.76960048858074], [30.846336621969357, 69.76968422045286], [30.846235483771768, 69.76980532908411], [30.846181107645055, 69.76988591236757], [30.84612567769372, 69.7699737988089], [30.846112881056435, 69.77004944102535], [30.846118149953874, 69.7701034628743], [30.846139585625778, 69.77015941291803], [30.846169544505116, 69.77021707180603], [30.846221907517613, 69.77028892560419], [30.846318892565858, 69.7703934361284], [30.84647339506165, 69.77055047877944], [30.846578985037613, 69.7706613099707], [30.846654718797307, 69.7707479163909], [30.8466959503896, 69.77080148765945], [30.846718559429938, 69.77084855303984], [30.846728599312627, 69.77090287439006], [30.84672327101035, 69.77095353100547], [30.84671130064871, 69.77099833280667], [30.8466943052147, 69.77103140283147], [30.846668470578592, 69.77106270074756], [30.846644418298666, 69.77108903031463], [30.84659390035894, 69.77112676059114], [30.846501400285042, 69.7711703003324], [30.846353799467757, 69.77122723315397], [30.846201838210217, 69.77127191083152], [30.84594496222793, 69.77133983834376], [30.84569282618913, 69.77140178537391], [30.84551615855932, 69.77143829965763], [30.845285789250937, 69.7714830886786], [30.844919159980353, 69.77153433717142], [30.844459775665026, 69.77159237714447], [30.843652354462716, 69.77169634473175], [30.843227198096105, 69.77175307454091], [30.84286068857397, 69.77180726317377], [30.842198571628284, 69.77193423340744], [30.84174177435981, 69.77202722487077], [30.841117639018297, 69.7721643632953], [30.840176686640145, 69.77240329922105], [30.840046082753954, 69.77244175262354], [30.839929585542116, 69.77248223215894], [30.839863724501917, 69.77251010191775], [30.839772130189285, 69.77255761792566], [30.839704244418506, 69.7726106176412], [30.839667027381804, 69.7726580206018], [30.839639028232472, 69.77271011740059], [30.839625453626503, 69.77276291784268], [30.839628302782508, 69.7728263075688], [30.83964092059297, 69.77289267752629], [30.839734614799006, 69.77313486766377], [30.8401760640004, 69.77420308279423], [30.840185381840776, 69.7742512802224], [30.840189997921982, 69.77428365122897], [30.84018793702904, 69.77431220288011], [30.840181430249515, 69.77434781570138], [30.84016659341567, 69.77438613591572], [30.840149792562734, 69.77441253477448], [30.84012002622623, 69.77444012795792], [30.840073552693458, 69.77447064588064], [30.8400259877836, 69.77449627559365], [30.839939116565894, 69.77453467195662], [30.839848270189112, 69.77457518970782], [30.839748207588944, 69.77462246886984], [30.839699076250742, 69.77465092184853], [30.839663527301457, 69.77467655317758], [30.83963374214507, 69.77470516415386], [30.8396114176208, 69.77473548987972], [30.83958979550537, 69.77477609785676], [30.839567758536745, 69.77483004727002], [30.839550112200662, 69.77489560211049], [30.8395315037473, 69.7749734401932], [30.83950835778812, 69.77507904174745], [30.83948248172843, 69.77518803579632], [30.839456164875664, 69.77530409157887], [30.83944763582341, 69.77534783552719], [30.839444999308746, 69.77537043519084], [30.839448172335718, 69.77545541294688], [30.83945348785196, 69.77552790635659], [30.839462963115118, 69.77559678320377], [30.839467206042517, 69.77563491634751], [30.839491805546455, 69.77580291349973], [30.839517665776704, 69.77594548146976], [30.839543353339028, 69.7760798432399], [30.839557259102786, 69.77616974508285], [30.83957495537845, 69.77627324774409], [30.8395862420697, 69.77632920889366], [30.8396078691435, 69.77638403287624], [30.839639853018266, 69.7764238606285], [30.839689685095138, 69.7764550750381], [30.83969398474535, 69.77645776832674], [30.83976827437728, 69.77648178197286], [30.83982790052243, 69.7764940277091], [30.83991461956162, 69.77650747334069], [30.840048543932504, 69.77652257591909], [30.840197260130996, 69.77653954939281], [30.840332093391826, 69.77655964918587], [30.840453161897578, 69.77658129391884], [30.84055098159603, 69.77659805886213], [30.84073064460447, 69.77663407645592], [30.840928183425255, 69.77667944104437], [30.841115096312002, 69.77672938725529], [30.84124713790786, 69.77676563375542], [30.841727663038256, 69.77690041093567], [30.842042445464312, 69.77699262250788], [30.842231513730145, 69.77705299365181], [30.842372425906557, 69.77709867717692], [30.842491766313334, 69.77714061998346], [30.842660181499223, 69.77721093092124], [30.842789622644812, 69.77727605558385], [30.842908333383775, 69.77735048336817], [30.84299368696888, 69.77742077805895], [30.843082476001324, 69.77751357536668], [30.843128538781876, 69.77759561953509], [30.84314808886748, 69.77767687266241], [30.843154161498177, 69.7777378416643], [30.8431473277021, 69.77780563512279], [30.843128602966495, 69.7778621443982], [30.843068237420496, 69.77795094424353], [30.843008278803822, 69.77801494736734], [30.842924431402828, 69.77807948813722], [30.842765097415697, 69.77817537215172], [30.84260016482919, 69.7782664133114], [30.842420139601902, 69.77835450238241], [30.84227435448183, 69.77842982914252], [30.842090420512886, 69.77851735385985], [30.84176946175598, 69.7786447531777], [30.840676356346474, 69.77906111239109], [30.837129181973385, 69.78041220883681], [30.830243269534435, 69.78215852522239], [30.82715434318025, 69.78464499769174], [30.82371166460283, 69.78662310960564], [30.82363480074816, 69.78666592927831], [30.823540439781855, 69.78671830263727], [30.823460050358214, 69.78676070738942], [30.823371753537472, 69.78680707254922], [30.823120188057977, 69.78693431862013], [30.82305731539882, 69.78697344932095], [30.823014148162844, 69.787004855572], [30.822995389998486, 69.78702145358199], [30.822977444007716, 69.78703945495336], [30.82296483847736, 69.78705641092303], [30.822958624552935, 69.78707056201395], [30.822948983668518, 69.78710248779204], [30.82293434960486, 69.78716230916511], [30.822914064422797, 69.78722034076144], [30.822889354479997, 69.78727018806057], [30.82286848018368, 69.78730591822337], [30.822848046515045, 69.78733735844854], [30.82282798445099, 69.78736580838311], [30.82281318079842, 69.78738407500393], [30.82279633060375, 69.78740280695912], [30.822772265694248, 69.78742848411599], [30.82275563578683, 69.78744507110011], [30.822737344238607, 69.78746088710157], [30.822715291396378, 69.78747806515136], [30.822678421645485, 69.78750307224769], [30.82264133951044, 69.78752606653535], [30.822609653752075, 69.78754496180441], [30.82253201993879, 69.78758748185498], [30.822472789113824, 69.78761676224836], [30.822404718861932, 69.78765018108233], [30.822273058855288, 69.78770478218784], [30.822203899923025, 69.78773331258144], [30.82213280287249, 69.78776627055286], [30.822073106503666, 69.78779494688965], [30.822028190045337, 69.78781782995735], [30.82199950296006, 69.78783367795091], [30.821975992049854, 69.78784757191386], [30.821949797316524, 69.78786457638348], [30.82192293351661, 69.78788348993271], [30.8218975108468, 69.78790531943656], [30.82187326114199, 69.78793110571372], [30.8218510788227, 69.78796270646068], [30.821836135207104, 69.78799225590815], [30.821804338355435, 69.78806658802303], [30.821779641370696, 69.78815015173228], [30.821765002867217, 69.78830272079061], [30.821783758149945, 69.78836427525384], [30.821855209136906, 69.78844814347862], [30.821932484305474, 69.78853923595389], [30.82196564235163, 69.78862681007163], [30.821965240538024, 69.78869576118844], [30.821920587917173, 69.78876102142715], [30.821841211136046, 69.78882420896018], [30.82175179626687, 69.78890005144329], [30.821560147605677, 69.78929143513493], [30.821536268394016, 69.79128696757309], [30.81764795175929, 69.79483834079006], [30.8176413837848, 69.79484439464687], [30.889076058054336, 69.84114441542894], [31.104328025390863, 69.97930277370786], [31.198323725413243, 70.01274710131908], [31.278803702641042, 70.04125444235812], [31.44480029181691, 70.09967772998337], [31.50539742170496, 70.12088889574206], [31.58558653421918, 70.14375031610257], [31.635743670844544, 70.23732205022631], [31.724607878133696, 70.31844927300861], [31.73291124188792, 70.32652147290285], [31.74051596893111, 70.33511013212691], [31.746971724946263, 70.3438050579703], [31.751501631429353, 70.3513238983542], [31.75226426130694, 70.35258879102793], [31.756381291077602, 70.36144365673839], [31.756430599410685, 70.36159340799372], [31.759313013274543, 70.37035171545526], [31.761051906941546, 70.37929515352128], [31.761592895114386, 70.38825580444222], [31.760933395103585, 70.3972155160834], [31.760827422108463, 70.39796869638644], [31.76006716904947, 70.40234627263501], [31.757619877707036, 70.41127104732503], [31.753976124512334, 70.42014973971193], [31.749141324362096, 70.42896437523845], [31.743123970704968, 70.4376969453677], [31.73593510156047, 70.44632973902306], [31.72758751111661, 70.45484504877629], [31.718097152840595, 70.46322550407555], [31.707481725828213, 70.47145402259386], [31.695761456952663, 70.47951373888081], [31.691041533081442, 70.48258029304141], [31.687684355945287, 70.48472860527593], [31.674590304351103, 70.49254973494631], [31.660446628604422, 70.50016494909127], [31.64528099481964, 70.50755871672777], [31.6290239329459, 70.51510732848408], [31.620950927859884, 70.51876455552814], [31.604291283445956, 70.52579447844366], [31.586689346405386, 70.532565475045], [31.56818014272482, 70.53906376822093], [31.548801291481738, 70.5452758166776], [31.222600983641907, 70.6443872488325], [31.14211091073745, 70.66860801968666], [30.613583371452673, 70.82537674213611], [30.60946366134456, 70.82657200408941], [30.58853472794839, 70.83231791321836], [30.4700783774943, 70.86327753901422], [30.45041513523786, 70.86818936702993], [30.427978793091356, 70.87330609856961], [30.404851900356768, 70.8780838272224], [30.381082354942933, 70.88251263076833], [30.05210066651086, 70.94014228498865], [30.025460796598185, 70.94476903821833], [29.56616978452258, 71.02360771901768], [29.160799423797084, 71.12070107672714], [28.555627077704692, 71.26230020738875], [28.539671374341097, 71.2658590245931], [28.516165607095974, 71.27068083537709], [28.491997342331228, 71.2751549589427], [28.467216566364883, 71.27927195815981], [28.44187443683387, 71.28302344143555], [28.41602317405489, 71.28640152214322], [28.389716629302686, 71.28939923728733], [28.363008878817766, 71.2920101924026], [28.335956330391294, 71.29422914338528]]]}, "properties": {"objectid": 4, "globalid": null, "st_area(shape)": 203250012051.7293, "st_perimeter(shape)": 3385499.24098949, "budomr": "NO 4"}}]}