{"type": "FeatureCollection", "features": [{"type": "Feature", "id": 5, "geometry": {"type": "Polygon", "coordinates": [[[7.414773739834008, 61.85483016127342], [7.412503202855103, 61.85750942424807], [7.403278510562282, 61.856131080918836], [7.391275325834552, 61.85433615684814], [7.381850039668638, 61.85292735440007], [7.374281660080912, 61.84974482647922], [7.362119372655406, 61.84470860144828], [7.352934641926723, 61.840983319162774], [7.348141734961757, 61.83901008304214], [7.344097132759149, 61.83740326518491], [7.342940400210674, 61.836688990547295], [7.339796274409619, 61.83522259918942], [7.336662382352567, 61.83394624497306], [7.3343626516913725, 61.8329961893239], [7.330840535672543, 61.83167092934057], [7.327745040690679, 61.83039640583614], [7.323064613673818, 61.82851860358669], [7.319126666242321, 61.82695301871438], [7.315322308266416, 61.82531371005191], [7.309892511098356, 61.82331195236741], [7.303660281884286, 61.820786661160206], [7.296891790876451, 61.81789689148071], [7.2911006692467515, 61.81552212801659], [7.286375063498155, 61.81361345013987], [7.283561688094175, 61.812443844398196], [7.2817603228756385, 61.81187289283146], [7.280280502622511, 61.81146453927698], [7.272329713262019, 61.80979676254084], [7.267172796666316, 61.80862073599802], [7.261133716902425, 61.807466508907694], [7.257240465752644, 61.80665040955743], [7.252361453759595, 61.80566087778927], [7.248151421566678, 61.80481732236186], [7.240466534834899, 61.80331621239647], [7.23666839676899, 61.80250479692317], [7.231354062741539, 61.801282176967185], [7.224431399039802, 61.800012858395135], [7.220034590966517, 61.79788556166521], [7.218217088064574, 61.79701229716878], [7.2088921467515785, 61.79253093658459], [7.204590466727073, 61.79056188166189], [7.143990366563346, 61.74968196244791], [7.140966823990266, 61.747738918971784], [7.134198763250826, 61.743107377687394], [7.129851438543443, 61.74024830837884], [7.125815242978328, 61.737587796437715], [7.1208664798372965, 61.73426055500716], [7.112477905385932, 61.72870365948692], [7.105070574789912, 61.7237707111271], [7.0976426813531655, 61.718566057129024], [7.087952886281449, 61.71203828656458], [7.081231658461874, 61.70750528525111], [7.072450874626041, 61.70160648272958], [7.062026205845573, 61.694726706949425], [7.0582871571188015, 61.692062807837345], [7.0539461847419025, 61.689083872537076], [7.047611879279717, 61.68470676653138], [7.03808379151009, 61.6782199510183], [7.036573945020233, 61.67715707169811], [7.035173742384684, 61.67669598362229], [7.032061847155634, 61.675512019983955], [7.026824891813776, 61.67366196506945], [7.0195576158988064, 61.671295506382215], [7.003378639693294, 61.66581479875826], [6.998227405486019, 61.66408587419212], [6.967574593194585, 61.65408379728266], [6.9638575616776555, 61.65283524956321], [6.960313891949947, 61.65157878377899], [6.955531622579139, 61.64990604719062], [6.95092323271477, 61.6482973895456], [6.946875899975012, 61.6468662947374], [6.941104780192283, 61.644989998951914], [6.939443378934255, 61.64430480601342], [6.937504563777488, 61.643955079868356], [6.932459133554897, 61.64271705718446], [6.92529091579838, 61.64103675349579], [6.919891149034352, 61.63984939016178], [6.911993428993737, 61.638061779532784], [6.904524131109072, 61.63630821164919], [6.903092884083756, 61.63554595803563], [6.901575735740237, 61.634679273475605], [6.899474923508036, 61.6335791058439], [6.896489594857703, 61.63216438956462], [6.893934108401922, 61.63070310702696], [6.891066097475842, 61.629204976543605], [6.886870726646336, 61.62698680509838], [6.882239848418654, 61.624480409001876], [6.879167907996933, 61.622681019979225], [6.8733673220702665, 61.61972530566361], [6.8708139489216515, 61.618263625806804], [6.867637923185935, 61.616719394429985], [6.8637980146440984, 61.614674928769524], [6.861089374493093, 61.613086466040265], [6.857043031738733, 61.610966212798125], [6.854306722924392, 61.60948407627644], [6.853557496177835, 61.60907922502619], [6.850632669946758, 61.60752268295987], [6.846692346608826, 61.60550763341294], [6.84280627067617, 61.60350500422515], [6.837066499059743, 61.60041577060697], [6.832467115418608, 61.59789135876918], [6.826524649579829, 61.594644956765634], [6.821542231144089, 61.592069961540645], [6.817836555661532, 61.590113274823025], [6.8142520159980275, 61.58820006276849], [6.809753841583432, 61.58573490597389], [6.805758280976369, 61.583661209110375], [6.806013771002289, 61.58255716269674], [6.806540126767466, 61.57986248974228], [6.807278837289814, 61.577153644002706], [6.8077940385094085, 61.574286863297395], [6.8087350931153106, 61.570247153137494], [6.806093420944431, 61.569428640328354], [6.80244261704747, 61.56813382721549], [6.8000296187398614, 61.567310939211204], [6.7972630401061895, 61.56639422466917], [6.793231222103263, 61.564967852134004], [6.7902112953148075, 61.56400865853185], [6.788789698298373, 61.5635885049361], [6.787724431609568, 61.563181054465495], [6.785749584135444, 61.56249273620224], [6.784284139546286, 61.56195259869968], [6.782360790176714, 61.561285399281175], [6.77966256143084, 61.56047182114904], [6.777300156725102, 61.559534264922256], [6.775163021464705, 61.558745562836144], [6.773390632456697, 61.55822279635962], [6.768944208290782, 61.55679728022939], [6.7665724811749115, 61.55603942373648], [6.764828815192075, 61.555410024587324], [6.763900138480539, 61.554775732762074], [6.761960908511007, 61.55367396484665], [6.760575452698754, 61.55269590647845], [6.7583594553240784, 61.55114380487375], [6.756230242023865, 61.549903903069584], [6.754942594739793, 61.54898597890044], [6.753682434212377, 61.5481779631623], [6.751203877754121, 61.546618780615596], [6.748858288560556, 61.54505851315806], [6.746403985308221, 61.543410320793875], [6.743782378430289, 61.54175197744897], [6.741332939644194, 61.54015822966419], [6.738607485327165, 61.538466442199685], [6.736188099647013, 61.53697363667662], [6.7356593218055405, 61.53660346086754], [6.734945334111549, 61.53610335438441], [6.733095794987969, 61.53516897647085], [6.7323996448956835, 61.53402501183324], [6.730996510552857, 61.531564676345056], [6.730084073563286, 61.52995605849166], [6.729335523318309, 61.52865538189313], [6.728661570541628, 61.527711376127684], [6.728109634693242, 61.526594233582934], [6.727435471278337, 61.52529807932604], [6.726900075284106, 61.52411873571867], [6.726151361841742, 61.52289025192399], [6.725361448830945, 61.521532661298835], [6.72469265088516, 61.52014661341825], [6.7239767934778625, 61.518865943008045], [6.723135548786665, 61.5175595511754], [6.722415316733088, 61.51622433659104], [6.72120527347568, 61.51438968945471], [6.720392179434856, 61.51304887508823], [6.719376058036426, 61.51112682222438], [6.7186653833515555, 61.50982827540147], [6.717533828357638, 61.50777273959033], [6.71679498068542, 61.506156530528244], [6.715750008502274, 61.50448557131222], [6.714919883722687, 61.50299910883155], [6.713712477569438, 61.500875770020016], [6.7123798183547265, 61.49915078683806], [6.709887721583927, 61.49808645874697], [6.705730571763453, 61.49646850034107], [6.70119137384478, 61.49472766834085], [6.698646955998871, 61.49393068148317], [6.696877864302331, 61.493343607791665], [6.69577317874513, 61.49274315965455], [6.695052242887342, 61.49184117882152], [6.693991595931742, 61.49058427728143], [6.693256360032491, 61.48938334985431], [6.69192413602124, 61.48745072129235], [6.690195880516884, 61.485728353159956], [6.688171853904072, 61.4837711877289], [6.68628338864076, 61.48173201117331], [6.684132074579718, 61.479477918968485], [6.68158518966778, 61.4770099501075], [6.68081641271974, 61.47635765514484], [6.678376525885128, 61.475250503043156], [6.67603501839315, 61.47433914745837], [6.6732315766905375, 61.47311011973946], [6.670158046333951, 61.47197294060892], [6.6667949778570526, 61.47051085342652], [6.664476262153121, 61.469447077250514], [6.660147743087038, 61.467717573429795], [6.656833376558905, 61.4663575256828], [6.653906863669558, 61.46531025209084], [6.650098545301015, 61.463684691684605], [6.644792191807277, 61.461596400489945], [6.642097076784574, 61.46046379145888], [6.642194134579179, 61.459964022647945], [6.6427594247870605, 61.45814790187389], [6.643155257379863, 61.456330166572414], [6.643265411754858, 61.45536183602075], [6.642787676915476, 61.45503434698676], [6.641719704155205, 61.45451680093891], [6.63970935237598, 61.4534354401291], [6.637947537814463, 61.45241446255788], [6.637056710575299, 61.45179964154758], [6.633783058556598, 61.4495293130019], [6.6316001165737175, 61.44783221477623], [6.62978069144923, 61.44625671203026], [6.62840216484012, 61.445774094435336], [6.625732491504832, 61.44511221231249], [6.621561937163918, 61.443932909999575], [6.619884245962762, 61.44344069625602], [6.6161606357114024, 61.442424257499944], [6.614771353866603, 61.4421215116921], [6.613869240441969, 61.44183071254617], [6.6106383718485535, 61.440736379652336], [6.608120135556262, 61.4398667798201], [6.604766003864205, 61.43860218573371], [6.600939612553624, 61.437271868520945], [6.600057598397115, 61.43614256971591], [6.597975004620389, 61.43443280002203], [6.594899951126653, 61.431794479317176], [6.592791136047565, 61.43039010143248], [6.590509074909833, 61.43039269429662], [6.589228201658916, 61.43024982112316], [6.586745620636234, 61.4298787470948], [6.58498905732993, 61.42975129799393], [6.583148112034835, 61.42972712073514], [6.579611694089497, 61.429488714161806], [6.577053648528786, 61.42946485997961], [6.574305160917682, 61.42951948804546], [6.571737214458855, 61.42981099132661], [6.569944652573389, 61.43002426799383], [6.567582989329697, 61.43031952491316], [6.565980874414655, 61.429831375007446], [6.564274191256036, 61.429173945082034], [6.561724980175686, 61.42829684402696], [6.561568230102778, 61.428159184975684], [6.559741627618726, 61.42745808218751], [6.557187248163909, 61.42672975164885], [6.5540682127262775, 61.42592988255364], [6.5526219175515905, 61.42521711562611], [6.550311756224394, 61.424078448100694], [6.548486438734964, 61.42309747105082], [6.546753933364038, 61.42212217732206], [6.545300348813445, 61.421299675865036], [6.544028748036749, 61.42056981816723], [6.542846972887279, 61.419926935410935], [6.542054965308827, 61.41944407396091], [6.540521020821885, 61.41877895199167], [6.538658607056755, 61.4178677428462], [6.535869635608841, 61.41689821832359], [6.534112047962096, 61.415948343586614], [6.532508298790653, 61.41533302120752], [6.531030170382922, 61.41467677926263], [6.5288605561026, 61.41371356075971], [6.5267580829797245, 61.41237158456939], [6.524931110653078, 61.41147131472109], [6.522766786529462, 61.41028794778608], [6.5216820757674245, 61.40970512008192], [6.520208988117637, 61.4088900121603], [6.518975616936019, 61.408162631027196], [6.51818296437504, 61.40761615978419], [6.517089449828583, 61.40699651899804], [6.515998936139794, 61.40636811477233], [6.514099446061977, 61.40539077499026], [6.512504788534904, 61.40467648926184], [6.511445372241973, 61.40414030851638], [6.510701760779435, 61.403825992239064], [6.509638337471109, 61.40337633549836], [6.507831222037577, 61.40282032487489], [6.5066535388004665, 61.40230376198107], [6.50607530417169, 61.40187002805014], [6.5052482626440495, 61.401312180500504], [6.504354432871281, 61.400723122959576], [6.5039573240943005, 61.40024657639942], [6.503816586235946, 61.399451981850184], [6.50311992161839, 61.397935938383064], [6.502577886735402, 61.396682497962225], [6.502107961841163, 61.39571365831391], [6.501428179131275, 61.39544519947991], [6.500166382553708, 61.3950315609162], [6.498407699675515, 61.39471308408586], [6.49758150995678, 61.39429088416378], [6.496541423993231, 61.39375568627222], [6.4954579573794256, 61.39317267994159], [6.494355474887668, 61.39245290061386], [6.489676280970177, 61.388427923402446], [6.489013297698852, 61.38775393090359], [6.488435059683775, 61.386976893382176], [6.4876353399609945, 61.38597807389011], [6.487256466422383, 61.38523165647377], [6.486573898967869, 61.383942253629684], [6.486248929973523, 61.38313600694695], [6.485498744857026, 61.38278163582782], [6.484594934350115, 61.38230016075523], [6.4839306017290355, 61.38211358366873], [6.482862966638144, 61.38195594121612], [6.482282859727941, 61.381874287579166], [6.481755025639423, 61.38153391551973], [6.481403484528703, 61.38130392043511], [6.480929718410847, 61.38090373197384], [6.480144105084436, 61.38061031403377], [6.479579349203767, 61.3806108119666], [6.478977234063782, 61.380608860044845], [6.478396906413965, 61.380734816425196], [6.477711001837855, 61.38110709063061], [6.476972000466574, 61.38112367800413], [6.476273113409862, 61.38092602806993], [6.475715378764304, 61.38076428894673], [6.474964052512316, 61.38048194420322], [6.47507915062007, 61.38020027948286], [6.475043418054413, 61.37957482328494], [6.475111297467863, 61.37919073690252], [6.475831562212412, 61.379172979086384], [6.476884931794834, 61.379176240970445], [6.477486360694056, 61.3790425919679], [6.47821829194237, 61.378844920855215], [6.47852798460089, 61.378539316585716], [6.479292983758063, 61.37794623605235], [6.479605176326274, 61.377288727242885], [6.479758510022894, 61.376729306297776], [6.479701768598119, 61.37611147168527], [6.479439720418542, 61.37562528218397], [6.479320520607208, 61.37503069187101], [6.47949937732684, 61.374653518762436], [6.478873938124999, 61.37432503378192], [6.478077595883263, 61.37413939124721], [6.477237821105125, 61.37377027483782], [6.4767411810424935, 61.37352207220489], [6.476407908110699, 61.37315791450784], [6.475853553134322, 61.37291500617661], [6.475492403603715, 61.37258530347209], [6.47497369831859, 61.37207377531042], [6.47368349560434, 61.371630943214015], [6.472811043694533, 61.37110618808533], [6.471951296101266, 61.370672457327196], [6.470912582587511, 61.3701371858689], [6.469625890354544, 61.36961342376102], [6.468392352966355, 61.369101857698496], [6.467527616281198, 61.368686022940416], [6.466832784740831, 61.36806397218913], [6.466336195952109, 61.36747260175263], [6.465969506102805, 61.366889349630895], [6.465613358776444, 61.366198468812094], [6.465329772502466, 61.36544894970784], [6.465102419931558, 61.364495248767184], [6.464753076056115, 61.36398543402496], [6.464347259333723, 61.36354430323334], [6.463677455207727, 61.3631045418554], [6.4626512156024924, 61.36286794506277], [6.460832326912399, 61.36270783099575], [6.459056196452974, 61.362459895490616], [6.456779654269311, 61.36211713185979], [6.454298575991593, 61.36149032477691], [6.452082737950102, 61.36079012323305], [6.450736438116503, 61.36028025900134], [6.448445336416081, 61.359033110350175], [6.446344281459238, 61.35743685013059], [6.441278501880352, 61.354080416464186], [6.426231754077454, 61.343257460580794], [6.424994426963082, 61.34236698964394], [6.420381452242515, 61.342208856680855], [6.418832793875721, 61.34190478696749], [6.418224863325892, 61.34158611014534], [6.417337893313592, 61.341266028358376], [6.4162686980880554, 61.3409739994298], [6.415121544563503, 61.34070220148006], [6.414381007128831, 61.340462953799786], [6.413519676564016, 61.34011764843924], [6.413051361828516, 61.3399127893568], [6.414795115829445, 61.33874664456111], [6.414790180865723, 61.33701288274498], [6.413822161442785, 61.33482806772381], [6.413765740706311, 61.334700639359696], [6.413227088608542, 61.333484434082166], [6.413011258856232, 61.33295610638416], [6.412506942825628, 61.33172329391599], [6.411295702185242, 61.32905073629477], [6.410182225203418, 61.32643397552943], [6.409858227563273, 61.32567663672476], [6.409102382324361, 61.323496875013134], [6.4085046503007295, 61.321922340734446], [6.408139845993379, 61.32090098930349], [6.405709176103295, 61.32046780458908], [6.404156371647188, 61.320258633351465], [6.401885472651128, 61.319927783599525], [6.398977356662617, 61.31938733778067], [6.396287468574677, 61.31894023758393], [6.393309070906851, 61.318559574337684], [6.391911961268247, 61.31829072859013], [6.3902349848849935, 61.31802558619185], [6.388900723975215, 61.31774979010338], [6.387503385843778, 61.3172991380966], [6.385943278206424, 61.31689226893394], [6.383448809145335, 61.316127765004396], [6.3800382381089715, 61.31514186889745], [6.377370758737064, 61.31439309676542], [6.374433428460545, 61.31360008343293], [6.371895292673784, 61.31285937564674], [6.370371286583172, 61.312391385311024], [6.344720347129078, 61.30043057278072], [6.335710976006225, 61.29736744965723], [6.335761285468984, 61.297337385490636], [6.336161370586616, 61.297098297926986], [6.33833989684744, 61.29493478307504], [6.3383554389768095, 61.29488564954599], [6.338708654514506, 61.29376897838089], [6.338801970959918, 61.293473950178125], [6.33872266432631, 61.29335483699039], [6.337425208461304, 61.29140601319862], [6.337344356378415, 61.291284562708064], [6.337413781219894, 61.29073327159057], [6.337422231638874, 61.29066616447594], [6.337566516494975, 61.29035246419185], [6.338560143323924, 61.288191951145805], [6.338428530400054, 61.287806778124384], [6.338140294569172, 61.28696320930512], [6.337824784609736, 61.28603977467028], [6.335861283453761, 61.28409835493198], [6.335792358230332, 61.284030200561276], [6.335893844924134, 61.28404739853382], [6.339916028686639, 61.284728939686936], [6.341176320798894, 61.284737978215944], [6.342763618455429, 61.284749345557564], [6.345162797336614, 61.28456903422421], [6.345485892956752, 61.284544748603714], [6.345668011880059, 61.28443299377077], [6.346247826613724, 61.28407719161541], [6.346458686598729, 61.2839477951848], [6.346776965043014, 61.282878404492436], [6.347539579614639, 61.28031574674429], [6.347563939898793, 61.28023387985159], [6.347510724961222, 61.28013320849505], [6.346911457052905, 61.27899947208494], [6.345973375484359, 61.278181558240625], [6.345793000294824, 61.27802428316448], [6.3446130446445945, 61.277518558596825], [6.342421445439861, 61.27657917855358], [6.343126973448846, 61.276586355668954], [6.345894427138242, 61.27661447293652], [6.348131965859643, 61.27663716497947], [6.348934055225431, 61.276645290313176], [6.349290380272965, 61.276594616972645], [6.351122457871026, 61.27633405900331], [6.352720546457759, 61.27601145377605], [6.354144068829745, 61.275724066918315], [6.356914603682223, 61.274935303715914], [6.357518336494553, 61.27458461894025], [6.361185698396978, 61.27245416065311], [6.361195678650569, 61.272451681582034], [6.361953631648231, 61.27226338333357], [6.363381818581398, 61.27190856188182], [6.364209097525847, 61.27156414556227], [6.364256183711497, 61.27153382849327], [6.3644800267752535, 61.27138970304431], [6.3660120500676785, 61.27040323733866], [6.366377924402575, 61.270167639156064], [6.367766028091197, 61.26840473191965], [6.3688175111231775, 61.26731597409142], [6.3697009199603, 61.2669028649483], [6.371362465016288, 61.26631514166846], [6.372194293428816, 61.266020890747], [6.373506093876301, 61.2655568312104], [6.37527294322588, 61.26513704401324], [6.379828909128098, 61.26453446854401], [6.381145960941055, 61.264248502526286], [6.383497508889719, 61.26374851528841], [6.383630243212555, 61.26373953255948], [6.383927307822373, 61.26371942939596], [6.385813060541979, 61.26359179783754], [6.385829624192895, 61.26359067676396], [6.3859477428391145, 61.26355654977951], [6.386717458830295, 61.26333416047358], [6.386930306624322, 61.26327266246779], [6.389545907521521, 61.262179304110475], [6.389562626910599, 61.262172314923376], [6.391332795582139, 61.26143228527328], [6.391615644178361, 61.261314033204336], [6.392102119021121, 61.26122620795943], [6.393851389288102, 61.26091038458344], [6.394497752558433, 61.26079367890419], [6.397952497503798, 61.26064405608312], [6.399328318148786, 61.260415786473295], [6.400656867665263, 61.25981414593275], [6.4020781942792, 61.25873968804029], [6.402531197591534, 61.258358858264465], [6.404883997841499, 61.256380729314806], [6.407705299139694, 61.25587421589297], [6.408879636948051, 61.255823482169724], [6.410668977261796, 61.25574615869068], [6.410912919500149, 61.25573561566952], [6.410158041186905, 61.2548655934593], [6.408861324016869, 61.25310272287178], [6.4068580799754775, 61.25124967126812], [6.406807445047534, 61.25122420958217], [6.406446598189402, 61.25104275757516], [6.405452502653496, 61.25048519485057], [6.40506567338566, 61.250268225708986], [6.404355227570839, 61.249102738592015], [6.388317004414056, 61.23871983724874], [6.387875768157953, 61.23890643874638], [6.387029012460215, 61.23926452550395], [6.379447701159928, 61.24246999233008], [6.364990124509251, 61.23712604093851], [6.334519798042098, 61.2419697124305], [6.326372742227326, 61.24194170278886], [6.32497662681861, 61.2419059281733], [6.321381985723712, 61.24121338642226], [6.318709149997459, 61.240779034638145], [6.316784101371833, 61.240555480387535], [6.314962230145099, 61.24063666919254], [6.313822525842949, 61.24068959151233], [6.312419432433782, 61.240409320569654], [6.304074137495917, 61.23705179392085], [6.25797413768452, 61.232311932151006], [6.2524603532811724, 61.231067436526324], [6.251984391116541, 61.2309599940355], [6.252001407611188, 61.23094128673975], [6.257342981301613, 61.225067815665824], [6.2557027298756225, 61.225631535148665], [6.253192739459693, 61.226494086395405], [6.245913145928395, 61.22899515373018], [6.225615246200078, 61.2210081450585], [6.20178658650065, 61.21115742223831], [6.161283926488795, 61.18544800043799], [6.133026019571913, 61.1677205404633], [6.133070655610989, 61.16105103051374], [6.13308732931676, 61.15855447198858], [6.1331328814415835, 61.15850913683756], [6.1331675799751935, 61.158272063813136], [6.133235096135149, 61.15818543846979], [6.13335462479458, 61.158141913378174], [6.133430873534727, 61.15811414857415], [6.133596778989819, 61.15807639777282], [6.133816147619717, 61.15804931481996], [6.13390494410808, 61.1580190330373], [6.134011578165371, 61.157952790841236], [6.134093506231116, 61.15780196710693], [6.134093299627858, 61.157723340287895], [6.134235882509292, 61.15752402165377], [6.134328650499231, 61.15724822283454], [6.134432430863734, 61.15720528566572], [6.1346376366139825, 61.15716741748842], [6.13480684267539, 61.157078287895395], [6.134888346833644, 61.156975236364836], [6.134933780136337, 61.1568608580747], [6.13498258732441, 61.156820526493384], [6.135158871014215, 61.15674008654553], [6.135549227367946, 61.15660230248793], [6.135663341917174, 61.15652941473214], [6.135843200071491, 61.15636951271411], [6.135957050325035, 61.156304830070006], [6.135973763029751, 61.15625894615288], [6.135930541890253, 61.15621272066655], [6.13567860255793, 61.1560858521314], [6.135594421908946, 61.156012525722666], [6.135410272426594, 61.155916425943175], [6.13521277257031, 61.15584630945025], [6.135172343419702, 61.15583195622569], [6.135042383032396, 61.1557294030194], [6.135042327691857, 61.15572910931122], [6.135024591261025, 61.15563425432241], [6.135065860313578, 61.15541868379087], [6.135083050294436, 61.15532888406895], [6.135130841353269, 61.155079230284315], [6.1351183181511235, 61.154978013859214], [6.135079627234023, 61.154923051047305], [6.134719204067365, 61.15474935061634], [6.134519765241435, 61.154628655885745], [6.134295022516605, 61.15437788881453], [6.133909171615459, 61.15418172417877], [6.133373533270615, 61.15397368017724], [6.1330314085567785, 61.15380741735478], [6.132885693521486, 61.15368855023337], [6.132743962775308, 61.153607174355], [6.1324567358359445, 61.14590479139127], [6.1320548870079685, 61.135129404811686], [6.050783508054335, 61.13810357462565], [5.951065577245918, 61.14682523962222], [5.790540096426829, 61.145151259077196], [5.666487619440057, 61.11730809928704], [5.581340174737001, 61.0933448317913], [5.581340121534775, 61.09334485970302], [5.581339452715246, 61.093345208785166], [5.499055905015001, 61.078745205718725], [5.418424391386071, 61.04688208710802], [5.373859640210574, 61.05243183843868], [5.3170291265531056, 61.08307076795586], [5.311154178142285, 61.086233045260066], [5.230656737483878, 61.08733459915861], [5.1556721195182345, 61.11784811729951], [5.102387421709746, 61.0933992224119], [4.991231413425344, 61.069467532164616], [4.933542602498854, 61.03178126455602], [4.786482496334525, 61.00316808261565], [4.6668376155451465, 60.92321267187779], [4.610651793330147, 60.887220325564925], [4.579360605555089, 60.88545668242134], [4.546429708206673, 60.88115890610691], [4.448850146394443, 60.868370122631525], [4.184769275010165, 60.83335403143824], [4.246142391731214, 60.72372054498267], [4.266134703099075, 60.687821915042974], [4.331113874191838, 60.570507933750136], [4.362802951161511, 60.51294118277238], [4.401461942203697, 60.44239500576143], [4.403021505596072, 60.439541483447556], [4.417740764164776, 60.41258336507833], [4.427360264380139, 60.39493800874888], [4.472969045470559, 60.31097673834533], [4.493933280337727, 60.272217193517484], [4.507141238841111, 60.230592890738556], [4.526352332066148, 60.16982476850963], [4.547051710598445, 60.10405037518247], [4.698808885137914, 60.11785284353657], [4.825638143965384, 60.12924558420779], [4.907683108020514, 60.136542568285556], [4.940507772959263, 60.13944678526172], [4.957063039061106, 60.14090826122424], [5.052883981158456, 60.14941219092098], [5.117008069402397, 60.157602473795556], [5.2100763950675635, 60.188795802605114], [5.253223627308995, 60.1760910982412], [5.3318234054977935, 60.107194281649896], [5.485325481145988, 60.111273999379385], [5.519589589582638, 60.124403294369436], [5.51665185097735, 60.14706416890528], [5.527009195946051, 60.15626656441107], [5.563498539667599, 60.188641550495916], [5.568218597059504, 60.199679618106146], [5.579046206118085, 60.22497486969081], [5.587154712288728, 60.24389447873261], [5.586988017966397, 60.244002967965066], [5.575555700131492, 60.25144112893359], [5.574691201851076, 60.255903377739095], [5.583272717118554, 60.260985894940234], [5.5836493227421755, 60.26120889782772], [5.593907252434025, 60.26728147105356], [5.611632416753857, 60.273102462102464], [5.6185429642436215, 60.27537072413237], [5.620617943415766, 60.277883513456906], [5.627262589785101, 60.28592748432394], [5.6289294117200175, 60.289992612108115], [5.631949262977337, 60.29735523755745], [5.639712150684054, 60.31626792274209], [5.651567914609027, 60.31515922916466], [5.652498580692754, 60.315072148885456], [5.655540910001038, 60.315194517690266], [5.661923894594209, 60.315451025217186], [5.665580178835775, 60.31534501649408], [5.6659169267050915, 60.31593842569051], [5.666076515898174, 60.31634698932284], [5.666267911084221, 60.31683696637636], [5.6665602800022095, 60.31694087726123], [5.6681267598907015, 60.31749759443968], [5.6681778417988635, 60.317515748016625], [5.668352327071812, 60.31787303730704], [5.669406122951445, 60.32003071278819], [5.669574479393808, 60.32037540323055], [5.669608891319775, 60.320445856830176], [5.670020089146154, 60.32088676386643], [5.670694014635067, 60.32167715022224], [5.672264246634927, 60.321310323148225], [5.6724641985805935, 60.321223582995216], [5.672551269678918, 60.321292848012014], [5.672779766955083, 60.32158014362848], [5.672890682782359, 60.32167107534827], [5.673046273005783, 60.321720779776854], [5.673248399007814, 60.32172532028353], [5.67339480140679, 60.32177148110385], [5.673523153615787, 60.32187214414018], [5.673764402186076, 60.32217091717283], [5.6738465738495005, 60.322226816109705], [5.674032344073707, 60.322525188403766], [5.674153089845772, 60.32260922033207], [5.674336201651898, 60.322667198674864], [5.674470911191616, 60.322757190555436], [5.674711830101099, 60.32295197253291], [5.674753080773771, 60.32304177005146], [5.675124195614937, 60.32333892666419], [5.675190020247782, 60.3233916320377], [5.675237188669274, 60.32346783529947], [5.675243538747571, 60.32353383781922], [5.675273010836511, 60.32384012436865], [5.675577346630947, 60.32420419107986], [5.675600004582995, 60.32423129535664], [5.675781528107693, 60.324374048606664], [5.676037125735314, 60.324758687213006], [5.676130511584415, 60.324899215958204], [5.676429876086606, 60.32511735894455], [5.676629018708276, 60.32526246895586], [5.676687550571191, 60.3253051197656], [5.676799062702699, 60.32536363412592], [5.676987986005366, 60.32553457234795], [5.677335506309105, 60.325796826209924], [5.67749484019982, 60.325883041051924], [5.678284110453974, 60.32612943510625], [5.680341466025492, 60.326642412306796], [5.681248900482883, 60.326800215906246], [5.6817720172571695, 60.32689118227403], [5.6820862223034085, 60.32692198285568], [5.683163056750348, 60.32718740717485], [5.683290758480452, 60.327295011364086], [5.683346806937645, 60.327342238320796], [5.683501808526249, 60.32760596231516], [5.6837842280482835, 60.32813805936299], [5.6837912729672775, 60.32829938513327], [5.683884805302304, 60.32850804752169], [5.684027632868436, 60.32852049240738], [5.684079701996621, 60.328566496573075], [5.684115161046356, 60.32859782595563], [5.684126171173647, 60.32866373346449], [5.684139888841895, 60.32874584639575], [5.684224751031047, 60.32888383295459], [5.684196752600317, 60.329009775145295], [5.684239213079765, 60.3290643963232], [5.6842345862598815, 60.32913377041446], [5.684318590042818, 60.32924493676548], [5.684339942278626, 60.32938187015141], [5.684427965946234, 60.329431484514764], [5.684417474538479, 60.3296290882752], [5.684339176516602, 60.32965917388341], [5.68428597963578, 60.3297414785236], [5.684282524392172, 60.32996597740428], [5.684244932038404, 60.33010055322474], [5.684534282313866, 60.33025091129405], [5.6846873104706335, 60.330391544797166], [5.684834125618852, 60.33043771945369], [5.685463540542992, 60.330137036063874], [5.685770660466371, 60.329961096631735], [5.68603824432369, 60.329807804420064], [5.686311871291966, 60.329806706776], [5.6866755602040024, 60.33009303513995], [5.686680550946801, 60.33011138159299], [5.686727518000862, 60.33028402141333], [5.686871204565093, 60.33030682942955], [5.686962453261222, 60.330288776890576], [5.6870776854322775, 60.33020400613672], [5.687107424321007, 60.33018212772436], [5.687250089425851, 60.33016978676889], [5.687345540977032, 60.33020943687121], [5.68762011032416, 60.33020062825339], [5.687739823231151, 60.33025293074025], [5.6878790379004345, 60.33023483076271], [5.687832256563087, 60.3304452351225], [5.6878247956534596, 60.330478793619974], [5.6879048592171815, 60.330557404728445], [5.688089324876877, 60.33062549102201], [5.688283247305704, 60.33067399477064], [5.688477837342975, 60.33066134166851], [5.688861658716608, 60.33063638204783], [5.6894749208902065, 60.33047873254735], [5.689770644827078, 60.330173536403265], [5.690278773687403, 60.32955545055475], [5.690335923027456, 60.32807380957119], [5.690491085790444, 60.32780980858589], [5.690562064562393, 60.327689038954986], [5.690880447868546, 60.327147309624266], [5.691490875984471, 60.32663500260592], [5.692532598065099, 60.32576068038206], [5.694134493887508, 60.32454698867051], [5.694303049694006, 60.32441927396774], [5.694702494684037, 60.32429469544167], [5.695263588772192, 60.32428711688572], [5.695968216834864, 60.324396794048596], [5.6968144912751075, 60.324811988081244], [5.697464425996705, 60.32495730158921], [5.698060816607823, 60.32503067017411], [5.698892541130317, 60.32510473183514], [5.699978351438084, 60.32512556990995], [5.7007572305282, 60.32507375885398], [5.7010843261999895, 60.32494902943093], [5.701285842841206, 60.32471617975715], [5.701361202323566, 60.324447128864676], [5.701277798474469, 60.32378276350189], [5.701208807058366, 60.32347740306029], [5.7015420505121135, 60.32278719674928], [5.701651063916069, 60.322751585302875], [5.701868020289665, 60.322775542159114], [5.70257833049556, 60.32285397197023], [5.702700606492592, 60.32277020757189], [5.702768265520352, 60.32269192257345], [5.702798548442396, 60.32265688314889], [5.703057705232982, 60.322642189721044], [5.703570866996002, 60.32261309339897], [5.7037966306813255, 60.32250234562095], [5.703916628642586, 60.32244348051814], [5.704088232471252, 60.32233896679539], [5.704475267033545, 60.32235595769995], [5.704737093695478, 60.32240888642649], [5.704870856990124, 60.32243592718059], [5.705206855352596, 60.32253555872122], [5.7055421807050335, 60.32268459090522], [5.705739011921061, 60.3228233137733], [5.7059425607321534, 60.32311854109226], [5.706211272078733, 60.32312673095039], [5.70636760253791, 60.32309264415607], [5.706669178577401, 60.32307584947538], [5.7069390725656195, 60.323240784952915], [5.707281020576835, 60.323238316092215], [5.70793456857253, 60.323342428440085], [5.70839132917344, 60.32327455533608], [5.7086562141062025, 60.323082715135925], [5.708731095947887, 60.32302848156818], [5.709015346691531, 60.32300909163126], [5.709147556058158, 60.323000072453574], [5.7097017923998195, 60.323100249145895], [5.709820084470351, 60.32314989961203], [5.710055634174809, 60.32339720227423], [5.710310986948828, 60.32360531052349], [5.710709870836164, 60.323630620481424], [5.710876073807444, 60.32360479879718], [5.710926026001875, 60.323597038167165], [5.71135832276249, 60.32365841997433], [5.711563425967042, 60.32383781961065], [5.7116604776889135, 60.32392270709172], [5.712130897085925, 60.3240247403479], [5.712371727993323, 60.324154438421324], [5.712516362486343, 60.32416688961882], [5.712603837351415, 60.324154250067856], [5.712980753218154, 60.32421172385681], [5.7136369778112766, 60.32443514105014], [5.714247905788112, 60.32456089621062], [5.714637294901827, 60.324704670924234], [5.714796974078334, 60.324721885629096], [5.715334226300269, 60.32491205272886], [5.715522530246333, 60.32506227118674], [5.7155540985035005, 60.32507741098285], [5.715744354688127, 60.32516865633748], [5.71591051104737, 60.32538089817246], [5.715916925650821, 60.32538909085236], [5.7159202173962385, 60.32538916269398], [5.716427253718312, 60.325400264522905], [5.716608438785177, 60.32536149766166], [5.716839657010171, 60.32540327418925], [5.717083529798194, 60.325474920672214], [5.717096252068738, 60.325478657865744], [5.717146943963357, 60.325473276472465], [5.717305133123057, 60.32545648515013], [5.717333226229659, 60.32546844809506], [5.717402297530493, 60.32549786005944], [5.717459123949977, 60.325503127437436], [5.71753997635465, 60.3254671472228], [5.717545241146708, 60.325462951922425], [5.718117453669501, 60.32500700258042], [5.718874808310719, 60.325141599267766], [5.7189198606092555, 60.32524656040279], [5.71894028036733, 60.32527459618088], [5.719069558176763, 60.3254520905941], [5.719294225233968, 60.32558488483641], [5.719659185044219, 60.32588286071449], [5.719952470222238, 60.32614785616642], [5.720062622691781, 60.32634382085547], [5.720285883561906, 60.326484107423596], [5.720629782981108, 60.326366662238705], [5.720797601913666, 60.32627738857475], [5.721078805693569, 60.326127798345446], [5.721494083343192, 60.32616997415169], [5.721641430629565, 60.32618493883604], [5.721980530621449, 60.32608550355204], [5.72200928967404, 60.3260612715663], [5.722234702218629, 60.32587134079414], [5.7223955516993446, 60.32588067311381], [5.722557762249299, 60.3259502158728], [5.722848364541206, 60.32604730445449], [5.723423647373431, 60.32623950062721], [5.723819471755226, 60.32644697679493], [5.723926360762278, 60.32652263073799], [5.724939169787514, 60.32723945771264], [5.725684540093465, 60.32780228686223], [5.726083813483513, 60.32831864810481], [5.726432448826071, 60.328769507496176], [5.726719162396643, 60.329140279886644], [5.727982570529985, 60.330319758395696], [5.72940387823378, 60.33164653520194], [5.7309230655094705, 60.33289073396181], [5.73157710073597, 60.333743058348894], [5.731939907974115, 60.3352227757093], [5.732066577898056, 60.335739377734285], [5.732230974804561, 60.33640981890215], [5.732571498708125, 60.33659792724805], [5.733027478165976, 60.33684981042108], [5.732942475846488, 60.337970093876244], [5.7329163180692175, 60.33818525557389], [5.732634698488447, 60.34050155024153], [5.732922689860454, 60.34087746465386], [5.7339006587543295, 60.3421539358286], [5.7342207155169636, 60.342984683138496], [5.7344180583689734, 60.34349689131229], [5.734752352353663, 60.34385855492929], [5.734974364175115, 60.34414463574536], [5.735032226486939, 60.34421919625287], [5.7350367806891205, 60.34435237359334], [5.735073043464255, 60.34541304449825], [5.735488745244034, 60.34552080433758], [5.7364456626644875, 60.346361281368026], [5.73720297465142, 60.347274149001834], [5.737461205542675, 60.34817943975597], [5.739455181056136, 60.34852213803707], [5.739579686717547, 60.34854353507637], [5.739581043362963, 60.34871197570777], [5.739600464793236, 60.35112472957809], [5.7395524288112, 60.35361603094968], [5.7406069745341926, 60.35170143451123], [5.740812374024848, 60.35084976654916], [5.741331268603334, 60.350840758872586], [5.7420037387462886, 60.35082908208845], [5.7434305777251575, 60.35095788609252], [5.745074169270675, 60.35112667312834], [5.745154152490302, 60.35113488625262], [5.745209724391844, 60.35113224738639], [5.74688243440858, 60.35105281753578], [5.747128049211659, 60.35104115297815], [5.749532009305963, 60.35003961383799], [5.751958586793943, 60.349001748569655], [5.760533471023241, 60.34551784656595], [5.764312187203259, 60.34396535285732], [5.764389204977019, 60.343095799594806], [5.764643624254361, 60.34022279153225], [5.7620430817066035, 60.33729167625385], [5.761689786348711, 60.33689342797511], [5.762733398957672, 60.336507391379676], [5.763881435680866, 60.33608270659538], [5.764029280598418, 60.33602801407765], [5.7640269041008025, 60.33602102384916], [5.763790686782646, 60.33532611347923], [5.7629796411525405, 60.332939968483906], [5.763657972775088, 60.33199226376518], [5.763688740093822, 60.33150133312054], [5.764022994211295, 60.32616327397693], [5.764102392878191, 60.32489867263094], [5.764121344386729, 60.32459606582534], [5.76413422429396, 60.32459193877033], [5.770159030039025, 60.32266120145466], [5.770387601295243, 60.32258794262968], [5.770457737041177, 60.322628701773965], [5.7731733929001905, 60.324206810701355], [5.780474436368761, 60.32850137226218], [5.785664577013319, 60.32909904809813], [5.785895393811245, 60.328986046730364], [5.794276399957977, 60.32488209989604], [5.802788748607507, 60.32507226300022], [5.804084280461278, 60.32510115612927], [5.812843176847155, 60.325296167517244], [5.81740180137091, 60.326066328354784], [5.834764663660966, 60.3289979621637], [5.834882292577476, 60.328959940003], [5.837906247436652, 60.32798240935247], [5.842932991962556, 60.326357161918956], [5.843424867711069, 60.32619810968857], [5.849902163883946, 60.32602598092354], [5.852899425098062, 60.32594622335937], [5.858887347515864, 60.32578667750786], [5.8624491904746385, 60.32569164405079], [5.862864274306862, 60.325680562878325], [5.871175435377284, 60.325458410606075], [5.882204527570951, 60.32500981213028], [5.889221805877664, 60.32472390378489], [5.898941556402322, 60.32506319058271], [5.905179323961347, 60.32530494927227], [5.907034085106079, 60.325376776992215], [5.908391850047344, 60.32542934141658], [5.908487146964743, 60.32543302988222], [5.93213025575349, 60.31736484979982], [5.935404357298019, 60.31409800397435], [5.937758953905322, 60.31264298181657], [5.940794817725481, 60.31074349849065], [5.943684148430818, 60.30874443075824], [5.944936813592766, 60.30738124191681], [5.94588183991414, 60.30606279475534], [5.9466875805491615, 60.30492346730622], [5.950747916029748, 60.30142436268498], [5.959181774351698, 60.294153701976676], [5.959289569286242, 60.29234961255692], [5.958561209104413, 60.28801401673399], [5.95874756918408, 60.28367891995874], [5.957805530314614, 60.2789203770953], [5.957817216280201, 60.278899310500215], [5.961293756829568, 60.27265367346552], [5.960997705589044, 60.269328866750286], [5.960662557652764, 60.26625205012005], [5.959663631870971, 60.264638236538715], [5.9583281234505465, 60.26299046091449], [5.9580403417928745, 60.262514536782106], [5.956940205042032, 60.26195726133462], [5.9516735212678356, 60.259395183865436], [5.947617735464436, 60.25689676547578], [5.945670552664064, 60.25584503399283], [5.945095173910561, 60.25511759293955], [5.944521527384665, 60.253842640376526], [5.944129590976576, 60.25226262955204], [5.944110523599903, 60.25196672008402], [5.944078191661265, 60.2514637700385], [5.943862791653812, 60.25107763492007], [5.943216412955358, 60.24999114651279], [5.943127859992712, 60.24948839494477], [5.939621812497377, 60.24524902124314], [5.938851336098837, 60.24316976177004], [5.9387634109049205, 60.24293263880788], [5.937297368094443, 60.2414324598762], [5.936232475966099, 60.238869045127664], [5.931801400565892, 60.23564169435188], [5.933115212307248, 60.232516075948865], [5.931791874477732, 60.229247813264685], [5.928574530466085, 60.22594187879853], [5.925082218915005, 60.22382032342568], [5.921042563678186, 60.22030272125264], [5.920082607239004, 60.21987509084105], [5.917070164885479, 60.2167852618529], [5.915861243676155, 60.2142655908881], [5.912577840127609, 60.21150763733602], [5.91308307435963, 60.209186573094755], [5.91343437176594, 60.20735923611177], [5.915034289182857, 60.20600203931066], [5.922574668846196, 60.20169932629969], [5.922565036268961, 60.20166938186073], [5.922550508869905, 60.201625724949764], [5.922536604632619, 60.20151921402237], [5.922477371096164, 60.20146659767228], [5.921860902528119, 60.201277380532574], [5.92173776032796, 60.20118763900315], [5.921763562860162, 60.201069590153544], [5.921691769200144, 60.20096170406228], [5.921438703074256, 60.20077660123279], [5.921417370447904, 60.20071241237512], [5.9216148200792125, 60.20055623715476], [5.9220365262425565, 60.20035553507526], [5.922088823978105, 60.20025576220619], [5.921969533600656, 60.20015480971517], [5.92165668993939, 60.200019441281725], [5.921403616316902, 60.199912597451615], [5.921333268089399, 60.19980996184633], [5.9213712396429985, 60.19958891865208], [5.921431620279436, 60.19945397733318], [5.932228932687353, 60.20283444014587], [5.938088346942115, 60.19774391719358], [5.918928150606584, 60.18972594628001], [5.924181886918408, 60.18483823538459], [5.932068830177809, 60.171465792183135], [5.963935384212722, 60.161369079274884], [5.964469846448581, 60.1611996168851], [5.96511400594731, 60.161655051550866], [5.966841551586689, 60.16307953769353], [5.968884280429105, 60.16454372340422], [5.971213519501991, 60.166154056858666], [5.973670882000973, 60.16775958247306], [5.976044458397379, 60.169273456018146], [5.977573501256755, 60.1702368459976], [5.979501023269773, 60.17139924399744], [5.982014204656166, 60.17293611877251], [5.983941748735869, 60.17403518629972], [5.98598233187492, 60.17538142541228], [5.9881953150414455, 60.17649546939755], [5.989903040252114, 60.177538701690025], [5.992380774251562, 60.17894640209019], [5.994916920096722, 60.180534247563585], [5.9980137571966585, 60.182395352533966], [5.999879194770497, 60.18345825955984], [6.001752763053327, 60.184541214796944], [6.0033109726369664, 60.185123351404904], [6.032832309742759, 60.1856777951002], [6.039337622457489, 60.185797132557155], [6.04035954353644, 60.18581585049502], [6.063755875965531, 60.18624209939256], [6.066569543323419, 60.186568769644055], [6.0684140393054875, 60.186590137503046], [6.070613166863138, 60.18690660618379], [6.072914683877078, 60.18704928623044], [6.074919565168035, 60.18728021552734], [6.077022482021168, 60.18735513526709], [6.080045703832186, 60.187578268406575], [6.086795119823113, 60.18804033665541], [6.0888356737341836, 60.18814245898769], [6.091316909102865, 60.18815694531746], [6.094418692492913, 60.18815919249635], [6.098241332188877, 60.188246291591106], [6.102273932356075, 60.18816227194251], [6.107065615617694, 60.1882197968546], [6.108025063686731, 60.18796393401574], [6.109576545821785, 60.18746349453528], [6.111229945165617, 60.18678923669631], [6.11305151923808, 60.18609470339526], [6.114881035272701, 60.185504580854996], [6.116727143562711, 60.18498783172149], [6.118309946865185, 60.18443521081241], [6.119597698074147, 60.18436857713389], [6.121226537809641, 60.18438367956021], [6.123014131973676, 60.1844139932642], [6.124479784554362, 60.18449483310486], [6.125687256302294, 60.18478861167313], [6.130266471622371, 60.185761500099126], [6.131168042657104, 60.185980390647764], [6.132509298351837, 60.186387014790476], [6.134513657933557, 60.186820248788095], [6.136441821040267, 60.18740189618765], [6.138943860080512, 60.188076375592956], [6.140805218482321, 60.18850438914198], [6.143212049248359, 60.18912719694673], [6.144774930569444, 60.189385991140526], [6.145367402096352, 60.189209054750215], [6.14709851049006, 60.18864349590308], [6.14861044956661, 60.18795476180428], [6.150375431162488, 60.18733272377521], [6.151092508647568, 60.18682989038413], [6.151989540450768, 60.18599586806792], [6.153246247281372, 60.18517248150565], [6.154291521332908, 60.1843981050739], [6.155202816504421, 60.18417933349452], [6.1561644692835795, 60.1839774927802], [6.157577505691781, 60.184451913017504], [6.158467243476577, 60.184448483547975], [6.159182723269492, 60.184555293406035], [6.159344773244233, 60.18482816685637], [6.159883475050254, 60.18511280233421], [6.160064679978585, 60.18571669765386], [6.159630633265941, 60.18671738876898], [6.159708064692553, 60.187770520920246], [6.160520892906183, 60.18818649620513], [6.161340100614613, 60.1882415402546], [6.163026491862659, 60.18811092211469], [6.16401529175042, 60.1878747089342], [6.165274262675888, 60.18764759987025], [6.166168539838173, 60.18762635147322], [6.167007299886087, 60.18727615341806], [6.168105684076542, 60.18710598946598], [6.169166636469787, 60.18714108021839], [6.170018260160002, 60.187613798492], [6.170297200416759, 60.18798935382726], [6.170202489660033, 60.18847533542828], [6.170178238206852, 60.18916478856792], [6.170795864014034, 60.189766332849395], [6.171247500231134, 60.19037931825963], [6.17220466078979, 60.1911978641351], [6.172791065248156, 60.19211348072261], [6.173185986336252, 60.19346793216098], [6.174202995314452, 60.19406914720507], [6.1749324476613054, 60.193987089218524], [6.176633125914067, 60.19414180360061], [6.177763153911324, 60.194321467946025], [6.1794124074379235, 60.19473015518734], [6.179919950744004, 60.19527006298434], [6.180772125110835, 60.195205232198816], [6.181799069895628, 60.19543215113837], [6.1831449660343365, 60.19575722019343], [6.184892710630356, 60.19613629774504], [6.187971599245218, 60.19683034388809], [6.189881445980949, 60.19728344033371], [6.192005405006411, 60.19775083916347], [6.194433416252318, 60.19816628058132], [6.19708722824347, 60.198556129766665], [6.1988255933786744, 60.198767262348426], [6.1999213848915025, 60.19874118206493], [6.201367637775124, 60.198964360883856], [6.20287165964312, 60.19944431856813], [6.204784025617942, 60.20002381676555], [6.206584842887418, 60.20054614701949], [6.208611886359617, 60.20097064746568], [6.210714894701043, 60.201382121374856], [6.212988622553784, 60.20176430892536], [6.214508911218584, 60.20191549396585], [6.216094368199524, 60.202093593498454], [6.216877653294415, 60.202082640601915], [6.216973559064007, 60.20152446805915], [6.217124431563353, 60.20076220126604], [6.217208435097314, 60.19984190801404], [6.217493724526483, 60.19898473151578], [6.2177306749081005, 60.19797076543873], [6.217909889576711, 60.19730523951663], [6.217445873093746, 60.19640257077003], [6.216750421564924, 60.195276688350766], [6.216060763575313, 60.19420086952995], [6.215470452953639, 60.19322652646083], [6.214370956551286, 60.19225882951832], [6.213308842470126, 60.19128458390365], [6.212530220357617, 60.190537025652354], [6.2121085659699995, 60.18981330520998], [6.211892148755371, 60.18906715921317], [6.211805146551008, 60.18837934002527], [6.211595875703946, 60.18774206896451], [6.211902810508315, 60.187478026062045], [6.212702830640835, 60.186528779072056], [6.213635148139302, 60.185692247118496], [6.217940057225703, 60.177989893005126], [6.218768307576158, 60.17767483154603], [6.219400980066376, 60.177680934557415], [6.220584381218167, 60.17759733118368], [6.222371203928397, 60.17782949470521], [6.223464481320095, 60.177875347013774], [6.2252568826463435, 60.17788653266789], [6.22607252978463, 60.17789125965977], [6.227519790383596, 60.17790197448631], [6.228867644202919, 60.17808218788405], [6.229301029148107, 60.178045777302565], [6.234375321408867, 60.18134356365256], [6.257928890185589, 60.19521964288737], [6.257939049404662, 60.195225737386394], [6.27924165357271, 60.20805701743968], [6.294006739577294, 60.2074158875746], [6.305664861828055, 60.20956758994732], [6.316600666391967, 60.20878375664354], [6.3203144726433855, 60.21083613691835], [6.326524545325061, 60.207161591420835], [6.329181680148771, 60.207880891768724], [6.339959592039697, 60.2071065282567], [6.345122927013463, 60.20159308108863], [6.345846015237219, 60.20180689458161], [6.345846942701976, 60.20194152596483], [6.3462627529787765, 60.20205728205711], [6.346443182346543, 60.202048100233554], [6.346859579843586, 60.20223551314816], [6.347572798772157, 60.203355886562115], [6.349472575086344, 60.20408775476382], [6.35662115119506, 60.20689890549368], [6.356562494017249, 60.21030975535565], [6.36440216278625, 60.209708288985425], [6.372098281250881, 60.21292133848364], [6.3773157572941095, 60.21156236928039], [6.403499576380242, 60.21450276424614], [6.408938533414576, 60.21709140940272], [6.414618616666818, 60.21689651999575], [6.418992770791832, 60.21630473856745], [6.473831099188705, 60.20887099894246], [6.464220411008563, 60.19886704605677], [6.464441645508141, 60.19884976296849], [6.467758789972184, 60.19859057195695], [6.510523547891499, 60.19524118776747], [6.5117570276911, 60.19368267499691], [6.511721636278223, 60.193007780531254], [6.511708371325236, 60.192754823429574], [6.512248671546263, 60.19125697010178], [6.5126175821283825, 60.1902341634487], [6.516495132813054, 60.18388610127977], [6.516773641830654, 60.183782696077664], [6.516983018248872, 60.18359438233899], [6.517247221308013, 60.18351741351494], [6.517443714514646, 60.18330470208039], [6.517474279234683, 60.183251953448455], [6.51746471676875, 60.18314361588488], [6.517605836051779, 60.18297493617058], [6.517655090770648, 60.18291606283033], [6.517704800362341, 60.18289517225025], [6.51785982247665, 60.18283002329385], [6.518004785664938, 60.18270816758106], [6.5181324933815175, 60.182554143920484], [6.518313935182287, 60.18233530956553], [6.518418547801498, 60.18225013132973], [6.5184401659673386, 60.182138295344416], [6.518542605513891, 60.181907242003554], [6.518745241787409, 60.18176804745057], [6.518793050996543, 60.181735207365406], [6.519048373339301, 60.181620462287746], [6.519113086016624, 60.181450183713984], [6.5192098697787975, 60.18139303358007], [6.519327632710953, 60.18127953719654], [6.519348567793294, 60.181150772214515], [6.519209221167224, 60.180904861256074], [6.51917866378406, 60.18076356825749], [6.5191932318564625, 60.18059999093307], [6.519149792216176, 60.18054746857057], [6.519101491394494, 60.18048906720658], [6.519367607400685, 60.18010116250067], [6.519429959838663, 60.18001027387422], [6.519533120486741, 60.17979732574018], [6.5197149491131645, 60.179646512455086], [6.5199593095675334, 60.17933656668675], [6.520024115615268, 60.17902976949763], [6.520178979139877, 60.178972726065076], [6.520437425923382, 60.17887752720749], [6.520612392479455, 60.17878730973258], [6.520837260753259, 60.178766681309774], [6.521232228730602, 60.17873044848134], [6.521399567663082, 60.17867657860044], [6.52228317826012, 60.178654493267345], [6.522524631170002, 60.178603499995184], [6.5230976350679235, 60.17865160481399], [6.523428825951781, 60.17853352293026], [6.523602064283354, 60.17855118180009], [6.5237904362981105, 60.17849866373966], [6.524054313469784, 60.17849814145212], [6.524202386875396, 60.17846469795459], [6.524324042516944, 60.178388469415566], [6.524496378279013, 60.17834674613829], [6.5249557941946765, 60.17830797930627], [6.52514783469486, 60.178237817586805], [6.525441403863248, 60.178187827647584], [6.526278799445553, 60.17818170178675], [6.526384710316306, 60.17820594752486], [6.526467358160941, 60.178188514879906], [6.526653272444444, 60.17809863393599], [6.5270090589087735, 60.1780197435283], [6.527024079708687, 60.17801641261742], [6.527032560834027, 60.17801813876818], [6.527212262480252, 60.17805471279803], [6.527382565471057, 60.178148656045316], [6.527446859955674, 60.17816074094708], [6.527590389671984, 60.17814478908735], [6.527675405119036, 60.17808678592361], [6.528006658712188, 60.17800400210381], [6.528200905072435, 60.17801054681175], [6.528445593875824, 60.17789880374513], [6.5285896757192425, 60.177690652540726], [6.528632969518651, 60.17766304486563], [6.528951071600074, 60.177460191365455], [6.529492734860039, 60.17739926333758], [6.529607155282409, 60.17738639300011], [6.530023572244124, 60.177265925845674], [6.530254132771738, 60.177146408405534], [6.530519000705107, 60.17708959465447], [6.5307407327045315, 60.17709636966483], [6.530980243958947, 60.177075123860476], [6.531195730743246, 60.17702000688218], [6.5315714917264325, 60.17699407397309], [6.531783550521589, 60.17684871376194], [6.531893565680433, 60.176815883334825], [6.531952805184561, 60.17682439027234], [6.5321767659748735, 60.17676873356892], [6.532383220714228, 60.17664007728882], [6.5327451577058735, 60.176610813903054], [6.533304580548026, 60.17652102756161], [6.5335992725249135, 60.17640996486921], [6.533631810692944, 60.176397701614356], [6.533810302424494, 60.17640764918473], [6.53388894693744, 60.176428599838864], [6.534337585382888, 60.17654811327949], [6.534948332636148, 60.17655119155964], [6.535088077014924, 60.17658546184537], [6.535146545609172, 60.176634007483976], [6.535725199801586, 60.17666580748141], [6.535974250268957, 60.17665807812675], [6.536005488814142, 60.17665283400868], [6.536355328967379, 60.17659409972642], [6.5367727455736295, 60.17648489304692], [6.537274220092096, 60.176353692220886], [6.537773827257607, 60.17635268066371], [6.538459336318438, 60.17615811562133], [6.538571075866153, 60.1760993651502], [6.538853817382767, 60.175950705889555], [6.539472558372041, 60.175848004180686], [6.539780611654192, 60.175883247605995], [6.540010959685006, 60.17586582119014], [6.5403521509646785, 60.175810915449084], [6.540513757409877, 60.175737693517284], [6.540776198147737, 60.1755536641383], [6.540881772618399, 60.17554492003452], [6.541328699464651, 60.17566258340322], [6.541594371034778, 60.17558783232015], [6.541787973168214, 60.175553413996504], [6.541957830871289, 60.175546994669325], [6.542169897094665, 60.175486765352225], [6.5427414072922385, 60.17540819135044], [6.542961697201094, 60.17540298823683], [6.5434236129964525, 60.17539207655797], [6.543559768472544, 60.17537301580458], [6.543754610840143, 60.17529388999878], [6.54396598312071, 60.17524192019137], [6.544673867004647, 60.17512659387443], [6.544966865016589, 60.17516537244322], [6.545131264419037, 60.17516952365903], [6.54535612418319, 60.17503462821945], [6.545420896342678, 60.1749657439752], [6.545395626283643, 60.174921232349725], [6.545453599369671, 60.17488071412617], [6.54570724777797, 60.1748390421066], [6.545927363267733, 60.1747658709681], [6.546173621669382, 60.17463370339162], [6.546464562087753, 60.174506753169716], [6.5468588805711025, 60.174294075190225], [6.547677655268667, 60.1739826124532], [6.548093216198637, 60.173852376711075], [6.548517555672596, 60.17367909321611], [6.549260400773032, 60.173522288978575], [6.549965493438871, 60.17331166529666], [6.559020783018428, 60.17060610663457], [6.559263101490116, 60.170533690700175], [6.5605070149867055, 60.16635688638039], [6.561559008940562, 60.1628235426208], [6.562178858180881, 60.16285472354288], [6.569473793093624, 60.163221470603645], [6.57348366982226, 60.163422889425], [6.572620470013685, 60.15760195096571], [6.570021275700442, 60.15436564911679], [6.56938973819944, 60.15329589821855], [6.568233566455186, 60.14973668700748], [6.568098872425378, 60.14194976062915], [6.562744969025174, 60.13760663092205], [6.559903560614311, 60.13576750364197], [6.561335983208071, 60.135764629315965], [6.5618182497850075, 60.13564660036076], [6.566232218129121, 60.13455738445572], [6.568955247113284, 60.13334608480313], [6.5767653200870875, 60.1364017068399], [6.584377785115145, 60.13855032865339], [6.605695791264433, 60.16525812700439], [6.606167486293869, 60.165848577858455], [6.606167661752725, 60.165848797605335], [6.611939168532653, 60.16646031358248], [6.621606884610005, 60.16779388106027], [6.627253063515822, 60.168572341931444], [6.633658055243015, 60.169648646998375], [6.63664660029077, 60.17015071723809], [6.644988969103264, 60.17592150942534], [6.64816623724836, 60.18046103737312], [6.64990690013639, 60.18253050465777], [6.651171828182799, 60.1837346963567], [6.652282119652912, 60.184613093073935], [6.653853416657468, 60.18537174435895], [6.655082185296042, 60.1858919965271], [6.657647069264366, 60.186713568816366], [6.66066873702016, 60.187491796175834], [6.662816669526506, 60.18785351686458], [6.666481738503701, 60.18851886866045], [6.673277088588822, 60.18973869392682], [6.680070392986504, 60.19100315417455], [6.694390521075339, 60.199291533929944], [6.693327640954183, 60.200131752054624], [6.690981759803653, 60.20347738064152], [6.68943746577771, 60.20584443855993], [6.688070258754106, 60.20825877291091], [6.68747738075842, 60.21005393434302], [6.686734524784248, 60.21261599434385], [6.685742784628604, 60.21485992891888], [6.685192023227286, 60.216111587115265], [6.685064837589175, 60.21774205050402], [6.684317600265205, 60.21917540064151], [6.6843218092459855, 60.22029959106067], [6.683884417279027, 60.221246956734205], [6.682978200957971, 60.22239944606664], [6.68275453113787, 60.222940520823364], [6.683060998793174, 60.22366852622977], [6.683401582225733, 60.225120885768334], [6.683773976979271, 60.22616901245964], [6.684219657419964, 60.227442936219916], [6.684257427974261, 60.22812238378323], [6.683939274839661, 60.22870715103738], [6.685301056056657, 60.22986735305315], [6.687730213294018, 60.231316037323204], [6.727306972371823, 60.23616220889947], [6.763782778329411, 60.230489382236904], [6.806864880027647, 60.21755919319189], [6.8444545228785625, 60.22224648009252], [6.848609766938039, 60.22376711592042], [6.856552171142943, 60.22563445481565], [6.861154199205257, 60.227258970400214], [6.861288927727034, 60.22038538933145], [6.913214145997609, 60.21889297187864], [6.904256571619732, 60.20575329871347], [6.9091823986371095, 60.20281140680502], [6.916817016497513, 60.175637160103726], [6.941526631521135, 60.156634416424104], [6.96287039902732, 60.154478423210236], [6.9780056930261996, 60.14376062325239], [7.000428994401331, 60.15486650970657], [7.0255255558839265, 60.13047815506418], [7.023697891408777, 60.12131234403986], [7.05202279833279, 60.102128903232305], [7.052380643372302, 60.10082413148295], [7.043218726876341, 60.09747271930424], [7.043297571338384, 60.09745778041099], [7.051624412017622, 60.09612963326761], [7.056803926862713, 60.09526057111446], [7.061359761648994, 60.094426030320456], [7.061703193109849, 60.09420296135934], [7.062804256826624, 60.09361074707587], [7.063851090674682, 60.09294306861589], [7.06451319410983, 60.09229728134157], [7.065557176492366, 60.090970384511515], [7.067162853964829, 60.0890370146562], [7.070370988777503, 60.08488140429937], [7.0730342168800835, 60.08155899934618], [7.076628828421714, 60.07699350939163], [7.078349851151897, 60.07494962649704], [7.080766084686217, 60.071819952470975], [7.083341212960347, 60.06862746229704], [7.086245293068258, 60.065265455007285], [7.089823489350757, 60.06052725126273], [7.091974453099018, 60.05781449074102], [7.093065620597885, 60.05635524187675], [7.095323898834915, 60.05379326846775], [7.097475476976199, 60.0512247637055], [7.0991318241680705, 60.049213012533166], [7.100171906103779, 60.047796076017235], [7.100178400527979, 60.04778722926915], [7.099872986677844, 60.047182311839464], [7.0992122433149865, 60.04662820565602], [7.098114292356556, 60.04586752986595], [7.096170619682662, 60.04494742436955], [7.0938722487502295, 60.04407821102972], [7.089837375470037, 60.04300533607059], [7.084234778098915, 60.041476780971784], [7.080199233721434, 60.040354305442996], [7.080175094504306, 60.04034759072967], [7.0892250981332126, 60.03602944312295], [7.09556339089657, 60.03291920506511], [7.108946407666554, 60.02644284797901], [7.113458930579686, 60.02431387744995], [7.1213430153349355, 60.023009812690034], [7.126803587117067, 60.02226366151068], [7.130937433692402, 60.02163628579995], [7.1393081804622796, 60.020477551137034], [7.145932456919034, 60.01945763500097], [7.156863138486365, 60.01783742059498], [7.167489538209477, 60.016126014177885], [7.1737074980341555, 60.01521567132483], [7.178426567126141, 60.014089562132895], [7.1831643602822535, 60.012883126403736], [7.195684606797144, 60.009856988161886], [7.199428826427242, 60.00896082993122], [7.203161937407323, 60.00810911002855], [7.208742090875979, 60.006747868256184], [7.215160686614013, 60.0052792446467], [7.223229885827963, 60.003303875086274], [7.22805840610708, 60.00200199593725], [7.230127327311497, 60.001402861511465], [7.231351923164954, 60.001403161317], [7.235797667487972, 60.001188038384626], [7.240927907966096, 60.00089594981632], [7.24682715059654, 60.000703203701605], [7.251412921309769, 60.000504938205864], [7.254855043509409, 60.00041937754498], [7.256433148565112, 60.00060267118837], [7.2599276602066745, 60.00106121886232], [7.27599015317963, 60.00276504192563], [7.281469993350483, 60.003438993020964], [7.2886150085992245, 60.00415647608697], [7.295532540613546, 60.00492344242712], [7.307780332564682, 60.006236809651995], [7.318824068233255, 60.0073883717827], [7.329137014659503, 60.008586488531634], [7.3338677390309535, 60.009079290903344], [7.34296771223572, 60.00736413750608], [7.35217081080547, 60.005663414514856], [7.376444591129005, 60.00002235591321], [7.376478814127225, 60.00001439790192], [7.3821416720302455, 60.00193035340155], [7.3876385321348925, 60.00378248127228], [7.394134016483196, 60.00583640947557], [7.403102141862249, 60.00865526001343], [7.410236304209146, 60.01091661645104], [7.413494530591481, 60.011943615979646], [7.413963597554957, 60.0120969733898], [7.419613418388994, 60.01384814112141], [7.422471959234493, 60.01473467408845], [7.430729354946499, 60.017293997886895], [7.432119264639963, 60.0177528654496], [7.435360285509926, 60.01885944767738], [7.436428799355442, 60.0192276980894], [7.436565012717595, 60.020047144082305], [7.436896272804203, 60.021978204563965], [7.437218579789246, 60.02402599248684], [7.437890677799469, 60.02815921966618], [7.438206140905089, 60.0300803445205], [7.438567776872047, 60.03219360971868], [7.439264063851079, 60.0363011558443], [7.439591304536179, 60.03825000694083], [7.440252985859729, 60.04250896011464], [7.4405365621749615, 60.04449127935199], [7.440825642212614, 60.04652820680267], [7.441210099485207, 60.04854338010402], [7.441809698942043, 60.052681500310584], [7.442146968219613, 60.054901567186135], [7.442240203208141, 60.05566414533787], [7.442322493286998, 60.056011499887646], [7.442519518762264, 60.05687970139845], [7.442652737763906, 60.05732017090813], [7.443379359967037, 60.05808343731483], [7.445337271577456, 60.06009025041742], [7.4470797986860005, 60.061849896001135], [7.450863000175828, 60.06571981529565], [7.4526217105087165, 60.06748922285144], [7.454086921873043, 60.06880886313938], [7.458657943302647, 60.07294925064184], [7.4606955688692285, 60.074842734957755], [7.462801167444936, 60.07667694364077], [7.466786240659452, 60.08023317046602], [7.470923197550391, 60.08375176189144], [7.475226159882429, 60.08742488207657], [7.479152569783091, 60.09093209803525], [7.483188680220948, 60.09451730874346], [7.485228690117182, 60.096340013006056], [7.487131351239131, 60.09796211368224], [7.488261747973947, 60.09892928917832], [7.575351454799662, 60.114331502586175], [7.646000587162599, 60.12685202096241], [7.717965954771491, 60.12025747542756], [7.7278330120475065, 60.11935118407038], [7.74976259172696, 60.11732382708182], [7.7646651541638105, 60.11593445849846], [7.791192310404326, 60.10857179310267], [7.812840507665429, 60.10265102557932], [7.8279824317963165, 60.107560524909566], [7.840273466238464, 60.111483723856004], [7.852434041415885, 60.11535342420451], [7.8533634382575475, 60.11564733826176], [7.878080875519397, 60.12351255002967], [7.880936224805402, 60.1244239880702], [7.9031814347631615, 60.13149220570524], [7.917502351373217, 60.136048386511675], [7.920952107969053, 60.13714423688689], [7.924717967900705, 60.13786927028964], [7.933586974507515, 60.13957124823248], [7.972647111231991, 60.14706790055442], [8.005300592125813, 60.15331092970662], [8.011814882710127, 60.1545576581823], [8.014017564915436, 60.1548276916522], [8.016573728240665, 60.15513434444265], [8.018174489667661, 60.155318167129444], [8.018320809097315, 60.155334927608], [8.028602171829679, 60.15749221152292], [8.03987201669112, 60.15985412614602], [8.047454786101444, 60.16144379057977], [8.053670943724303, 60.1627448067711], [8.057670098308227, 60.1635861727643], [8.058693456829717, 60.16396449043224], [8.061960243930821, 60.16519085182022], [8.069718273938536, 60.16818539897595], [8.070255832642829, 60.168294754231326], [8.070688799703992, 60.1681282378061], [8.071201215583, 60.16792984361697], [8.071776277404698, 60.168032060048745], [8.072925007016224, 60.168245694631864], [8.07356609693297, 60.168549734789536], [8.074082779894654, 60.16875702449974], [8.074785007264866, 60.169370781719124], [8.075315370668292, 60.16968711375977], [8.075894965156134, 60.170023872184274], [8.07625082168657, 60.17022289018808], [8.077649138998767, 60.17088208650782], [8.078046287939681, 60.17105613846271], [8.07884300035859, 60.17139544272671], [8.079586651897378, 60.17215536099006], [8.079957783762922, 60.17262554096139], [8.080875864814336, 60.172989132205], [8.081313546178807, 60.173228385502995], [8.082313784599256, 60.17380346916247], [8.082809872921942, 60.174108866149524], [8.083324041390176, 60.17441520889141], [8.084410752755373, 60.17475165421201], [8.08484396336277, 60.1750988080237], [8.085216907526991, 60.17538872712143], [8.085590808846323, 60.17575980629006], [8.085956237314857, 60.17608537830452], [8.086688174855414, 60.17630398264365], [8.087804138821431, 60.17641662110585], [8.088967063647504, 60.17664877993707], [8.090042795335544, 60.176867258675365], [8.090621998899383, 60.17695166762731], [8.091519531810997, 60.177070768090815], [8.092113875595132, 60.177426421904926], [8.092546235312287, 60.17769239114667], [8.092988118465444, 60.178256262667375], [8.093680423836089, 60.17849077451642], [8.094190760319915, 60.17864365964819], [8.094709820874641, 60.17901338378313], [8.095288416708032, 60.17935909424311], [8.096480007985916, 60.17980005326508], [8.096955763039494, 60.18003213717863], [8.097565274372297, 60.18031636797116], [8.098180434572235, 60.180573854359594], [8.098843284688138, 60.180518494064614], [8.099634665714898, 60.18088423449861], [8.099564245383535, 60.181304126034824], [8.100081376926639, 60.18173239407202], [8.101101123159694, 60.18216864537599], [8.101474290432437, 60.18245852228383], [8.101951072013659, 60.182771929280385], [8.102429759872425, 60.18307633156738], [8.102832135620499, 60.18331356744171], [8.103184542862772, 60.18353034599188], [8.104125999417649, 60.18378638044813], [8.105834894704467, 60.183749417123295], [8.106906573198188, 60.18364327694358], [8.10828559099332, 60.183625187745236], [8.109995110114527, 60.18366940268181], [8.11063673336006, 60.18363080721172], [8.111697139151525, 60.18357811279147], [8.11296401618762, 60.183490945862566], [8.113573409146726, 60.183432629935794], [8.114976964898533, 60.183469824136054], [8.11606518868973, 60.18337339601631], [8.116899573006812, 60.183191621739454], [8.117970377725783, 60.18317537815119], [8.119145002045792, 60.183182563836745], [8.120514436819953, 60.183208997962744], [8.121423680923073, 60.18327442321], [8.122404362348709, 60.18334347536729], [8.122908450813398, 60.18283804042345], [8.123735511308185, 60.182863118669985], [8.124725929565642, 60.183058919019075], [8.12571453471937, 60.1834348564361], [8.12648253158927, 60.183655102997626], [8.127046786173322, 60.18381075126287], [8.128174689631434, 60.18404054044142], [8.128520270777853, 60.18463539112275], [8.129348685273536, 60.18491283705235], [8.130792107588922, 60.185105228278275], [8.131300227750147, 60.185356975591986], [8.132347225939135, 60.18562775467729], [8.133409297173307, 60.18539464295754], [8.134217643830896, 60.18533757203563], [8.134956079168512, 60.18526784736639], [8.135762551045158, 60.18521968150537], [8.136524873225591, 60.18546660608377], [8.13722581713174, 60.1854039306345], [8.13825346810634, 60.185250188012425], [8.138934610582652, 60.18493405239486], [8.140138497687383, 60.1851497518567], [8.141708461142075, 60.184825733257036], [8.142527014047563, 60.18480528011172], [8.14333922604428, 60.18490146560439], [8.14398607050379, 60.18483603416828], [8.14485776873303, 60.18490826532933], [8.145732059716856, 60.185052809588576], [8.146557002350525, 60.18491542005299], [8.147523612097833, 60.18496561731169], [8.148368476686054, 60.18499146279143], [8.149158134129708, 60.18502344848115], [8.150242752672128, 60.18511588893326], [8.151120806251372, 60.185071345460955], [8.151862395512183, 60.18481244506362], [8.152814296608415, 60.184672594127015], [8.153805331474599, 60.184606860447964], [8.154700156625363, 60.184220719638155], [8.155720457759179, 60.183840991379036], [8.156292682173556, 60.1835281353795], [8.156807462328596, 60.18340172361406], [8.15768596957699, 60.1828344855011], [8.158488408831836, 60.1823713484851], [8.15894367371607, 60.18209756715359], [8.15955572622853, 60.18194014211776], [8.160695835313492, 60.181764846366704], [8.161657828153285, 60.18149028467716], [8.16201425012929, 60.181256429777925], [8.162297210407456, 60.18102777904062], [8.162599927162123, 60.18079113994024], [8.163000720556981, 60.18060464010218], [8.16342144844825, 60.180410160424685], [8.163808170413597, 60.17994356980796], [8.164275081738468, 60.179526100565425], [8.164670729588426, 60.1791050285972], [8.16462716417354, 60.17870626176877], [8.165034931829236, 60.1783128518445], [8.165418854385424, 60.178035356462026], [8.165579769009314, 60.177611135501834], [8.166826883269259, 60.1770088704333], [8.167325784574864, 60.176611073100425], [8.167606537887607, 60.17622009132744], [8.167921761354132, 60.17574969997295], [8.167942460864834, 60.17539039962999], [8.16886539780063, 60.17504167927681], [8.16952644217436, 60.174733464447456], [8.17030194287941, 60.17448524076708], [8.170352863988004, 60.17415435979502], [8.170382671060414, 60.173750383740284], [8.18675369642463, 60.17330816347838], [8.186946060255853, 60.17368765341124], [8.186226964352327, 60.17410108786504], [8.18525469447036, 60.174861808369286], [8.1849316454012, 60.1754579875325], [8.184661115330409, 60.175975596298976], [8.184443874026158, 60.1763249210522], [8.184281835507917, 60.17666799561909], [8.183748021152613, 60.17697384231053], [8.182993859905196, 60.17729533754095], [8.182459665324792, 60.17760116015201], [8.181690247840523, 60.177994042144235], [8.180355212681759, 60.17841166701702], [8.179754460001064, 60.17877712034679], [8.179270201756736, 60.17936486797892], [8.178155238375751, 60.17976690471021], [8.178342855715275, 60.18008290367912], [8.177963569622339, 60.18051395850483], [8.17731952069723, 60.18091321054859], [8.177066701450029, 60.181431815473324], [8.176602302088586, 60.18175023890006], [8.175625858942675, 60.18226746852983], [8.174747008809337, 60.18266357876588], [8.17422874737157, 60.182807990884825], [8.172875820170438, 60.1831346898254], [8.172184267690454, 60.18341413316066], [8.171487765811893, 60.18363050682103], [8.171186424781872, 60.183948340040935], [8.170837937271015, 60.18431780217186], [8.170158167889227, 60.184453841706194], [8.169043372236489, 60.18502703953129], [8.166905872207154, 60.18581753618189], [8.166885421111783, 60.186353206584116], [8.20879045295701, 60.1882718148603], [8.230884969820057, 60.18458018476252], [8.23952884939621, 60.18313465414267], [8.28426980141603, 60.17510114444213], [8.293110222460943, 60.174897858551475], [8.305760171398141, 60.174605807676784], [8.312072809150536, 60.175147442861594], [8.319158584889681, 60.17573538870728], [8.323475504750405, 60.17609351496522], [8.326681267712853, 60.17636458992865], [8.329999780625583, 60.17664263505056], [8.335304390971778, 60.177089833351], [8.340299507685787, 60.17747812864545], [8.344130382903568, 60.17782581144275], [8.346633246051985, 60.178027152378384], [8.350493129408534, 60.1783429518027], [8.35733984583808, 60.17890927394256], [8.358611597027116, 60.17902778299496], [8.360153647884552, 60.179152219552066], [8.361452907107651, 60.179243073037654], [8.364183398032933, 60.179476965076645], [8.368131599912317, 60.1798000999677], [8.373141049944511, 60.180229737369885], [8.377840752529599, 60.18062093578831], [8.380458105710131, 60.18081411961541], [8.381795189321723, 60.180923242749785], [8.384281098085689, 60.18117273483553], [8.385301615030262, 60.18101612093289], [8.38818413462709, 60.180583394427366], [8.39077259810448, 60.18019840926583], [8.3965760577448, 60.17933503868245], [8.398609274282462, 60.17901528348362], [8.40363585115132, 60.17827213351217], [8.408982004624363, 60.17748007150244], [8.412634341575385, 60.176938149503854], [8.415829468517774, 60.17645864062026], [8.420582131258374, 60.17576841429618], [8.421728953388268, 60.175568095281214], [8.425965787886494, 60.17495431652072], [8.426144406798494, 60.17492843795922], [8.42883670991358, 60.17453196080344], [8.434495585395949, 60.17367411301799], [8.436007404082282, 60.173446335634964], [8.45271543482855, 60.17093707007411], [8.45801633296278, 60.170119231784035], [8.472868700250498, 60.169449059230665], [8.476535974406161, 60.169270569800695], [8.480651201515153, 60.169071226725485], [8.48610571852032, 60.16879444810056], [8.486845485123178, 60.16889563890079], [8.489963844848724, 60.16921227543223], [8.49207759699366, 60.16942678418273], [8.4965857942441, 60.169910336761184], [8.502111105021859, 60.17047686938281], [8.506190450169992, 60.17091689963384], [8.507979015826686, 60.17108812154941], [8.508702957217846, 60.17116840869126], [8.516339009163826, 60.17201441068882], [8.519297044770237, 60.17232227803628], [8.521189750291875, 60.17252797583935], [8.522746828987788, 60.17269375501551], [8.526448082228729, 60.1730886422058], [8.531510862692473, 60.173620322806975], [8.535599462025681, 60.174080048020954], [8.53613199632525, 60.17413486197431], [8.541235704063407, 60.17465933449242], [8.547413135017631, 60.17531293067974], [8.550090442196845, 60.175611859754596], [8.556194201365933, 60.1762407147135], [8.55998206855854, 60.17687730018046], [8.565214380057986, 60.177243057648454], [8.56762630541727, 60.17712396247822], [8.568712861705567, 60.17708817232129], [8.572212234366255, 60.1769063953521], [8.573322879500525, 60.176853724882655], [8.574373166815134, 60.176791621800405], [8.575585133118388, 60.176736747922625], [8.577578726320315, 60.17664620697428], [8.58063192370075, 60.17649654929733], [8.585025814517381, 60.176260286233486], [8.587541006555629, 60.176146569746194], [8.58761763160664, 60.176143085504286], [8.587653025909653, 60.176141471852326], [8.587760480063784, 60.176136602509516], [8.587810107209286, 60.17613432897444], [8.587870297601821, 60.17613166771768], [8.588225494096289, 60.17611559098249], [8.594393788962849, 60.17579593304019], [8.596520277782101, 60.17567967041388], [8.59953334564505, 60.17553060652664], [8.607341814356626, 60.17513871269184], [8.612328897346208, 60.17489451449459], [8.615318226618493, 60.17474844945438], [8.616990585089233, 60.17465511466806], [8.62133886878526, 60.174433286741795], [8.626812830464017, 60.17408452722601], [8.626955185804626, 60.174075816727566], [8.637322575794643, 60.17343934917688], [8.641418695030632, 60.17317805369488], [8.64752454229199, 60.17279186744216], [8.648173676450382, 60.172743748304576], [8.652094719296835, 60.17249198731086], [8.654734489598127, 60.172321387071165], [8.658366347664996, 60.17208544643961], [8.659873527601645, 60.172007869993365], [8.661599079309791, 60.17229482575883], [8.664288905375745, 60.17276719486556], [8.665027986803759, 60.17288858772727], [8.666602671991145, 60.17316895630852], [8.666958817274997, 60.173230715256935], [8.668056827005339, 60.17342109729505], [8.670129778104444, 60.173780260270995], [8.674631616061484, 60.17464181350393], [8.676579775673966, 60.17498597474353], [8.678189476438234, 60.17527039736459], [8.68106575350509, 60.17577853632025], [8.68430456736979, 60.17635258828386], [8.690242940584119, 60.17739010082952], [8.695021431863442, 60.178238565483106], [8.699102777084457, 60.1789308235834], [8.706161704655216, 60.180167410518045], [8.708309246602381, 60.18052535794466], [8.712277388767184, 60.181223144500166], [8.714868941889511, 60.18168966484904], [8.717996973745826, 60.18223875484944], [8.722863575871743, 60.18310692758749], [8.724267251804402, 60.182693147197554], [8.729378059853369, 60.18127010277826], [8.73640229154504, 60.179272889820695], [8.740686811545725, 60.17805422437993], [8.744567982308162, 60.176964475484], [8.746406122288214, 60.17646136187566], [8.751575504935678, 60.17500093582125], [8.759569701068862, 60.1727192088123], [8.768253111174012, 60.17023102462128], [8.768759625195717, 60.17008585643189], [8.769042242597854, 60.17000544138677], [8.771378304857995, 60.16884473664237], [8.800198697792288, 60.15626422051471], [8.80932866598375, 60.152754803790415], [8.81439487476195, 60.15276375751487], [8.815996903398238, 60.152738591432154], [8.817877170388671, 60.15271509096336], [8.828481243962704, 60.14999490866176], [8.83276595631713, 60.149418371741184], [8.837151156329822, 60.147654972125174], [8.858308930643163, 60.13905546450197], [8.858346485532236, 60.13904100287642], [8.861393065476818, 60.13768104498152], [8.86588377172889, 60.13569494412348], [8.87900423651265, 60.12986944643002], [8.881103607144674, 60.12894510873292], [8.889608302744989, 60.125158593960634], [8.889902752464069, 60.125028151370266], [8.90150416934019, 60.119889512722445], [8.906483594531394, 60.11766723423144], [8.911176015775704, 60.11559857983811], [8.915258467073537, 60.11379834702669], [8.920659759310759, 60.11139442586252], [8.921665036783727, 60.110928748324945], [8.925531695017673, 60.109216889073494], [8.925970181242551, 60.10902286197439], [8.928232161404434, 60.108024392491615], [8.930259024778922, 60.10712231336604], [8.936964998274288, 60.104243679504116], [8.941356294823219, 60.10213330052654], [8.94500257466897, 60.100582074127495], [8.94512057099958, 60.1005151856697], [8.945209761633558, 60.10044607409168], [8.945250023903789, 60.10041154445151], [8.9452813736627, 60.10038624042645], [8.945519782398563, 60.10023834679871], [8.945587757485612, 60.100191402559], [8.945677296337884, 60.10016543830694], [8.945857513655039, 60.10017587314341], [8.946008917929465, 60.100188046515235], [8.946265631654212, 60.10015814062582], [8.94650270859021, 60.10011049441994], [8.946807393378078, 60.1000433498699], [8.946941985933336, 60.10001558091597], [8.947072908998166, 60.100017538332104], [8.94711882971776, 60.1000218071663], [8.94714166380317, 60.100026096860496], [8.947187835586748, 60.100034879441786], [8.947229635929272, 60.10005075500381], [8.947261407243566, 60.10005743587305], [8.947316856038565, 60.10007753964689], [8.947335600169893, 60.100086413966515], [8.947363429985579, 60.10010470979063], [8.94738187230398, 60.1001181625425], [8.947419822892961, 60.10013242062452], [8.947519571295762, 60.100130335442195], [8.94771548322744, 60.100097636175185], [8.947754474139714, 60.10008762977592], [8.947760932190736, 60.100085855133514], [8.947815441319344, 60.10007187858523], [8.947873160689275, 60.10005417741542], [8.947951873385637, 60.100050766321964], [8.948091994398375, 60.10007133390897], [8.94833413987991, 60.100139174539606], [8.948375434599678, 60.100148003014276], [8.948527539962978, 60.10019262178293], [8.948563828855088, 60.10019239608866], [8.948632615675185, 60.10018510739234], [8.948686981453397, 60.100177787229256], [8.94876931154054, 60.100170399571546], [8.948895067898052, 60.10017103753075], [8.94917787876215, 60.100238401332604], [8.949270319823118, 60.10026524408419], [8.949362294148635, 60.10028972418707], [8.949435805039332, 60.10030282185039], [8.949504816334343, 60.100313912128804], [8.949555151485397, 60.100322614733706], [8.94960101986292, 60.100329131396414], [8.949642491023033, 60.10033112414953], [8.949710814014514, 60.100328315845175], [8.949788501665505, 60.10032557696838], [8.949806796944772, 60.10032317472571], [8.94982032390111, 60.100323165013315], [8.949897792982748, 60.10031573371889], [8.949952625659995, 60.10031077561848], [8.950025630925138, 60.10030800187558], [8.950084983510147, 60.10030298094757], [8.950149001980211, 60.10029808400221], [8.95017636995241, 60.10029537757288], [8.950217321770893, 60.1002884318939], [8.95029479069468, 60.10028100036385], [8.950367792740064, 60.100271382889694], [8.950422264484908, 60.10025956464413], [8.950635846624417, 60.10021020303614], [8.950812437157104, 60.1001541017513], [8.950871713399703, 60.10013773135294], [8.950962357718256, 60.100109653276476], [8.951016703209508, 60.100095577892546], [8.95107092286787, 60.10007924559989], [8.95112551655037, 60.10006284039807], [8.95118430903379, 60.100044196563644], [8.951275257462244, 60.10001838335244], [8.951343142592942, 60.09999736513003], [8.951438468424083, 60.09996932138994], [8.951538512616901, 60.09994797720906], [8.951656709366379, 60.09992206285135], [8.95174796518644, 60.099905357936244], [8.951815694545186, 60.09988910470453], [8.951879546145133, 60.09987726586549], [8.951947934002614, 60.099865274864875], [8.952025328713068, 60.09985333672789], [8.95207070648769, 60.09984389214965], [8.952093590614082, 60.09983908876443], [8.952161365432843, 60.09981572393046], [8.952224656822489, 60.099790262515285], [8.952283517593475, 60.09976928019815], [8.952310543883844, 60.099757643266045], [8.952421273060601, 60.09968996531752], [8.952545601214506, 60.09965325592026], [8.952563677005246, 60.09964616093235], [8.952595491203232, 60.0996300611997], [8.952617583239448, 60.09961387579915], [8.952670994952928, 60.09955878671153], [8.952679917895603, 60.09954262770938], [8.952683695134397, 60.09952209069031], [8.9526922403633, 60.09949916102954], [8.952700659679934, 60.099473974482166], [8.952704612085157, 60.09944660211424], [8.952708402083177, 60.099419132254305], [8.952698377184618, 60.09938931803106], [8.95269774405645, 60.09937119005366], [8.952692733443316, 60.09935529253617], [8.952692507228557, 60.099336913085274], [8.952696280795921, 60.099309532516855], [8.952732034153199, 60.09928181757572], [8.952782775570135, 60.09924614566621], [8.953005427602697, 60.099218987207365], [8.953182795933143, 60.09921253319285], [8.953255964741656, 60.09921669866361], [8.953343030542788, 60.09922276193328], [8.953416142744045, 60.09922233245192], [8.95353506218371, 60.099216979799785], [8.953598972399057, 60.09921657851499], [8.953617339914341, 60.09921868130331], [8.953699816739588, 60.099227145214506], [8.953755048894575, 60.09923372960399], [8.95388308105806, 60.09923275640685], [8.954028956482786, 60.099218104012294], [8.954069939043587, 60.099210978521995], [8.95414689675209, 60.099187673582534], [8.954492670655016, 60.099086197962365], [8.95473626550017, 60.099019656901795], [8.954914765889871, 60.098988400264446], [8.955169507276965, 60.09896126855245], [8.955285322794271, 60.098945326939585], [8.955372018457311, 60.098912202654105], [8.955432434706546, 60.09885527263332], [8.95550131817084, 60.0988091758355], [8.955645009139943, 60.09877794350473], [8.955788933003207, 60.09876211926415], [8.955977497647252, 60.098747710598566], [8.956050254610167, 60.09872664328154], [8.956154396319645, 60.098691796882825], [8.956194686611646, 60.0986707722307], [8.956262504482414, 60.09863831295905], [8.956609844122978, 60.09847036127943], [8.956853420680666, 60.098399943837684], [8.957069315827638, 60.098354550357314], [8.957251940703351, 60.098303760075865], [8.957544588213363, 60.09818021293828], [8.957869676307135, 60.09806067286355], [8.957913572161143, 60.09798272501759], [8.957935398485823, 60.09794833776654], [8.957962375677424, 60.09792517189403], [8.957979691800235, 60.09790453481354], [8.958011098407878, 60.097876889592875], [8.958099900706829, 60.0978057715775], [8.95813902703191, 60.09771157731572], [8.958228681758019, 60.097538658497946], [8.95846143560942, 60.097293507381266], [8.958480503341624, 60.0972456671725], [8.958404067802313, 60.09716508754493], [8.958339474733332, 60.09711917712747], [8.95830875845014, 60.09700665548598], [8.958284090320328, 60.09692304494004], [8.958212377912973, 60.09679910025597], [8.958159223661255, 60.09671841656289], [8.957927589007538, 60.09650214260794], [8.957903487322104, 60.096449803190794], [8.95788848180972, 60.09640193254363], [8.957928989232446, 60.096258997787075], [8.958071673834844, 60.09608301634128], [8.95833943383285, 60.09585729841593], [8.958366554937147, 60.09583431920475], [8.958554004949278, 60.09567767685985], [8.958598656727323, 60.09564073358664], [8.958652735767707, 60.095594677555646], [8.95871480663081, 60.095532599650106], [8.958750125817208, 60.09548658453902], [8.958776032353626, 60.09544076848997], [8.95878046789919, 60.09542251268874], [8.958807179655164, 60.09535170130254], [8.958760342912134, 60.095196390672236], [8.958759279557071, 60.09508243632149], [8.958863240428915, 60.09495132293659], [8.95888979437354, 60.09491670199611], [8.958934333050209, 60.0948685880197], [8.959166153805562, 60.094483105197426], [8.959201070665793, 60.094423564997484], [8.959245242292731, 60.094370571762695], [8.95927596009984, 60.0943338904294], [8.959306936808638, 60.09428794642697], [8.95934156443676, 60.09422605181169], [8.959468925651855, 60.09402640616776], [8.959481289117633, 60.09398068997633], [8.95948452085399, 60.09393266453007], [8.959487274798976, 60.09386858937905], [8.959481410872653, 60.09381609527567], [8.9594528057703, 60.09376372994125], [8.9593874072497, 60.093716342278334], [8.959182434634513, 60.09352479304858], [8.958871939981925, 60.09333156039392], [8.958723748061649, 60.093240219429255], [8.958497512751766, 60.0931124363518], [8.958264882488072, 60.0929409585916], [8.957988266192217, 60.09287839901995], [8.957878055810456, 60.09286101273166], [8.957827767147034, 60.09285897841688], [8.957745395073763, 60.092854933593316], [8.957722707065122, 60.09285281337986], [8.957690408728745, 60.09285295408536], [8.957672044446564, 60.09285085191231], [8.957603422953444, 60.09283771236916], [8.957566491165728, 60.09282872634624], [8.957525019367164, 60.09281304908395], [8.95748277048342, 60.09278590059721], [8.957440984364887, 60.092754271097874], [8.957408178861614, 60.09271792063284], [8.95737011829869, 60.092674846152796], [8.957332636361826, 60.09264530479059], [8.9573045906642, 60.092620337896], [8.957267202249664, 60.0925932319882], [8.957229951855657, 60.092561450099886], [8.957215975774815, 60.09255018437904], [8.957201942474615, 60.09253432378466], [8.957102789728957, 60.09241947557006], [8.957079151334037, 60.092364635870446], [8.957160637226464, 60.092305789749176], [8.957503894152433, 60.09222148185356], [8.957860649742393, 60.092063685440834], [8.959767601659465, 60.09123197969907], [8.9628066099379, 60.08692219937984], [8.964052682626084, 60.085536306259094], [8.96755665697826, 60.08167751526287], [8.968514604833338, 60.08062336205097], [8.970660542675272, 60.07851448743393], [8.987042095645503, 60.07799955364586], [8.99212015482525, 60.07783950222594], [9.004641050992998, 60.0773460952117], [9.010763201217877, 60.07710225498769], [9.012227767310252, 60.077051197386886], [9.013174197425494, 60.07680830913637], [9.015595031562336, 60.07621520665964], [9.019555796664719, 60.07525245665825], [9.021145744016852, 60.074851788337476], [9.022335460379997, 60.07454442043273], [9.023400887188258, 60.07437069673596], [9.02451191317176, 60.07417400119351], [9.02495814461875, 60.07409995895322], [9.027500838420828, 60.07363516594404], [9.031818037052762, 60.072999117353085], [9.033177319446464, 60.07278703071663], [9.035907295840444, 60.07237512816869], [9.036781646980225, 60.07225081886069], [9.037498636251478, 60.07211893557999], [9.038550285383913, 60.07194969296575], [9.039745989383995, 60.071786776178996], [9.040247462237687, 60.07170275689623], [9.041151387004211, 60.07155121499652], [9.04739333173657, 60.07126493835683], [9.049032285637571, 60.07118597170418], [9.052690190292466, 60.07099371324679], [9.054625962071615, 60.07119133489793], [9.056822718149979, 60.07141438033667], [9.058840926954025, 60.071604671013525], [9.062634130303657, 60.07197357223992], [9.063825851393789, 60.0720707326048], [9.064755920026665, 60.072139264307125], [9.064973015167181, 60.072155251635245], [9.067408325507573, 60.07234482986292], [9.069691008045481, 60.0725346985147], [9.071278816813274, 60.072645557386934], [9.07253180568421, 60.07263681142028], [9.074173507547638, 60.072613476231936], [9.074622509164048, 60.07260827036493], [9.07759293014476, 60.0725657430938], [9.078458961973686, 60.07254774805359], [9.079775735840478, 60.07249480091165], [9.081239766725687, 60.07248554662419], [9.081682239550643, 60.07248956718222], [9.082433389641787, 60.07243811764213], [9.083208676626192, 60.072430783338156], [9.083531965337327, 60.07249148112406], [9.084355597362514, 60.07260812520386], [9.0849785146135, 60.07270783475059], [9.085753817937139, 60.07279168982022], [9.086303353438492, 60.07287369519412], [9.086907738808097, 60.07296329048586], [9.087659027437008, 60.07318191690903], [9.088015726111966, 60.07330946576376], [9.088037064853383, 60.073615005037254], [9.088018462546941, 60.07395935801973], [9.088172815391317, 60.07420342763328], [9.088524288200976, 60.07448154588392], [9.088857325002765, 60.07474497124396], [9.089320080682306, 60.07509776250005], [9.088929536030202, 60.0761478640101], [9.089360627810859, 60.07614729544396], [9.08990326488724, 60.07614263285775], [9.090308981752102, 60.076129849544614], [9.090756109753645, 60.07612927501956], [9.09137579812383, 60.07610690239874], [9.091588764162942, 60.07632676415563], [9.09159655115885, 60.07644298549154], [9.091806704437715, 60.07672772446545], [9.092211581102246, 60.077301911603804], [9.092326511841813, 60.07751890912755], [9.092386706308382, 60.0777236401773], [9.092628384834663, 60.07817013848333], [9.092871211688001, 60.07857212136874], [9.092917345601947, 60.078852209697196], [9.09290463854518, 60.078991281211536], [9.09301747482504, 60.079204942797155], [9.093166305259915, 60.07940581165116], [9.093313998260497, 60.07965218589946], [9.09346106474194, 60.08004564535633], [9.093583217418358, 60.08036407155812], [9.093720639077064, 60.08074503407441], [9.093828505179665, 60.08104067184773], [9.09396363133204, 60.08132600641053], [9.094241176820828, 60.081565861379], [9.094469699216123, 60.08175355173277], [9.094670068547817, 60.082008765604236], [9.094923130540893, 60.08235700189194], [9.095107239710757, 60.082689815016955], [9.095712003293606, 60.082957194993284], [9.096193725212586, 60.08325048393839], [9.09641397288782, 60.08355574230537], [9.096634898291287, 60.08381304320879], [9.09681170638183, 60.0840329857097], [9.096957686731535, 60.084138466985884], [9.096979243280517, 60.08415392729177], [9.096996433374402, 60.084196742042394], [9.097004446938945, 60.084216367750855], [9.097118101747974, 60.08430815719963], [9.097126749413828, 60.08431520674253], [9.09732385120225, 60.084474294636415], [9.097309454653717, 60.08460779847664], [9.097293041016362, 60.084759578637474], [9.097284948827793, 60.08483583398023], [9.097225773304729, 60.08497381555122], [9.097211217579618, 60.08500773639281], [9.096445576044786, 60.08653984418003], [9.096461459453888, 60.08656081261636], [9.096742916062682, 60.086933903558766], [9.096814629795663, 60.087082696594265], [9.096826131342025, 60.087105989713116], [9.096895669662963, 60.08720462724019], [9.098201949907141, 60.08885100028689], [9.10129778306033, 60.09288079829945], [9.103945877780546, 60.096391078658975], [9.107879147312941, 60.09965710066334], [9.109256530150606, 60.10097654369214], [9.115289442228883, 60.107012680463356], [9.118415253164894, 60.110139211126956], [9.1185608028876, 60.110282366583185], [9.118759220276416, 60.110488919462895], [9.119125870885307, 60.11086511650338], [9.120219864692416, 60.111891159740814], [9.121250496915508, 60.11290473533888], [9.122856570614289, 60.11451670831189], [9.122896813670314, 60.11455595353146], [9.123281204915797, 60.114932296256555], [9.123294049667763, 60.11494520252388], [9.124021043933174, 60.11566136107309], [9.124922871080734, 60.116549064448364], [9.125274584072459, 60.116898556417325], [9.125473474799362, 60.11697574449218], [9.132688004734183, 60.119773103691074], [9.133164759322964, 60.11994429064029], [9.135596614510263, 60.12089614467693], [9.135883619540254, 60.12099442705763], [9.137528520730337, 60.12160705917575], [9.137579078263526, 60.1216260506517], [9.139665139888196, 60.12241895368439], [9.139829502803927, 60.122490803519085], [9.140084773824508, 60.12257191165848], [9.140946307068173, 60.12289771786602], [9.142154730900877, 60.12335964514702], [9.142224717870715, 60.123386069231785], [9.142427527134458, 60.1234629531428], [9.143286764176398, 60.123788730764275], [9.143898097453853, 60.124025446948046], [9.144224802171033, 60.124167514629804], [9.144498773535995, 60.12426834928577], [9.144824728338392, 60.1243964276295], [9.145750946886949, 60.12476072077075], [9.146796336487263, 60.12518746034845], [9.146807981022125, 60.125194008708185], [9.146971136350757, 60.1252454487798], [9.149031376017502, 60.12603785495869], [9.15103453147122, 60.12679060455219], [9.151757835926636, 60.12706591368827], [9.153451780937978, 60.12769616717872], [9.154973971485816, 60.12826468396657], [9.156750050908363, 60.12891878497201], [9.157802292627023, 60.12924049023988], [9.158895797641918, 60.129667184049914], [9.159615385768015, 60.12995596589891], [9.161008456239314, 60.130429656217885], [9.162497572628636, 60.1310302854348], [9.163813941897295, 60.131535931885935], [9.163907419035557, 60.13156644298092], [9.16458666289362, 60.13185116062245], [9.16582466275027, 60.132349269139695], [9.168079180829865, 60.1332558089338], [9.170063215349114, 60.13404980087993], [9.171801638046597, 60.13476377573774], [9.172844510814983, 60.13518279585673], [9.173804382091532, 60.13558553990142], [9.176304038728306, 60.13660933573256], [9.177951355477791, 60.13729192434915], [9.17955889901527, 60.13793042463856], [9.180018292410857, 60.138114705507036], [9.181720131273666, 60.138806218011005], [9.183041500019568, 60.13935823782437], [9.184054993640203, 60.13977550604419], [9.184945938555797, 60.14015405846408], [9.186119364941376, 60.14063687019607], [9.187363877824852, 60.14114863748131], [9.1890952052998, 60.14187717375508], [9.189171882563937, 60.14189171171082], [9.189178425928732, 60.14189452040609], [9.189215842196225, 60.141910571213636], [9.189251662145406, 60.1419264617259], [9.189288967684274, 60.14194619865986], [9.189295110607622, 60.14195025007349], [9.189297944392475, 60.1419658590863], [9.189299687992957, 60.1419723275977], [9.189355922973332, 60.14200343055865], [9.189481164508368, 60.14205773614626], [9.189682093905136, 60.1421301366916], [9.189882718438877, 60.142209365380346], [9.190001686860887, 60.14225934323843], [9.190782911890858, 60.142881222188805], [9.19098939386202, 60.14330388128039], [9.191302394787552, 60.14369593658869], [9.191491444200874, 60.143922293796145], [9.191801449148738, 60.14416603503607], [9.19213197584891, 60.14441013798923], [9.192582009682468, 60.14469514632227], [9.193015299729531, 60.14495952102633], [9.193404627928741, 60.1451744277457], [9.193722024276104, 60.145349980047094], [9.194250945011287, 60.14560865283167], [9.19469791071713, 60.14580808474297], [9.195109773173638, 60.14596510057245], [9.195776203329983, 60.14617831808867], [9.196287850044413, 60.14631018834405], [9.197019610282693, 60.14647972813893], [9.198066785581794, 60.14671164687412], [9.1996017793061, 60.147099123276696], [9.201051480900006, 60.147500479613164], [9.202246628978328, 60.14785994401423], [9.202946887264547, 60.14807631855446], [9.203280870026706, 60.148188026617056], [9.203705777163394, 60.148315518214076], [9.204871280913048, 60.14867752681637], [9.206124837621898, 60.149066614041445], [9.207220440523061, 60.14940959905325], [9.208309313523005, 60.1497478679604], [9.20946390634111, 60.150100622142915], [9.210378212029056, 60.150393857880466], [9.211198394913907, 60.15064956210849], [9.21175637582829, 60.15087981438015], [9.213137465567081, 60.151455906507266], [9.214280587243914, 60.151529131475584], [9.214989565781408, 60.15170404884975], [9.215305684383026, 60.151789465097394], [9.217847158079257, 60.15244711786586], [9.216805753492656, 60.15372917048789], [9.215635565112317, 60.15455186163813], [9.214700773429717, 60.15530203524605], [9.21306421896889, 60.15665386682381], [9.210561201472856, 60.158405575669775], [9.208666824964135, 60.16144327131657], [9.20830875920238, 60.16201965457532], [9.208597465711293, 60.16222091288369], [9.20826098038652, 60.162378283305436], [9.20759501081663, 60.1626911683237], [9.206468962266081, 60.16325556197964], [9.205765507329644, 60.163648536038046], [9.20519868100963, 60.163957207266684], [9.204065582498698, 60.164605985965466], [9.201662396002083, 60.16597969668602], [9.200888815915611, 60.16652747202502], [9.199690239723758, 60.16737589793942], [9.199602478773182, 60.167618800396575], [9.199223319288597, 60.168676768885916], [9.199056393070824, 60.16914350581975], [9.198744438492216, 60.17001438405047], [9.198120887250639, 60.171756875687], [9.197866301974788, 60.172466608724896], [9.197612213456146, 60.173123429140674], [9.19770963749223, 60.173160026781034], [9.197334397532718, 60.174065394458346], [9.196271397607825, 60.17698383401981], [9.196258247732587, 60.17702034642321], [9.195798431249802, 60.17830595119387], [9.195773953025219, 60.17836663261767], [9.195235091046639, 60.17910834720891], [9.194108530146051, 60.1806966652311], [9.193293985603331, 60.18179941239646], [9.191626194582575, 60.184147865111555], [9.190738162353023, 60.1853806980836], [9.190210729646486, 60.186326807766], [9.189723965474025, 60.18719935351834], [9.189639667568335, 60.18735057995074], [9.189020969772985, 60.18859893896374], [9.1887847280719, 60.188879061285185], [9.18824462912888, 60.18980111294428], [9.188182277827952, 60.18994574189173], [9.187962687011767, 60.19034695902103], [9.18700167677808, 60.19204028601748], [9.186830234682018, 60.19232586698417], [9.186686565212081, 60.19266380374342], [9.186254779618753, 60.19346178900054], [9.186223274636973, 60.193519099555374], [9.183637715339835, 60.19820297159452], [9.182559016089083, 60.20013263942525], [9.182313917614618, 60.200602318351585], [9.18120891804558, 60.20260680393928], [9.181020029576278, 60.20294922893914], [9.180440847951019, 60.20365798128918], [9.18000394282284, 60.20415324313306], [9.179827087114926, 60.20437898332216], [9.179749751903998, 60.20444876929173], [9.179626723964777, 60.204521224737], [9.179420886726472, 60.20464846064326], [9.179327352226688, 60.204724915250736], [9.179274328798096, 60.20481665746577], [9.17927522267181, 60.20489303868701], [9.179280371735551, 60.20500246668212], [9.179293042698248, 60.20511231590384], [9.179272399712762, 60.205154169202984], [9.179238410317273, 60.20518868289804], [9.179199873962782, 60.20522740763714], [9.178308175317985, 60.20628951743965], [9.17401266467519, 60.21156964308578], [9.173996713980312, 60.2117375593001], [9.17399666629314, 60.21173782727737], [9.17397721220036, 60.211826816175176], [9.173973844223552, 60.2118426924281], [9.173952723280456, 60.21192071470222], [9.17387269604196, 60.2122718014818], [9.173151323652608, 60.21591515415702], [9.173068047694436, 60.21631588237359], [9.172784672399587, 60.217683047302664], [9.172080092984599, 60.22120920680447], [9.171989912949693, 60.22166580732789], [9.171982381692224, 60.22170301640956], [9.17090156879614, 60.228931947700566], [9.17044460043175, 60.23205517217289], [9.168996075336175, 60.23594646098695], [9.168952358431191, 60.2360931678231], [9.168837745399864, 60.23736460317347], [9.16877923716204, 60.2377303230275], [9.16829724778676, 60.23895189349012], [9.168346334520185, 60.239251325571814], [9.170078842035863, 60.250442007318824], [9.170243416617158, 60.25153110735254], [9.170699235537588, 60.25451153056741], [9.170961030093537, 60.25619836566676], [9.171112509419858, 60.257174262979305], [9.171126238296585, 60.25726183325496], [9.171188983121471, 60.25766674512506], [9.17119864985921, 60.25773036947669], [9.171258189082883, 60.258112633456385], [9.171271854867184, 60.258200561020836], [9.171403543403086, 60.25904981885455], [9.17150090083077, 60.259699506219114], [9.171688544556106, 60.261939525136754], [9.171711204845517, 60.26360727217218], [9.171708880347499, 60.26362436485618], [9.171704738461408, 60.26366586469553], [9.171568664216192, 60.26573678220468], [9.17148499435343, 60.26702839814885], [9.171335761382222, 60.26929571473669], [9.17118026957547, 60.27165683385475], [9.170994039356673, 60.27448446763267], [9.169715540128172, 60.28073858049763], [9.169279839120364, 60.283011651272766], [9.166646919097296, 60.285196854901216], [9.165504540281013, 60.287855883025834], [9.164338502453843, 60.29057409234709], [9.164272382044517, 60.290738988958985], [9.163168527886404, 60.293295904839695], [9.161575769504791, 60.294526409625746], [9.15867007726388, 60.29677086443846], [9.158246554532717, 60.29709797999859], [9.156933082443082, 60.29772406875545], [9.15560162289386, 60.29834395057483], [9.15428855872461, 60.29896211162829], [9.153999821603014, 60.29910151461098], [9.149738224789528, 60.30107159166373], [9.142971041064534, 60.30384249825932], [9.142505033982617, 60.30404003139867], [9.139027038503157, 60.30546241337959], [9.138703489165225, 60.30558683197634], [9.138562342316543, 60.30565035891718], [9.138155926686395, 60.30581585395508], [9.137957434757418, 60.306604188676], [9.13769602505272, 60.307509297818754], [9.137462493052196, 60.30832183014533], [9.137421784018255, 60.30842311203557], [9.13707229395013, 60.309694793336746], [9.135814563807232, 60.31426762472091], [9.134677909477524, 60.31836514711777], [9.134378456509685, 60.319430084220194], [9.13431345511571, 60.31968235033547], [9.134005337030306, 60.32079831060599], [9.134288155477625, 60.328716864212], [9.13440612228877, 60.33202022712883], [9.134136880750365, 60.33417811312525], [9.138001870500458, 60.35381325040595], [9.14438886853305, 60.35982119887005], [9.148954878671132, 60.36394644010447], [9.164153286301165, 60.364005418189095], [9.173061098865645, 60.36459468380933], [9.174299125607499, 60.36467670714014], [9.181206654441814, 60.36446336576407], [9.181369122971114, 60.3644584300447], [9.18682319182944, 60.36434262134691], [9.186865002107401, 60.36434157305611], [9.18699561513306, 60.3643389253065], [9.187050882834654, 60.36433783659449], [9.19069754102432, 60.36425832450855], [9.194346077217928, 60.36337865616769], [9.197484629339495, 60.36267922700314], [9.20049378826244, 60.36198811319078], [9.202628682211378, 60.36148243099496], [9.202631546404023, 60.361481655955664], [9.207627723794095, 60.36031800320874], [9.21501321218413, 60.3585798237119], [9.218299087769276, 60.35781586671888], [9.220346532444216, 60.357339861045446], [9.23374031127867, 60.359845571812556], [9.245925569032792, 60.358184592957684], [9.246837607630395, 60.357868939759854], [9.247081467484202, 60.35778463674225], [9.257515146137777, 60.354172886238544], [9.261098824115127, 60.35115925410325], [9.261833501970811, 60.35109643705263], [9.262198891683298, 60.351065257755295], [9.264105380488159, 60.35090225477383], [9.267520687663719, 60.349914444397136], [9.267972226183812, 60.34978489282287], [9.268377433853756, 60.3496677402014], [9.273426737800378, 60.34820849420092], [9.273990414625404, 60.34799878923899], [9.27447559577764, 60.34585930635395], [9.277514811421684, 60.34500040088758], [9.281485289592597, 60.346264962888675], [9.281775323011125, 60.34635731638468], [9.283105074329713, 60.34678084564397], [9.304494047505585, 60.34430678402024], [9.324112189835692, 60.34203432228549], [9.328424784314175, 60.34114445841989], [9.352685699611248, 60.3361344328571], [9.360462398096978, 60.334530216017626], [9.372236883466961, 60.32901498774065], [9.395318329622597, 60.31819517377482], [9.403852715649823, 60.314676463275084], [9.410166235175522, 60.311872849726214], [9.41043882720994, 60.311751676907406], [9.411023020177044, 60.31149234345796], [9.414327857656684, 60.31002433807172], [9.414458049854957, 60.30996646083262], [9.4151894040976, 60.309747876184694], [9.419298218490088, 60.30851957346898], [9.423489120556415, 60.30726652459641], [9.430031687049997, 60.30530991432116], [9.440352773130611, 60.302222009121316], [9.452365034298024, 60.298626621300734], [9.458935719915601, 60.29665905689998], [9.459628777667605, 60.296708291910484], [9.461061729118324, 60.2968096989856], [9.466601615953543, 60.29720220408887], [9.486525041644029, 60.299727151124976], [9.49754600034893, 60.301524670288245], [9.499636694294404, 60.3018206324671], [9.50672121063368, 60.30244301764498], [9.5224376723942, 60.30391655687317], [9.526145240529779, 60.304142295298796], [9.531171821034418, 60.303834232653756], [9.5331618735638, 60.30356301370881], [9.537090804630957, 60.30333642986172], [9.539132525283852, 60.30317749989558], [9.542420474052516, 60.30284541717004], [9.542682436565634, 60.30284819589646], [9.548827000017804, 60.30221562340521], [9.548931640607151, 60.30221128820908], [9.550716904781572, 60.30213630951253], [9.550850763682009, 60.30212750455231], [9.55094865159757, 60.30210930066007], [9.553856274041127, 60.30181169827009], [9.556351687147735, 60.30165072370071], [9.558172165357885, 60.3014599178595], [9.562295611959934, 60.30178901748854], [9.56743017708665, 60.30229560341639], [9.568858750740434, 60.302463053574556], [9.580446661165263, 60.30382020973967], [9.580460893873065, 60.30382187170944], [9.58334522860427, 60.30418349688904], [9.585129084725393, 60.304399935110624], [9.587178745803776, 60.30461037635777], [9.588661901786962, 60.30484238182723], [9.588666856869864, 60.30484312411086], [9.591948742578415, 60.30517399213116], [9.595252571342876, 60.30553806923349], [9.59655109941526, 60.30565230297573], [9.60076817160184, 60.30613824273891], [9.603604030006817, 60.30644434424072], [9.603618504453674, 60.30644565352959], [9.608615274969745, 60.30690647652729], [9.614031135842488, 60.30785407362553], [9.619322937817518, 60.30817537588478], [9.62327635578795, 60.3084850136693], [9.625927505886946, 60.30867586380247], [9.627771803761418, 60.30889155361319], [9.627779448365386, 60.308892493391], [9.628556370167983, 60.308899773207564], [9.629833906861688, 60.30908994451464], [9.630859943562426, 60.30919045435454], [9.632715587239113, 60.30937719641507], [9.633631280038195, 60.30948590465084], [9.635740673020113, 60.3096871959709], [9.637949585928096, 60.30995079219319], [9.63902260291437, 60.31001624208703], [9.641251519017203, 60.31027537150416], [9.642844920855675, 60.310435978022504], [9.644736307602155, 60.310637760647886], [9.646142593365806, 60.31076161029294], [9.647292010895143, 60.31088344123057], [9.649971819616875, 60.31117556529264], [9.65129747276945, 60.31131239253221], [9.652549877783771, 60.311429153481335], [9.654602847881376, 60.311699312228875], [9.655663455152347, 60.31180443909056], [9.656936324032767, 60.31200576167613], [9.657051841225854, 60.31201923665396], [9.66064169171889, 60.31243321537748], [9.665076366557747, 60.31294048857943], [9.671253688964589, 60.313654271389034], [9.674074277332291, 60.31398313972234], [9.674089240606781, 60.31398482072307], [9.674118767385856, 60.313986186945954], [9.67413725192761, 60.313986299657216], [9.674185628138488, 60.31398554355996], [9.674238183026377, 60.313982525673815], [9.67429562794007, 60.31397844440176], [9.6743463901301, 60.31397418462362], [9.674392242601524, 60.3139699975482], [9.67444971601096, 60.31396240786572], [9.674496109112273, 60.31395824247371], [9.674534903803798, 60.31395395179556], [9.674537124812849, 60.3139536810706], [9.674560474594513, 60.31395065965468], [9.674569353541434, 60.31394849670565], [9.674592372066689, 60.313945282003345], [9.674603954970308, 60.313946557189716], [9.674610856590384, 60.313945394648314], [9.674619423965833, 60.313944029061744], [9.674619993811957, 60.31394387197953], [9.674668329232269, 60.31393447532765], [9.674650137660732, 60.313865894432844], [9.674698060598008, 60.31386458002358], [9.674718722980817, 60.31386801966939], [9.674730189112033, 60.3138700100496], [9.674764042451802, 60.31387820896107], [9.674797744777232, 60.31388622182338], [9.674828110519268, 60.31389356072506], [9.674905417107393, 60.31390782447605], [9.67494437362998, 60.31390920935454], [9.67500890454833, 60.31390172295525], [9.67508055814819, 60.313879494823745], [9.675157101641226, 60.31385620325489], [9.675215175886656, 60.313836039225286], [9.675281943596191, 60.31381262488518], [9.675363424155757, 60.3137824225498], [9.675451245752715, 60.31375004521388], [9.675548690165009, 60.313710945362224], [9.675660496206978, 60.313663873516056], [9.675760311336488, 60.31362135925387], [9.675837018578246, 60.31359483437311], [9.675849111283693, 60.31358965087763], [9.675867418928389, 60.31358417706685], [9.675914645700125, 60.31356600673868], [9.67593990399356, 60.31354128493511], [9.675972581150944, 60.313520010619044], [9.676021631532238, 60.3134906651469], [9.676077392800087, 60.31345798970239], [9.676130953554456, 60.31342990517656], [9.676173088449351, 60.313405141212584], [9.676224079609709, 60.3133861321095], [9.67630714326642, 60.31336400164507], [9.676389985399624, 60.31335212072663], [9.676470679466137, 60.313340063509315], [9.676518939672949, 60.313327783623905], [9.676588805955811, 60.31329648428869], [9.676651619657711, 60.31326616152696], [9.676730583116148, 60.313231358006], [9.676792998427311, 60.31320569849646], [9.676834518298893, 60.31319692728489], [9.676892152106443, 60.31319501219905], [9.67700174400294, 60.313203732163785], [9.677079249036606, 60.31321566297802], [9.677156514134092, 60.3132401822502], [9.677238314873073, 60.313268033124636], [9.677258582386854, 60.31327055665519], [9.677336282482397, 60.313282405157516], [9.67746611186578, 60.31330606519804], [9.677580159508427, 60.3133263918773], [9.677646461462002, 60.31333472301351], [9.67771311670867, 60.31333532944661], [9.677809170277229, 60.31333252680748], [9.677912267886505, 60.31333324641593], [9.677958097125774, 60.31333697603451], [9.678019692756148, 60.31334079867858], [9.678074392228902, 60.31334686406803], [9.678131615795905, 60.31335636027044], [9.678195329295294, 60.31337277599514], [9.678243082698959, 60.31339251039056], [9.678288131849513, 60.313408806702405], [9.678320192855443, 60.31341576291566], [9.678360924111692, 60.3134240570283], [9.678392974719376, 60.31342885312691], [9.678426999426492, 60.3134382277944], [9.678459031325554, 60.31344536277723], [9.678472616416412, 60.313447707851836], [9.67849325501774, 60.31345240576274], [9.679064921993314, 60.313450786329824], [9.679084492830013, 60.3134520217987], [9.679102768874753, 60.31345563493161], [9.679145826815494, 60.31347302083988], [9.679229608192108, 60.31350319958338], [9.679322643276544, 60.3135311400683], [9.679395398988913, 60.313551067637796], [9.67944575402228, 60.313555968225614], [9.679523824243363, 60.313563330932524], [9.67963103279094, 60.31357555247398], [9.67973372663217, 60.31358876256255], [9.679841147576008, 60.313595233317216], [9.67994836567348, 60.31360628515439], [9.680063029915383, 60.31361394627414], [9.680172632261272, 60.313618164647956], [9.680317207711758, 60.313625946029205], [9.680470253544538, 60.31363406714502], [9.680577718547482, 60.31364026910263], [9.68070164457125, 60.31364119237596], [9.680814182336809, 60.31364075871841], [9.680919060764056, 60.31364613671949], [9.68105205081501, 60.31364598356544], [9.681210826762166, 60.31363453671787], [9.681370828457027, 60.31363114764928], [9.681533909816006, 60.31363112145181], [9.681671271364785, 60.31362529394485], [9.681793275513362, 60.313607961850295], [9.6819290505064, 60.31359406164633], [9.681951882570594, 60.3135897583746], [9.681998119342401, 60.31358765380858], [9.682080537936683, 60.313590600125224], [9.682121298131667, 60.31359538474284], [9.682233211052923, 60.31361436186465], [9.682315207621999, 60.31363213884642], [9.682397417526929, 60.31364749470198], [9.682477082111754, 60.31366733770793], [9.682570119070224, 60.31369194640444], [9.682665714627085, 60.31370864887867], [9.6827665881006, 60.313720793704626], [9.68287638990942, 60.313722678177996], [9.682988742437185, 60.31372115540017], [9.683091849261727, 60.31371737199506], [9.683195357121457, 60.313706675652924], [9.68331717836632, 60.31369491397927], [9.683440928396195, 60.313693577966426], [9.68357393491867, 60.31369666243879], [9.683672483220539, 60.31369413555098], [9.683789581832226, 60.31368686333952], [9.683916118216601, 60.31366620160341], [9.684022183799964, 60.31364759842325], [9.6841622888231, 60.31363494942028], [9.684274839583571, 60.31363109386933], [9.68437811167966, 60.31362740608753], [9.684575092947485, 60.313626395808605], [9.6846876199378, 60.31362379876175], [9.684802517200183, 60.31361778719539], [9.684859807581354, 60.3136101857378], [9.68493340887142, 60.31360044864899], [9.68505302457407, 60.31359219642243], [9.685149481127086, 60.31357689654191], [9.68524826765061, 60.31356510947664], [9.685370277063479, 60.31355218367285], [9.685492273702305, 60.31353376809612], [9.685607181507507, 60.31352100731118], [9.685736097248212, 60.31350799809834], [9.685853338637179, 60.31349650047105], [9.685981833706494, 60.31348941323989], [9.686107774744858, 60.31348798261429], [9.686273043728596, 60.31348119935093], [9.68639231644217, 60.313470592550715], [9.686530453758984, 60.31345219309805], [9.686693767062904, 60.31343291286322], [9.686840771379229, 60.313419097828614], [9.686992304697966, 60.31340420434433], [9.687153238797878, 60.313398416082286], [9.687308682838063, 60.313399606484175], [9.687446366955715, 60.31339846523544], [9.687618556447198, 60.31339150771916], [9.687751742053637, 60.313385686588035], [9.687898338720329, 60.31338328227114], [9.688040203091413, 60.31339211637712], [9.688118099820988, 60.31339163825009], [9.688214513497636, 60.31338884251054], [9.688310746941236, 60.313386039479646], [9.688319967283928, 60.31338622894898], [9.688361670244714, 60.31337854136654], [9.688418757752745, 60.313375519553034], [9.688498977931811, 60.31338305305279], [9.688585357601081, 60.31340289139314], [9.688706544821267, 60.31341728532083], [9.68881159113829, 60.31341717464431], [9.688901317878514, 60.31340754153152], [9.689000693849623, 60.313391006083826], [9.689085543380717, 60.31337901779517], [9.689179793417894, 60.31336722608089], [9.689267162506638, 60.31335758826156], [9.68936806794579, 60.31336397021025], [9.689452249586386, 60.313388399179736], [9.689550002734338, 60.313415261450594], [9.689633980907436, 60.31344094194738], [9.689768748085445, 60.31344769016691], [9.689863023841554, 60.31343796867016], [9.689980843549158, 60.31341956169669], [9.690102484725923, 60.31340553701861], [9.690154022281028, 60.31340652148888], [9.690187459392805, 60.31340615104824], [9.690281714760076, 60.313395438600374], [9.690358089984748, 60.3133708720282], [9.690444276183763, 60.31332726145003], [9.690467578009816, 60.3133066881465], [9.690523074400412, 60.31329226350822], [9.690573458735763, 60.31328807244666], [9.690633245924944, 60.3132874074554], [9.690669667296243, 60.31329210563086], [9.690710389503606, 60.3133038149569], [9.690758144985459, 60.31332246489035], [9.69085316143171, 60.31336280440944], [9.690914241650644, 60.313399895070575], [9.690940781964963, 60.31342741375101], [9.690988369742568, 60.31344263742115], [9.691018271928218, 60.313443924917564], [9.691057244307798, 60.31343963658933], [9.69112631127303, 60.313433223971835], [9.691229448941632, 60.31342700590188], [9.691312274123456, 60.313418534564725], [9.691395108167967, 60.3134088937185], [9.691466349818873, 60.31339914855758], [9.691534035451093, 60.313395649943416], [9.69154014686855, 60.31338707607477], [9.691624945415633, 60.313379853380646], [9.691700880762344, 60.31337470534169], [9.69174693090073, 60.313371510095585], [9.691788080309058, 60.31336721874413], [9.691817980036621, 60.31336517649497], [9.691824857532199, 60.31336527190869], [9.691854585129128, 60.313367632053726], [9.691881929440225, 60.3133679170796], [9.691901684255672, 60.31336690836856], [9.693909765898399, 60.31334102547564], [9.693913384871122, 60.31334108034181], [9.69644538534511, 60.313285826412226], [9.69644630098934, 60.31328577305864], [9.69779100674669, 60.31326325563599], [9.69878771945768, 60.3132713518885], [9.700805804314284, 60.313230647249476], [9.701811707572388, 60.31331728496527], [9.702367671274217, 60.313350841356396], [9.703351970786594, 60.31339629067292], [9.706681206217036, 60.3135934235138], [9.707820835806945, 60.31370344112942], [9.71373350658479, 60.314210912192436], [9.714396296792337, 60.31428053124472], [9.715150846490792, 60.31434921562579], [9.7169439248645, 60.31452191373593], [9.720812982427825, 60.31487148234866], [9.720839498478618, 60.31487352804019], [9.722276311450125, 60.31499381248446], [9.726112377016472, 60.31492978744235], [9.726418096868048, 60.31491144438244], [9.726748781552121, 60.31491820905503], [9.729318530742416, 60.315060438552315], [9.729839297593118, 60.315112274954664], [9.73159177840925, 60.315084296005956], [9.73221100549539, 60.31513976562725], [9.732979812979975, 60.31517211050635], [9.733723162653376, 60.31530934903129], [9.734523611665397, 60.31546036872253], [9.734986125568676, 60.31556188073815], [9.735856845835091, 60.31573052972446], [9.736036831236156, 60.3157617912614], [9.736134428959309, 60.315796620163525], [9.736468451723669, 60.31587493872856], [9.73659080241626, 60.315903641380004], [9.736860724558053, 60.31596663662811], [9.73756565597912, 60.31617467322597], [9.73921058799766, 60.31656298940801], [9.74068798848403, 60.3167023171651], [9.74148706065361, 60.316726093919584], [9.741893454240769, 60.316739332219946], [9.74316080863628, 60.31678067969244], [9.74377180466819, 60.31673327829819], [9.744409101727738, 60.316728668206295], [9.745597586280937, 60.31676074713308], [9.747336852415513, 60.316685603627356], [9.749264070297935, 60.31710054094175], [9.75089328496672, 60.31745794084383], [9.752383017731232, 60.31777029764376], [9.754007818942423, 60.31810138824719], [9.757397050325112, 60.318855949308976], [9.758274621457545, 60.31907231604931], [9.76318906585255, 60.32008109676302], [9.765073609859014, 60.3204240132639], [9.76629267139429, 60.32071976128002], [9.767104428547759, 60.32086751351857], [9.768080761566168, 60.32109094887475], [9.768825834482499, 60.321216803260256], [9.76995637680186, 60.32142003366166], [9.771823498789516, 60.32169026922533], [9.771908410189821, 60.3217027050089], [9.773394010782088, 60.32200691368127], [9.775316404497346, 60.32226092108164], [9.776314725212742, 60.32235783869445], [9.776892246786685, 60.32249252204699], [9.779376118777499, 60.322622547477], [9.781395861811273, 60.32332200362254], [9.781784789482074, 60.32348235485905], [9.784106048381723, 60.32435172385711], [9.784519781266528, 60.32451142240233], [9.784904884764533, 60.32465955613916], [9.786760972304728, 60.32538991904856], [9.788983710981809, 60.32587363413091], [9.789316769179045, 60.32589346934571], [9.790314323759162, 60.32587453517245], [9.791316947889555, 60.32585111376398], [9.791493781641721, 60.32585275034932], [9.792087983494348, 60.32590757875574], [9.793924952332485, 60.32568727629768], [9.79424163851571, 60.32570168754972], [9.79481085546685, 60.32574139638136], [9.795742062382475, 60.32572881515383], [9.797419201488102, 60.32806143033283], [9.79848259963853, 60.330104245093295], [9.799492944010993, 60.33217780928862], [9.800077078707734, 60.33350493618477], [9.800270462765642, 60.33397428216524], [9.801250540339408, 60.336274283028246], [9.802417565417022, 60.338715214321915], [9.803165290117606, 60.34023705307965], [9.803937233353619, 60.34190685711355], [9.804304092589547, 60.342690440908996], [9.80467038941932, 60.34347310140719], [9.804952072994528, 60.34400312040514], [9.805183690888553, 60.34450445496849], [9.805391713109321, 60.3448770975336], [9.805589584418016, 60.3452416941536], [9.805858360148969, 60.345934873365856], [9.805924424172758, 60.34615826353319], [9.805956719392123, 60.34623357900654], [9.806653654447878, 60.34759989967074], [9.8070713983202, 60.348465993373686], [9.807486278201612, 60.34929436269498], [9.807696444779832, 60.34965502708912], [9.807923277497249, 60.34974821191838], [9.808176986810777, 60.35005218417898], [9.80866207420271, 60.35110004988368], [9.808928825460471, 60.35149891621032], [9.809107139313166, 60.35192176507856], [9.809665968648147, 60.35355457016745], [9.810798903766315, 60.357178963229835], [9.812000301578417, 60.359904180300184], [9.813192304014079, 60.3607520135895], [9.813750006671775, 60.36132644423832], [9.814464495662993, 60.36201604943968], [9.815298625495538, 60.36316146524569], [9.815307165612126, 60.363179704155414], [9.81551477307862, 60.36362024034201], [9.815449701753185, 60.36377335757151], [9.81624717527499, 60.364523057281225], [9.817457979435796, 60.36484701776032], [9.81813122450486, 60.36501024768401], [9.819445315575395, 60.36537718105408], [9.819469456121514, 60.36537731350039], [9.819487947276594, 60.36537641565764], [9.819506262302628, 60.36537434124929], [9.819536398122233, 60.36537218835364], [9.81955469450024, 60.36537137287551], [9.819573579610145, 60.365369140756506], [9.819603145330936, 60.36536714554695], [9.81963561399676, 60.36536517365599], [9.819645045022083, 60.36536527181767], [9.81967263014567, 60.36536544869172], [9.819700205452504, 60.365364545464466], [9.819736840874862, 60.36536264619808], [9.819746471080668, 60.36536149246195], [9.81975336024753, 60.36536158138611], [9.819766787310858, 60.36536282523605], [9.819782917138511, 60.36536192516905], [9.819799246143873, 60.3653597732093], [9.81981773728224, 60.36535887532042], [9.819842969899868, 60.36535671094414], [9.819864026943035, 60.36535681295155], [9.819886855563405, 60.36535491464793], [9.819919148060405, 60.36535176612459], [9.819951635323205, 60.3653485352187], [9.819960705255692, 60.36534861926556], [9.819988456688817, 60.36534889254083], [9.820011319179278, 60.365349064986226], [9.82002273619826, 60.36534924062826], [9.820043441977209, 60.36535040861069], [9.820064299850298, 60.36535176247754], [9.82008715794779, 60.36535310442643], [9.820117075928662, 60.36535346222698], [9.8201352344189, 60.36535237136017], [9.820149012753019, 60.36535254916777], [9.820176768585899, 60.36535165288719], [9.820193088778074, 60.365351839911796], [9.82022990681565, 60.36535678581255], [9.820250432063254, 60.36535794671706], [9.820278012801163, 60.36535929298193], [9.82029866608345, 60.36535964909152], [9.820340404868116, 60.36535992828813], [9.820367809453122, 60.36536009797215], [9.820386125489563, 60.36536144257075], [9.820409154314316, 60.36536171141427], [9.82043874074531, 60.36536529533882], [9.820450324094203, 60.36536556741059], [9.820468668588108, 60.36536673315618], [9.820496239501036, 60.36536699928011], [9.820516921242476, 60.365367176514106], [9.820526167348568, 60.365368437084584], [9.820546664166425, 60.36536977678527], [9.820558285813984, 60.36537095010177], [9.82060418263269, 60.365373640871766], [9.82062051268884, 60.36537490793988], [9.82064354152714, 60.36537517674293], [9.820661705489304, 60.36537633541674], [9.820670941754583, 60.36537651588136], [9.820691444060374, 60.365380105172555], [9.82071685829446, 60.36538136680448], [9.820723733246236, 60.365381545099304], [9.820737355129747, 60.365382706475955], [9.820758032512373, 60.36538405318936], [9.820771806495065, 60.36538540044941], [9.820790493509673, 60.36538783917876], [9.820801545088354, 60.365389170180805], [9.820817708839913, 60.36539034075893], [9.82083387696207, 60.365390341818234], [9.820849827352921, 60.36539285370614], [9.820859053768862, 60.36539195406179], [9.820865957172284, 60.36539195350742], [9.820880828660812, 60.36539325360506], [9.820973687450284, 60.36532912506205], [9.821161806262683, 60.36536507759294], [9.824138372138803, 60.365936641010066], [9.825354668028057, 60.36610337267242], [9.825832457039489, 60.366328582722495], [9.826166793789557, 60.36639335135218], [9.828324555251415, 60.36681044083683], [9.829566221176874, 60.367119742039186], [9.83086186339372, 60.3672551414774], [9.832178452112467, 60.36752531642983], [9.832698075083742, 60.3677151488748], [9.832785315545982, 60.36774697713922], [9.832821001359111, 60.36776366207923], [9.83309112236479, 60.367889794977486], [9.834209029806752, 60.36835897715517], [9.834324825556902, 60.36842268703582], [9.834351076550645, 60.368465636945054], [9.834710801736554, 60.368757657947995], [9.834893628045315, 60.36890504298934], [9.834593383102794, 60.3690190547273], [9.83426945328395, 60.36911972758229], [9.833809506261227, 60.36915815191562], [9.833416085959351, 60.36918836706253], [9.83309711087782, 60.369321890983386], [9.832975567104475, 60.369364216847444], [9.83279387308091, 60.36941004954769], [9.832552585107317, 60.369467328308524], [9.832322967960042, 60.36956896885019], [9.832218008631719, 60.36969336717737], [9.83212689817047, 60.36985069564084], [9.831955099033745, 60.370012710503886], [9.83170494261573, 60.370134964561274], [9.831210683937284, 60.370179962243924], [9.83052286420698, 60.370236765032686], [9.83002363959012, 60.37025466237903], [9.829471386199534, 60.37028497836015], [9.829214298035058, 60.370395891054144], [9.829014467114593, 60.37050435501643], [9.8280713646226, 60.37094763236745], [9.82686378604156, 60.371040399951774], [9.826336425642932, 60.371742800891724], [9.825174220955748, 60.37214539888823], [9.824781383648729, 60.37192251081104], [9.824760818416651, 60.37191586064875], [9.821607836727194, 60.370118630928026], [9.821235092560388, 60.36989993397554], [9.820810033196416, 60.36964122480648], [9.81993823423647, 60.369109459381505], [9.819544394734045, 60.36885106418107], [9.818682432725502, 60.36838445608757], [9.818122239144248, 60.36797623048035], [9.817658306329777, 60.367637892953425], [9.817201532475964, 60.367315129033415], [9.814250100533123, 60.36561842690785], [9.81179340672359, 60.36420696209642], [9.808629810416548, 60.362480591212034], [9.807379478405055, 60.36198863151322], [9.806128425539706, 60.36136589416459], [9.80503778379553, 60.360911831668126], [9.804247505022946, 60.36049255317876], [9.80278954068792, 60.35922194174865], [9.80214903602572, 60.35834378140115], [9.800936328642953, 60.35769504742307], [9.799219283234196, 60.357122632445595], [9.797441722995202, 60.35656671645197], [9.79508539255594, 60.35580290052008], [9.79275878300396, 60.35497425214286], [9.790513316991523, 60.35420444194014], [9.789853741052573, 60.35397834408027], [9.786562721332222, 60.352792194748844], [9.784122518160432, 60.35199734079321], [9.77687143798835, 60.34950500278222], [9.774930461940981, 60.34879413415768], [9.771911246134422, 60.3477445378869], [9.77064322664569, 60.34730837173905], [9.77042186382112, 60.3472417894357], [9.768993154679148, 60.34676966894395], [9.76895064915904, 60.3467799603162], [9.768829096362818, 60.34682231698297], [9.767236443629015, 60.34737803133179], [9.76543937118091, 60.348029229887736], [9.763769049766948, 60.34843814293173], [9.76315152752261, 60.34867291287348], [9.76002213849155, 60.349858390100145], [9.758470945181088, 60.35056078307606], [9.75504022627012, 60.351908990554975], [9.7480732443684, 60.35373050483578], [9.74536556219752, 60.35478550436763], [9.742894940630746, 60.356015771848085], [9.741874233408277, 60.356489214644704], [9.743919471239856, 60.3572470855678], [9.74544067023264, 60.357790622299504], [9.7479632056156, 60.35858694117037], [9.74871097019758, 60.35891950125932], [9.749868829158594, 60.359413601667406], [9.750941204440688, 60.35987929501328], [9.757655872093542, 60.3625220076246], [9.761332111489303, 60.363937875848556], [9.761983215750517, 60.36417268918594], [9.762792414809544, 60.36445359900611], [9.763173265912691, 60.36458191232298], [9.763680302919115, 60.364761542864436], [9.76385887545031, 60.364815827740514], [9.767354972939332, 60.3662038023115], [9.76831249605025, 60.36651535782329], [9.770349005661734, 60.36728746992122], [9.770763906734276, 60.36745867193539], [9.772469377119496, 60.36809911278295], [9.775807408934593, 60.3693826323933], [9.777672952621284, 60.37007977924759], [9.780877937621536, 60.371294580619825], [9.78374763564983, 60.372457702281174], [9.785778552073936, 60.37333038360857], [9.78752478779766, 60.37404212899933], [9.789905232547017, 60.3750233925337], [9.79010822111301, 60.375113059263086], [9.792519355086224, 60.37602385356724], [9.797630798250221, 60.37818532003397], [9.799937835587313, 60.37918717474139], [9.801056412074594, 60.37966539269351], [9.803965367834353, 60.38081337901806], [9.805141306822433, 60.38128363691529], [9.80693143427436, 60.38196236008842], [9.807352710494637, 60.382135756244054], [9.80955074195089, 60.38304048910673], [9.816090070389121, 60.385066962393346], [9.817257451505931, 60.38551760504552], [9.820981244161688, 60.38730198751574], [9.824788756400373, 60.38878773905406], [9.825024899300079, 60.388999206823605], [9.82629083991431, 60.38929470693824], [9.825294837606666, 60.39040956573799], [9.824987132149388, 60.391215723147084], [9.824522387504453, 60.39208774083611], [9.823925833774297, 60.39301436420728], [9.823111595307507, 60.393741122235895], [9.822141607749227, 60.39477321028474], [9.82157594152751, 60.39595728142161], [9.820262203369479, 60.39799475288971], [9.819932907258515, 60.398426031663824], [9.819788567089383, 60.399658471186385], [9.81949898904479, 60.40043725604592], [9.817812596168189, 60.4027601572046], [9.817715027876094, 60.40383543388082], [9.816770731132369, 60.40558506714411], [9.814465809227364, 60.40752443782019], [9.813896203837498, 60.40798429562183], [9.81385026858886, 60.40802137215898], [9.813426902517234, 60.40832048095659], [9.812607816580623, 60.40896872181125], [9.811933283229479, 60.40973912315569], [9.810379177282881, 60.41081797694817], [9.810196737030626, 60.41094311583179], [9.809162898487354, 60.412026084858844], [9.808263190942618, 60.41282933274272], [9.808138230650718, 60.413412177793035], [9.808212029377842, 60.41420856662686], [9.808022968215951, 60.41465052263467], [9.80797007312324, 60.41531176434917], [9.807804263660817, 60.41548631814052], [9.807275813927635, 60.4159774542468], [9.807164115714167, 60.416043360710745], [9.806452337246743, 60.41709049423031], [9.806294858766236, 60.417326646477186], [9.806050347761676, 60.41757451264621], [9.807088889669613, 60.41784031709718], [9.810566904700774, 60.419287067100214], [9.812130157676764, 60.42004398754482], [9.81598703258641, 60.42211172292937], [9.817830435484511, 60.42289488357505], [9.818888634424937, 60.42325582987024], [9.822707787142091, 60.42522029507914], [9.825702133427098, 60.426407981364925], [9.826457549524884, 60.426722792504826], [9.8273695456399, 60.42710136745984], [9.828169929951649, 60.42750888315569], [9.828868458902107, 60.42785547615093], [9.82945776473595, 60.42814850949755], [9.829925384669528, 60.42838048193986], [9.830292442352874, 60.428574170487096], [9.83051775706092, 60.42869324392874], [9.830893754782402, 60.42889141720449], [9.831123186335187, 60.429000662387196], [9.831438568569236, 60.42915085920157], [9.83187949878799, 60.42936199158517], [9.832205459505701, 60.42952582405005], [9.832230564344139, 60.42953849692495], [9.832279759802079, 60.4295633533497], [9.832809176229349, 60.42983046814421], [9.83319784422129, 60.430026967357776], [9.83416329117505, 60.43051454895355], [9.83462724269592, 60.430748249919574], [9.835144915581735, 60.4310093195487], [9.836197546730673, 60.43149388440316], [9.837090798426273, 60.4319036887031], [9.83752758573159, 60.43206461357388], [9.838160654637715, 60.4322985711112], [9.838575874970243, 60.43245208656207], [9.838843446781663, 60.43255074150853], [9.83946763833359, 60.43278110852781], [9.839824398809595, 60.43301503651354], [9.840209842504548, 60.433268971466894], [9.840595306389254, 60.43352281594951], [9.84089202652945, 60.4337634975345], [9.841192319475308, 60.43400692625576], [9.841974241361813, 60.43464045804474], [9.843074895635395, 60.435045219443865], [9.846288266115717, 60.436227937941375], [9.846464579706813, 60.43629280671683], [9.84663908454367, 60.43635760511851], [9.846644438382478, 60.436359432203446], [9.846717799098219, 60.43638701901062], [9.846591710007656, 60.43642666793355], [9.846493567873148, 60.43647261869681], [9.846388985437061, 60.43653046618476], [9.846309412557762, 60.436585594289596], [9.846269260145515, 60.4366687929978], [9.846034450936015, 60.4367166427037], [9.845942298521551, 60.436715678996805], [9.845857398717646, 60.43670572911752], [9.845757447007323, 60.43671948852579], [9.845655121190397, 60.43674017377382], [9.845543367832397, 60.436766341696156], [9.845417777332544, 60.436787924146294], [9.845314516866324, 60.43677321312909], [9.845269593778147, 60.436746548336494], [9.845261737350828, 60.43671232349325], [9.845298608334918, 60.436660128770356], [9.845316591096317, 60.4366386025232], [9.845338158694085, 60.436596791192386], [9.845312119325412, 60.43655439342767], [9.845274405691649, 60.436532776813394], [9.845212285421702, 60.436512373118866], [9.845054302813264, 60.43648456300672], [9.84480096934358, 60.43653097239018], [9.844682301131275, 60.43655597167962], [9.844533442565966, 60.43658420871721], [9.844447138758524, 60.43660947328647], [9.844470089076305, 60.43666443778355], [9.844458698774778, 60.43671438148534], [9.844352596618558, 60.43677603742839], [9.844239405472024, 60.436834179282734], [9.844081883216548, 60.436907786657734], [9.843973783948227, 60.43695334948774], [9.843936917342026, 60.437007793428855], [9.844048737801913, 60.43703624366334], [9.844187072042862, 60.43703989959819], [9.844358294684902, 60.437027915824125], [9.844457170973378, 60.43703355011171], [9.844453399127643, 60.43707335229819], [9.844366371991855, 60.43711577383937], [9.844143421029349, 60.437202409219054], [9.844134929853224, 60.437242118338354], [9.844201920034724, 60.43735223558177], [9.84416726367274, 60.437407665053215], [9.844098226843943, 60.43745717236946], [9.844092618044819, 60.43748331722705], [9.844120465031471, 60.43753496271579], [9.844157071043572, 60.43759909441587], [9.844123165781635, 60.43769450149792], [9.844103084286596, 60.43778540619242], [9.844088795688013, 60.437853592182336], [9.844008728655915, 60.43794846846576], [9.844012387803835, 60.437971283854566], [9.844184810722926, 60.43809736692464], [9.844255541293244, 60.438116305498546], [9.844444419446294, 60.438127319778076], [9.844496628631704, 60.43814823912813], [9.844619582005318, 60.43823731314349], [9.844697450660643, 60.43831105254408], [9.84474112730843, 60.43836736057081], [9.844654511480742, 60.43845532518429], [9.844606742166352, 60.43849243139147], [9.844602255663618, 60.438547051578354], [9.844610463542269, 60.43857562173176], [9.844650487608305, 60.43861136402948], [9.84473325120768, 60.43867377653861], [9.844779483711696, 60.438723165681196], [9.84479353035554, 60.4387722963686], [9.844785387588955, 60.43880752032827], [9.844730876948802, 60.43883662739874], [9.844570697428445, 60.438813410453335], [9.844501083971325, 60.438819528195914], [9.844450009900818, 60.43882699471869], [9.844409671051023, 60.43885170270497], [9.844378802519484, 60.438875248405935], [9.84434755735177, 60.4389034581439], [9.844281961804468, 60.43892898604887], [9.844037677123149, 60.438977904823275], [9.843981558979177, 60.43899993128691], [9.84402020003767, 60.43912118547119], [9.844023143895557, 60.439163407509945], [9.843954287627957, 60.439211752193195], [9.843920329954031, 60.439247864334746], [9.84394418057263, 60.43928684842765], [9.844000983223394, 60.43936597936169], [9.84402487408693, 60.439458589536315], [9.844041337180812, 60.439562428299425], [9.844052848479057, 60.4396206381055], [9.844070023943296, 60.43970165107846], [9.844079523671327, 60.439757623484795], [9.844077030292796, 60.43981115131865], [9.844058889197301, 60.43986002343644], [9.844048923002775, 60.439881500601004], [9.844014775842476, 60.43992453343526], [9.843842890367178, 60.44000937046195], [9.843696442970316, 60.44008880579313], [9.84366957014789, 60.44012501275138], [9.843697265951361, 60.440176472470725], [9.84370930350302, 60.440222196330275], [9.8436856865816, 60.44024134452934], [9.843613877286042, 60.4402452173441], [9.843453156242107, 60.44021963888284], [9.843430246958047, 60.44022630808837], [9.843391923991684, 60.44025550275527], [9.843378868433488, 60.440289546399946], [9.843400226991564, 60.44039006618306], [9.843420824677725, 60.440449528255236], [9.843411025238533, 60.440466513150504], [9.84334416636798, 60.44051601477792], [9.8432431511576, 60.440558163197416], [9.843140288395736, 60.44059016277765], [9.842976306945255, 60.44059999708456], [9.842897772526145, 60.44060378860355], [9.842827624852761, 60.44061897224313], [9.842766751476397, 60.440642253405755], [9.842717379743101, 60.440726083469], [9.842760878012164, 60.4407858042457], [9.842826764574587, 60.440862768803285], [9.842785167416853, 60.44092287739481], [9.842645241481135, 60.440963515943416], [9.842544363054824, 60.44100135043787], [9.84246718785836, 60.44108482160062], [9.84242340537989, 60.44113575793193], [9.842330001409064, 60.44116092597759], [9.842020579080224, 60.44116700600547], [9.841917360881087, 60.44120465930519], [9.841885407863858, 60.44125677425381], [9.841893294211985, 60.4413457948129], [9.841884439932736, 60.44138890881643], [9.841837022045528, 60.44142260883626], [9.841685981183925, 60.44145066868438], [9.841557465153711, 60.44148365121463], [9.841356475368917, 60.44154414274764], [9.841249399757682, 60.44157282842212], [9.841086190768918, 60.441613281766976], [9.841016217274255, 60.44162964095367], [9.84084896576847, 60.44165428162306], [9.84067354679033, 60.44165584162474], [9.840499756255152, 60.441674649688174], [9.840320720681252, 60.44170926939431], [9.840206579072621, 60.441735430669475], [9.840168250326636, 60.441769212995005], [9.840149045865083, 60.441843056354365], [9.840069653044855, 60.44192095183124], [9.839967001973147, 60.442000823719226], [9.839784955149414, 60.44216317945918], [9.839776281477965, 60.44220971943694], [9.839827816514623, 60.442301334206704], [9.839840013292221, 60.442343735666135], [9.83981207224364, 60.4423980753627], [9.839532872926638, 60.44245678834398], [9.83934824778876, 60.44256775812258], [9.839242828379748, 60.442607753404104], [9.838810128505738, 60.442580518937305], [9.838414265489968, 60.442500278677024], [9.83828118205714, 60.4424852144848], [9.838035420990545, 60.44251112233888], [9.83798033644318, 60.44250826372946], [9.837932020555451, 60.442338045422574], [9.83792854522309, 60.442307229176244], [9.837981936192389, 60.44224173141581], [9.838004281049212, 60.44220885859031], [9.837989523217834, 60.442171126104476], [9.837894051230982, 60.44213826732151], [9.837703505979619, 60.442115842759065], [9.83754769947852, 60.44208909848845], [9.837426938225766, 60.44205381773158], [9.837402392279827, 60.44203298017354], [9.837412915819653, 60.442004596979594], [9.83750326061522, 60.44198840086237], [9.837545613137562, 60.441976279388975], [9.837562315222623, 60.44195713356337], [9.837549570352481, 60.44192964630006], [9.837515379342637, 60.4419202208905], [9.837340669182526, 60.441909297594485], [9.837299402100772, 60.44190085698285], [9.837259206266344, 60.44187194376141], [9.837186019398812, 60.44174592643584], [9.836893946766105, 60.44160511015249], [9.836827596108181, 60.44159524533467], [9.836718701206204, 60.441609011001624], [9.836611470531171, 60.441632918373706], [9.83655058063595, 60.441655116516834], [9.836491326486861, 60.441687635271634], [9.836421926452482, 60.44175188086867], [9.836359973066704, 60.44180022024025], [9.83627706475232, 60.441820033486024], [9.836262190854459, 60.44182539408605], [9.836252733574081, 60.441826466343855], [9.836234170698662, 60.441827544822125], [9.836210926989231, 60.44182943120595], [9.836188024707011, 60.44182917145649], [9.836167294110819, 60.44182899605639], [9.836141829743973, 60.441828816730876], [9.836111649803183, 60.441827374539244], [9.8360865513569, 60.441826039746196], [9.836072740445978, 60.44182586318796], [9.83604948250322, 60.441827838965494], [9.83603348568036, 60.44182766746999], [9.836008027595835, 60.44182973772883], [9.835970936557668, 60.4418339653801], [9.835950230439245, 60.44183478061803], [9.835926958256747, 60.441836845796026], [9.835901500159226, 60.44183891603431], [9.835887323319193, 60.441839894913066], [9.835860053189577, 60.44183847571943], [9.835839322591799, 60.44183830026816], [9.83582295983828, 60.44183928420341], [9.835809496644766, 60.441839211099584], [9.835788054680163, 60.441843506740106], [9.835762805998503, 60.441845405137656], [9.835746805187073, 60.44184640312343], [9.835723366238847, 60.44184837181353], [9.835704628621416, 60.44185169279718], [9.835686267175488, 60.44185493841632], [9.835669896437903, 60.44185826136422], [9.835651360265604, 60.44186374955797], [9.835639546309057, 60.44186589989574], [9.83562574163862, 60.44186797290053], [9.835604657591409, 60.441873452087066], [9.835586125388788, 60.441877770755745], [9.835567379761747, 60.44188343075119], [9.835544327190787, 60.441886404141606], [9.835530146330033, 60.441888552497645], [9.835511396695575, 60.441895382000745], [9.835492874704293, 60.44190078074987], [9.83546706082654, 60.44190508645281], [9.835451041756073, 60.44190734334017], [9.835437233062406, 60.441910585840695], [9.835411244433507, 60.44191713411163], [9.835392541439605, 60.441922525815926], [9.835367095714826, 60.441929095169456], [9.83536016801818, 60.44193143530617], [9.835348339790222, 60.441933675039465], [9.835332182409841, 60.44193565661588], [9.835311102270044, 60.441939966239076], [9.835302010875871, 60.441939882974104], [9.835288010951057, 60.44194203833446], [9.835271658360172, 60.44194410229473], [9.835250744952605, 60.44194850836079], [9.835239303115866, 60.44195175281735], [9.835225128432448, 60.44195615074952], [9.835213312634178, 60.441962889689094], [9.83519895518456, 60.44197186922805], [9.835187320349448, 60.4419786151959], [9.835168576812983, 60.441987694258295], [9.835151891125776, 60.441997573063084], [9.83514225320947, 60.44200664597507], [9.835137716831092, 60.44200997875056], [9.835128247446237, 60.44201455947391], [9.835120978211851, 60.44201904572327], [9.835109162368903, 60.44202578465298], [9.835097563968224, 60.44203001273767], [9.835085542690384, 60.44203575396256], [9.835071733906917, 60.442038996423975], [9.835062473937915, 60.44204340532958], [9.835055198475441, 60.442045641966], [9.835043561381141, 60.442048968795966], [9.835025010767401, 60.442054546321586], [9.83500868255351, 60.44205760092031], [9.835001762824968, 60.4420576020067], [9.834987927378892, 60.442056434662994], [9.834973939418568, 60.442055081443016], [9.834955931339062, 60.44205267228762], [9.834949210828482, 60.44205142146508], [9.834937215785052, 60.44205356470792], [9.834930316491219, 60.44205572597775], [9.834913569763943, 60.442067131954175], [9.834911052536008, 60.44207036322049], [9.834903966422077, 60.44207827561302], [9.834898873215407, 60.44208968447245], [9.83489616515335, 60.44209983637794], [9.834889068813665, 60.44210666867595], [9.834884180660497, 60.44211106747344], [9.834876903340724, 60.4421178927395], [9.834872181929184, 60.44212238798958], [9.834864922849805, 60.44212795431769], [9.83485308465218, 60.4421371216761], [9.834834377424484, 60.44214368281451], [9.834817837874343, 60.44215149784109], [9.834808400881277, 60.44215473018148], [9.834796749492881, 60.44215814641087], [9.83476656964907, 60.442164711674835], [9.834747681413043, 60.44217126576926], [9.83472203428768, 60.442183675540484], [9.834714771147736, 60.44219041137519], [9.834702786557985, 60.442201642453085], [9.834692977687672, 60.44221178839204], [9.834683520553808, 60.4422208682997], [9.83467627781356, 60.442229764319045], [9.834668978146642, 60.44223901802521], [9.834659193692227, 60.44225015463306], [9.834651570732802, 60.44226029552495], [9.834642290524728, 60.442270551976115], [9.834629943927526, 60.44228176898356], [9.834625407457606, 60.44228510174038], [9.834613412594795, 60.44229525271583], [9.834599252192566, 60.4423075689196], [9.834591803996762, 60.442315467230515], [9.83458434989827, 60.442329123695416], [9.834578717912205, 60.442347349693414], [9.834574004754877, 60.44235751366441], [9.834566377715483, 60.44236882406592], [9.834556564995253, 60.442388147271714], [9.834546743938093, 60.44240180174415], [9.834539133256973, 60.4424164418458], [9.834533865062271, 60.44243009326563], [9.83453370046382, 60.44243341593594], [9.834542432722383, 60.442452919841315], [9.834546622040616, 60.442465499128375], [9.834548627286633, 60.442473494817925], [9.834552450628122, 60.442487229556676], [9.834558823760444, 60.44249638467789], [9.834563185740206, 60.442503302263724], [9.83456936797108, 60.44251937802231], [9.834571216683479, 60.44252835735156], [9.834573370426982, 60.44253770843132], [9.834570668122476, 60.44254210217376], [9.834565410121895, 60.44255683368798], [9.83455832381255, 60.442564746059354], [9.834546334996872, 60.442577146635585], [9.834539238475163, 60.44258397891242], [9.83452705229045, 60.44259304275303], [9.83450364171399, 60.44261084790219], [9.834484179877704, 60.44262214834226], [9.834479810090118, 60.442625577546785], [9.83446526926964, 60.44263913860693], [9.834444018023857, 60.44265252890932], [9.83443201276425, 60.442661599772364], [9.834422417137779, 60.44267040436132], [9.8344104016667, 60.44267839512893], [9.834396434092621, 60.44268720979418], [9.834382051661878, 60.442695198566064], [9.83437022734703, 60.442704276455004], [9.834363149026077, 60.4427098497847], [9.83434915083568, 60.4427154241647], [9.83432298865069, 60.44272763391172], [9.834302076733229, 60.44273545894389], [9.83429264355537, 60.44273752172973], [9.834286734356262, 60.44273918159332], [9.834276282428666, 60.44274192459186], [9.834255557430444, 60.44274399849508], [9.834241731916988, 60.44274391116379], [9.83422319288772, 60.442745980025556], [9.834197553004342, 60.44274804289528], [9.834169743484981, 60.44275344049672], [9.834155753327785, 60.442756675825734], [9.834134843291972, 60.4427599121927], [9.83411576147125, 60.44276996770384], [9.834106338617026, 60.442781118330686], [9.834103394430715, 60.44279503999343], [9.834109966746468, 60.442802943230646], [9.834118883700587, 60.44281327691726], [9.834125431602134, 60.44282018948235], [9.834131981609126, 60.44283052117026], [9.834143263430947, 60.44283743773001], [9.83415199327852, 60.44284551477414], [9.834163082004274, 60.442855932845006], [9.834170180944255, 60.44286052747477], [9.834174185141427, 60.44287426925472], [9.834173817206546, 60.442880013343505], [9.834171299838603, 60.44288324459389], [9.83416148865074, 60.442897979126634], [9.834156567768474, 60.442903726252815], [9.834146748316826, 60.44291279205294], [9.83413512715339, 60.44291944849955], [9.834130405518385, 60.44292394372027], [9.834120960143355, 60.44292951503795], [9.834108966821587, 60.44293507732436], [9.834088243787662, 60.4429405703229], [9.83407406447071, 60.4429461376397], [9.834062435044936, 60.442947125348454], [9.83404861153989, 60.44295045711908], [9.834032065246344, 60.44295602243186], [9.83402515146709, 60.44295827307319], [9.834013353330828, 60.44296375296131], [9.834006254521107, 60.442967166084095], [9.834003889643201, 60.44297058320689], [9.833999001235835, 60.442974981968405], [9.833994265340843, 60.442979566605615], [9.833987186894003, 60.44298513991363], [9.833975201748775, 60.44299637091838], [9.833965575346333, 60.443001935191916], [9.833958486706363, 60.44300642840514], [9.83395138996423, 60.44301326064765], [9.83394174931953, 60.44301891434105], [9.833929932862981, 60.44302565315789], [9.833920483372575, 60.44303239397534], [9.833913585881165, 60.443037974311686], [9.83390632029794, 60.44304129097448], [9.833896693870246, 60.44304685524269], [9.833887409037564, 60.44305027338913], [9.83388031019558, 60.44305368650477], [9.833873225585428, 60.4430570101983], [9.833866326007056, 60.44305917140923], [9.833849972768705, 60.443061235186406], [9.833835972268188, 60.44306339038658], [9.833819956573977, 60.443064477553996], [9.833808536546014, 60.44306529342925], [9.833785068147229, 60.44306744060867], [9.833762160976194, 60.4430683499458], [9.833748168582305, 60.44306816610706], [9.83372742705277, 60.44306691022407], [9.83370906673203, 60.443065566921696], [9.833688349613915, 60.44306530170401], [9.833667803302783, 60.443063963422965], [9.833649099321761, 60.443061347110124], [9.833637992438367, 60.44306019569386], [9.833624166795289, 60.44306010829675], [9.833605625503482, 60.443058757947234], [9.833586899170157, 60.443058570076815], [9.83356197477721, 60.44305499222245], [9.833543636835147, 60.44305122044643], [9.83353235711012, 60.443047722959], [9.83350707280275, 60.443039542391375], [9.833491240123696, 60.44303604791545], [9.833475088191848, 60.44303227110637], [9.833452343724762, 60.44302643860072], [9.833434162391569, 60.443021683171814], [9.833415789919039, 60.44301584061427], [9.833393061733032, 60.44301333779929], [9.833385783916427, 60.443012155217936], [9.833374514386191, 60.44300973781045], [9.833358506848809, 60.443008485893294], [9.833344510413191, 60.44300947152705], [9.833319075650058, 60.44301253192881], [9.833300361522543, 60.44301684323337], [9.833281799899947, 60.44302134041196], [9.833256350887185, 60.44302449022313], [9.833233073625111, 60.44302772443151], [9.833219083260094, 60.44303095965931], [9.833200369109276, 60.443035270949515], [9.833191084209181, 60.443038689046496], [9.833174747178532, 60.44304408244058], [9.833165283293328, 60.44305091262399], [9.833160390682647, 60.4430564808676], [9.83315310262719, 60.44306222593881], [9.833148220168804, 60.443068874274765], [9.83315040000192, 60.44307462740741], [9.833158936443766, 60.4430862060241], [9.833165671248786, 60.443095375275355], [9.833165315287378, 60.44310561857368], [9.83316242152563, 60.443116932916034], [9.833157528903946, 60.44312250115937], [9.833154970708181, 60.44312941977561], [9.833149903179965, 60.44313723059233], [9.83314281231634, 60.44314631239653], [9.833135538472229, 60.44315196804483], [9.833121545958212, 60.44315979189783], [9.833109723208418, 60.443164281031656], [9.833102648651309, 60.443168684775664], [9.833079194270953, 60.44317875016532], [9.833065010598093, 60.44318548688546], [9.833044116406025, 60.44319205277616], [9.833029922568102, 60.44319770939954], [9.833013396281338, 60.443205434767414], [9.832987943014817, 60.4432097540395], [9.832976484296351, 60.44320966859278], [9.832962481700488, 60.44320840457791], [9.832953408287988, 60.44320706221213], [9.832929960034843, 60.44321136942428], [9.832916154629565, 60.44321344213841], [9.832904683645722, 60.44321686522853], [9.832885574824742, 60.443222510762084], [9.832867238685244, 60.44323016577129], [9.832859596599944, 60.44324156548567], [9.832854528982384, 60.44324937628998], [9.832852145635899, 60.443254052326346], [9.83285214760162, 60.44325747144775], [9.832844348905333, 60.443269854798245], [9.832844181999835, 60.44327776609971], [9.832841637959993, 60.44328459528731], [9.832838912938046, 60.443291417440754], [9.83283873588528, 60.44329824864945], [9.832836391150652, 60.44330382593507], [9.832838385870081, 60.44331074155248], [9.832844754574305, 60.443321066265426], [9.832839302396732, 60.44333929920796], [9.832836776677615, 60.44334486945948], [9.832838787599325, 60.44335511477669], [9.832840768085553, 60.443362119815596], [9.832847151036082, 60.44337235510697], [9.83285150261073, 60.44337819265256], [9.83285605758521, 60.443381608781905], [9.832862776158548, 60.44338744834814], [9.83287408424216, 60.44339877480675], [9.832877890758251, 60.44340917988522], [9.832877703565096, 60.44341493100122], [9.832877345536787, 60.44342175517595], [9.832874825873903, 60.4434295750352], [9.83287227168049, 60.44343532413047], [9.832865007868975, 60.4434420598552], [9.832855558035869, 60.443448800592535], [9.83284573396264, 60.44345903580389], [9.832841217432978, 60.443464528680664], [9.8328384721033, 60.44346919064836], [9.83282868859815, 60.443483746229205], [9.832819216324973, 60.443492915413785], [9.832811590353042, 60.4435076448239], [9.832804322419781, 60.44351555005918], [9.83279686940797, 60.443524617774166], [9.832785253798944, 60.44353352370331], [9.832775425583348, 60.44354492842307], [9.83277034365806, 60.44355282864465], [9.832763258641391, 60.44356416003279], [9.832758176709916, 60.4435720602538], [9.832748907798365, 60.44357880801692], [9.832729444767512, 60.44359010818454], [9.832717827166176, 60.443595594986135], [9.832703828312757, 60.44360116918433], [9.83269200943997, 60.443604488763945], [9.832673846031247, 60.44360648204938], [9.832659849319905, 60.44360746760757], [9.832652929267322, 60.443607468567706], [9.832643499832978, 60.443608361717786], [9.832618044263175, 60.44360926179344], [9.83259947617101, 60.44361150926441], [9.832590398562717, 60.44361133638689], [9.832572019652236, 60.44361125186009], [9.832548571057409, 60.44361555900063], [9.832539147651206, 60.44361870175001], [9.832522938355847, 60.44362329026522], [9.832515865545956, 60.443631113096494], [9.83251076737833, 60.44363568360779], [9.832510594354236, 60.443641345300826], [9.832512613392751, 60.44364925159339], [9.8325126172485, 60.44365608983505], [9.83251659452286, 60.44366542186448], [9.832520992889167, 60.44366982164186], [9.832525169490605, 60.44367790176995], [9.832529541314466, 60.443685899510925], [9.832533892870645, 60.44369173706656], [9.832545166430886, 60.443700992789005], [9.832551722366645, 60.44370556640076], [9.832560993052532, 60.443710245529225], [9.832571922998643, 60.44371822824496], [9.832585553462586, 60.44372640589791], [9.832599013086973, 60.44373565660773], [9.832603372862103, 60.44373915513301], [9.832612301872928, 60.44374598037454], [9.83261920145733, 60.44375182698763], [9.832627945392147, 60.44375981470796], [9.83263685607764, 60.44376789888362], [9.832647938570837, 60.44377606747099], [9.832661583314893, 60.44378415569509], [9.832675032844998, 60.443792326305115], [9.832690855450577, 60.44380274854498], [9.832710881256787, 60.44381765294196], [9.832719606898388, 60.443826899592416], [9.83272871694117, 60.44383373186095], [9.832746518122626, 60.443847740013936], [9.832751093432979, 60.44385331633274], [9.832757807985686, 60.4438603254192], [9.83276854476233, 60.44387180962834], [9.832775273559268, 60.44387872929246], [9.832788714969118, 60.4438892389202], [9.832793103258286, 60.44389255859662], [9.832804197933209, 60.4439052263857], [9.832808543515888, 60.443908814326306], [9.83282622269352, 60.44392587687033], [9.83283747399548, 60.44393756101986], [9.832846213940666, 60.443946718241214], [9.832852938677542, 60.44395480741602], [9.832857143868388, 60.443962708691856], [9.832861320587945, 60.443970788810695], [9.832858436773503, 60.44398318323596], [9.832856063513532, 60.44398893936411], [9.832853684199119, 60.44399244588532], [9.8328488116754, 60.44400017429994], [9.832846233045892, 60.444004932722635], [9.832832069245168, 60.44401382959771], [9.832820077257022, 60.44402281088078], [9.83281517838218, 60.44402612950175], [9.832812640320196, 60.4440352082944], [9.832809746336705, 60.44404652262556], [9.832807198127869, 60.44405452132541], [9.83279739413291, 60.444066916715514], [9.832792318173793, 60.44407706654347], [9.83278505205569, 60.44408839089671], [9.832779951709634, 60.444097550053], [9.832779752205674, 60.44410680971081], [9.832776687359905, 60.444119197099425], [9.832776880441052, 60.444123703347316], [9.832778698110301, 60.444137450173436], [9.832777972026333, 60.444142010671825], [9.832780347078568, 60.44414768142275], [9.832784523800342, 60.44415576154393], [9.832788897886786, 60.44415917064241], [9.832802351693806, 60.444166171727396], [9.832806906769344, 60.44416958785948], [9.832823083558885, 60.444174355426476], [9.83283435344539, 60.44417677288493], [9.832850532374044, 60.444176951813304], [9.83287127866071, 60.444177038327055], [9.832884915605597, 60.44417945780268], [9.832903449319458, 60.44418314728859], [9.832917096416388, 60.44418664685366], [9.832928352077953, 60.44418915372583], [9.832944353968811, 60.444196163851394], [9.832960189116992, 60.44420307751954], [9.832964725889935, 60.44420775258234], [9.832966572114659, 60.444221320563685], [9.83296365377982, 60.44423164422734], [9.832963299839923, 60.444237298887664], [9.832958758830278, 60.44424180109578], [9.832946937627698, 60.44424970933078], [9.832942038730163, 60.44425302795607], [9.832923301416416, 60.44425976764769], [9.832906778641894, 60.44426632348031], [9.832885692580449, 60.44427180220977], [9.832871868390198, 60.44427513384922], [9.83285314937835, 60.444280614594845], [9.832841692242367, 60.444283948252895], [9.832822619254973, 60.44429508365374], [9.832815515931719, 60.444299666221596], [9.832803698767112, 60.44430640492893], [9.832739507772219, 60.444374450384835], [9.83281197833488, 60.44444312862049], [9.832823453680604, 60.44444654378623], [9.832838894379908, 60.44445479175883], [9.832865993392609, 60.4444698810471], [9.832879642566366, 60.44447679973846], [9.83289347273357, 60.44448372546251], [9.83290909854647, 60.44449081094724], [9.83292473451296, 60.44449897652287], [9.832944917445033, 60.44451289725324], [9.832958379458344, 60.444525567052516], [9.832974017425592, 60.44453715174385], [9.832989653430511, 60.44454531731231], [9.8330011124819, 60.44455341052037], [9.833010029667868, 60.44455573652462], [9.833016943726035, 60.44456149369815], [9.8330236707351, 60.44456499423049], [9.833032575667161, 60.44457082877607], [9.833052598002924, 60.44458690264269], [9.83306132183386, 60.4446007379094], [9.833072416842377, 60.4446134056796], [9.83308133801521, 60.4446225699219], [9.833094619137213, 60.44463523267467], [9.83310100239815, 60.44464546795678], [9.83310773958607, 60.44465004857788], [9.83311373836129, 60.44467070599893], [9.833115735195072, 60.44468104073441], [9.833119926298984, 60.44468903142494], [9.833124284157433, 60.444697118570765], [9.833123409452238, 60.444716339193846], [9.833120861259399, 60.44472433789953], [9.83311341002591, 60.44473682475016], [9.83310850897006, 60.4447447320163], [9.833103062844348, 60.444757206816384], [9.833095627815656, 60.44477302336547], [9.833095092780727, 60.44478667874902], [9.833094547593063, 60.44479925403986], [9.833096550494176, 60.444811838382456], [9.833096196565936, 60.44481749304304], [9.83309565546207, 60.44482889881956], [9.833090555076094, 60.44483805798675], [9.833085847242472, 60.444842463742766], [9.833076397032155, 60.44484920449044], [9.83307147973212, 60.444853782055176], [9.833066578647037, 60.44486168931934], [9.833059137509343, 60.44487525625884], [9.833054224288858, 60.44487866430862], [9.83304696215414, 60.44488881916002], [9.83304677496905, 60.44489457027578], [9.833044249150802, 60.44490014052938], [9.83304625612305, 60.44491155535825], [9.833059533257666, 60.44492538762976], [9.833065890193042, 60.44493121312155], [9.83307716431946, 60.44494046880512], [9.833085910654953, 60.444951875621015], [9.83310155703503, 60.44496112127151], [9.833119558283826, 60.44497387748081], [9.833142297855188, 60.444985468208316], [9.83316229411178, 60.44499713226927], [9.833185214705239, 60.445008730023545], [9.83319849203282, 60.445014554525365], [9.833221229575644, 60.44503073387569], [9.833236688878202, 60.445045730627484], [9.833238673614863, 60.44505156614748], [9.833244892239472, 60.44506512408996], [9.833244534252444, 60.4450719482654], [9.833244349096985, 60.44508111850311], [9.833237091052599, 60.445090103850575], [9.833227626562191, 60.44509693402992], [9.833215809182725, 60.44510367277083], [9.833201809748909, 60.44510924701365], [9.833187448327909, 60.44511480718755], [9.833178016374678, 60.44512028900569], [9.833168741019078, 60.44512478718574], [9.833147835426297, 60.445130272983675], [9.833135841110458, 60.44513583516908], [9.833124198620702, 60.445140331328304], [9.83311475241279, 60.4451459025633], [9.833107492334966, 60.44515146878186], [9.833098023714193, 60.445159468465626], [9.83309075954508, 60.44516620419743], [9.833092943575092, 60.44517078781733], [9.833094777755209, 60.44517985658332], [9.833094598744726, 60.445183268670576], [9.833098958638326, 60.4451947749387], [9.833103332892676, 60.445198184028676], [9.83311715734037, 60.44520286012655], [9.833128252679854, 60.44520752013769], [9.833139685616516, 60.4452112035444], [9.833146422923292, 60.445215784164844], [9.833162073527141, 60.44522386029555], [9.83317589590132, 60.44523312502302], [9.83318226914172, 60.44524228020976], [9.833188638303618, 60.44525260491049], [9.833197187438365, 60.44526868274367], [9.83320627557312, 60.44527794343498], [9.83321720001991, 60.44529168425491], [9.833225584416443, 60.44531108475247], [9.83323431258092, 60.445323750495994], [9.833245049897501, 60.4453432424301], [9.833257973374078, 60.44536272934546], [9.833262176747109, 60.44537521924655], [9.833272710708437, 60.44539713259529], [9.833285461307192, 60.44542228120301], [9.83329200544847, 60.445430363326096], [9.833300760064345, 60.445447438858245], [9.833309128308148, 60.44546350965169], [9.833313142562933, 60.445478331546504], [9.833314958430908, 60.44549666700297], [9.833316418466534, 60.44550923024239], [9.833315716666364, 60.44553079692865], [9.833317168547351, 60.445545699196664], [9.833311915505218, 60.44556268025122], [9.833309023533468, 60.44557741371343], [9.833306296315156, 60.445588824509464], [9.833303229423263, 60.445605800544854], [9.83329794588967, 60.44561954132053], [9.833295055904983, 60.44563769390345], [9.833289436766401, 60.44565583040376], [9.833284348448542, 60.44566948879068], [9.833279066893068, 60.445686648686475], [9.833274000961383, 60.44569787862274], [9.833269101784046, 60.44570920501398], [9.833256562110753, 60.44572734249866], [9.833246749586516, 60.445742076944335], [9.833239658143938, 60.445751158744855], [9.833227305603033, 60.44576354511042], [9.833217497135815, 60.44577711003935], [9.833210603000767, 60.44578152081491], [9.833188974886792, 60.44579840535628], [9.833179520325874, 60.44580631562173], [9.833170059690925, 60.44581197627957], [9.83315807725814, 60.44582203767722], [9.833148630851708, 60.44582760891187], [9.83312735661727, 60.44583883878228], [9.833115724020663, 60.445844415029924], [9.833101366340165, 60.44584880567576], [9.833089723585177, 60.445853301828436], [9.833075719713513, 60.4458600455675], [9.8330613700564, 60.445870104936446], [9.833051575723239, 60.445883580430234], [9.833051203440645, 60.44589049402558], [9.833050847367677, 60.44590073732022], [9.833050668344741, 60.44590414940709], [9.83305167086755, 60.44590814726096], [9.833052677478724, 60.44591097560066], [9.833059392500129, 60.44591798467668], [9.833070681190085, 60.445927150942644], [9.833077237634619, 60.445931724534084], [9.833093047141976, 60.44594223616022], [9.833101968666647, 60.445951400404624], [9.833121798600434, 60.44597097577839], [9.833132904225364, 60.445984723640706], [9.833134907314477, 60.44598930022649], [9.833136898148277, 60.44599738535474], [9.833136725199775, 60.44600304704857], [9.833134010133996, 60.446010949296955], [9.833131286895764, 60.44602119057354], [9.833130926758944, 60.44603260338274], [9.833128221840322, 60.446041585723506], [9.833125474208808, 60.44605083632886], [9.833118034776666, 60.44606782238801], [9.83311295250806, 60.44607572261702], [9.83310550502167, 60.44608703994767], [9.833103149956404, 60.44609153714212], [9.833100060620257, 60.44610293386416], [9.833097532596101, 60.44611309275209], [9.83309208409863, 60.446130156182214], [9.83308971070361, 60.446135912312], [9.833081913324767, 60.446151714786566], [9.833079011033297, 60.446165368148485], [9.833078821721454, 60.44617570789849], [9.83307611677455, 60.44618469023777], [9.833066293871264, 60.44619834457424], [9.833051581915337, 60.44621639762767], [9.83304196043468, 60.446224211425566], [9.833034862764631, 60.446231043606105], [9.833032493440752, 60.446235630220514], [9.833020504745402, 60.44624344199629], [9.83301342130402, 60.44625018475403], [9.833001249475949, 60.44626257812863], [9.832994166026232, 60.44626932088521], [9.832979443850332, 60.446286293837126], [9.832974528271462, 60.44629429051546], [9.83297165030266, 60.4463089345451], [9.832968916837892, 60.44631809572467], [9.83296147120278, 60.44633283216631], [9.832953840470049, 60.44634873108734], [9.832951121234103, 60.44635780284489], [9.832943504727606, 60.44637361234362], [9.83294094210207, 60.446381700463995], [9.832935867746881, 60.44639526941192], [9.832932963409645, 60.44640550364881], [9.832928070224945, 60.44641107187541], [9.832920604260027, 60.44642364812917], [9.832913158576494, 60.44643838456739], [9.832910280564008, 60.446453028595045], [9.832907547067801, 60.44646218977286], [9.832901917217361, 60.44648725391343], [9.832901740126246, 60.446494085120186], [9.832901028040562, 60.446506563951296], [9.832895760362703, 60.446523634404855], [9.832893055331478, 60.44653261673913], [9.83289722007309, 60.44654420540117], [9.832901431626327, 60.446554356284494], [9.832903066479329, 60.446564676953614], [9.832909793693672, 60.446576185250976], [9.83291160954941, 60.4465865129542], [9.832913637021454, 60.44659208021409], [9.832920173101646, 60.44660250138436], [9.832922361287904, 60.44660591549337], [9.83293327179357, 60.44661974576054], [9.832937646214598, 60.44662315485768], [9.832946390788093, 60.44663915032054], [9.832952751939423, 60.44665181406175], [9.832956758139842, 60.446660967238564], [9.832961132394031, 60.44667238408999], [9.832962944177064, 60.44668388130671], [9.832964774291932, 60.44669411958784], [9.83296442831503, 60.446705442973524], [9.832966244193322, 60.44671577067618], [9.832972790458678, 60.44672727193674], [9.832969717202676, 60.44674199835275], [9.832966997932633, 60.446751070109904], [9.83296446179523, 60.446755560266666], [9.83295937510391, 60.44677263775639], [9.83295647073426, 60.44678287199313], [9.832956108556022, 60.44679086567973], [9.832953383226334, 60.44679768783002], [9.832950849040428, 60.446805597106845], [9.832939026870989, 60.44681350532771], [9.832931752138112, 60.44681916095237], [9.832924861831138, 60.44682240219551], [9.83291104064068, 60.44682456431089], [9.832903768043499, 60.4468256312996], [9.832883044445229, 60.44682653544087], [9.832869052391477, 60.44682977061], [9.832850671657345, 60.446829686099115], [9.832834676506323, 60.44682834467472], [9.832825840049866, 60.44682665163649], [9.832818665175038, 60.446823673549716], [9.832807199142259, 60.446821338466265], [9.83280029674189, 60.446820080490156], [9.832786481803863, 60.446816484444476], [9.832761572982621, 60.44681164747127], [9.83274755871267, 60.44680930332261], [9.832724661182146, 60.446806703906056], [9.832708666048365, 60.44680536246677], [9.832683378834268, 60.446805189465636], [9.832653029638061, 60.44680706909862], [9.832639204332741, 60.446810400699434], [9.83262992238117, 60.44681264922815], [9.832613744064579, 60.446815889376666], [9.832599556750578, 60.44681920690406], [9.832587740786398, 60.446821356944994], [9.83256466198674, 60.44682675821995], [9.832541387939841, 60.446832241877594], [9.832516065921704, 60.44683800583481], [9.832496849179067, 60.44684202762758], [9.832483208954578, 60.44684419673282], [9.832469391838682, 60.44684518928806], [9.832445955113764, 60.44684940695864], [9.832413407278827, 60.44685480008083], [9.832401772290781, 60.44685695713981], [9.832380845193807, 60.4468602826164], [9.832353041960191, 60.446866759880876], [9.832336863590436, 60.44686999999506], [9.832317951850131, 60.44687439351716], [9.832294677729198, 60.446879877130705], [9.832280866597527, 60.446883119271995], [9.832266689343177, 60.44688751685533], [9.832255221095071, 60.4468897703577], [9.832243415204546, 60.44689300045964], [9.832224869560303, 60.44689623852479], [9.83221105241565, 60.446897231052844], [9.832199232278052, 60.446900550572195], [9.832187416259327, 60.44690270057686], [9.832178329492441, 60.44690486668709], [9.832167172269548, 60.4469097415436], [9.832150141694662, 60.4469137582864], [9.832138512663231, 60.4469181649276], [9.832126517503246, 60.446923727010784], [9.832114898581539, 60.44692921374202], [9.832100894037353, 60.44693595736956], [9.832088886489764, 60.44694502798987], [9.832079445557342, 60.446952848747415], [9.832055629798523, 60.446969738083084], [9.832050716146565, 60.446973146089945], [9.832036552656415, 60.44698546197834], [9.832026922443607, 60.446995614723505], [9.832017457127344, 60.44700244480554], [9.831998384075291, 60.447016999181315], [9.831988932987455, 60.44702373983976], [9.83197476161531, 60.447030386996246], [9.831958037845034, 60.44703819458893], [9.831941670089748, 60.44704376664489], [9.831934765396811, 60.44704709725625], [9.831927484458276, 60.44705050321752], [9.831918039324375, 60.44705949347614], [9.831906220944221, 60.44706623208732], [9.831894412668078, 60.44707405078945], [9.8318871519366, 60.447079616932506], [9.831875329409792, 60.44708752505421], [9.831860970558962, 60.4470999233081], [9.831851330148679, 60.447108995947275], [9.831848610531456, 60.447118067677046], [9.831846065941317, 60.447124896836876], [9.831843539725352, 60.44713046706189], [9.83183880886689, 60.44713730121481], [9.831840636806213, 60.44714412038804], [9.831844813640139, 60.447152200538405], [9.8318469875053, 60.44715570408537], [9.831849175612177, 60.44715911821089], [9.83185354769345, 60.44716711597536], [9.831862298288467, 60.447177353358086], [9.831869202566697, 60.44718203050224], [9.831882293095102, 60.44719360625255], [9.83189358187285, 60.447202772618674], [9.831904860547773, 60.447210858891886], [9.831922854695188, 60.44721794654561], [9.831940689917172, 60.44723060646467], [9.831947421044497, 60.44724094529403], [9.831946883584306, 60.44725118154441], [9.831944337153914, 60.447254591587175], [9.831935071117217, 60.44726016976275], [9.831927975263914, 60.44726241324548], [9.83191887826927, 60.4472634992444], [9.831907062099965, 60.44726564922223], [9.831893065630217, 60.44727005379847], [9.831883602493804, 60.44727229523715], [9.831871798268219, 60.44727894442271], [9.831864889383484, 60.44728344454305], [9.8318599977176, 60.4472924318449], [9.831864349602592, 60.447298269425026], [9.831863985303245, 60.44730284398602], [9.831868554942872, 60.44730617073215], [9.831882003840834, 60.44731092231646], [9.831902735589695, 60.44731568705974], [9.83192108995364, 60.44731936966666], [9.83194147394868, 60.447324030911524], [9.831968908813684, 60.44733130556554], [9.831996376302026, 60.44733723185783], [9.83201693719457, 60.44734306964034], [9.832035120697526, 60.44734782528852], [9.832055681603936, 60.44735366306521], [9.832074041995831, 60.44735959525711], [9.83208514575457, 60.447369924086416], [9.832089501815785, 60.44737459214626], [9.832098248413145, 60.44738599902843], [9.832104609363157, 60.447398662807046], [9.832104063696871, 60.44741123808554], [9.832106068583093, 60.44741923380467], [9.832107900322109, 60.447432891213246], [9.832109555183624, 60.44744537207294], [9.832111362568712, 60.44745803881075], [9.83211065613002, 60.44747276723809], [9.832110659860653, 60.44747960547639], [9.832109764166129, 60.44749666589541], [9.832107219596937, 60.44750349506034], [9.832099763158963, 60.44751715135183], [9.832096868555903, 60.44752846565701], [9.832096685289393, 60.447533047254275], [9.83210525465345, 60.447551285339266], [9.832104890383341, 60.44755585990117], [9.832109423350168, 60.447561704509496], [9.832120352172355, 60.44757427590693], [9.832122336838996, 60.44758011144165], [9.832126719155374, 60.44758918929046], [9.832126171624399, 60.44759834544976], [9.832121634131457, 60.44760167810717], [9.832104905968764, 60.4476106552282], [9.832093097534926, 60.44761847394571], [9.83208836066382, 60.447623058501414], [9.832088012492989, 60.44763096276088], [9.832092014428977, 60.44764128547491], [9.832096561645447, 60.447647040662346], [9.832105298198682, 60.44765736745263], [9.832109682780919, 60.447661856669406], [9.832116408054683, 60.44766994588599], [9.832129860870658, 60.44768153568564], [9.832134046088733, 60.447687276801275], [9.832138613551166, 60.44769519217163], [9.832138066020233, 60.44770434833095], [9.832135519571775, 60.44770775837704], [9.832130611803466, 60.44771341599091], [9.832125699908339, 60.447720243118084], [9.832120794001394, 60.447729319850644], [9.832115882101645, 60.44773614697736], [9.832112979229606, 60.44774980030949], [9.832110453005091, 60.447755370539205], [9.832108079303554, 60.447761126646995], [9.832103002494184, 60.44777127643544], [9.832097915566765, 60.44778034613155], [9.832095550113522, 60.447783763212115], [9.832093017894922, 60.44778708383587], [9.832090298278521, 60.44779615557016], [9.832089756718725, 60.4478075613345], [9.832091932512357, 60.44781448399713], [9.83209139920553, 60.44782355073454], [9.832095225742485, 60.44784412377022], [9.832094887682741, 60.44785310812162], [9.832098881392083, 60.44786576986252], [9.832105240163282, 60.44788302227422], [9.832107082433703, 60.44788975202314], [9.832111263147072, 60.44790467040463], [9.832105459221413, 60.44793539618668], [9.83210254847264, 60.44794338079354], [9.832100009850283, 60.44795245956314], [9.83209492701773, 60.44796035974517], [9.83209510988556, 60.44796378589953], [9.832092563410898, 60.447967195944436], [9.832081708584147, 60.44797703117733], [9.831563603774924, 60.448359800187816], [9.831549103593257, 60.448376511729414], [9.831546947530597, 60.44837975699231], [9.83153967219442, 60.448385412532716], [9.831534758267498, 60.448388820516726], [9.831532404602537, 60.44839673679576], [9.831536382105057, 60.448406068854226], [9.831543125769455, 60.44841289916491], [9.831549678331907, 60.44841864234731], [9.831554233847205, 60.448422058526745], [9.831558608354314, 60.44842546766988], [9.831564975224977, 60.44844038107805], [9.831564602569097, 60.44844729466334], [9.83156006074957, 60.4484517968123], [9.831550446520309, 60.44845727146183], [9.831545340932161, 60.44846760006745], [9.831542454330084, 60.4484765753299], [9.83154245613026, 60.448479994448], [9.831544090616326, 60.44849031512784], [9.831560096074043, 60.44850074455787], [9.831578105087031, 60.44850774284406], [9.831601021563264, 60.4485170912863], [9.831609740320529, 60.448520669294226], [9.83162338439773, 60.44853334627426], [9.83162557851966, 60.44853901000893], [9.831622677689648, 60.448548074694564], [9.831610662908066, 60.448562903405815], [9.831603397637336, 60.448569639041075], [9.831594145399318, 60.44857512776556], [9.83157741838231, 60.448587523929554], [9.831563048631162, 60.448598842048135], [9.831558154864497, 60.44860441021622], [9.831550505014958, 60.448613560223556], [9.831545449875643, 60.44862928928782], [9.831549638703258, 60.44864186865772], [9.831551633417776, 60.448648784291734], [9.8315534530705, 60.44865794249452], [9.831557466841963, 60.448672764432956], [9.831561844984135, 60.44868301181248], [9.83156147646948, 60.44868875588445], [9.831561119851225, 60.448698999166304], [9.831558578661399, 60.44871266655346], [9.831553111009915, 60.44872298108638], [9.831548395884244, 60.44873314492111], [9.831538598206599, 60.448743201163516], [9.831526575567539, 60.44875236114267], [9.831514780811002, 60.44876009037988], [9.83149788274767, 60.44877355958764], [9.831490413850178, 60.448782716626916], [9.831483184724565, 60.448794942134754], [9.831478073114429, 60.44880302113169], [9.831475717609159, 60.448807518290984], [9.831479902278645, 60.448821267175866], [9.831483729078935, 60.448833832475046], [9.831486089962247, 60.44883959266942], [9.831483195004727, 60.44885090695578], [9.831473551585683, 60.44886456818934], [9.831468466657569, 60.44886904922528], [9.831454306237788, 60.44888019552354], [9.83143759324859, 60.44889250224571], [9.831425751535868, 60.448901669250915], [9.831413938303259, 60.448910657412426], [9.83139468696268, 60.448924035132485], [9.831389949794403, 60.44892861965919], [9.831385061881099, 60.44893643742452], [9.831389244744358, 60.44894676719409], [9.831391054274, 60.44895484530673], [9.83139089522279, 60.44896041757156], [9.831392700599523, 60.4489696651972], [9.831394708950663, 60.44898449916047], [9.831396530944758, 60.44898906873404], [9.831398360657596, 60.448999307030064], [9.831395988510277, 60.44900848223957], [9.83139274572213, 60.44901969302914], [9.831388353947116, 60.44902896968041], [9.831387461943475, 60.44904486057393], [9.831384571084142, 60.44905500534429], [9.831374760789952, 60.449068570111486], [9.831367491197444, 60.449076475244524], [9.831353320561302, 60.449086541438604], [9.831341317914282, 60.449097861581876], [9.83133405008169, 60.44910918583053], [9.83132405280565, 60.4491204939523], [9.831316784961619, 60.44913181819983], [9.831316597407561, 60.44913756930682], [9.831323502008185, 60.44914224648268], [9.83132534594795, 60.44915239535812], [9.831324798142404, 60.44916155150972], [9.83132881424234, 60.449171784823314], [9.831330816641332, 60.4491843691824], [9.831332462945634, 60.449199189073106], [9.83132973050927, 60.44921176932543], [9.831317912976257, 60.44922192698937], [9.831310480721568, 60.44922856614786], [9.831298663176232, 60.44923872380994], [9.831284103699334, 60.449252373882295], [9.831277019213951, 60.44925911653312], [9.831262671613096, 60.449268006166506], [9.831255758048895, 60.44927367576105], [9.8312386827479, 60.44928596838113], [9.831229049806886, 60.449292701937395], [9.831226695990948, 60.449300618208675], [9.831223947496776, 60.4493098687619], [9.831221424509476, 60.4493222772054], [9.831218340072514, 60.449335923472944], [9.831210518374245, 60.44935415425943], [9.831207832768865, 60.44936529673172], [9.83120507769985, 60.44938030542752], [9.831204539936106, 60.4493905416696], [9.831199104054685, 60.44940751557673], [9.831196033198268, 60.4494290801698], [9.83119549126813, 60.44944048592459], [9.831189861870985, 60.44946096133299], [9.831187133514648, 60.449472372068286], [9.831186611744018, 60.44948593800619], [9.83117588060788, 60.44951557248807], [9.831171348007812, 60.44952916245988], [9.831163536966491, 60.44954046558659], [9.83115864824417, 60.44955629108872], [9.831155722853556, 60.44956436509022], [9.831150283406895, 60.449574500759915], [9.831147931300684, 60.44958583614632], [9.83114520291693, 60.4495972468803], [9.831132868209536, 60.4496117932022], [9.831123020811939, 60.44962787581485], [9.831115756941012, 60.449638030535816], [9.831105946347003, 60.44965159527886], [9.831096125665736, 60.449664079929526], [9.831093419832786, 60.44967306221525], [9.831090876603263, 60.44968331047178], [9.831087800402203, 60.44969461770916], [9.831087260170625, 60.44970944257986], [9.831086893296833, 60.449718605765945], [9.831090534175512, 60.44974034129778], [9.83109017738034, 60.449750584575426], [9.831092373226271, 60.44975966743526], [9.831086929557651, 60.44977097261431], [9.83108472402685, 60.44978024427395], [9.831078936052188, 60.44979828419178], [9.831078573340633, 60.44980627786495], [9.831073495179496, 60.44982443535119], [9.83106532547986, 60.44984256263086], [9.831057882264501, 60.44985612942778], [9.831057877412714, 60.44986530668738], [9.831052429544641, 60.44987778137732], [9.831044982146866, 60.449892517686045], [9.831035173180448, 60.44990950153925], [9.83103007968407, 60.44991632158068], [9.83102044407525, 60.44992764374836], [9.831010657668859, 60.44994219915278], [9.831003194255247, 60.44995360576291], [9.830995921928816, 60.449966099501104], [9.83098375794975, 60.44997957275162], [9.830974115695357, 60.44999665305776], [9.830963947062527, 60.45000903420103], [9.830952122500024, 60.45002494996897], [9.830941951405913, 60.45004191973988], [9.830936702896377, 60.45005314252717], [9.83093414950881, 60.45006231068788], [9.830929240438246, 60.45007597599552], [9.830926168309846, 60.450086113714946], [9.83092308121356, 60.45010434860174], [9.83092307459377, 60.45011010674385], [9.830922716009571, 60.450116930903185], [9.830924176961448, 60.450132913271524], [9.830928372330911, 60.450139734516554], [9.830930739098159, 60.45014774432417], [9.830932026662705, 60.45016938837623], [9.830938206626342, 60.45018204517143], [9.8309447486322, 60.45019471604061], [9.830950955367342, 60.45020377487612], [9.83096205724862, 60.4502186924336], [9.830968428325237, 60.45023243635617], [9.830972627177516, 60.45024609583367], [9.830976620694393, 60.450258757603756], [9.830978643859082, 60.45026549440268], [9.830980086424704, 60.45028273570445], [9.830984456232516, 60.45029532212727], [9.830986285867791, 60.45030556042707], [9.830985751468546, 60.45032263489996], [9.830987210723745, 60.450335198150995], [9.83098704741323, 60.45034193992635], [9.830984115288183, 60.45035577206424], [9.83098613601976, 60.45036709749255], [9.830996875929593, 60.4503820009737], [9.831005977298014, 60.450387753282996], [9.831012540219875, 60.45039457658606], [9.831021432083752, 60.45040050069976], [9.831037434111193, 60.450412099713155], [9.831048365848426, 60.45042008257259], [9.831061823535842, 60.45043050297407], [9.831077632754011, 60.450437595737625], [9.831088916472615, 60.450444512576354], [9.831113667991058, 60.450462929902244], [9.831133678601912, 60.4504790935036], [9.831146603358393, 60.45049057287798], [9.831164962907026, 60.450501093843364], [9.831180607157629, 60.4505115092543], [9.831198795789305, 60.45052310326997], [9.83120299542695, 60.45052875499469], [9.831216288187054, 60.450542498040676], [9.83122063379, 60.45055409378669], [9.831220087666367, 60.45056666905309], [9.831210295223862, 60.450578974865785], [9.831196112027051, 60.45058454182448], [9.831186824724046, 60.45058795974985], [9.83117719553732, 60.450593523783944], [9.831163008163164, 60.45060026025166], [9.831146845542541, 60.45061024900813], [9.83113466779995, 60.45061580394417], [9.8311232058045, 60.45062372605199], [9.831108487162956, 60.45063494061128], [9.831096664853247, 60.450646267759666], [9.831087039114975, 60.450658670020466], [9.831077048897031, 60.450675646836075], [9.831071413263995, 60.45069387262946], [9.831068709062405, 60.450706274029514], [9.831070336874363, 60.45072235285477], [9.831071812156518, 60.450738245800615], [9.831076351258604, 60.45074634004982], [9.831080548472443, 60.45075658040785], [9.83108692386192, 60.45076915481335], [9.831088928662192, 60.45077715054486], [9.831092561975554, 60.4507932173551], [9.831094763786764, 60.45080454981908], [9.831098945026524, 60.45081146048107], [9.831107311679006, 60.45082411229203], [9.83110677557919, 60.45083776764851], [9.831108784555543, 60.45084459386711], [9.831115322581125, 60.45085843424229], [9.831119719255511, 60.45086742270238], [9.83112171399072, 60.45087433834201], [9.83112590289888, 60.45088691772428], [9.831130081731823, 60.45089841701493], [9.831140638426916, 60.45091790207938], [9.831149556523059, 60.450928235973386], [9.83115813031731, 60.45094530460562], [9.831159935709195, 60.450954552233306], [9.831154849722447, 60.450967040998165], [9.831147404517267, 60.45097718867913], [9.83114485943662, 60.450984017817625], [9.831139977041621, 60.45099408517206], [9.831137226610808, 60.45099991660321], [9.831136865629178, 60.451011329392486], [9.831147805242544, 60.45102498096709], [9.831154355816933, 60.45103531280277], [9.831158359565325, 60.45104905466], [9.831155103956096, 60.451063773976195], [9.831154908011653, 60.4510718641068], [9.831147454446997, 60.451084350812756], [9.83114219923119, 60.45110133174798], [9.831135114293785, 60.45110807438476], [9.831122939842222, 60.4511204675506], [9.83110403309006, 60.45113052958655], [9.83108057223159, 60.451140594537534], [9.831059293724305, 60.451151824019774], [9.831045117885115, 60.45116305967933], [9.831040213546888, 60.451167547729774], [9.831039860868216, 60.45117662149296], [9.831039145435073, 60.45119368892788], [9.83104115441539, 60.45120051514737], [9.831040791661312, 60.45120850881912], [9.831040414661143, 60.45121659191206], [9.831040232931086, 60.45122459262083], [9.831042256159012, 60.45123132941911], [9.831044075775408, 60.45124048762675], [9.831048445718126, 60.451253074048246], [9.831060832867786, 60.45127478967238], [9.831069547419611, 60.451287544981724], [9.831076297458258, 60.451296624924545], [9.831085026267377, 60.45130929081178], [9.831089032446304, 60.451318444041604], [9.83109576408147, 60.45132878291739], [9.831104511320907, 60.4513401898697], [9.831111241225663, 60.45134710962814], [9.831117780030684, 60.45135294225789], [9.831126873348008, 60.451361033587325], [9.831140172991272, 60.451369018501715], [9.831147078024165, 60.45137369569135], [9.831146898741894, 60.45137710777113], [9.83114993101408, 60.45138208429153], [9.831149792044833, 60.45138981673701], [9.831150126667477, 60.45140143651597], [9.831137640443385, 60.45141921606483], [9.831129054780318, 60.45144452518552], [9.831125192451998, 60.45146533921568], [9.831116715513101, 60.451479675615715], [9.831100037840377, 60.4514894644068], [9.831086387221974, 60.45149397236769], [9.831081834813507, 60.45149739440163], [9.831070214043981, 60.451502881016864], [9.831060395190514, 60.45151077702655], [9.831053330292315, 60.451519679840175], [9.831048213941292, 60.451528928324564], [9.831043146228101, 60.45154015814907], [9.83104060524713, 60.45154581777182], [9.831038065995989, 60.45155489651102], [9.831037707404539, 60.45156172066988], [9.831037515593337, 60.451568641287004], [9.831037161173303, 60.45157429593328], [9.83103680258124, 60.45158112009214], [9.831045535617228, 60.45159261646983], [9.831054453857178, 60.45160295037152], [9.83105899550324, 60.45160645599304], [9.831074455036424, 60.45161803389712], [9.831090295050144, 60.45162836693977], [9.831105945708009, 60.45164103196884], [9.831112665595546, 60.451646871636406], [9.831121582132111, 60.4516537864174], [9.83113251012434, 60.45166293878711], [9.83113924183931, 60.45167327766141], [9.831142875255358, 60.451689344470566], [9.83114034192855, 60.451700672815804], [9.831137792613534, 60.45170867146557], [9.831127794423447, 60.45171997955917], [9.831123075204873, 60.451723305135914], [9.831116175317959, 60.45172888529394], [9.831104163922495, 60.451734536679524], [9.83109705868049, 60.45173911912934], [9.831082890928453, 60.451748015764146], [9.831070899670246, 60.45175582732929], [9.831061270107565, 60.451761391349855], [9.831049614132993, 60.45177281494589], [9.831042358069416, 60.45178063062955], [9.831032550924524, 60.451793025843656], [9.83104128401215, 60.451804522222105], [9.831054376021052, 60.4518160980685], [9.83106602642584, 60.45182185947577], [9.83107731477885, 60.451827606807996], [9.831088594794885, 60.45183569316442], [9.831097501300196, 60.45184152785613], [9.831117692008197, 60.451854279388826], [9.831122052666846, 60.45185777797166], [9.83112859157203, 60.45186361060191], [9.831139705881345, 60.451883027358335], [9.831143699632495, 60.45189568912482], [9.831145527642386, 60.45190250830617], [9.831136086723145, 60.451913748089105], [9.831128830646918, 60.451921563777226], [9.831124086381784, 60.451931906428996], [9.831116105488197, 60.45194770171397], [9.831109010275753, 60.45195336425514], [9.831103759046337, 60.45196917567296], [9.831110130489089, 60.45198291959159], [9.831114673928857, 60.45198984432828], [9.83111831917328, 60.45201041034575], [9.831115063427394, 60.45202512965823], [9.831103415712807, 60.45203421423268], [9.831089052554287, 60.45204319325052], [9.83107978496526, 60.45204877134533], [9.831067783517012, 60.45205550281726], [9.831048890435207, 60.452065475416354], [9.831039616932003, 60.452068803904346], [9.831027605394784, 60.45207445528112], [9.831015796753933, 60.45208569299282], [9.831005983602452, 60.45209583859955], [9.83101234077929, 60.452109671943646], [9.831028003428568, 60.45212683619147], [9.831038903053763, 60.45213616741248], [9.831054549753649, 60.45215000196232], [9.83106331143133, 60.45216131949789], [9.831067665510444, 60.45217057622419], [9.83106930414327, 60.452179727394366], [9.831066948312996, 60.4521842245413], [9.831064588309994, 60.45218989120068], [9.8310616626255, 60.45219796519498], [9.831056775830822, 60.45220920205518], [9.831053859501539, 60.45222636388567], [9.831053690274038, 60.45223085605621], [9.831062421749445, 60.45223893331806], [9.831071352677624, 60.45224575868276], [9.831082608511055, 60.45225285437103], [9.83110245337987, 60.45226892152977], [9.831107186226717, 60.452273514278986], [9.831111357566696, 60.45227934485074], [9.831111012519644, 60.452294087333506], [9.831105932885764, 60.452300817950714], [9.83109883932442, 60.45230989960655], [9.831091027539866, 60.452321202717535], [9.83108884856062, 60.45232687641426], [9.831081394658097, 60.45233936311121], [9.831078490842199, 60.45235301640459], [9.83107812807, 60.452361010075556], [9.831075582851577, 60.45236783921032], [9.831075044949625, 60.45237807544802], [9.83107887784439, 60.452392890361864], [9.831085778906846, 60.45239873706931], [9.831089803622715, 60.45240663136619], [9.831100887852582, 60.45242280785294], [9.83111418130361, 60.452436550915856], [9.831123114030083, 60.452446795394124], [9.83113638734738, 60.45245837827237], [9.831147105384236, 60.45247571019427], [9.831156028054451, 60.452484874579184], [9.831169317384305, 60.452499787149655], [9.831175852252871, 60.45250678929149], [9.831184608153764, 60.45251585721653], [9.83119789334094, 60.45253193929697], [9.83121336691496, 60.45255143551421], [9.831226287644187, 60.45257209214728], [9.83123247229969, 60.45258357942062], [9.831238837317779, 60.45260308147604], [9.831235412346134, 60.45262229296153], [9.83123302975687, 60.45263038806994], [9.83122103994169, 60.452641618760794], [9.831216127058767, 60.4526484458397], [9.831206142153093, 60.452667672259075], [9.831203063230566, 60.452683568121955], [9.831200145181324, 60.452697310839], [9.831197255621811, 60.45271087471356], [9.831194716306637, 60.45271995345419], [9.831189265527868, 60.45273701677006], [9.831186373530706, 60.45275516927306], [9.831185658097567, 60.45277223670686], [9.83118238144328, 60.45279280358195], [9.831182205627956, 60.452803053893895], [9.83117638859021, 60.45282127264743], [9.831173319711745, 60.45283824860035], [9.831168080162827, 60.452858559225625], [9.831165147832895, 60.45287239136253], [9.831160075756639, 60.45288479070052], [9.831152631119586, 60.4529063652358], [9.831149560483185, 60.45291992207156], [9.831139007319196, 60.452946144447615], [9.83113396371318, 60.45295836494188], [9.831128671301434, 60.45297786373714], [9.831127787306675, 60.45299141559545], [9.831127582976645, 60.45300184474931], [9.831129404423622, 60.453014422072], [9.831130863802478, 60.453026985320584], [9.831130873171876, 60.45303607315664], [9.83113033109422, 60.45304747890644], [9.831127433831144, 60.45305537405843], [9.831122343290076, 60.45306903232786], [9.831120164259424, 60.45307470602417], [9.831115231135875, 60.4530793729155], [9.831098798983502, 60.45308647202232], [9.831088684629254, 60.453095076359446], [9.831082347685305, 60.45310283780517], [9.8310738970307, 60.453113576236404], [9.83107276491078, 60.45312639865019], [9.831078176825786, 60.45313587644213], [9.831077641346566, 60.45314152405049], [9.83108001077856, 60.453144945227955], [9.831077459590777, 60.453149524757876], [9.831074926101378, 60.45316085309867], [9.831072399231543, 60.45316642329854], [9.83106983551953, 60.45317451136551], [9.831069300037875, 60.45318015897377], [9.83106440128296, 60.453186896624175], [9.831059321490407, 60.45319362723726], [9.831059304793586, 60.45319830528683], [9.831056948880851, 60.45320280243224], [9.831054230896179, 60.45320728550328], [9.831049507271693, 60.45321178058658], [9.831044420844925, 60.45322426933974], [9.831037312804659, 60.45323344040998], [9.831034415500172, 60.453241335559326], [9.831029514273688, 60.45325266183655], [9.831028781045427, 60.45326298045685], [9.831030629236766, 60.453271959822004], [9.831032980250265, 60.45327663993388], [9.831032800935319, 60.45328005201265], [9.831029896994787, 60.453293705302514], [9.831027355858732, 60.4532993649224], [9.831024450193768, 60.453309599096094], [9.831024457809454, 60.45331526781564], [9.83102408492981, 60.45332218139424], [9.83102172900237, 60.45332667853881], [9.831016650896771, 60.45333682826571], [9.831013940507992, 60.45334698005513], [9.831013761190295, 60.45335039213383], [9.831010837092263, 60.45336188524062], [9.831006290298298, 60.45336755687155], [9.831001377253004, 60.45337438394019], [9.830998659245168, 60.45337886700975], [9.830991213400184, 60.45338901467231], [9.830990854759028, 60.453395838829564], [9.830986132812612, 60.45340375302597], [9.830983585766838, 60.453407163041206], [9.830976685483746, 60.45341274318645], [9.830971772424954, 60.453419570253814], [9.830969054408943, 60.45342405332264], [9.830961775333273, 60.45343429744174], [9.83095686226789, 60.453441124508444], [9.830942504316983, 60.45345235310459], [9.830935233584587, 60.45346025819739], [9.830930149540464, 60.453468158316795], [9.830920527027502, 60.45347939103894], [9.830911055342789, 60.45348739052422], [9.830903971518458, 60.45349755225592], [9.830896704946781, 60.45350428783407], [9.830891252925568, 60.45350992427354], [9.830891258040262, 60.453520181620654], [9.830888366556813, 60.453530326369275], [9.830888349832719, 60.4535350044184], [9.830888166318744, 60.45353958600897], [9.830885256403548, 60.4535509896909], [9.830884895259384, 60.45356240247542], [9.830884196353516, 60.45357479185509], [9.830885832507988, 60.45358853165453], [9.830885835915836, 60.453595369885896], [9.830883115394323, 60.45360444158053], [9.830883117097889, 60.453607860696195], [9.830884576396297, 60.453620423945964], [9.830888596244838, 60.4536374955052], [9.830888401889753, 60.45364900474819], [9.830883513088153, 60.45365682248145], [9.83088060981888, 60.45366246802283], [9.830873343203768, 60.453669203599084], [9.83086642689487, 60.45367145404304], [9.830859150209378, 60.45367710952735], [9.8308524107534, 60.45368053652025], [9.83084279899719, 60.453684841583105], [9.830835512239947, 60.45368941697492], [9.830831164836374, 60.45369383670288], [9.830823692853489, 60.453699574568745], [9.830823154828757, 60.45370981080289], [9.830825711191084, 60.45371548862577], [9.830829347114982, 60.45372696681364], [9.83083390915074, 60.45373263262773], [9.83084027072204, 60.453745296468895], [9.830844641658764, 60.45374987515407], [9.83084898580024, 60.45375805179697], [9.830853376869948, 60.45376479066413], [9.830859926158118, 60.45377170340185], [9.830861931050109, 60.45377969913622], [9.830864106916378, 60.453786621816924], [9.830868492109545, 60.453791111080285], [9.830870495303369, 60.45379568769894], [9.83087231079599, 60.45380601542025], [9.830872312497343, 60.453809434535856], [9.830871952120795, 60.453812839576514], [9.830871774484349, 60.453819670770244], [9.83086723178051, 60.45382417288289], [9.830857581421943, 60.453827576697435], [9.830848502674181, 60.45383082278143], [9.830841576264055, 60.453831993132525], [9.830834149479987, 60.453832874107384], [9.830820329337348, 60.453833866453216], [9.830799572718373, 60.453834949055405], [9.830790302860974, 60.453837108006724], [9.830778490084374, 60.453841507455685], [9.830773951550318, 60.45384484005273], [9.83076192923338, 60.45384941130482], [9.830747945666891, 60.45385714541515], [9.830740674791997, 60.453865050495324], [9.830735769985102, 60.45386953852787], [9.830730667388098, 60.453878697571255], [9.830734699742345, 60.45389226059761], [9.830734697241473, 60.45389684922519], [9.830741417507546, 60.45390268891527], [9.830745792637112, 60.45390609809156], [9.830750330372124, 60.45391077323861], [9.83075453033919, 60.453916424980264], [9.830761423279556, 60.45392461073142], [9.8307679910127, 60.45393026454043], [9.830779281716616, 60.453939431020714], [9.83078345738164, 60.453944092091604], [9.830794567054907, 60.4539532515331], [9.830798919578466, 60.4539590891533], [9.830806010317797, 60.4539626038911], [9.830819302544942, 60.45397292787238], [9.83082821126351, 60.45398218170317], [9.83083693476335, 60.45399259800809], [9.830838956395382, 60.453995915693916], [9.830836576076667, 60.45399942216406], [9.830836392549411, 60.45400400375425], [9.83082713689351, 60.454006073286386], [9.830820405733009, 60.45400716125227], [9.830812960475397, 60.45400930115873], [9.83079676999556, 60.45401488006185], [9.830784934534343, 60.45402170795598], [9.830780033894605, 60.45402502647773], [9.830775676374204, 60.45402836611205], [9.830772962462241, 60.45403167966347], [9.830771255177236, 60.45403782157039], [9.830756748531774, 60.45404769474982], [9.83073617450005, 60.45405220349333], [9.830721983804674, 60.45405552077678], [9.830696488990425, 60.45406118785121], [9.830684844590527, 60.4540691028647], [9.830680119953874, 60.45408160567501], [9.830687024647624, 60.45409429063635], [9.830696151275076, 60.45410103364708], [9.83070963125629, 60.45410560653758], [9.830721453379638, 60.45411029492992], [9.83073730114423, 60.454114869886325], [9.830762605770088, 60.454119542534116], [9.830785723667477, 60.45412422014726], [9.830806302817006, 60.45412996874279], [9.830831594912373, 60.45413814991428], [9.830852188327114, 60.45414380908181], [9.830866016182204, 60.45414848545308], [9.830875112666359, 60.45415198817891], [9.830886781505614, 60.45416449842052], [9.83089335100895, 60.45417357133963], [9.830888801592604, 60.45418383159218], [9.830888800812456, 60.454191839335415], [9.830888248544232, 60.454202164990654], [9.830895182617859, 60.45420666335692], [9.830904285005603, 60.45421241568427], [9.830913391578026, 60.454216998498815], [9.830922677489784, 60.45421816923466], [9.83092941210159, 60.45422391949518], [9.830940881516788, 60.45423768162854], [9.830931599009379, 60.45424334912499], [9.830922141342793, 60.45425125918663], [9.830917417541004, 60.454255754262725], [9.83091251192118, 60.45426825004441], [9.830914691232365, 60.454282010955566], [9.830923992342061, 60.45429451912911], [9.830937282262614, 60.454309431728184], [9.830946406527099, 60.45432076335076], [9.830955498121897, 60.45433344332728], [9.830959872565503, 60.45434486024071], [9.830966808387142, 60.45435277771923], [9.83098738030725, 60.454372292172295], [9.831000857219916, 60.45438946140636], [9.831005231686099, 60.45440087831853], [9.831009606155158, 60.4544122952306], [9.831014003231335, 60.45442128369688], [9.831018733899192, 60.454430465079945], [9.83101618012757, 60.45443963323465], [9.831013633958305, 60.45445447010819], [9.83101365505715, 60.45446805714934], [9.83101092023793, 60.454477218266554], [9.83100621161849, 60.4544930507832], [9.831008199867679, 60.454505724564804], [9.831012751214477, 60.45451831802638], [9.831024418518329, 60.454527409142244], [9.831037892081184, 60.454537740142165], [9.831056288204962, 60.454550331907704], [9.8310650286288, 60.45455607015093], [9.831081072930926, 60.45457198954478], [9.831081072193335, 60.45457999728832], [9.831074163314403, 60.454587916459644], [9.831059949813245, 60.4545936622221], [9.831043761540071, 60.45459465252404], [9.83103209688564, 60.45460040738403], [9.831022820178154, 60.45460832448887], [9.831022835386452, 60.45461966192659], [9.831027208174005, 60.454627659722746], [9.831031762007164, 60.454635664556086], [9.831034119001501, 60.454642594271895], [9.831040526984145, 60.45466182807328], [9.831042877341316, 60.45467451592901], [9.831051449506402, 60.45469617320171], [9.831060565558703, 60.45470984384237], [9.831078966940273, 60.45473269295264], [9.831083152816396, 60.454738434106666], [9.831092097920514, 60.4547531777993], [9.83109865752066, 60.45476117061889], [9.831107936230977, 60.454776107227325], [9.83111722747526, 60.45478753529841], [9.831126343579191, 60.454801205935134], [9.831132884774577, 60.454810457686634], [9.831132707176888, 60.454817288880676], [9.831125796534325, 60.45482178893845], [9.831113979261158, 60.45482735792519], [9.83110923697437, 60.454833111940545], [9.831109250488144, 60.4548410302628], [9.831118173763683, 60.45485019465627], [9.831122741895566, 60.454858110065835], [9.831130011455029, 60.454866220454015], [9.831140959904467, 60.45488554075949], [9.83114312681721, 60.45490281020459], [9.831144972660258, 60.45491637819624], [9.831144812759309, 60.454929958200346], [9.831142256525819, 60.45494371498484], [9.831146639455753, 60.45495279286884], [9.831146639727292, 60.454972227471345], [9.831141554750902, 60.454988135338866], [9.831136995212539, 60.454997315507605], [9.831132079477637, 60.45500873120517], [9.831122800218237, 60.45502123694333], [9.831117894546425, 60.45503373273127], [9.831113174092371, 60.45504506604398], [9.831110996629818, 60.45505415885298], [9.83110119017721, 60.45506997317202], [9.831094073368908, 60.45508148326337], [9.831082619802531, 60.4550904854359], [9.831070965042649, 60.45509732038798], [9.83105913758755, 60.45510180927729], [9.831045501380025, 60.45510964690791], [9.831038382830831, 60.455117737880464], [9.831035676450668, 60.45512672015476], [9.83103804525723, 60.455138149077115], [9.831044600738336, 60.455147311412055], [9.831046786790113, 60.455155314181596], [9.831060459333102, 60.455172401028946], [9.831065196754203, 60.45517582427146], [9.831078674766252, 60.45518498575797], [9.831083212719177, 60.455189660895954], [9.831085404676443, 60.4551999132682], [9.831078493197124, 60.455212421065305], [9.831071407306059, 60.4552191636849], [9.83106650575872, 60.455230489957955], [9.831061392950984, 60.455238568920365], [9.831059217923057, 60.455243073100426], [9.831056866025829, 60.45524640073099], [9.83105685349087, 60.45524990926753], [9.831042658318053, 60.45527383069203], [9.831040130503224, 60.455287408630994], [9.831044496730499, 60.45530116456696], [9.831049040584547, 60.455308089309405], [9.83106034361139, 60.455321754978065], [9.831067267870543, 60.45532517324712], [9.831074354752642, 60.455329857486454], [9.831078912864918, 60.45533669280685], [9.831078535774028, 60.45534477589641], [9.831074198240213, 60.45535027572034], [9.83106451894451, 60.45535385838635], [9.831057616531695, 60.4553560194145], [9.831043795743927, 60.45535701177545], [9.831029950638404, 60.455357013465076], [9.831023023905924, 60.4553581838215], [9.83100683942979, 60.455358004602004], [9.830994995914951, 60.45535916379008], [9.830981152513349, 60.45536258458988], [9.830972244321236, 60.455364757623116], [9.830962589325164, 60.45536933095137], [9.830957867060398, 60.455377245141726], [9.830957878050556, 60.455389752090504], [9.830955325874198, 60.45540233935731], [9.830948583579096, 60.45541035497756], [9.830939129745037, 60.45541709552329], [9.830925125395256, 60.45542266946131], [9.83090420853753, 60.45542932432673], [9.830883448406869, 60.455434995556416], [9.830880720132209, 60.45543839852945], [9.830876355747566, 60.455447496303655], [9.830864507208142, 60.45545783273391], [9.830850869110412, 60.45546225122685], [9.830820468964507, 60.45546439860192], [9.830806813237965, 60.45546206828133], [9.830795344339414, 60.45545973299028], [9.83077019791994, 60.45544948807717], [9.83074472127714, 60.4554458884717], [9.830726150447877, 60.45544696608118], [9.83070994749061, 60.455448045758125], [9.83069831934583, 60.45545128271772], [9.830682089559742, 60.45545596034825], [9.83067279239962, 60.455461717242265], [9.83065462221027, 60.45546371016596], [9.83064022805524, 60.45546144109808], [9.830622222996672, 60.45546011136154], [9.830605997390572, 60.45546361947067], [9.830591992964898, 60.455469193372714], [9.830589612503601, 60.45547269983628], [9.830587260540838, 60.45547602745766], [9.830584708212664, 60.4554886147154], [9.83058707775099, 60.45549203590241], [9.830601097233382, 60.45549779943608], [9.830612219948353, 60.455503450361704], [9.830619125752866, 60.455508127586945], [9.830618952230436, 60.45551378926659], [9.830614227329956, 60.455526292070005], [9.830616421685546, 60.455531955821456], [9.83061841235456, 60.45554004097992], [9.83062314139087, 60.455545803262005], [9.8306228203164, 60.455561536405774], [9.83062280100926, 60.45557080308021], [9.830620438123624, 60.45558105835263], [9.830613327750234, 60.45558681027565], [9.830596963779147, 60.455590043081706], [9.83058785434327, 60.45559004886843], [9.830569458619388, 60.455588883890144], [9.830555646113876, 60.45558753717516], [9.83053724873617, 60.45558295307783], [9.8305190382655, 60.45558062561879], [9.830500294702397, 60.455579357133864], [9.83047952435699, 60.45558394820763], [9.830463519920752, 60.45559178369968], [9.830460964236309, 60.455597532725186], [9.8304560624133, 60.45560885897197], [9.830453512574463, 60.45561685759994], [9.83045352427129, 60.45562135680524], [9.830464811248536, 60.45563169282886], [9.830471729658239, 60.45563286152622], [9.830483202792363, 60.45563402733373], [9.8304899301039, 60.45563410890123], [9.830501763684513, 60.45563186966881], [9.83052272096007, 60.455629535232724], [9.830543450237078, 60.45562863153036], [9.830562028690256, 60.455633222665114], [9.830573324099463, 60.4556412196562], [9.830578058998466, 60.45564923154269], [9.830588989784527, 60.45566180308316], [9.830602650566812, 60.45567439077092], [9.83061886116477, 60.455678979825976], [9.830628147480361, 60.45568015058725], [9.830646529008813, 60.45568140497916], [9.830664719433399, 60.45568157223984], [9.83068348569754, 60.455680412257415], [9.830708979282477, 60.455679333828876], [9.830722627549546, 60.45567599544282], [9.830736647970909, 60.455673751221745], [9.83076194038134, 60.4556705055634], [9.83077595660854, 60.455669430850115], [9.830787444016885, 60.455670507210606], [9.830801272501393, 60.455675183595915], [9.830810179972348, 60.45568101831727], [9.830812754907067, 60.45568543720816], [9.830822048791967, 60.4556922766739], [9.830819488974095, 60.455699195218926], [9.830816951779784, 60.455703685318745], [9.830802922973785, 60.45570826857221], [9.830788912601841, 60.455711592891035], [9.830770717969404, 60.45571259515913], [9.830758884376412, 60.45571483441532], [9.830733573490814, 60.45571933900569], [9.830724109461594, 60.45572499944345], [9.830724124546265, 60.45573633687876], [9.830735576772677, 60.45574335022492], [9.830746882321082, 60.45575242729309], [9.830765273124777, 60.45576276950173], [9.830781110804148, 60.455774272113196], [9.830797329032283, 60.45578452986517], [9.830810819776099, 60.455790182844474], [9.83083193305969, 60.45579487247046], [9.830838670468076, 60.45579603411167], [9.830857027760208, 60.4557962978056], [9.830870887301085, 60.455796206715185], [9.8308845372942, 60.45579628742796], [9.830905648898673, 60.45579755792738], [9.830923851152251, 60.45580222435945], [9.830937702328443, 60.45580447228622], [9.83095152500917, 60.455806899053826], [9.830960637907177, 60.45581373147313], [9.830976495813522, 60.45582739424435], [9.83097868606801, 60.455834227502784], [9.830976148104664, 60.455846725348], [9.830976133076495, 60.45585482251143], [9.830973781123307, 60.455858150139676], [9.830969235651784, 60.455867240878746], [9.830966704346862, 60.45587398058447], [9.830959599849706, 60.455881982128815], [9.830957410511342, 60.45588657572741], [9.830954687300862, 60.455900236046574], [9.830954692397565, 60.455910493391755], [9.830954150158686, 60.455921899136534], [9.830951797411567, 60.45593323450643], [9.830951621456013, 60.455943484814064], [9.83095160393528, 60.45595617060441], [9.830958179676221, 60.45596749312654], [9.830962939028828, 60.45597649567066], [9.830971658892866, 60.45598808148415], [9.83098094701149, 60.45599267133713], [9.83099243206164, 60.455998336308525], [9.831006260714025, 60.45600301267447], [9.831022286301017, 60.45600876415763], [9.831033561815667, 60.45601460093051], [9.831047414797968, 60.45602026796218], [9.831047257299495, 60.45602925933701], [9.831047248174807, 60.45603960610354], [9.831045060544692, 60.45604761881865], [9.831040342373289, 60.45605436349837], [9.83102849612912, 60.45606011131339], [9.831016837590377, 60.456060108025504], [9.831005374351871, 60.45606002235286], [9.830993915295672, 60.45605876716719], [9.830980255125272, 60.45605760637331], [9.830968419719273, 60.45605642653167], [9.830956772945767, 60.456060922444465], [9.830956786407631, 60.45606884076543], [9.830959129225539, 60.456075859903905], [9.830961157783557, 60.456092854049025], [9.830965170331346, 60.45610425688849], [9.830969902905743, 60.45611685738977], [9.83096755602884, 60.45613044236261], [9.830965014634772, 60.45613610197697], [9.8309531901747, 60.45614742908155], [9.83094844347097, 60.456154352599754], [9.830936800050269, 60.456165686740206], [9.830929866466144, 60.45617261522849], [9.830922774445806, 60.45617710823368], [9.830913511490968, 60.45618493590276], [9.830904033103534, 60.45619068577288], [9.830888032646866, 60.456197351801144], [9.83087856681111, 60.45619959313335], [9.830869639943849, 60.45620302508972], [9.83085999305295, 60.45620525938297], [9.83084179983016, 60.45620968077212], [9.830834508299743, 60.45621542566778], [9.830827593120661, 60.45622109521723], [9.830820488509259, 60.456229096752544], [9.830827039944513, 60.45623942861126], [9.830831787551478, 60.45624393195423], [9.830838713662597, 60.45625076935184], [9.83084510586328, 60.45626667346862], [9.830845105046164, 60.4562746812102], [9.830838006299478, 60.456284932349156], [9.830830895803535, 60.456290684282], [9.830819621091816, 60.45629627434763], [9.83080542103303, 60.45630193065107], [9.830791424651464, 60.45630516554571], [9.830770497130803, 60.456310740291336], [9.83075444797151, 60.45631542496291], [9.830747130418738, 60.45631676006882], [9.83073589675884, 60.45631866274911], [9.830710591259077, 60.456325416931726], [9.830694198421561, 60.45632882858717], [9.830680549873838, 60.456332166966654], [9.83066870765814, 60.45633674523558], [9.83066398683547, 60.45634807852673], [9.830656888014852, 60.45635832965503], [9.830638319116717, 60.456374253215515], [9.830624493687152, 60.45637641503915], [9.830601194833156, 60.45637514945584], [9.830594280458829, 60.45637281125142], [9.830578085429842, 60.456371551882796], [9.830557318780777, 60.456374973450366], [9.830538746519508, 60.45638405876747], [9.830527091169273, 60.45639089366392], [9.830520185948712, 60.45639764328696], [9.830513082871253, 60.45640906391862], [9.830505973939243, 60.45641823494734], [9.830500167630513, 60.456421518262566], [9.830483787326957, 60.45642142135584], [9.830369281965067, 60.456419759321065], [9.829206880944884, 60.45640110938156], [9.828438429262182, 60.456388772549225], [9.827264915842195, 60.4563701232817], [9.826511202708026, 60.456357898679684], [9.825399368362042, 60.45633974290587], [9.824420297793782, 60.456324135644195], [9.823662604501417, 60.456311739915066], [9.82281799882368, 60.456298295617074], [9.822116966151448, 60.456287017200026], [9.821329724826866, 60.45617214499155], [9.820600202141629, 60.456066624113305], [9.819845403986163, 60.45595741524509], [9.819278754863975, 60.45587469695486], [9.818618044455116, 60.455778683816945], [9.814601941605869, 60.455195743566826], [9.811993814475112, 60.455017985184114], [9.804430724912468, 60.45447949148209], [9.800896298017445, 60.45423283456454], [9.798387789367851, 60.4547774391487], [9.787567557756661, 60.45717518062978], [9.723429042730157, 60.4724397189869], [9.723021862577738, 60.47202746079055], [9.722338873678748, 60.47129858544182], [9.72174232149254, 60.47126591532966], [9.720320064352677, 60.47082254025512], [9.719589213704742, 60.47072145098184], [9.718540916814488, 60.470778810985884], [9.71795094769384, 60.47126846812669], [9.717212036305002, 60.47166195431704], [9.717331325082403, 60.47216142063952], [9.717980352982712, 60.472430330701044], [9.717246773950361, 60.47290501456559], [9.717162894608004, 60.47330669837707], [9.717662323908305, 60.473821441245526], [9.716791112420918, 60.47402079764405], [9.692503239114334, 60.47951473053835], [9.685533386236498, 60.48109926149361], [9.678905475323594, 60.48259804774723], [9.676945774581707, 60.4830954725836], [9.675398686092045, 60.483519578385575], [9.670357375706978, 60.484893111824675], [9.648151122409573, 60.4909394971268], [9.638945886929154, 60.493439569304705], [9.636461477634754, 60.495004252260294], [9.635080058679776, 60.49567000891371], [9.635014041339604, 60.49570181321328], [9.61829073367998, 60.499292149507866], [9.616814698254911, 60.49961049968748], [9.616309321299857, 60.49979694413604], [9.613671123102051, 60.50030212594686], [9.612772480817721, 60.50032874346177], [9.611785085361031, 60.500342672227134], [9.61109882897017, 60.50084601298605], [9.610485222802712, 60.50120875674947], [9.610087172471523, 60.50144389158882], [9.611954228214518, 60.502833280856926], [9.612864522635775, 60.50328418216255], [9.614011070276039, 60.50396034676701], [9.614835703260662, 60.504488848140696], [9.615531871100613, 60.505020785440806], [9.616809685229017, 60.50567532595807], [9.617581239635726, 60.50608458281065], [9.618510983987939, 60.50652704824248], [9.619369965444777, 60.50684974778822], [9.619877521995548, 60.507419209109486], [9.619982732384905, 60.50777433564609], [9.61985713348158, 60.50830920281216], [9.61972000348004, 60.50891559641059], [9.61942370733012, 60.50938047981198], [9.619242091647255, 60.50981418254487], [9.61895528242183, 60.51044143218444], [9.618844715103116, 60.51088682604249], [9.618988696766552, 60.51155866837758], [9.619094200643035, 60.51202179624486], [9.61845375599121, 60.5126889239044], [9.61729722216459, 60.51294822016942], [9.616033878436866, 60.512860951103846], [9.614923717275937, 60.51295112003541], [9.614209919455941, 60.513183215242336], [9.613278232415494, 60.513630927642836], [9.613277251461154, 60.513631337902076], [9.612884374251365, 60.5141283885229], [9.612822390206913, 60.51471991206616], [9.613141443436705, 60.515434845061264], [9.612641964822023, 60.51583525077676], [9.612637134028615, 60.515848913922625], [9.612585466485296, 60.515916926081125], [9.612538546636866, 60.51601671729483], [9.612556278925354, 60.51610535637705], [9.612619932150645, 60.51617803562771], [9.612648976086975, 60.51621628742652], [9.612833416971352, 60.516298084360386], [9.612991347445904, 60.516351630867966], [9.61306918201565, 60.51643343290538], [9.613092229321694, 60.51645398363069], [9.613165032047334, 60.51654737082357], [9.613228371451846, 60.51667457168043], [9.61326421851397, 60.516785991460274], [9.613281615290656, 60.516806493476864], [9.613281933292368, 60.51680677631826], [9.613345957559304, 60.51688162993956], [9.61344216534489, 60.516974794109515], [9.613537975793959, 60.5170659623116], [9.613629109235777, 60.517177549164124], [9.613688369702306, 60.51727992710028], [9.61374652372098, 60.517386759789126], [9.613769505668413, 60.51745266325788], [9.613778464722204, 60.51748218287514], [9.613851272091285, 60.51754596267574], [9.61396095149234, 60.51767116832574], [9.613955023904186, 60.517782427510795], [9.613954031410662, 60.5178914566035], [9.613999361957813, 60.517975542497986], [9.614031174102088, 60.51802569473777], [9.6140535323672, 60.518107411332394], [9.614043266208972, 60.51821183564249], [9.61403747148244, 60.51832777973858], [9.614004346650505, 60.51840941139677], [9.613971092371925, 60.51851155579077], [9.613961217073527, 60.51857963950284], [9.613946697816154, 60.51866355375033], [9.61396833435597, 60.51877043866771], [9.614041063815128, 60.5188796606361], [9.614215029979887, 60.51900035746924], [9.614297859954325, 60.519034665331354], [9.614412986196777, 60.519071269562865], [9.614555449294272, 60.51911473897988], [9.61479883965791, 60.51919018813158], [9.615033668805072, 60.51928526852252], [9.61528123704408, 60.51936853495367], [9.6154968754685, 60.51950324419926], [9.6156198298142, 60.51964419350746], [9.615687699364125, 60.51977607552053], [9.615737230467525, 60.519921614372045], [9.615919678006902, 60.520062719645296], [9.616102843242539, 60.520206103421884], [9.61619863850553, 60.52033146517771], [9.616201715087062, 60.52043363933273], [9.616196828864716, 60.52052442258851], [9.616177341297002, 60.52064260256001], [9.616102114947578, 60.520751239199996], [9.616004569936374, 60.52086014311433], [9.615902187127611, 60.52095094312433], [9.61573957956297, 60.521079983370846], [9.61555402363, 60.5211999061567], [9.615340813395465, 60.52130827128047], [9.615155568423788, 60.52140327864816], [9.61501177060266, 60.52149168305641], [9.614933094005016, 60.521529986625], [9.614881840355592, 60.52158451786949], [9.614853357854248, 60.52165031913497], [9.61479703717033, 60.52173857202952], [9.614736113395232, 60.52182924845706], [9.614689581413318, 60.52192230683151], [9.614646548959522, 60.52204259406419], [9.614627121788693, 60.52215159734058], [9.61459434735479, 60.52223549315726], [9.61456090900397, 60.52233763030291], [9.61455518188791, 60.52244439802706], [9.614568182707917, 60.522535184959594], [9.614580899680155, 60.52263315969288], [9.614575454800189, 60.52272617019922], [9.614556127783109, 60.52282140889867], [9.614527824763199, 60.52288721740127], [9.614476783184465, 60.52293716759963], [9.614346993397833, 60.52300499024893], [9.614207946566744, 60.52306370918091], [9.61407826078511, 60.52311335760029], [9.613984166586272, 60.52317623456536], [9.613832861376055, 60.52322851782919], [9.613773709253802, 60.52325699177326], [9.613679862770102, 60.523298640662986], [9.613600805529122, 60.523362215719544], [9.613578088403115, 60.523420780807], [9.613553652183493, 60.52346883737019], [9.613549369991727, 60.52348468255044], [9.613548385451073, 60.52356185512572], [9.613533437326264, 60.52365709094598], [9.61351441516471, 60.52375486167817], [9.613490019492168, 60.52384323591637], [9.613457096652564, 60.52391812645911], [9.613419317437492, 60.52400901892968], [9.61341382550452, 60.524108866909145], [9.613417465515656, 60.524204314812174], [9.613402869882313, 60.5243018146753], [9.613332056598384, 60.52445400451483], [9.613294023231088, 60.52455847535983], [9.613297524825489, 60.524683254794226], [9.61324975648703, 60.52483520708416], [9.613188652739842, 60.524984999999035], [9.613154315624428, 60.52517799171362], [9.61311577278486, 60.525339226367954], [9.61307322056175, 60.52546862190974], [9.61299780611774, 60.5256319644139], [9.612936370654369, 60.52577715431258], [9.612851826280819, 60.52594048734408], [9.612795768615856, 60.526006252581645], [9.612725280328789, 60.52614000722676], [9.612738156121434, 60.52624905758924], [9.612810887351666, 60.52636052971747], [9.612851047511741, 60.526483372739634], [9.61283610857251, 60.52660812605541], [9.612761321727449, 60.52672163879312], [9.612556968843533, 60.52683683844132], [9.612413426665933, 60.52690707300842], [9.612301589158482, 60.52702484581777], [9.612291528389576, 60.527124688967], [9.612331840097315, 60.52725428764739], [9.612404673947768, 60.52735199546584], [9.612528073234499, 60.52744104022905], [9.612610165328793, 60.52754785165396], [9.61265527225801, 60.52766621531839], [9.612653891487733, 60.52777972836152], [9.612661905957548, 60.527909190014924], [9.612669676530029, 60.52804998069021], [9.61269163277821, 60.5281637180069], [9.612713700535323, 60.52826144139231], [9.612703534429802, 60.52837945850785], [9.612651790489325, 60.528486164354625], [9.612544777965645, 60.52855850715971], [9.612432897892878, 60.52864910114754], [9.61233094422126, 60.52872614805622], [9.612261210975154, 60.528789560065725], [9.612158792636016, 60.528886926086315], [9.612111504287032, 60.52901181032964], [9.612092288188112, 60.52911398277836], [9.612100235024583, 60.52922301376456], [9.612131167634343, 60.52933657446651], [9.612047140988553, 60.529470411161604], [9.61185218653974, 60.52959264991428], [9.611662054586002, 60.529703474692504], [9.611596512331037, 60.52980089276357], [9.611576887473092, 60.52990988799137], [9.611575569709764, 60.530007655199505], [9.611584817630018, 60.53008695178968], [9.611541799698596, 60.53019824007635], [9.611471535355859, 60.53031850480944], [9.611392272115017, 60.53041824730651], [9.611330899756098, 60.530515834052004], [9.611233190275819, 60.53061995950736], [9.611139896980161, 60.53071292471991], [9.610973094143526, 60.53079877535704], [9.610848040113803, 60.530859857978186], [9.610833749472054, 60.53092587321623], [9.610897479738426, 60.53098946656543], [9.611044570905749, 60.53106462268127], [9.611237365713292, 60.53114936740609], [9.611296253565873, 60.53122887301232], [9.611295704134742, 60.53131983199295], [9.611285491001412, 60.53141507945813], [9.611229468337253, 60.53146959688078], [9.611145874888418, 60.53153064780878], [9.61103949992135, 60.53158483732194], [9.610979037938959, 60.53161667717035], [9.610964853637398, 60.53163932090343], [9.61094613851971, 60.531657371699644], [9.610954384074935, 60.53167912333198], [9.610959982191261, 60.531693748498824], [9.610793770748584, 60.53214525784144], [9.610765240949226, 60.53224300371967], [9.610685740685536, 60.53235398530956], [9.610572815473066, 60.532558105035946], [9.61041761772981, 60.53286679364275], [9.610197416885294, 60.53324547428173], [9.60992447748995, 60.53376735620751], [9.609582562840385, 60.53428221627273], [9.609469643185363, 60.53452017244197], [9.609243920446799, 60.53495811294935], [9.609135177394027, 60.535219185857166], [9.609009797487737, 60.535336858761994], [9.60891559370618, 60.535520587510945], [9.608769884313656, 60.5357951923664], [9.608708492040648, 60.53592454458652], [9.60850682111216, 60.53628057587682], [9.608394448867925, 60.53641659329993], [9.608328231123393, 60.53659128577312], [9.608174470077785, 60.53674326576661], [9.60807632157269, 60.536885978291366], [9.607995728714107, 60.53710850412611], [9.607928980839283, 60.537310442476006], [9.607733399006797, 60.537496275551014], [9.607713434816835, 60.537630184609306], [9.607555335947536, 60.53777964868584], [9.60729071804311, 60.53842632272485], [9.607257381520258, 60.5385056953492], [9.607203988855888, 60.53856184794653], [9.607197096338464, 60.53856921814164], [9.6071829606314, 60.53862219076772], [9.607170383365068, 60.53866910706832], [9.607158673591353, 60.53870534949309], [9.607105556091238, 60.53878941060879], [9.607101186378383, 60.538795893047805], [9.607069571663576, 60.53885508725316], [9.605780019126588, 60.53861352080877], [9.604893687638372, 60.5385040957036], [9.603831268351673, 60.53837277131648], [9.602171750183928, 60.53806506248083], [9.597302344153235, 60.537162073117926], [9.588310972276506, 60.53550020426889], [9.582686468430941, 60.534768275652745], [9.57886638991252, 60.5344133914645], [9.571502086802703, 60.53423973978159], [9.5569186327846, 60.53373280786053], [9.551442489506709, 60.53348797205782], [9.549094494282478, 60.53338287718445], [9.545206162981783, 60.53322931904481], [9.53595626281386, 60.532887871438895], [9.528905999558685, 60.53260989399996], [9.523062427809114, 60.53238351966332], [9.52297805949651, 60.532357549776286], [9.522912430806793, 60.532344950414526], [9.52267441717166, 60.532300870402246], [9.522219496938206, 60.53224876668143], [9.52204638222911, 60.53223345487972], [9.52204224065355, 60.53223310449547], [9.52154696195103, 60.532186357893394], [9.521115694963541, 60.53215205318513], [9.520869967351343, 60.53213303194573], [9.520679580201818, 60.53210863772548], [9.520539496553234, 60.53208811330666], [9.520016433643635, 60.531980098568816], [9.519423168032654, 60.531859562252116], [9.518753397446092, 60.5316925845016], [9.51827479354736, 60.531568033069746], [9.517450921286608, 60.53139866389562], [9.517313130770225, 60.53130218153985], [9.517235610601794, 60.53122618056807], [9.517132802345516, 60.531024670125674], [9.517037187621915, 60.530986443299305], [9.516947403752225, 60.53092460687863], [9.516892020027532, 60.53086670698418], [9.516838608611401, 60.53076271898274], [9.516844790990607, 60.530668115018905], [9.516675445077967, 60.53044865418394], [9.51661825962133, 60.53024524211163], [9.516410659907365, 60.53003059529796], [9.516389214274401, 60.52993521344453], [9.51643890350453, 60.52979731198251], [9.51642221097818, 60.529718055655245], [9.51650473677334, 60.52959329639638], [9.516512358856698, 60.52939975318901], [9.516597288119065, 60.52930281247857], [9.516557189012435, 60.52924311187349], [9.516375310699946, 60.529108362984324], [9.516302313939219, 60.528886209703664], [9.515938758764108, 60.528681248135285], [9.51596249215728, 60.528553167565086], [9.515901604108425, 60.52815520522747], [9.515731008723451, 60.52805088953573], [9.515176769773486, 60.528033457994795], [9.514910219193915, 60.527960827637706], [9.514726408040275, 60.52787630579697], [9.514315128970061, 60.527755771832915], [9.513967334973197, 60.52791873894078], [9.513549092794047, 60.52821164055603], [9.51331870226331, 60.528334894704095], [9.512939922119143, 60.52840811353335], [9.512513873298955, 60.52856506213689], [9.512340893266172, 60.5285921320904], [9.51205086874269, 60.528670716748564], [9.51183934154054, 60.52865911757807], [9.511477048491823, 60.52867820262687], [9.511101674177443, 60.528662457752425], [9.510700641475934, 60.52875266287757], [9.510560248101326, 60.52875236439172], [9.510269666235715, 60.52870942348945], [9.509968848322712, 60.528651479978826], [9.509847160493333, 60.528616312374794], [9.50968230369052, 60.528608434223784], [9.509522893917218, 60.52859214056966], [9.509409093337517, 60.52856107777125], [9.509288938643527, 60.528517962923786], [9.5091172942879, 60.528491984281935], [9.508991932934821, 60.528460174320266], [9.508802380200178, 60.52851598599394], [9.508714985281806, 60.52852516133576], [9.508474693539563, 60.528418411097576], [9.508021608339556, 60.528363452327916], [9.507556238964888, 60.52826685549285], [9.50724612532623, 60.528202402125736], [9.50569722902297, 60.52791016275077], [9.501588571091707, 60.52760878234009], [9.497599388584007, 60.52767563135241], [9.495915401433434, 60.52757677211875], [9.495910716723799, 60.5275763984413], [9.495887290746198, 60.52757668995784], [9.495855232320261, 60.527579414589944], [9.495721570234272, 60.52757928857733], [9.495520682494064, 60.52760716308847], [9.495142738587772, 60.52769026672178], [9.494839215564213, 60.52776960665368], [9.494644852495464, 60.527838519865405], [9.494568259805419, 60.527862532721606], [9.494410484488954, 60.52791927854134], [9.494265780026454, 60.527964684673876], [9.493959091131316, 60.52800789163322], [9.493669827129143, 60.528025988452406], [9.493337282386738, 60.52801511436023], [9.493049076453085, 60.52798303332151], [9.492835951817174, 60.52796584749016], [9.49265979289396, 60.52795037046322], [9.492354565497346, 60.52793459386762], [9.49194970792506, 60.52794511490049], [9.491476640139032, 60.52798188269385], [9.491024409032685, 60.52804534122584], [9.490807284270396, 60.52811915729348], [9.490714112915775, 60.52817506224441], [9.490640242160474, 60.52824202590989], [9.490563600578884, 60.528347755182956], [9.490465957837468, 60.52841274502801], [9.490334183125494, 60.52844653207083], [9.490211932784394, 60.528478013132066], [9.49005727213985, 60.5285142728159], [9.48981380321816, 60.528527236632854], [9.489614902658214, 60.5285187344608], [9.489443358266852, 60.52849867416339], [9.489271315734204, 60.52847832301726], [9.489109027433907, 60.52846503546003], [9.488869056569035, 60.528461762190396], [9.488535678411214, 60.52843968156349], [9.488222558844656, 60.52844660906651], [9.487956053483034, 60.52846185581655], [9.487516828631362, 60.52852071122845], [9.487229776661481, 60.52857290622019], [9.486923922361164, 60.528625042034946], [9.486676995237548, 60.52865612716886], [9.486429116792198, 60.52867565232917], [9.48619020682504, 60.528690778408965], [9.485987837549454, 60.528698327346575], [9.485863394674986, 60.528695513342306], [9.485761130592106, 60.52868794775822], [9.485696524208183, 60.528684461858816], [9.48562747975802, 60.52868772219075], [9.485355453935016, 60.528682844920475], [9.48504550890609, 60.528666856229535], [9.484827934415621, 60.528654333301695], [9.48463343302105, 60.52864573589495], [9.484384272042035, 60.5286427938489], [9.484209546422637, 60.52864995529643], [9.484067535832384, 60.52866126197212], [9.483907347943926, 60.528679555481325], [9.483825486328495, 60.52870334412721], [9.483650120293758, 60.52877419919898], [9.483521044700627, 60.52884670210497], [9.483418840676459, 60.5289094281916], [9.483317094246727, 60.52897910326964], [9.48320157466, 60.529051357607564], [9.48305400892784, 60.52912624398635], [9.482873911702267, 60.52919483206484], [9.482738212984058, 60.52923762941838], [9.482620464623448, 60.529273700421406], [9.482470977111426, 60.529319166142955], [9.482348746672871, 60.529350461105366], [9.482226316042619, 60.52938399769919], [9.482077263237644, 60.529440821196474], [9.481991476363856, 60.52946939619763], [9.481864738165196, 60.52951211409453], [9.481770298294393, 60.52954537040214], [9.481625418594321, 60.52959057621732], [9.481431410509057, 60.52965930592644], [9.481341518997407, 60.52969266048194], [9.481259830921061, 60.5297186149014], [9.481219082641115, 60.52972835601141], [9.481143045460351, 60.5297458144627], [9.48112346537751, 60.529750312911176], [9.481109888820962, 60.529752810181115], [9.480986872640466, 60.52977264121966], [9.480876343258798, 60.529781379589124], [9.480789355087817, 60.529784883663275], [9.480706031503765, 60.529784039524074], [9.480590041425907, 60.529776621020964], [9.480497006317766, 60.52976205392572], [9.480356627365078, 60.52972311361524], [9.480348808854284, 60.529716489369655], [9.478984120078923, 60.53007040223068], [9.478694766405765, 60.5301455245434], [9.477293120004326, 60.53082567478133], [9.466256554107892, 60.536297955042585], [9.461199351921556, 60.53880199718042], [9.46011565403388, 60.53933878645095], [9.457569699835286, 60.540608723922844], [9.453207732829801, 60.542278748399944], [9.44940452321748, 60.5435823954405], [9.448645745691996, 60.54384247052846], [9.4469117743156, 60.54431173290212], [9.445969466936036, 60.54440933363033], [9.445546432385134, 60.54445298318333], [9.445337674574107, 60.54447469755326], [9.43684250502805, 60.54471106484646], [9.436236405805552, 60.5447278667761], [9.435203270953204, 60.545064971526976], [9.434715749784372, 60.545223979339696], [9.434600038438385, 60.54524011498124], [9.43451961372771, 60.54522856352845], [9.434413322458221, 60.54522502154033], [9.43432547232223, 60.54522369024669], [9.434155044518421, 60.54522754820008], [9.433833357142328, 60.54527143664311], [9.433494693773598, 60.545342786390165], [9.433192698262147, 60.54540918768709], [9.43288983608102, 60.545432889618446], [9.432470955136344, 60.54542995935728], [9.432070593892362, 60.54542348181346], [9.431704459818823, 60.54546757708214], [9.431331741849203, 60.545508515896536], [9.431075565753837, 60.54555819735337], [9.430929001478182, 60.545622902712985], [9.43078865154329, 60.545678057213024], [9.430514543624493, 60.54576920031534], [9.43043207867912, 60.54578114248794], [9.430052354742314, 60.54583618574317], [9.42905870209771, 60.54592252133886], [9.427863031139943, 60.5461587172155], [9.421401760137309, 60.54750364790719], [9.421244451975317, 60.54753621118808], [9.421034100362581, 60.547558451722466], [9.421023646487622, 60.54755972392015], [9.420707460325026, 60.547571500004494], [9.420441365170584, 60.547564132449196], [9.420231570738796, 60.54756092330937], [9.420069617659276, 60.54754630736597], [9.41991460954357, 60.547530632115006], [9.419819805666759, 60.54753143021515], [9.419570338034404, 60.547526197692285], [9.419553240204099, 60.54752467120589], [9.41941308745978, 60.54751186798519], [9.419195715602836, 60.54750914973911], [9.419029644975346, 60.5475130812843], [9.418634181871097, 60.547539441527206], [9.418242620997146, 60.54756119382213], [9.41759702912344, 60.547580847724014], [9.417290993788798, 60.547658655942826], [9.417128637638092, 60.547769038523676], [9.417069311151728, 60.54790822178196], [9.417143633543175, 60.548043916946504], [9.417220661437014, 60.548247500350485], [9.417191120976092, 60.54843851591384], [9.417189405236345, 60.548520349900336], [9.417200649797794, 60.54857689530316], [9.417233589023796, 60.54871517593842], [9.417219522600695, 60.54883780518175], [9.41718733068423, 60.5489585045506], [9.417151508881835, 60.549108663895595], [9.417138344955683, 60.54924510196896], [9.41712908408939, 60.549376933310285], [9.417144978098241, 60.54954933195626], [9.417197328558242, 60.54971911847246], [9.417287305685543, 60.54989327235086], [9.417433055179893, 60.55008947530271], [9.417494604204167, 60.5502546968386], [9.417533294336264, 60.55041788013199], [9.417488769640427, 60.550590896457685], [9.417322202249885, 60.55069912301936], [9.417061713082209, 60.550774430352746], [9.416778814216098, 60.55086094868159], [9.416699378359764, 60.55095464575697], [9.41672832081072, 60.55110652995932], [9.416769704362391, 60.551226623331495], [9.416789006990982, 60.55137189295718], [9.41673204057251, 60.55145402107959], [9.416706139712606, 60.55150657921238], [9.416655071207513, 60.55161379635665], [9.416571242561082, 60.55172126028578], [9.416401154836475, 60.551863540863536], [9.416230233018908, 60.55198103449306], [9.416086156654439, 60.55207328148242], [9.415963051710818, 60.552112943651785], [9.415761672943471, 60.5521581446465], [9.415476534270713, 60.55219938341775], [9.415081827543489, 60.55225060837406], [9.414812558347796, 60.55234381500617], [9.414632643692373, 60.552461469760935], [9.41456758933065, 60.55257341024692], [9.414532913758654, 60.55274854926892], [9.414549778531802, 60.55296176231337], [9.414628857337386, 60.55309954844667], [9.414715059193911, 60.55317606863339], [9.414809802896773, 60.55324547638037], [9.414900075598657, 60.553317486777594], [9.414971982110236, 60.553382606532324], [9.415025794438616, 60.553461458609775], [9.415088903289806, 60.55355420146222], [9.415132891675444, 60.55361058993], [9.415153245981736, 60.55366940766493], [9.415156516572997, 60.553750910812], [9.415150574416248, 60.553832837732514], [9.415066838466382, 60.553944985252706], [9.414921902376932, 60.554016763763265], [9.41490388522009, 60.55402581901013], [9.414649680023892, 60.554139638885054], [9.414548605265018, 60.55428121132704], [9.414592659875252, 60.55447144270482], [9.414768933940248, 60.5546063737851], [9.415004295043849, 60.55473577151871], [9.415078622835084, 60.55487146785398], [9.414945336741566, 60.555011149974455], [9.41476920769918, 60.55511951335207], [9.414441380682453, 60.555236186460824], [9.414168211427276, 60.55532958903562], [9.413841702601085, 60.555489339297154], [9.413585248062276, 60.555671018356065], [9.413418780391302, 60.555904174753714], [9.413352261146132, 60.55622738947316], [9.41344553282834, 60.55649448118714], [9.41359312939904, 60.55673603902381], [9.413768177040298, 60.55691403299633], [9.413833268708103, 60.557039711970745], [9.41385308642115, 60.55714918120743], [9.413867412110626, 60.55740558116069], [9.4138801480858, 60.55762573172611], [9.41385646795276, 60.55777000957672], [9.413793182075656, 60.55789066487356], [9.413711663517347, 60.55802054628741], [9.413623517331022, 60.55812638793849], [9.413505119724801, 60.55824752211282], [9.413478668286297, 60.558367651923106], [9.413544901046816, 60.558593466375235], [9.413578282061206, 60.55872069575371], [9.413641262838112, 60.558853306740474], [9.41368540718124, 60.558954255438564], [9.413765005010447, 60.559040489656944], [9.413929263943928, 60.559218570642116], [9.414020888635084, 60.55933357111791], [9.41405367324423, 60.55943467333849], [9.41392093517573, 60.55951398354798], [9.413776345679606, 60.559558234062486], [9.413412695035118, 60.559613279233716], [9.413196071622966, 60.55964379739929], [9.413131500517347, 60.559673581784956], [9.413004903077114, 60.5597321771196], [9.412890847222362, 60.559842962276726], [9.412845216917162, 60.559945006365645], [9.412644059396387, 60.560605590250084], [9.411996521717661, 60.561250780867795], [9.41191649188905, 60.56149872312599], [9.411770723417689, 60.561951103698576], [9.411942846860008, 60.5637580117696], [9.411992161845214, 60.56447977541161], [9.412015946839917, 60.565239171126784], [9.412051126291042, 60.565926409149235], [9.412083840733487, 60.56660148280686], [9.41160438538972, 60.56797765034149], [9.411533931726886, 60.568093054343414], [9.411438623007475, 60.56817879357849], [9.411318344156657, 60.568280946720996], [9.41115782248853, 60.56837682137167], [9.410967286730072, 60.56845064521348], [9.410788369869517, 60.56849327375407], [9.410711060478917, 60.568513072434904], [9.410588438645, 60.568534750476125], [9.410493193547556, 60.56853984552927], [9.410416942569462, 60.56854402722859], [9.410214200655853, 60.56850563926399], [9.410116809522714, 60.56849039242812], [9.409993843290875, 60.56849927447991], [9.4098254199484, 60.5685710542836], [9.409765015637273, 60.56865267651705], [9.409783245979641, 60.56871635634813], [9.409829131169444, 60.56879352744457], [9.409944490189407, 60.568917266768075], [9.4100079198054, 60.56900084430966], [9.410157932555483, 60.569175811184536], [9.410177770472218, 60.56929779292674], [9.410164994359342, 60.56940112504673], [9.41014646734147, 60.56952815777018], [9.410099353076989, 60.56967136251865], [9.410021175944081, 60.56984080620873], [9.409992497375649, 60.570072901299454], [9.409985404747943, 60.57025216780221], [9.409975418208836, 60.570349946520786], [9.409976183773267, 60.57037509060673], [9.410000698094038, 60.57046162577379], [9.41006338194711, 60.57059809605151], [9.410067604178037, 60.57072365299987], [9.410067756565642, 60.57093922626403], [9.410063429083792, 60.571107807922694], [9.41010019919539, 60.57121861906803], [9.410154272155832, 60.571304504075805], [9.410233638434377, 60.57138901994773], [9.41038627595472, 60.57148660027687], [9.410463957031533, 60.571592466956055], [9.410542694238941, 60.57178199438644], [9.410594037178159, 60.57192905940236], [9.410808201813337, 60.572115986786706], [9.410865108921, 60.57220559056813], [9.410880859660969, 60.572281497074854], [9.410875738780033, 60.57233429638774], [9.41086431416242, 60.57239709208377], [9.410872904327192, 60.572449926470085], [9.410914779770419, 60.57250910739182], [9.41093791639041, 60.572604675182795], [9.410867171000636, 60.57270584584608], [9.410737380897414, 60.57282056105145], [9.41059429236529, 60.57297720163266], [9.410522996525096, 60.57306358792829], [9.41045835197716, 60.573140082411655], [9.41041414905079, 60.5732294953008], [9.410401480495345, 60.57334381283071], [9.41034720244107, 60.57349877822384], [9.410250385662, 60.573629007370165], [9.410139289645887, 60.573741356108684], [9.409982275195409, 60.57386536953463], [9.409964222702046, 60.57387244283073], [9.409833485910701, 60.57395984552629], [9.409721054612765, 60.57404504584431], [9.409673602335248, 60.57413630241807], [9.409720721523485, 60.57428346059747], [9.409809417487812, 60.57443029280294], [9.40990783055132, 60.574592833764626], [9.410095010108028, 60.57477511958445], [9.410238310503678, 60.57490768071143], [9.410400683929709, 60.57505157252039], [9.41054937030597, 60.57519317984966], [9.410779311302383, 60.575293371620674], [9.410878711515007, 60.57535838548994], [9.41128194116434, 60.575513098033085], [9.41151155457135, 60.57566061831161], [9.411629573511828, 60.575836760846265], [9.411739785921046, 60.5761234643766], [9.411870147524704, 60.576338197122965], [9.411965793801054, 60.5765199715534], [9.411992594116148, 60.576652505433245], [9.411992185111934, 60.57683547228125], [9.412025377112398, 60.57698285527988], [9.41210695528321, 60.577190951673735], [9.412128062929808, 60.57738382141634], [9.412104236342087, 60.57761116977617], [9.412069394407165, 60.577781711945526], [9.412054144949703, 60.577875039694334], [9.412046898988452, 60.57792955004992], [9.412052729170854, 60.578083886296994], [9.412104071744562, 60.578215199018885], [9.412132259556532, 60.578353461423816], [9.41210153794754, 60.57851499568471], [9.412074747373461, 60.5786696742417], [9.412066532517443, 60.578819551266726], [9.412072370948113, 60.578971727685236], [9.412078414924077, 60.57913750375875], [9.412064428118148, 60.579264727054635], [9.41204584592677, 60.57937834664137], [9.412038864052706, 60.57955806764913], [9.412016706337152, 60.57970817011768], [9.411980146697445, 60.57984002736189], [9.411916373928465, 60.57999063506332], [9.411797871035688, 60.58015514908911], [9.411705278850986, 60.580280966482135], [9.411604775004424, 60.5804249934985], [9.411581477377295, 60.58054786608048], [9.411555668212591, 60.58059124724605], [9.411507689444207, 60.58066439112757], [9.411414541581712, 60.580776504037665], [9.411290743495519, 60.5809229743461], [9.411108281777457, 60.58110181716533], [9.411016109956877, 60.58123890273127], [9.410921149745977, 60.581423755025895], [9.410885570292205, 60.58157842502115], [9.410881509712755, 60.58171695547436], [9.410882210710703, 60.58185334543275], [9.410896452370778, 60.581991833359915], [9.410858772423621, 60.58209421123731], [9.410820043370967, 60.58217413337752], [9.410803989578621, 60.58217598032313], [9.410766309471542, 60.58223506482485], [9.410739082814798, 60.58228027660231], [9.410718223879392, 60.58231513459998], [9.410653808445023, 60.58242926222038], [9.41058609152872, 60.58258672474144], [9.410588242936688, 60.58275485802517], [9.410677405918088, 60.58289702808278], [9.410811000581177, 60.583000288208225], [9.41099609997012, 60.583118849046535], [9.411219613940904, 60.58328708414337], [9.411400263144852, 60.583410228086834], [9.411547269443034, 60.58351107948616], [9.411570554317889, 60.583510795730824], [9.411780721340833, 60.58367901012358], [9.412005633425968, 60.583867733853005], [9.41229161628457, 60.584085209483256], [9.412439924086978, 60.584215546530395], [9.41261416270371, 60.58439476406766], [9.412727256595087, 60.58447385072251], [9.412997476007773, 60.58458697589761], [9.413311576280279, 60.584654866243866], [9.413677346870152, 60.5847033198712], [9.414029620439111, 60.58474202611012], [9.414440486129488, 60.58478048664821], [9.414704212598663, 60.584802249267604], [9.415057275221605, 60.58485331669474], [9.415454507512628, 60.5849272053918], [9.415851464253315, 60.58499424080712], [9.416113037869616, 60.58507495465711], [9.41625825982891, 60.58515664407173], [9.416471496067443, 60.58532317849548], [9.41664415053276, 60.58547154135397], [9.416893025260809, 60.58568484113924], [9.417099116016397, 60.58587366667717], [9.417276013566903, 60.58600600511276], [9.417376253002583, 60.58609813989302], [9.417643678029322, 60.586308974721774], [9.418015238771453, 60.586591584829634], [9.418352950018738, 60.58682453282205], [9.418695215268786, 60.58705974065418], [9.418947227887221, 60.587241305011], [9.419049005696214, 60.58735843444592], [9.419112840495712, 60.5874463431871], [9.419166858215286, 60.58752754041283], [9.419278536164946, 60.58765831505872], [9.419325934450685, 60.587694231908074], [9.419439767048932, 60.587794584464405], [9.41949848680985, 60.58784015587668], [9.419565346666445, 60.587904249318115], [9.419618527815155, 60.58795750933905], [9.419706615581159, 60.5880765851716], [9.419803095599427, 60.588177830996614], [9.419921921319208, 60.588305393952496], [9.420030385086033, 60.58844314373968], [9.42016776616682, 60.58857346331886], [9.420304923970301, 60.58868181186233], [9.420426756554946, 60.58878672855381], [9.420533839667698, 60.58888805752784], [9.420618171635965, 60.58897493317538], [9.420672516255635, 60.58905110294394], [9.42074147970134, 60.58911258351877], [9.42082460980353, 60.58916304620471], [9.420937635317477, 60.58922052048359], [9.421057479250143, 60.58925973876229], [9.421192069869456, 60.58929516380898], [9.421378507517243, 60.58933023839829], [9.421543558909212, 60.58937998876567], [9.42172338114715, 60.58944061774426], [9.421978806698188, 60.58954446290447], [9.42218734263313, 60.58965597610758], [9.422258435275696, 60.58970305389679], [9.42236978006353, 60.589817880361004], [9.42237926638513, 60.58982439770841], [9.422446182064183, 60.58999190869518], [9.422535395461251, 60.59017016325758], [9.422596357608683, 60.590412310035354], [9.422629830002254, 60.5906218944779], [9.42262427053722, 60.59086458812825], [9.422667031100467, 60.59095593322307], [9.422845558098338, 60.591069609724265], [9.42299745097491, 60.591170110854755], [9.423229265656806, 60.59129735691336], [9.423521177949237, 60.59142630653527], [9.423770859063978, 60.59154655843028], [9.424053839915405, 60.5916890840635], [9.424242455067162, 60.59178256905726], [9.424498277777639, 60.59194141881864], [9.424575145883615, 60.59198477642962], [9.424721299219934, 60.5920793648928], [9.424837685073133, 60.59215983739259], [9.424902128012622, 60.592218966194345], [9.424962510298275, 60.5922655943367], [9.425041062629953, 60.592317212605536], [9.425127458900263, 60.59236897884267], [9.425224978980161, 60.592431560873734], [9.425321820047092, 60.59247584324827], [9.425414859907942, 60.592511416036196], [9.425510885255692, 60.5925286624096], [9.425606968114733, 60.59254240089011], [9.425703323186147, 60.59256515125933], [9.425811108188714, 60.592602240381964], [9.425900768869523, 60.59265207242717], [9.426005291321312, 60.5927090962408], [9.426093037762884, 60.59275200766259], [9.426192332048597, 60.59279693195122], [9.426361720449204, 60.5928746687282], [9.426621145953252, 60.59299478203079], [9.426801943461586, 60.593066874793536], [9.426976365029253, 60.59314833134664], [9.427221374531937, 60.59324704937962], [9.427490669403507, 60.5933206804462], [9.427768909847751, 60.59340503549552], [9.427971161660233, 60.593466322571054], [9.428133076300687, 60.59350792226424], [9.428268657120421, 60.59353564033234], [9.428474248151913, 60.59358608547833], [9.428676569220837, 60.59363639362996], [9.428893608536523, 60.59370108738265], [9.429099957932051, 60.59377469461116], [9.429214163982174, 60.59380961892932], [9.42928415724216, 60.59383774531538], [9.429365433988886, 60.59387471367073], [9.429431533396814, 60.59391266786865], [9.42953467432815, 60.593969270864854], [9.429645185832438, 60.594018171259876], [9.429771328983666, 60.59407087488874], [9.42988971622343, 60.59411974411319], [9.430031782602976, 60.59417986318972], [9.430197694672067, 60.594251328998354], [9.430391178176073, 60.59432952681014], [9.430527696912852, 60.59439634394728], [9.430678436963913, 60.594467715278235], [9.430884949605291, 60.594563737637536], [9.431026878099434, 60.59461619932805], [9.431167679541689, 60.5946381019644], [9.431417925351985, 60.59467060638864], [9.43160546408174, 60.5946921206375], [9.431731099868589, 60.59472553991706], [9.431794738554794, 60.594767170254535], [9.431867120872074, 60.59482599673975], [9.431910129233016, 60.59486415519237], [9.431948456521525, 60.59489338760565], [9.43224813211468, 60.59510175501821], [9.432510682814135, 60.5954074870037], [9.432682913370385, 60.59555265750339], [9.43285397533557, 60.59566114681897], [9.432967449585195, 60.59571520815692], [9.43306247835489, 60.59577857974052], [9.433083554557562, 60.595851553972324], [9.433067889801634, 60.59594333518756], [9.433034234785335, 60.59605344628482], [9.433002267213245, 60.59621844100456], [9.432991101445824, 60.596447397989074], [9.432961230313563, 60.596676563954944], [9.43298347699781, 60.59678621918085], [9.43300528338521, 60.59688676548905], [9.433101501350698, 60.596986728704174], [9.433311381346119, 60.59714076055753], [9.433671289533747, 60.597330127609524], [9.433861800098361, 60.59746597877131], [9.434052919270176, 60.59761103554337], [9.434269767048894, 60.59779154800933], [9.434286414116695, 60.59780538370211], [9.43440483905122, 60.59785839012943], [9.434733467024598, 60.598005315794865], [9.435010264931428, 60.59832738708229], [9.435185419469269, 60.599100460600766], [9.435144329028704, 60.599564341516185], [9.434390149475073, 60.600446592977185], [9.434216014769655, 60.60060592340017], [9.434215574137495, 60.600606355031836], [9.434163802308602, 60.60065387666764], [9.43414142597933, 60.600674273786986], [9.433298507787969, 60.601445710118334], [9.43139717307971, 60.602307770820104], [9.429003590357071, 60.603235826800685], [9.426167907509502, 60.6047747739799], [9.425540206564543, 60.60536498348039], [9.425054391131956, 60.606033397438345], [9.425166643335414, 60.60663653909575], [9.424920413670229, 60.6090948345591], [9.423680316596746, 60.61100430348657], [9.423338148792563, 60.611798428970445], [9.422524789224338, 60.612485723047826], [9.421348137167962, 60.61301083713913], [9.419793728538354, 60.613326173165035], [9.418305999565282, 60.61347948102004], [9.416755725737723, 60.61355400880383], [9.413711855746223, 60.61364535044664], [9.410634835258149, 60.613716512221224], [9.406152984952293, 60.61392166204934], [9.403262537294022, 60.61414764257205], [9.399776234700413, 60.61437716437589], [9.39604590483156, 60.614997418879796], [9.39281487562097, 60.61572380408369], [9.388980784469059, 60.61688324917567], [9.386241628030257, 60.61778454261483], [9.384125631071925, 60.61853866680831], [9.381137994182506, 60.61982841202413], [9.378823590029182, 60.62131370908746], [9.376723567988085, 60.623078579326865], [9.375981065840566, 60.623953583065166], [9.374821406453789, 60.6254366510786], [9.374745200486277, 60.62554252937526], [9.374646335301385, 60.62568372604831], [9.374548981188967, 60.625867651072035], [9.374474391245307, 60.62602823340899], [9.374325260095729, 60.62629143371453], [9.374233585248053, 60.626400889918116], [9.374149599182628, 60.62649464858414], [9.373972350929531, 60.62663982995858], [9.373755338534908, 60.626785044207395], [9.373514826069417, 60.626930527099404], [9.37315629407097, 60.62710028470658], [9.372945424016152, 60.62718725042804], [9.372624448600458, 60.62729828428947], [9.372365967783706, 60.62736307845777], [9.372185313739356, 60.627410273218395], [9.371921313876468, 60.62743954978801], [9.371608591566225, 60.62746875035574], [9.37132745672707, 60.62750171330443], [9.37115599568107, 60.62754137373822], [9.370954706605819, 60.62762379026636], [9.37076177580272, 60.62772546136371], [9.370709226257544, 60.62780281282206], [9.370713445262217, 60.627945296939366], [9.370741217990355, 60.62807986398317], [9.3706817202968, 60.62818437535002], [9.370629099318515, 60.62826946466458], [9.37050825446857, 60.628416752298584], [9.37037841664544, 60.62854106778462], [9.370155037866123, 60.628665936061104], [9.369775574495284, 60.628818960481254], [9.369355637846683, 60.62894147233778], [9.368990453794853, 60.629044241602365], [9.368383198706812, 60.62920582898105], [9.367891061115186, 60.629368133470756], [9.367532805217195, 60.62952654792498], [9.367159269549148, 60.62975551461501], [9.366861952615956, 60.63003369420749], [9.366674451258024, 60.63028113641023], [9.366573635216284, 60.63051171659335], [9.366387980876034, 60.63161343635139], [9.366317048298122, 60.63199361577703], [9.3661595380635, 60.632584724250194], [9.366143705428547, 60.63283851544105], [9.36619632130634, 60.633022648630394], [9.366201493652666, 60.63320144794635], [9.366146792745461, 60.63332866317769], [9.366054234459053, 60.63344392851029], [9.365879388846757, 60.63357075056895], [9.365739563142277, 60.63364720528784], [9.365549412504391, 60.63373791646093], [9.365345310705752, 60.633828758264784], [9.365140952859353, 60.63391058791315], [9.36507715763452, 60.63393165627635], [9.36494940822968, 60.63396946569414], [9.364743885475555, 60.63403072315814], [9.364570035082659, 60.63408377703165], [9.364533432975257, 60.63409501247952], [9.36444954079917, 60.634111541231036], [9.364366968832993, 60.63412785566743], [9.364174626364328, 60.634159875523835], [9.364040480617232, 60.63419129320072], [9.363882796433444, 60.634237828295575], [9.363748802793634, 60.634274652765974], [9.363597535352454, 60.63431488784249], [9.36339964226387, 60.63437754582861], [9.363255177048279, 60.63442706900187], [9.363159533646535, 60.63445732220652], [9.363075103944123, 60.634483188551435], [9.363005534041937, 60.63450896260436], [9.362950219561855, 60.63453704914308], [9.362908518957214, 60.63456274051666], [9.362876526063726, 60.634590552255], [9.362821934962778, 60.63464171207813], [9.362771713459674, 60.63469512675988], [9.362735710282251, 60.63474374154554], [9.362704552056005, 60.6347992218393], [9.362664814204491, 60.63488485327824], [9.362634224695956, 60.63496115009266], [9.362602860332137, 60.63504605520267], [9.362581855218757, 60.63512203690193], [9.36256583782082, 60.63520930068232], [9.362550127203876, 60.63531259935309], [9.362525588499416, 60.635427586454924], [9.36248863340304, 60.63559776561937], [9.36243006470029, 60.63567162003171], [9.362347938536129, 60.635738718314634], [9.362265489643693, 60.635789870999375], [9.362126929295558, 60.63585062402092], [9.361977015091727, 60.635913417431595], [9.361835077869006, 60.635962056034614], [9.361716672409505, 60.6360081785162], [9.36162574472304, 60.63604286059332], [9.361580562282786, 60.63608631666536], [9.361558968312586, 60.63613635026601], [9.361542373706538, 60.636195506221405], [9.361525628420365, 60.63625447578677], [9.361509160613263, 60.63631813764568], [9.36148367415552, 60.636397710343516], [9.36146300762181, 60.63647487641836], [9.361439305849599, 60.63661330166513], [9.361420082540798, 60.63673139368894], [9.361412305390001, 60.63687202211576], [9.361419728172029, 60.63696459700017], [9.361441174381596, 60.63706604552661], [9.361466232981428, 60.63714478393447], [9.361491044599953, 60.63719668864484], [9.361534070415209, 60.63724819293512], [9.36159068028622, 60.63729748092248], [9.361647179033065, 60.63734217362895], [9.361717697727643, 60.637393669517536], [9.361737189539998, 60.637434097997875], [9.36173783617192, 60.63745446778473], [9.361743966662232, 60.63750630308748], [9.361745965358105, 60.637564984638054], [9.361833757459033, 60.63768003797841], [9.361907633021449, 60.63775840881818], [9.361993230650855, 60.63783682487747], [9.36203712787355, 60.63790951833268], [9.36205781569317, 60.638005894030236], [9.362074288013524, 60.63815771830934], [9.362070957572676, 60.6382426378485], [9.362037061388383, 60.63830430318516], [9.361990796380985, 60.63834555346687], [9.361884704855127, 60.6383872460744], [9.361778253738127, 60.63841425163556], [9.36164242716746, 60.63844154596166], [9.36150673278897, 60.638480637171384], [9.361328986284782, 60.63851705102077], [9.3611396993509, 60.63855342698344], [9.360968860006516, 60.638613175086945], [9.360792554844771, 60.638690514153765], [9.360675225792528, 60.6387565739623], [9.360611103503684, 60.63879616898818], [9.360533086310628, 60.638850208543346], [9.360470157589756, 60.63892900874106], [9.360449913815314, 60.63897549889426], [9.36046024796936, 60.63907863822525], [9.360500894457507, 60.63914372392904], [9.360573380781409, 60.6392237469961], [9.360640483026389, 60.639287430491905], [9.36066487905601, 60.639376222282245], [9.360683129242755, 60.639504269133695], [9.360700250189442, 60.63958960305049], [9.360739849848027, 60.63969622947399], [9.360837730244802, 60.63981648035153], [9.360898230204471, 60.63989797683884], [9.360992144503106, 60.63995928280179], [9.36103205313595, 60.63997420099945], [9.361089834635086, 60.63999590523703], [9.36110238044241, 60.64000066594434], [9.361293711757758, 60.6400740094888], [9.361488133079828, 60.64025315611771], [9.36338363632671, 60.64329018485104], [9.363388690110071, 60.643297959227944], [9.363816108483775, 60.643982632210545], [9.363816679821554, 60.64398355644902], [9.36472609522554, 60.645440351556765], [9.36474534628143, 60.6454706879857], [9.36481213776689, 60.645514283266856], [9.36487585553282, 60.645559728949074], [9.364963472072391, 60.64563723742178], [9.365037210219562, 60.645717580204], [9.365125315707482, 60.64581428145306], [9.365178006302445, 60.645896525730805], [9.365218700179499, 60.64597295280418], [9.365235165062526, 60.646030714740604], [9.365251931786672, 60.646097220446514], [9.365267689357678, 60.64621030902941], [9.365290611684955, 60.646305517985645], [9.365318412667385, 60.646407413688266], [9.365323259905686, 60.646414279137026], [9.365397863653328, 60.646531562531706], [9.365524004498829, 60.64666965402634], [9.36561100388813, 60.64678944085239], [9.365641372605067, 60.64687668312288], [9.365655047835734, 60.64705296112224], [9.365674305922717, 60.64716700748774], [9.365688971282603, 60.64724656591877], [9.365702600533298, 60.647310058721786], [9.365720864542746, 60.64738895898224], [9.365746950453085, 60.64747449020811], [9.365767473746125, 60.647567707508614], [9.365801367323657, 60.64764843774159], [9.365858664228746, 60.647721154942325], [9.365962461778587, 60.64779529516662], [9.366096146783947, 60.64787150711645], [9.366103647675512, 60.647875784235616], [9.366170036218094, 60.64793637361673], [9.366017113341806, 60.64799931599018], [9.366002488288947, 60.64800535935438], [9.365959269775896, 60.648039629046984], [9.365914358782273, 60.64810659111606], [9.365828308730688, 60.6482357238861], [9.3656387722573, 60.64852025635086], [9.365027439109834, 60.649106877530244], [9.364976508336081, 60.64915585311817], [9.364963880809231, 60.64916828147451], [9.364902568798948, 60.64922942019933], [9.364867261252371, 60.64926456371152], [9.364620027957535, 60.649511014752704], [9.364579792329172, 60.64955126074485], [9.36427412264358, 60.649856000962], [9.363626640991715, 60.65052201035797], [9.362961725552685, 60.65120573325327], [9.36183224721543, 60.65235858837258], [9.360390832008067, 60.653714012477174], [9.360359642789122, 60.653743388367744], [9.360269858491174, 60.65382771538479], [9.360269187091673, 60.653828407103255], [9.3591772266825, 60.65485510468665], [9.359093109022249, 60.65493426990551], [9.358473424657642, 60.655510613826415], [9.357595231609624, 60.65747759261659], [9.357152476339149, 60.658264836820166], [9.35665908414591, 60.65928612904721], [9.356315039920725, 60.659957919871644], [9.355881357282575, 60.66083726688312], [9.355520311402897, 60.66159420862265], [9.355512650686812, 60.66160963669529], [9.355019425802732, 60.66259069780137], [9.354924386438777, 60.66277993347145], [9.354396964408515, 60.663673496286165], [9.353748073842771, 60.66501512857573], [9.353269459332445, 60.66589671131737], [9.352647038818297, 60.66711740470066], [9.351832902693415, 60.66737010162638], [9.351680433323674, 60.66741513789639], [9.349924352434408, 60.6679324797509], [9.349649829376993, 60.668013303930394], [9.347626091537103, 60.668638735521654], [9.344668522835724, 60.66952243727773], [9.340261568434876, 60.67086986986933], [9.34025769025098, 60.670871055663106], [9.338882927067818, 60.67129830118915], [9.338877299619819, 60.6713000428664], [9.33567556258419, 60.67230552557778], [9.335093131635947, 60.672499547464525], [9.335088643723084, 60.6725010673022], [9.33143800166863, 60.673773021256004], [9.331429026885663, 60.673787492443914], [9.33142642462344, 60.673800163862246], [9.331420628219963, 60.673809099143625], [9.331407315769413, 60.67381591507283], [9.33138581481634, 60.673821303205955], [9.331376924089984, 60.673822816038545], [9.331363021494763, 60.67382465617575], [9.331345973792518, 60.67382456252123], [9.331267568316893, 60.67383320562068], [9.33121149206024, 60.67384216657829], [9.331175076247431, 60.6738509720638], [9.331131165329891, 60.673863779969956], [9.331051216776451, 60.67388324905157], [9.330914416222923, 60.67389319324777], [9.330832376761242, 60.673902671956704], [9.330773298557439, 60.6739203265924], [9.330744449474349, 60.67392576268949], [9.330709639322132, 60.67393274594741], [9.330676046295109, 60.673936990459566], [9.33052739364177, 60.67393922996349], [9.33048965370366, 60.673946178779254], [9.330435413737183, 60.673964488774885], [9.330368534805341, 60.67400035477905], [9.330306161854176, 60.67402732073052], [9.330303589321998, 60.67402838167024], [9.330298769931035, 60.674031777566334], [9.33022420759397, 60.67408414976623], [9.330165398904885, 60.67413251018001], [9.33015856202383, 60.67413798072591], [9.33015082323646, 60.67414440312168], [9.330093238168352, 60.67419830628899], [9.330038247047483, 60.6742385475278], [9.329988814549743, 60.67426912331013], [9.329903150247931, 60.67432201407357], [9.329883013942817, 60.67434150203153], [9.329855414262246, 60.674355452273346], [9.329805400218492, 60.67438204270984], [9.329750937898869, 60.6744109646076], [9.329648838584385, 60.674448845159276], [9.329590847121205, 60.6744811276545], [9.329536069112901, 60.674511836338546], [9.329472004204662, 60.67454422091954], [9.329432309883513, 60.674564318449704], [9.329389625891595, 60.674588879691775], [9.3293530749086, 60.674608840653406], [9.329310390796625, 60.67463340186849], [9.329261404608413, 60.67464896411617], [9.329215161227534, 60.67465834188695], [9.329150445816152, 60.67466945551293], [9.329085933039638, 60.67468669863486], [9.329000213208808, 60.674722213922934], [9.328939579387363, 60.67475906464828], [9.32882626342033, 60.67481474099127], [9.328749874852306, 60.67483481007154], [9.32867035618574, 60.674841424156924], [9.328558618996025, 60.674860081758766], [9.328523704098057, 60.67486660997242], [9.328475016805557, 60.67488047439012], [9.328414018095872, 60.67489651626608], [9.32828298336662, 60.674936137263586], [9.328173843850847, 60.67497749831364], [9.328094641200458, 60.6750051886778], [9.328077911899276, 60.675018880231065], [9.328070583068161, 60.67506663618667], [9.32807234080333, 60.67512008892375], [9.3280748184057, 60.67517258208929], [9.32807595139535, 60.67520566521183], [9.328070706806187, 60.67523433680303], [9.328047031523274, 60.67526762631516], [9.327987381477275, 60.67532072090947], [9.327931429789635, 60.675374692693275], [9.327893248440056, 60.67540907624528], [9.327872987512489, 60.675444851127935], [9.3278685982636, 60.67549570240433], [9.327872801769354, 60.675537377247956], [9.32787390602681, 60.67557477981152], [9.327874792069471, 60.67560614219235], [9.327879086118097, 60.675652501589894], [9.327879535732487, 60.67567178360539], [9.32788660971903, 60.675697197901705], [9.327896402952033, 60.67572695834764], [9.327917865849974, 60.67576441559192], [9.32793506498616, 60.67579692099215], [9.327948604674699, 60.67583872237297], [9.327950275733478, 60.67588226993592], [9.327958567728679, 60.67591637727167], [9.32795989333957, 60.675963960773025], [9.327960532717896, 60.675993602413875], [9.32796431007422, 60.67602625778514], [9.327968561050751, 60.676067664595585], [9.327960992579884, 60.676124051684965], [9.327944108831629, 60.67616564090241], [9.327921375340013, 60.676210222124205], [9.327903465871376, 60.67624618692399], [9.327877834529938, 60.676269761884896], [9.327845348121258, 60.67629682622171], [9.327794719853904, 60.676323750003654], [9.327744052444448, 60.676340500564905], [9.327671581684758, 60.676352904390974], [9.327587307766267, 60.67635940595812], [9.327495092777228, 60.67635683880313], [9.327427071745959, 60.67635754972558], [9.327360727149447, 60.67635500132608], [9.32728188694694, 60.67635255214267], [9.327198675512328, 60.67634991720792], [9.327105159796286, 60.676344324070584], [9.327017667558529, 60.67634618786826], [9.326964640479801, 60.67635239630692], [9.326907936309702, 60.67636591963976], [9.326839318753265, 60.676385597813045], [9.326794973897067, 60.67640810748744], [9.326762661412879, 60.67643625914516], [9.326736330675217, 60.67646898560014], [9.326698523883579, 60.67651058589673], [9.326665230263359, 60.67652870432717], [9.326596708295407, 60.6765499166848], [9.326477969628437, 60.67657700660767], [9.326367340841763, 60.67660597124822], [9.326279920683808, 60.67663340155388], [9.326213965166021, 60.676668134827885], [9.326169728333635, 60.676699380243875], [9.32613726701453, 60.6767429178051], [9.326109198262012, 60.676794833259464], [9.326091304543866, 60.67685771267198], [9.32608878505959, 60.676914584334895], [9.32608471958678, 60.67696877990772], [9.326044154657243, 60.67702079447602], [9.325978913359199, 60.67707122041071], [9.325915910675073, 60.67711832091936], [9.325857128568412, 60.67716542071978], [9.325796440169334, 60.677216040046936], [9.32571488984566, 60.67727360405491], [9.325671446079706, 60.6773086636242], [9.32562626107159, 60.67734526943791], [9.325577110352972, 60.67738458716017], [9.325519783021557, 60.67742967834266], [9.32547741769599, 60.67745551226553], [9.325415796729446, 60.67748646880852], [9.325333723948217, 60.67752204704523], [9.325266303883298, 60.677561938498336], [9.32520792894947, 60.67760464468904], [9.32517972819643, 60.67763963180026], [9.32515936272179, 60.67766766076538], [9.32514888232172, 60.67771141217477], [9.325144108771921, 60.67775090541877], [9.32514550448054, 60.67780326278012], [9.325141614801153, 60.677862686647806], [9.325127790097868, 60.67792744918901], [9.325111102208666, 60.67797309712894], [9.32509618438794, 60.67801287937753], [9.325081831994257, 60.67804530451869], [9.32507137302286, 60.67808581634043], [9.325054654720041, 60.67813371333194], [9.325048262641925, 60.67815639521607], [9.325037404388286, 60.67817942738005], [9.32502674536551, 60.678204448315455], [9.32501074362847, 60.678233742888445], [9.324982528927945, 60.67827296003911], [9.324936708494963, 60.67832250067394], [9.324899783492773, 60.67836323792789], [9.32485954820044, 60.678404014517795], [9.324810685477505, 60.67845207561766], [9.324749987708994, 60.678494412911874], [9.324695111985857, 60.67852664602436], [9.32463162117488, 60.67857336526303], [9.324598016316212, 60.678605692241106], [9.324579646848662, 60.67862345438412], [9.324563127820863, 60.67863697450384], [9.324521421697105, 60.67865698530495], [9.324492800689795, 60.67866837081539], [9.32446944955864, 60.67867277918701], [9.324434132564596, 60.67867739909293], [9.324373322155326, 60.67867985529146], [9.32432421780586, 60.67868460928251], [9.3242238974912, 60.67869879819841], [9.324193208318626, 60.67870838547956], [9.32415193025427, 60.67871662254366], [9.324103310386226, 60.67872382742466], [9.32403611142864, 60.678730242585786], [9.323985532740368, 60.678732953482246], [9.32391381037189, 60.67873692596488], [9.32382761690936, 60.67873659272156], [9.323751559343673, 60.678734980005494], [9.323649878528604, 60.678739209133525], [9.323550240167434, 60.67874226481105], [9.32345050100882, 60.67874900670338], [9.32335554987485, 60.67875046120805], [9.323230006434917, 60.67875160529184], [9.323210188729416, 60.678758864079626], [9.323095658894314, 60.67878387988376], [9.322967972993505, 60.67880545584298], [9.322694264864637, 60.678829825031805], [9.32257560733522, 60.678838732430705], [9.322499323203758, 60.6788570924957], [9.322398421173952, 60.67890987138307], [9.322260606171932, 60.67901886978018], [9.322143643138036, 60.679086718083816], [9.322053314622835, 60.67912950468587], [9.321972317773715, 60.67917763879393], [9.321913841231456, 60.67923645196176], [9.32186057632571, 60.67929692693958], [9.321789007645313, 60.67935401319213], [9.321718830159215, 60.67939180553186], [9.32170796134856, 60.679400344782465], [9.321452817431148, 60.679438012950655], [9.321344126529363, 60.67947461743877], [9.321317192583498, 60.67948994467231], [9.321301535297348, 60.6795193435793], [9.321288981179418, 60.67957686885284], [9.321284773507166, 60.67964843121177], [9.321263925536979, 60.67970200322354], [9.321201998516905, 60.67976994087309], [9.321151164737698, 60.67984987206478], [9.321144657100303, 60.67991575574271], [9.321145141543916, 60.679933779179414], [9.321091128385234, 60.67996109688703], [9.321011747332554, 60.680001107937116], [9.321012989839048, 60.680045987842185], [9.321076035287675, 60.68007243267907], [9.321270920739373, 60.68010367386345], [9.321370735594106, 60.68014221380586], [9.321420228938067, 60.68021002877445], [9.32140281708939, 60.680231701887635], [9.321430428788439, 60.68029975654629], [9.321498291930986, 60.68037474361995], [9.321561317457785, 60.68040649818414], [9.321727021433958, 60.68043775796623], [9.321748942297411, 60.68043625967669], [9.32185488766276, 60.68042870261174], [9.321904483869641, 60.680434682034765], [9.32192678351256, 60.68046011404154], [9.321963307698027, 60.68050163328486], [9.322015480338072, 60.680599986668206], [9.322023617248597, 60.68069412733464], [9.322019163500682, 60.68073282406183], [9.322011709395765, 60.68078849589896], [9.321998375446682, 60.6808379768037], [9.321987331681619, 60.68089007547848], [9.321964310030154, 60.68092168173862], [9.321919680059509, 60.68096236080186], [9.321874747297832, 60.680985024155646], [9.32177157435536, 60.68102672451261], [9.321555221952496, 60.68107432396022], [9.321392752867899, 60.6811472579771], [9.321256029954178, 60.6812344287106], [9.321176032954323, 60.68125299037841], [9.321084623918855, 60.68125720452142], [9.320992778959306, 60.68124519751053], [9.320863206968296, 60.681192249830744], [9.32065916070842, 60.68109859884415], [9.32056774058431, 60.68109561101252], [9.32047639180565, 60.68110882871367], [9.320439729235963, 60.681105469177076], [9.320361724443774, 60.68111691394997], [9.320333648272323, 60.68113246250192], [9.320309025375664, 60.681164810554996], [9.320304320099892, 60.681195575335764], [9.320285152536167, 60.68122509492214], [9.320251605015635, 60.68124356125742], [9.320213313272733, 60.68124526318401], [9.320115027020801, 60.68126034593509], [9.320058132643297, 60.681264497118256], [9.320032874998542, 60.68127863525177], [9.32002241828124, 60.68130663500613], [9.320017260015641, 60.68133477010465], [9.320012331292624, 60.681362644923546], [9.32000473628547, 60.68139625726507], [9.31998586401723, 60.68143137026453], [9.319952190710522, 60.681452621628196], [9.319901561481723, 60.681475312130864], [9.319873484770543, 60.6814908605786], [9.31985141197037, 60.681507744563206], [9.319848394018846, 60.68154038139642], [9.319839276149784, 60.68160336363194], [9.319780664187409, 60.68172932100559], [9.319698171238342, 60.68178378140201], [9.319645233344879, 60.6818506606641], [9.319573415966753, 60.681904944986194], [9.319482332131814, 60.681914572782595], [9.319451343661484, 60.68190299300831], [9.319403297026266, 60.682154969663145], [9.319385999922115, 60.68232958179397], [9.319318999712335, 60.68300318945953], [9.319288991535483, 60.68330571136424], [9.319266756559443, 60.68352899125626], [9.31917466854906, 60.68460074543885], [9.31914333459016, 60.68513697823699], [9.31913639236066, 60.685254061640485], [9.319132429898568, 60.68593026084137], [9.319075844716183, 60.686260546971155], [9.318983517251658, 60.68651685123101], [9.318936572024878, 60.687346767031656], [9.318851118011448, 60.68825425753793], [9.31879850077736, 60.68852782344899], [9.318723625212927, 60.688826546757326], [9.31868968256876, 60.68975099083112], [9.318539550701525, 60.6909834728484], [9.31844569843313, 60.69174217274207], [9.31829844501322, 60.692880442359716], [9.318377359281968, 60.693710671251885], [9.31825191720598, 60.69462600300984], [9.318260642761333, 60.6952469334713], [9.318211851171098, 60.69594697059579], [9.31820965896726, 60.695993594833936], [9.318209219517469, 60.69600437787212], [9.318198283279681, 60.69624047059469], [9.318197638264115, 60.69625241507707], [9.318177737611817, 60.69668336778449], [9.318176728890238, 60.69669736712933], [9.318033724918786, 60.69895568757763], [9.318031204234698, 60.69899482665772], [9.31895493504429, 60.69982560755417], [9.320793003037993, 60.701468383752996], [9.322286905066393, 60.702820430717004], [9.32240012357948, 60.702911295480604], [9.324329486145238, 60.704459326817364], [9.328846318581478, 60.70834113681864], [9.328937177528244, 60.70877282731056], [9.329641980526741, 60.71212297467515], [9.32995200290472, 60.71359632739689], [9.330225153969556, 60.71526596378483], [9.330323805085762, 60.71590843414573], [9.330496192560387, 60.717005899634906], [9.330563671974742, 60.71748277272177], [9.33063338171652, 60.71796055044518], [9.33129938030722, 60.72282953708717], [9.331308734463617, 60.722898253915154], [9.33132752737785, 60.72303209062042], [9.331376804076179, 60.72346858472433], [9.33200594855568, 60.728993095175476], [9.332110104619753, 60.72990421485112], [9.327118478622504, 60.73274188044031], [9.324131593416013, 60.73429143434187], [9.309165976516388, 60.74260868668539], [9.304644539368095, 60.745099274742415], [9.30232515842709, 60.747839835932275], [9.300025074894764, 60.750770404317116], [9.294075028462085, 60.75833865191696], [9.294041419279838, 60.75838168630539], [9.291303548760583, 60.761863009171485], [9.257783249036805, 60.76747011645081], [9.242152581333343, 60.76735866073775], [9.216258959405163, 60.77057337138888], [9.20185728785576, 60.78049475743064], [9.196924393395983, 60.784052671454404], [9.195867584368907, 60.78480670672646], [9.19464847183648, 60.78568459021855], [9.194521673176745, 60.78670672124094], [9.19437456278569, 60.78793907914986], [9.194203676360992, 60.7888052656053], [9.19389845870893, 60.78989491752515], [9.193965621266644, 60.79022390075173], [9.192977982869161, 60.79045148613618], [9.193017935751971, 60.7906594664763], [9.192876547140626, 60.790872092078544], [9.192462992540122, 60.79107830946845], [9.19169568025485, 60.791305453940154], [9.191362497644246, 60.79135509189341], [9.191082448738275, 60.79138903018905], [9.190814032754528, 60.791370088014354], [9.190685826996123, 60.79131338906094], [9.190209037226527, 60.79111435334844], [9.190171473229771, 60.7910849049823], [9.185765604434906, 60.79208767231911], [9.18465969399557, 60.7924432994922], [9.184887409738751, 60.792520982663234], [9.185442972410327, 60.79292691742815], [9.184778858895342, 60.79317147191969], [9.183318492387176, 60.793750886726485], [9.181151274945647, 60.794335389466845], [9.180717833939367, 60.79373128720222], [9.165573261375771, 60.798676241063404], [9.16238015780912, 60.8001630983032], [9.146906768097105, 60.80683104012408], [9.12010969484648, 60.81341661487639], [9.118661196861014, 60.81355916677088], [9.116686544056698, 60.81375214023326], [9.114337877664417, 60.81398203342698], [9.114296016445543, 60.81398613534995], [9.113800693283915, 60.81403431519583], [9.113756687133089, 60.814038052563276], [9.113728120695283, 60.81404102818658], [9.11278858902908, 60.81413305718829], [9.109400258508051, 60.8144637194742], [9.10679841895089, 60.81471637697849], [9.104651093350139, 60.814926155673284], [9.102544241626699, 60.81513120111187], [9.100297926642082, 60.81534960621923], [9.098675222156569, 60.815508039491746], [9.097166115532868, 60.8156551657027], [9.096076915634308, 60.81576145952265], [9.094754928704672, 60.81589043023315], [9.092657000911943, 60.81609526714043], [9.090544505656451, 60.81630194995024], [9.088818841853985, 60.8164662563284], [9.070570888671606, 60.822005342751304], [9.069482288759549, 60.82233393314659], [9.069400270469163, 60.82235857181828], [9.065939249103032, 60.82340280789787], [9.06345307902881, 60.82413967142897], [9.063142441764457, 60.8242344833848], [9.061383753021953, 60.8247692880323], [9.054248419847312, 60.82690850986146], [9.051214079145812, 60.827850508248204], [9.048945553832198, 60.828554653160325], [9.04494405405874, 60.829838899591444], [9.041315254043223, 60.83101788745409], [9.040677759905895, 60.83122470186184], [9.040677085954988, 60.831276713751244], [9.040677318437131, 60.83246675436959], [9.040505891524107, 60.83280595253645], [9.040426718846566, 60.83289606906304], [9.04024509083086, 60.8330073774342], [9.040073485455064, 60.833062047560055], [9.039869958391314, 60.83309800968787], [9.039575834449783, 60.833088702400595], [9.038123950741852, 60.83276810394706], [9.037445340795932, 60.83266550418972], [9.036981451294327, 60.8326417902825], [9.036413749997651, 60.83265441979114], [9.03469913806892, 60.83278740212852], [9.033998924749357, 60.832892171281664], [9.033612207231876, 60.83304565751346], [9.032584946763297, 60.833616025727565], [9.032287319065476, 60.83390556450982], [9.031699291151442, 60.834107610739636], [9.029808291794568, 60.83452322853652], [9.027322839685839, 60.83500712525112], [9.025971916483114, 60.83512479442307], [9.025312373119704, 60.83524637108277], [9.02471209555193, 60.835389316781956], [9.024120658358855, 60.83560027388559], [9.023634074347724, 60.83583049353734], [9.018799865246411, 60.83778367237438], [9.018445097402608, 60.83788506187549], [9.017998848329992, 60.83801189805776], [9.01743923542316, 60.838170676020454], [9.016369411141204, 60.8384745852607], [9.016330991008342, 60.83848565463949], [9.016232187228908, 60.838513745277936], [9.015306256150106, 60.838737906364805], [9.015314848142461, 60.83889766115951], [9.01579751864346, 60.83913054953739], [9.015963015851074, 60.839214116923564], [9.016112412040608, 60.839337302718356], [9.016110735173031, 60.84000136280095], [9.014075758052158, 60.84032768649791], [9.009777629704772, 60.84002812722476], [9.00133931099823, 60.84189774880845], [8.998918284868866, 60.84320647283365], [8.991992398268152, 60.84342177910984], [8.96432964278699, 60.852455887832114], [8.951754587169741, 60.856375405310075], [8.942932921511117, 60.85906954441093], [8.938304490023066, 60.860545107010026], [8.937625406943933, 60.86074805717063], [8.93489485758468, 60.8614089839229], [8.933981224353309, 60.861574196253045], [8.918991014081522, 60.86337604719589], [8.918993251292422, 60.865156498834196], [8.918997595955155, 60.86898700177978], [8.9149632128399, 60.87112786660899], [8.914859054802827, 60.87118293005053], [8.914167553127283, 60.87154936846716], [8.912543756427965, 60.87288579500954], [8.912342828335657, 60.8733118765743], [8.912237739165548, 60.87404928871046], [8.912139442803758, 60.8747385629931], [8.911910619933026, 60.87503118525226], [8.911775970490899, 60.8754872918642], [8.911646987593748, 60.87592339477686], [8.911614497074149, 60.876053751053036], [8.91149937348821, 60.87622114619361], [8.910678668610036, 60.87658332329579], [8.909196705725632, 60.87716524726739], [8.908598397403367, 60.87739010753701], [8.907975255739558, 60.877561247820616], [8.90730516408044, 60.87778464135897], [8.906870661013842, 60.87802414402085], [8.906731251778366, 60.87817539384339], [8.906395104344337, 60.87832562444144], [8.905890378195013, 60.878543922104065], [8.905522393719544, 60.878667399356985], [8.905219546636314, 60.87873044230448], [8.904424450568316, 60.87886637377499], [8.903103415046143, 60.87891624561151], [8.901296321913547, 60.87886573752758], [8.900976355362069, 60.878883057261895], [8.900793215324562, 60.87895378838092], [8.900744944401628, 60.87904281285213], [8.900643071979335, 60.87912039332599], [8.900676008297776, 60.87922526963696], [8.90127994870405, 60.879913086399824], [8.901401193483839, 60.88012796915457], [8.901470826431638, 60.88034320520222], [8.901522300712687, 60.880566439989046], [8.90148350285907, 60.880787368919165], [8.901388144174213, 60.881035441206606], [8.901135683477767, 60.8812490808162], [8.900968545458943, 60.881405007704394], [8.900669742339522, 60.88158565093633], [8.899676786544765, 60.882022867790795], [8.898038793837804, 60.882653863717344], [8.897554866963274, 60.88291045162058], [8.89742279560794, 60.88305005113934], [8.897434926096658, 60.88323934921353], [8.89768437766008, 60.88352562867299], [8.897834816014786, 60.88383108390377], [8.897856829068639, 60.88418094143372], [8.897758673749893, 60.88449642292568], [8.896932962301191, 60.885493876361735], [8.896715762876719, 60.88583842754544], [8.896474218261636, 60.8868776911658], [8.896323210044404, 60.8872239047801], [8.896006101875152, 60.88765764962157], [8.895104393889987, 60.88862759265102], [8.89463186731991, 60.88926929955514], [8.894444364878222, 60.889636993268766], [8.894435718771097, 60.889797700397935], [8.894936528766676, 60.891167124233384], [8.894895474310907, 60.89171555501992], [8.894788535398712, 60.89196282787416], [8.894788463464714, 60.89229853383079], [8.895138120585619, 60.892501039426556], [8.895780537951888, 60.8930640175927], [8.896191815611722, 60.893670050545026], [8.896136954940879, 60.89381829798912], [8.89583624783368, 60.894136265656726], [8.895701259454942, 60.89421656912097], [8.8953495985849, 60.89434626160285], [8.894678579504502, 60.8946530407567], [8.89425615565737, 60.89485479117227], [8.893830629212285, 60.89509773248026], [8.89353376741433, 60.89531069177122], [8.892894739609728, 60.89568654828794], [8.89205603952273, 60.896025931835304], [8.890585181489481, 60.89662125241072], [8.890404465846323, 60.89664786862038], [8.88964458476463, 60.89663422692519], [8.889453731365032, 60.8966308431196], [8.88670576423558, 60.896674169324235], [8.879698272701821, 60.89684340907643], [8.872845579861211, 60.896949206675174], [8.87062385119671, 60.89697689582191], [8.868990009211437, 60.89710311125127], [8.865905690767608, 60.897329471337876], [8.863897758247207, 60.89748101774191], [8.863637319720572, 60.89750196935907], [8.861954640301812, 60.89762514533036], [8.858710257695343, 60.89787085199368], [8.854540150418153, 60.89824318123751], [8.85129133087185, 60.8985082305615], [8.846463597302629, 60.89886636742421], [8.842927160536226, 60.899145666015485], [8.835341310364118, 60.899763889096484], [8.829110455630538, 60.89995324471991], [8.81915680142166, 60.90037530578207], [8.814491234424946, 60.90058560566111], [8.80903052316718, 60.90185648887647], [8.805587990472326, 60.90265789621801], [8.801388487545797, 60.90363470098786], [8.799275036066598, 60.90412787219754], [8.797581781575706, 60.90452165893627], [8.797278840147632, 60.904592122996064], [8.793741945120658, 60.905413286408894], [8.789650077937782, 60.90636518777718], [8.785137088193968, 60.907414355677425], [8.782660125307663, 60.9079904922476], [8.780416375834854, 60.90851219743046], [8.770635355128123, 60.91078476422595], [8.764213129962616, 60.9122763953322], [8.762242596410454, 60.91273432498733], [8.757821658501026, 60.913760703247874], [8.753374660365669, 60.91479293615894], [8.748350011428363, 60.91595968259108], [8.745170994545566, 60.916696893441284], [8.741493704996971, 60.917550205315344], [8.738125036176248, 60.9183318186124], [8.735736162106253, 60.91888630641845], [8.73261569052114, 60.919609580386286], [8.712729589976988, 60.92256973813009], [8.693490926067431, 60.9254301448179], [8.6723967394916, 60.93105717648395], [8.654052216200045, 60.93594651210192], [8.656314435781296, 60.93826639445986], [8.657227797958441, 60.939159588016864], [8.65376971855216, 60.94037995547899], [8.649594935474425, 60.94183762643224], [8.648245898503422, 60.94229575088163], [8.643175677809092, 60.944092764026685], [8.638746980274004, 60.94567114058981], [8.631069876124757, 60.948371350634446], [8.62136376521351, 60.95180461396229], [8.621085628430789, 60.95190290858815], [8.6211114791488, 60.95194386072718], [8.62113141731398, 60.951975524251715], [8.621151725326818, 60.95201179922174], [8.621186529080328, 60.952057050129085], [8.62122114945952, 60.9521022923088], [8.621250943029784, 60.95214298142611], [8.621275504071113, 60.95217468448335], [8.621300080199948, 60.95220170430498], [8.621333982954377, 60.95222655518659], [8.621372646407751, 60.95225352391191], [8.621392398636601, 60.95228058467573], [8.621421886118341, 60.95231450350379], [8.621470897938345, 60.95236187078275], [8.621524183545656, 60.952409170924845], [8.621587592413373, 60.952467851327704], [8.62162685438502, 60.9525130437326], [8.621680898173878, 60.95256947749076], [8.621715315428315, 60.952610206055674], [8.621754577747366, 60.952655398428064], [8.621783981693714, 60.95268697121059], [8.621823920656537, 60.952743545269605], [8.621849363537573, 60.952791143444585], [8.6218645600903, 60.95282059981711], [8.621890189531932, 60.9528728007142], [8.621901034130556, 60.95290916625757], [8.621916146521885, 60.95293627664954], [8.62194619449241, 60.95298400356314], [8.621961779076337, 60.953017982150534], [8.621977264479359, 60.95305429799359], [8.62199287003882, 60.95309278136372], [8.62199472208076, 60.95313610577524], [8.62199599681741, 60.953165711225736], [8.622024995649422, 60.95319285096519], [8.622096632859856, 60.953221656585974], [8.62216310053009, 60.95323931733521], [8.622215008412455, 60.95325016102348], [8.622285746946954, 60.95326316056253], [8.622347201077977, 60.95327166547259], [8.622422887108128, 60.95329138548946], [8.622475471859183, 60.95331361078386], [8.62251836936762, 60.95333150248856], [8.622590112649277, 60.953367158619955], [8.622628390563367, 60.95338960479473], [8.622681330808987, 60.9534211246944], [8.622753381218166, 60.953463551001384], [8.622806237385417, 60.953492724878885], [8.622868685025649, 60.95353316355351], [8.622907249071707, 60.95355787512468], [8.622950574126397, 60.953584704485465], [8.623013205607455, 60.95362515181573], [8.623061358224671, 60.95365653414149], [8.623133066991604, 60.953692368449786], [8.623204420581422, 60.95371890804003], [8.623276024203689, 60.953747891511924], [8.623338265187492, 60.9537792224666], [8.62339040005923, 60.95379908401223], [8.623438204199726, 60.95381468637795], [8.623509251419629, 60.953834455555906], [8.623609190800401, 60.953869919345266], [8.623690404838912, 60.95391007815099], [8.62375660698481, 60.953925383451484], [8.6238190534388, 60.953961227700475], [8.62389560597965, 60.9539969313581], [8.62394809060133, 60.95401689935443], [8.624014994797827, 60.954052685039194], [8.624053274539369, 60.95407513083375], [8.624110975158345, 60.95410417395534], [8.624149152682982, 60.95412436297164], [8.624206687919774, 60.95415330811427], [8.624283530502353, 60.95419587104615], [8.624340846659937, 60.954224985867334], [8.624403089629507, 60.954256316356705], [8.62448962393533, 60.95430780663425], [8.624542606732748, 60.95434374141364], [8.62462922595657, 60.954397577584885], [8.624686536071193, 60.95441750423907], [8.62473863699513, 60.95443754373682], [8.624801082179145, 60.954468793544294], [8.624910991151355, 60.954524726566625], [8.624973048381875, 60.95455145407786], [8.625044387531464, 60.954578081964314], [8.625111166962323, 60.95460251157781], [8.625158642041077, 60.95461791748211], [8.625304765257992, 60.95463926972223], [8.625412794196855, 60.95464277911655], [8.62551125192358, 60.95463952857106], [8.625595232937924, 60.954631807248624], [8.625683917940098, 60.95462187723761], [8.625762785012236, 60.954607337432], [8.625879495317, 60.95459252304167], [8.625945286550731, 60.95459420626925], [8.626039912216324, 60.95461833644867], [8.62609229675552, 60.95463604688796], [8.626172816415846, 60.95466031776794], [8.626258464511807, 60.954686723716165], [8.626362948134293, 60.954719878945006], [8.62640114576289, 60.954739978127684], [8.626449263973587, 60.95476694374139], [8.626493091934954, 60.95480973903474], [8.6265275986566, 60.95484821844594], [8.626581016292192, 60.95489768427414], [8.626629424536926, 60.954931509313425], [8.626668099370741, 60.95496307064211], [8.626707096130877, 60.95499671897755], [8.626746449338517, 60.95503966199004], [8.626766769212797, 60.95508053024487], [8.62680129812176, 60.95512351438836], [8.626849933593178, 60.955166357657134], [8.626879242302193, 60.95519567267371], [8.626928079392169, 60.95523843540502], [8.62695739191824, 60.955272344425424], [8.627020526636072, 60.955324162997925], [8.627082898579385, 60.95536225386157], [8.627159747939672, 60.95540481524392], [8.627240948763555, 60.955440467227206], [8.627298163585758, 60.955462730083525], [8.627412218998103, 60.9554980502631], [8.62749766898009, 60.95552453598077], [8.627564272590881, 60.95555354973849], [8.627650521904284, 60.955593584596116], [8.627722441641895, 60.955629336076356], [8.627765469565139, 60.95565398774109], [8.627799130726993, 60.95567639319863], [8.627862267604195, 60.95572821140596], [8.627891782967778, 60.955762039729], [8.62790300986263, 60.95580761035956], [8.627904307977019, 60.95583712660585], [8.62791087589558, 60.95588283635599], [8.62791721146723, 60.955926012966785], [8.62791870071648, 60.95596472596575], [8.627943843422596, 60.95600095886574], [8.62795923051509, 60.95603042335871], [8.628055846612705, 60.95610463819457], [8.62813704637103, 60.956135695654226], [8.628212912344031, 60.95616010451461], [8.628274600834876, 60.95617762512064], [8.628350279645467, 60.95619743117407], [8.628439958957864, 60.95621024538338], [8.628510823424662, 60.95622081528245], [8.628562720518353, 60.95623174584364], [8.628638395729311, 60.95624695771701], [8.62869977663088, 60.95625770787221], [8.628776237528244, 60.95629115215037], [8.628805740390222, 60.956329663540735], [8.62885002535891, 60.956374821537416], [8.628893260514701, 60.95640398637494], [8.628931747928323, 60.95642635035255], [8.628979397162137, 60.95644644692935], [8.629036838309874, 60.95647313337076], [8.629104227068082, 60.95651578487088], [8.62914762823267, 60.956545047567076], [8.629190966591255, 60.95657646906975], [8.629239607441761, 60.956619311548934], [8.62927374435671, 60.95664858486186], [8.629307701843162, 60.95668244348117], [8.629337817949654, 60.95672990126836], [8.629372432818366, 60.95677063677881], [8.629411497463211, 60.9568021255799], [8.62946416385841, 60.95683137751765], [8.62952597903032, 60.956855659130234], [8.629597599567605, 60.95688923343823], [8.62966451209044, 60.95692042245982], [8.629731608245804, 60.95695162015871], [8.629788952264489, 60.956980643570574], [8.629822947414445, 60.95700324442814], [8.629865915961739, 60.95703005428914], [8.629909314423633, 60.957054722734185], [8.629947601918632, 60.95707716695838], [8.629996244531304, 60.957120009188316], [8.630030297813901, 60.95714693634689], [8.630055157540191, 60.95718090343535], [8.63006188932441, 60.957233196229055], [8.630063568768051, 60.957276511973255], [8.630064931697543, 60.957303869405536], [8.630061782212902, 60.95734263238297], [8.630044896371853, 60.957386147991606], [8.630018151195591, 60.95742063857775], [8.629977709490795, 60.95746429735593], [8.629918684409258, 60.95750824519156], [8.629863241915986, 60.957526961845524], [8.629797904280682, 60.957536831890515], [8.629741987855429, 60.95754868029719], [8.629672415680966, 60.95756303322636], [8.629588552392299, 60.9575775185503], [8.629477273750108, 60.957605835312265], [8.629449996258383, 60.95762913122919], [8.629451193062579, 60.95765639072543], [8.629447922138155, 60.95769298614756], [8.629487505570479, 60.957740352735364], [8.629540683132833, 60.95777629441086], [8.629641556423262, 60.95784134204115], [8.62975659660989, 60.95789949560263], [8.629813821654288, 60.95792635149856], [8.629866606810136, 60.9579531768136], [8.62990521739752, 60.95797770807632], [8.629953365395519, 60.958009177343634], [8.630035263536058, 60.95806539752789], [8.63008804910802, 60.95809222276177], [8.630145806527816, 60.95813027307012], [8.630175970055536, 60.95817566110814], [8.630196416813003, 60.958218696458694], [8.63023619787852, 60.95827985363328], [8.630256229542578, 60.95830926793554], [8.63027199093487, 60.95834334364836], [8.630291946073907, 60.95837960001715], [8.630298035527371, 60.958409253455734], [8.630261260309725, 60.95843002711654], [8.630134736711812, 60.958429067273855], [8.630035749586064, 60.95841644324874], [8.629979211050024, 60.95841015718469], [8.629894760875018, 60.95840632967119], [8.62977781065458, 60.958412129063106], [8.629703125353313, 60.95842425776317], [8.629647372910702, 60.95843620404076], [8.629592112121275, 60.95845492926512], [8.629536363611669, 60.95847146951874], [8.629485748197338, 60.95849473877485], [8.629444683994835, 60.95852026281388], [8.629403619725887, 60.95854578683932], [8.629367321509491, 60.958578022463264], [8.629321927724927, 60.95861496068557], [8.629285504735835, 60.95864043473333], [8.629263211617557, 60.958670272470165], [8.629241017177096, 60.958697772933526], [8.629200246672326, 60.95873475039958], [8.629168299367391, 60.95876007654354], [8.629127748033515, 60.95879688424482], [8.629078310348936, 60.958847502053466], [8.629047211422284, 60.958888901825446], [8.629034487181636, 60.95892090512504], [8.629012979280287, 60.958968975292365], [8.62897744395132, 60.95901493847876], [8.62894124349027, 60.959044836704166], [8.628882030419653, 60.959088775307194], [8.62881344927588, 60.95913046774265], [8.628772093600483, 60.95914913207006], [8.628697982453184, 60.95917038512942], [8.628618653394124, 60.95918256310993], [8.62847418037084, 60.95919993585226], [8.62837599865981, 60.95921004785261], [8.628254322807448, 60.95921814381838], [8.628174887024443, 60.95922347075896], [8.628099990185015, 60.95922649100419], [8.628034662641316, 60.95923167688749], [8.627950468468375, 60.95923948007828], [8.627875794705362, 60.959246924479416], [8.62781055177252, 60.95925445623062], [8.627740590059185, 60.959268879893166], [8.62764871437722, 60.95930847513725], [8.627570561851943, 60.95934800120009], [8.627529410339797, 60.95937117863653], [8.62749734055945, 60.95939433682531], [8.627479807319997, 60.95942629188796], [8.627472570675799, 60.95947431879806], [8.627478884429241, 60.95951299062804], [8.627489550016952, 60.95954475310081], [8.627552983508561, 60.95960343103025], [8.627591477428277, 60.9596303894492], [8.627630052341123, 60.95965509981664], [8.627697071123452, 60.959688546622466], [8.627749468570057, 60.95971085056449], [8.62780687478536, 60.95973312202697], [8.627896585445262, 60.959750441532634], [8.628024167407549, 60.95977199072276], [8.628147253964224, 60.9598048560338], [8.628237523228341, 60.95983138949185], [8.62829929962051, 60.95984666214385], [8.628374906169896, 60.95986871634847], [8.628441780007169, 60.95989089645488], [8.62852658540679, 60.95991050478825], [8.628588446836785, 60.95992812328987], [8.628664545286734, 60.95995695630822], [8.628703411508141, 60.959988525870294], [8.62871040574838, 60.96003857936704], [8.628725820989573, 60.960077142621834], [8.62874565083836, 60.9601066376568], [8.62876607101114, 60.960140574392064], [8.6288051686163, 60.96018575625422], [8.628839206082473, 60.96021277296771], [8.628929084290192, 60.9602301897466], [8.628995217332323, 60.96024314670941], [8.629075561857233, 60.96025821932594], [8.629193286823492, 60.96027074234934], [8.629278438868187, 60.96028586285127], [8.629321845134438, 60.960315125561706], [8.629361747502271, 60.960378450530044], [8.62940092704578, 60.96042138419068], [8.629491627917597, 60.96045685463571], [8.62959147398867, 60.96049014683194], [8.629686013104712, 60.96050742395302], [8.629761886514308, 60.96052723807771], [8.629841945875945, 60.96054004478867], [8.629922269599081, 60.96055061211676], [8.629983663269675, 60.960565955833374], [8.63005015067828, 60.96058361295973], [8.630117093222095, 60.96061930666737], [8.630170276131608, 60.960655248167825], [8.630223052184597, 60.96068675665804], [8.630270829173934, 60.96070902040499], [8.63031848142155, 60.960724522582765], [8.630366070885321, 60.960742183564726], [8.630427921202545, 60.96076448450689], [8.630494547892376, 60.96078421972638], [8.630560870437364, 60.960801778677336], [8.630636749279645, 60.960826186351035], [8.630727349904232, 60.96085939924399], [8.630779957051137, 60.960886215569644], [8.630818826492487, 60.96091778456513], [8.630852495204527, 60.96094018936292], [8.630909910048313, 60.96096705358763], [8.630971591364036, 60.960984662332635], [8.631019574982997, 60.961011439335145], [8.631077298589984, 60.961045073754256], [8.631158709985689, 60.961089920390435], [8.631226415347918, 60.96113474723387], [8.631283960125163, 60.96117296688969], [8.631374562419905, 60.96120617936975], [8.631450456492045, 60.96122590335448], [8.63149782799985, 60.96124373369906], [8.63154549956756, 60.961259146236195], [8.631616921906987, 60.96128361209866], [8.631711983241047, 60.96131676564217], [8.63181164652998, 60.961345453526256], [8.631883105088521, 60.96136974080208], [8.631949738322863, 60.961394069358626], [8.632020874858702, 60.961416269554704], [8.632087302493751, 60.961436084537375], [8.632173063041781, 60.9614694270489], [8.632230108520153, 60.961491679298916], [8.632306102341474, 60.96150906554362], [8.632367378225497, 60.96152224068508], [8.63243852441586, 60.96153516338551], [8.632495194290371, 60.961548210058865], [8.632542665376858, 60.96156370277579], [8.632623288024773, 60.96158572205723], [8.632676081511676, 60.961612546385346], [8.63273304256403, 60.96163245245056], [8.632785599000881, 60.961644763435345], [8.631744759475762, 60.96256766007145], [8.62742918892012, 60.966393919862604], [8.628347954624571, 60.967633727020186], [8.627161147164784, 60.96979244191984], [8.626432410191374, 60.97134480008123], [8.621367303366608, 60.973181870093], [8.617678247640729, 60.97454453289268], [8.614248881370626, 60.976311468141596], [8.610087666192847, 60.978509564201055], [8.608630749075289, 60.979261913936675], [8.608333768211484, 60.9803874357165], [8.608153780581924, 60.981303151354275], [8.607940220046556, 60.98227681023537], [8.607492561797361, 60.98246394141667], [8.602735533436782, 60.984427934016], [8.601804871803386, 60.984811289885], [8.598667309279136, 60.98610636279496], [8.592480063588102, 60.9886815898593], [8.585095482210338, 60.991713380576165], [8.580620497856467, 60.99379779571965], [8.56896822327704, 60.99465199561607], [8.568127673250984, 60.99559372416342], [8.5674081283948, 60.99639693367607], [8.56656949678583, 60.997329649265346], [8.566069554949143, 60.99787321732292], [8.565419479985936, 60.99860786195614], [8.564580544464924, 60.99954055452648], [8.56386442255823, 61.000325988882665], [8.56289259219301, 61.00100016900382], [8.561830758238857, 61.00175092366422], [8.56079303789914, 61.002475892917765], [8.560103310082216, 61.00294729125098], [8.559301916881196, 61.00351242370065], [8.558182178411029, 61.0038190675455], [8.556687723843906, 61.00423375749286], [8.555407861178596, 61.00459575815847], [8.553775593566964, 61.00504902893375], [8.553307578248932, 61.00534195188421], [8.552088998826543, 61.005860004571524], [8.551091946345158, 61.006289589576994], [8.550133803395527, 61.006712027649485], [8.548656236912068, 61.00731671115561], [8.54677455676173, 61.00808204798051], [8.543250339381357, 61.0097371981819], [8.542162421503598, 61.00986039851836], [8.54107669145907, 61.00999738819821], [8.539689263445394, 61.010155897764584], [8.538166447916012, 61.01034391619874], [8.536966594259175, 61.01049340222854], [8.535748554210379, 61.010641912901505], [8.534359436552672, 61.01080929632448], [8.533503471238344, 61.010912240525336], [8.53274086256017, 61.01101057427839], [8.531599905116444, 61.01114492188267], [8.53011723565896, 61.011316677706276], [8.528935873095845, 61.011466984759096], [8.527300478717425, 61.011658470891234], [8.525944704166575, 61.01193547845357], [8.52447314528242, 61.01223400899449], [8.523427616939722, 61.01244486676876], [8.52163332202276, 61.013142115139374], [8.515904566761687, 61.01283868120031], [8.515004139301192, 61.01288531398602], [8.512579935688912, 61.01266929016129], [8.511475919498533, 61.013075334299266], [8.510757786317669, 61.013680359663425], [8.510349356710908, 61.01503886970084], [8.510480461120206, 61.0156668888492], [8.510528558705309, 61.01597550602173], [8.509685822342124, 61.01682657370434], [8.509585544685688, 61.01785781747319], [8.50949221497513, 61.01840797366824], [8.503357783103935, 61.01843415678677], [8.498556268061408, 61.01841464509077], [8.4919192733721, 61.01963407571698], [8.480712203046261, 61.021676522674994], [8.479651559621447, 61.02159803977934], [8.47740897172418, 61.02139912509224], [8.4759752467617, 61.020969081622646], [8.472582026575035, 61.019957461597045], [8.467981375133585, 61.018589763289725], [8.466004007109692, 61.018637866493115], [8.465182500997697, 61.018480711025255], [8.463511488825178, 61.0186607034851], [8.460395847150979, 61.01900470772919], [8.459028648364349, 61.019154295135394], [8.456811464450398, 61.019100409269], [8.456161166290709, 61.01910478000768], [8.455157782040791, 61.0191099695605], [8.454223656710877, 61.01913663383918], [8.452208991186879, 61.01918244845891], [8.45043523498933, 61.01941151100656], [8.447802644052572, 61.01975165494948], [8.446543223083241, 61.01991547267859], [8.444537606269627, 61.020367123809166], [8.44327069868931, 61.02074695057373], [8.442263111764888, 61.021039958427934], [8.44080919523285, 61.022230306845685], [8.439261628471153, 61.02351535439445], [8.436913445563986, 61.02543681505774], [8.4364625271326, 61.025820215718426], [8.43582949500725, 61.02627580500221], [8.433343456153365, 61.02751468892674], [8.432723787133991, 61.02781784925656], [8.4311530739555, 61.02822759834408], [8.430509357051262, 61.02837632383399], [8.428074656594896, 61.02865380044689], [8.42581099063156, 61.02891230174938], [8.424632036115877, 61.029043918167936], [8.366334632918687, 61.04826346288633], [8.365348498987201, 61.04924204253388], [8.359873323784036, 61.05469327498217], [8.356204995658192, 61.05737722148316], [8.309203758335077, 61.09172049799245], [8.269965678104503, 61.08145536906049], [8.251701164792863, 61.0739438264345], [8.250745090842232, 61.07449960691137], [8.249368040121817, 61.07528665914827], [8.248966888478574, 61.07550973899148], [8.248190544355085, 61.07592142407177], [8.24769124262899, 61.0761666977997], [8.246645095918211, 61.076708921118], [8.245590530954475, 61.07694433142644], [8.243462213452723, 61.077414165067815], [8.24269286245244, 61.07761882366075], [8.24217406442823, 61.07778190801215], [8.24019811201304, 61.07832242756415], [8.23875132665436, 61.078736416568624], [8.237287347999496, 61.079230448966975], [8.236605940866308, 61.07945751966038], [8.23550635289708, 61.07998805856215], [8.233418618420636, 61.080874220622626], [8.232949371313978, 61.08106688971505], [8.230262913891307, 61.08240058440944], [8.225161819333437, 61.08466708736163], [8.224738574616147, 61.08620476022602], [8.224568781061935, 61.087169540511674], [8.224372174391723, 61.08756506623889], [8.223838840641903, 61.08814197599706], [8.222833713480936, 61.08874918898574], [8.222234661130008, 61.089025403673446], [8.221206643469847, 61.08947816737561], [8.217314817248253, 61.09061582828222], [8.215329423485608, 61.091191595869084], [8.21317400648578, 61.09186689991701], [8.20040677148169, 61.093934823516726], [8.195004610326395, 61.09645537342047], [8.18588933559421, 61.09875153621114], [8.170174495957095, 61.102713284253696], [8.14393325385266, 61.10958902786328], [8.133876692601378, 61.10967117698494], [8.136176820502422, 61.11570063522217], [8.126721414648404, 61.12268193949717], [8.11385302362118, 61.13430358488904], [8.100958135370592, 61.145947774405236], [8.082963594342536, 61.16216083435733], [8.080702538834457, 61.16738935452268], [8.079771781187805, 61.169763623901424], [8.078773635776363, 61.17214065034378], [8.07586979440101, 61.17907808685592], [8.07580745933087, 61.17922711510335], [8.075747048025875, 61.179375881651524], [8.075623973428184, 61.17966753068173], [8.075600945030818, 61.179722048347784], [8.075449798334839, 61.17967687911941], [8.075140888417357, 61.17959115735498], [8.075006829320133, 61.17957264286465], [8.074727432611324, 61.17953088796187], [8.074393299852725, 61.17950795134653], [8.073845919116517, 61.1795047904955], [8.07351336461318, 61.17949671421788], [8.07337622434974, 61.17947524565856], [8.073166929648796, 61.17943474656298], [8.0727525756783, 61.17938280690581], [8.072304867268459, 61.17933906595863], [8.072139255242972, 61.179319737909054], [8.071894566538877, 61.179303465340254], [8.071713895051376, 61.17927624231795], [8.071539666753404, 61.179236731907444], [8.071241426454918, 61.17917633515854], [8.070885070755514, 61.1790984389298], [8.070551809063108, 61.179060575522115], [8.070276063395635, 61.17905901693839], [8.069897264337394, 61.17908289386939], [8.069519158462477, 61.17911293432161], [8.069180427306442, 61.17912525973269], [8.06854143380254, 61.17909906940698], [8.06797253472649, 61.17907585016007], [8.067610931442767, 61.17904715718844], [8.067075524775323, 61.1790278198959], [8.066645598322248, 61.17898136905933], [8.066262609796777, 61.178905785454845], [8.065859250254631, 61.1788480802952], [8.065467974496292, 61.178784686374655], [8.065079563167473, 61.17870070835632], [8.064748205193602, 61.178645803094696], [8.064402187058999, 61.178623491333305], [8.064026314650974, 61.17861126932358], [8.063646153659409, 61.17857196625741], [8.063335955146286, 61.178490565986024], [8.063239542254625, 61.17842755896055], [8.06318520677494, 61.17836167011672], [8.06314422912352, 61.17829277334315], [8.06313368585627, 61.178154509176615], [8.063153239602338, 61.17798138078464], [8.063129858920693, 61.1778513789465], [8.063064087549366, 61.17774344074681], [8.062945422228218, 61.17765441167759], [8.062761497121922, 61.17758365509466], [8.062588380581728, 61.177546803402805], [8.062397897416618, 61.17756493934204], [8.062246496970966, 61.17761573171792], [8.062157797467917, 61.17764631726943], [8.062065458419426, 61.17765787782872], [8.061968411934078, 61.17765017814531], [8.061753565238286, 61.177600271189995], [8.061511849101638, 61.17752834035049], [8.061222878942768, 61.17744216892614], [8.060984409755067, 61.17732173288263], [8.060819441977852, 61.17721418409177], [8.06066041331554, 61.17710594940097], [8.060454834504432, 61.17693042246904], [8.060218332361448, 61.17674870609622], [8.060037277170167, 61.17665655156394], [8.05986058821046, 61.17661140020845], [8.05972936003502, 61.17660635506295], [8.05958797897335, 61.176611783078265], [8.059425357013456, 61.17664577059273], [8.059114023631793, 61.176737805733474], [8.058860374848217, 61.176796848322724], [8.058507041593177, 61.176823806697676], [8.05807768329698, 61.176807911088275], [8.057682474112307, 61.17680558050503], [8.057393489612066, 61.17679051402028], [8.057086076022323, 61.17678197851835], [8.056770722391333, 61.17680430924287], [8.056525324294665, 61.17679473112405], [8.056257872027647, 61.17675571465139], [8.05611282139267, 61.176720300193416], [8.05597487311918, 61.176651902441755], [8.055851263644003, 61.17653467039005], [8.055685082000657, 61.176289960229326], [8.055492740460712, 61.176146743167784], [8.05534139861671, 61.17608829013662], [8.054680081314904, 61.17596407842542], [8.053979306300597, 61.17587568541661], [8.053572094072443, 61.17579259557461], [8.052859613602509, 61.175645727803534], [8.051998810002829, 61.175402338120044], [8.051168179344504, 61.17513228656298], [8.050518274986409, 61.174880652449296], [8.050009279460646, 61.174641779843945], [8.049521648030217, 61.17445403085666], [8.04911959758731, 61.17431819428515], [8.04875656161245, 61.17426251441039], [8.048569781361998, 61.17426901386186], [8.048253997572429, 61.174377739667], [8.048222167998132, 61.17441278204575], [8.04744675252478, 61.175260144376125], [8.045976462131343, 61.176852658401096], [8.044005785933175, 61.178987090323325], [8.044128863838958, 61.180691834816464], [8.060572985387166, 61.1933160489797], [8.055883053826186, 61.20086772059893], [8.054832815829553, 61.20316610072174], [8.053800317888685, 61.20546376990861], [8.05285111731251, 61.207561666410385], [8.05200325726676, 61.20936580987627], [8.051111895452781, 61.21136591369517], [8.05093265657747, 61.21175335594342], [8.051148979640542, 61.21254857094077], [8.051382121689764, 61.21343496527533], [8.051927623315612, 61.21544599823881], [8.05246689585753, 61.21748374589014], [8.053041936190828, 61.21961346425044], [8.053218145407563, 61.22025347050361], [8.049760621942154, 61.22084151615552], [8.045489134237792, 61.221559044287766], [8.044186236198522, 61.22161796969442], [8.041224611367525, 61.22165442508006], [8.038636369631526, 61.221692146691794], [8.037212163964492, 61.22170878167943], [8.035556772063325, 61.22183965582548], [8.034206971010384, 61.22194122209805], [8.032552905927053, 61.22223428217863], [8.03138476489848, 61.22244444235336], [8.024977912358551, 61.22393399681221], [8.021445306830705, 61.22476984971064], [8.017324639859153, 61.225728504568984], [8.013464607807325, 61.22702494406174], [8.011637023673712, 61.22775955624623], [8.010507797554368, 61.22829587893512], [8.009348526443638, 61.22896593367562], [8.007762055471492, 61.2298752417401], [8.007115877603828, 61.230508774119905], [8.006902966933552, 61.231128795747885], [8.006652114185208, 61.23191802307062], [8.00656364903986, 61.23357197903971], [8.006721867119778, 61.23495929207653], [8.013156782963097, 61.23486051191964], [8.01797983021219, 61.23478556780474], [8.022125330544565, 61.23472967917309], [8.031010009632118, 61.23413413911547], [8.034901000206634, 61.2338754330503], [8.039855208917512, 61.233545182625114], [8.043803738089432, 61.233279998778414], [8.051171043720617, 61.23277627247203], [8.054627452231989, 61.23608183637801], [8.058871937219209, 61.24014004804528], [8.061805516316598, 61.24294060087048], [8.06544874925943, 61.24642684235881], [8.065454323495755, 61.24643208598806], [8.067131731810006, 61.24803643061829], [8.067368189949743, 61.24830707280052], [8.067370518679677, 61.248310076616114], [8.070915292830792, 61.249285234163075], [8.09293556590335, 61.25509391660015], [8.098900497597763, 61.25681179112492], [8.11016258346219, 61.26011986682485], [8.121846992430378, 61.26445081248799], [8.130343813005267, 61.26693508663925], [8.135700420348709, 61.26902534932685], [8.141392052229314, 61.274230952028844], [8.141577197526908, 61.274400233004926], [8.141759665644672, 61.27456721475134], [8.141248818646, 61.274600940207854], [8.141077982713746, 61.27462182685023], [8.140900963295826, 61.27467349223754], [8.140885620070213, 61.27468028361086], [8.140734302440888, 61.27474794413984], [8.140655009858037, 61.27478852941608], [8.140635406033109, 61.274798529148015], [8.140456621632378, 61.27488984928787], [8.140499915180746, 61.27490673800787], [8.140522512037858, 61.274915546042195], [8.14053080400293, 61.274919572080854], [8.14054322831, 61.274923537582175], [8.140580382441923, 61.27493939352322], [8.140598906405444, 61.27494628236155], [8.140681260855777, 61.274966055716064], [8.140743190454803, 61.27497992517406], [8.140763840442402, 61.27498394783494], [8.140784284940006, 61.274989762547285], [8.140809047755582, 61.27499381378983], [8.140831763541524, 61.27499866233035], [8.14085020166824, 61.275001671421414], [8.140895567656916, 61.27500568731396], [8.140922475200078, 61.27500849556964], [8.14096764353594, 61.27501853973807], [8.140990485157655, 61.27502537737716], [8.141054143261844, 61.275032214619905], [8.141078985054504, 61.27503419695888], [8.141097608398615, 61.275037215418905], [8.14111815926304, 61.27504510833952], [8.141188236885709, 61.27508075077826], [8.141208894075241, 61.275090721943066], [8.141227425347914, 61.275103559268864], [8.14123771143702, 61.275116428575394], [8.141240205407646, 61.275118718189155], [8.141252295540621, 61.2751293358577], [8.141256501436951, 61.27513919271699], [8.141252198061823, 61.27515114101372], [8.141243986547487, 61.27516298100462], [8.141232988069651, 61.27517386837134], [8.141231808293117, 61.27517498008705], [8.141221484052238, 61.27518193621272], [8.14120716569639, 61.27518490431623], [8.141178151565537, 61.27518487314476], [8.141126751968173, 61.27518190287104], [8.141106188535751, 61.27518004765282], [8.141070975461895, 61.275180963451035], [8.141048411877485, 61.275183963509654], [8.14103198786319, 61.27518799629782], [8.141033955218557, 61.27519098017219], [8.141050637868974, 61.27519687420256], [8.141085447826256, 61.275203778765395], [8.141118660778202, 61.275207718250286], [8.141151543232647, 61.27520974833329], [8.141170186219979, 61.27521267765228], [8.141186557932194, 61.2752165731399], [8.1412070300359, 61.27522653490445], [8.141211209323195, 61.27523053232774], [8.14120509633893, 61.275235359039655], [8.141190824861601, 61.275242385120954], [8.141176321303005, 61.27524534381881], [8.141165930592084, 61.27524833109248], [8.141129048571955, 61.275254299261], [8.14111853205379, 61.275255297406375], [8.141067058881204, 61.27524240969162], [8.141046633699391, 61.27523650588616], [8.141023870824725, 61.275227599399], [8.141003201109845, 61.27522366590754], [8.140990968828993, 61.27522565841749], [8.14098275016553, 61.275231549821335], [8.14098071092891, 61.275236583370706], [8.1409826782821, 61.275239567245755], [8.141005460685959, 61.27524838460715], [8.141063139851797, 61.275266273924316], [8.141102333871942, 61.27527709618106], [8.14113522345607, 61.27528507483887], [8.141164019733596, 61.27529293577884], [8.141182650306028, 61.27530190279952], [8.141192948899631, 61.275308734407446], [8.141193121608785, 61.27531478151199], [8.141186751599143, 61.275327616246095], [8.141178705649926, 61.27533955476652], [8.141172494204172, 61.275346539464515], [8.141160143144461, 61.27535249143441], [8.141139606189485, 61.27535649565672], [8.141069589832481, 61.27535645546967], [8.141051871855568, 61.27535528547068], [8.141040820095208, 61.27535445394596], [8.141024263158734, 61.27535054903776], [8.141009626708009, 61.27534557002277], [8.140991228212158, 61.27534067036042], [8.140958272202505, 61.27532872282034], [8.140945847683174, 61.27532475735406], [8.140906831819025, 61.27530799588507], [8.140896308263944, 61.27530304544362], [8.1408937064788, 61.27530210221532], [8.140881857028376, 61.275298075817716], [8.140871518652778, 61.27529313477684], [8.140859345725689, 61.27529314755204], [8.14084901435939, 61.275294155078484], [8.140840788648596, 61.27529409790407], [8.140824258302768, 61.27529605240857], [8.140805814465514, 61.275305029581766], [8.14079549008752, 61.275311985672865], [8.140789278563371, 61.27531897035208], [8.140789351941386, 61.27532888776761], [8.140795332889102, 61.27533577054575], [8.140807744854868, 61.27534577372712], [8.140814096154758, 61.2753526753094], [8.140830600673274, 61.27536450853402], [8.140861550946306, 61.27539329765748], [8.140874002021933, 61.27540312256819], [8.140886288253366, 61.27541113661854], [8.140896693067768, 61.27542004650575], [8.140900898884617, 61.275429903374885], [8.140900893375594, 61.27544188964571], [8.140896794523114, 61.27545375819803], [8.140894722412504, 61.2754666309043], [8.14088663645934, 61.27548045999469], [8.140874206370206, 61.27548848079168], [8.14085982845204, 61.27549342857796], [8.140773460958423, 61.27550733841065], [8.14073004905516, 61.27551234404632], [8.140711657484621, 61.275513392913766], [8.140688861617072, 61.2755123255266], [8.14067239054888, 61.27551230028868], [8.140653747436165, 61.27550937089911], [8.14063338853036, 61.275507435876314], [8.140620904579631, 61.27550545010162], [8.140600294144708, 61.275499536824825], [8.140577716388872, 61.275490639664426], [8.14056320571288, 61.27548764972578], [8.140550847538693, 61.275487653069355], [8.140540390336293, 61.27548667144656], [8.140524104456096, 61.27548665559361], [8.140499328696386, 61.27548864199416], [8.140476705425963, 61.275493621674926], [8.140458214564285, 61.275498540818695], [8.140441916068188, 61.2755045626561], [8.14042937963653, 61.27551050515328], [8.140412895955407, 61.275516517584], [8.140388186499905, 61.275522472809826], [8.140332516001077, 61.27554325849248], [8.140283395288145, 61.27556320513657], [8.140207253740398, 61.275591963696364], [8.140190604336293, 61.27559787756294], [8.140161947520228, 61.27560390267386], [8.140050611528858, 61.27561384039796], [8.139947805335046, 61.275619885221694], [8.139910671216425, 61.275621874798844], [8.139873477640766, 61.275625844086576], [8.139840515863003, 61.275625882540815], [8.13981803084414, 61.27562681353445], [8.139801461192684, 61.27562894617517], [8.139770757173483, 61.27563576848738], [8.139735762709444, 61.2756467890093], [8.139653328835424, 61.27566666589611], [8.139618472772787, 61.27567363781325], [8.139579007742565, 61.27567857316197], [8.13950302348643, 61.27568354645506], [8.139445266145302, 61.27568566015466], [8.13942056919159, 61.275685577501726], [8.139393746969636, 61.27568664865299], [8.139360864158524, 61.275684618136985], [8.139305205837314, 61.27567971853624], [8.139251633731577, 61.27567384337105], [8.139226910560092, 61.27566790125088], [8.139200094514262, 61.27565698610306], [8.139154807266161, 61.27563125363138], [8.139125957907217, 61.27561338572612], [8.139105274859407, 61.27559755481649], [8.139090744284877, 61.275576719029374], [8.139070160294684, 61.27553908298378], [8.139043232076045, 61.27550049383993], [8.139016409158613, 61.27546569527127], [8.139008131030657, 61.27545391912182], [8.139003892494012, 61.275451901353875], [8.139003905380727, 61.27544586365785], [8.138983381079223, 61.275406247882096], [8.138958539256427, 61.27536668318665], [8.138954215042665, 61.27536078570556], [8.138954287447158, 61.27535276829009], [8.138945922785505, 61.27533882474851], [8.13893345242945, 61.27531115397898], [8.138921133931278, 61.27529133176449], [8.138919041113116, 61.275286358737844], [8.138091319913343, 61.27536219865774], [8.137355942174132, 61.27533196155121], [8.137355902107265, 61.27533385213659], [8.137353815876864, 61.27533482764862], [8.137356027668211, 61.2753358412611], [8.137353941437656, 61.275336816773105], [8.137355968058033, 61.275337820978436], [8.13735585517815, 61.27534772897227], [8.13736004032286, 61.275357675066566], [8.137366331245676, 61.27536655651664], [8.137368404277177, 61.27537161869563], [8.137378767995896, 61.275382419423565], [8.137387000055762, 61.27538842536796], [8.13739933080406, 61.275402210016786], [8.137409740956912, 61.27541706871651], [8.13742819754361, 61.275455858760665], [8.137432402266812, 61.27546571572126], [8.137432349014151, 61.275473643998055], [8.137434401542642, 61.27548050762975], [8.137434579878843, 61.27549250328747], [8.137426406903257, 61.275502452437955], [8.137395444549643, 61.275517282206714], [8.137378979850338, 61.27552320512701], [8.137313188472412, 61.275531218498614], [8.137282398561576, 61.27553416052966], [8.137259649226971, 61.275537150539805], [8.137237025441598, 61.27554212967054], [8.137218574147441, 61.27554515777819], [8.137204010478621, 61.27555009575952], [8.13716720594512, 61.2755719287898], [8.137148456503517, 61.275584855472694], [8.137132242816538, 61.27559475661064], [8.137109446378684, 61.27561162342844], [8.137088821633988, 61.27563139444404], [8.137082734770576, 61.27564036806403], [8.137074633839593, 61.27566023459063], [8.137072553861161, 61.27566715865614], [8.13707675849586, 61.27567701562638], [8.137095221770808, 61.27570381946309], [8.137130332782636, 61.27576229175526], [8.137136484915876, 61.27577522178203], [8.137138662941807, 61.275784074541924], [8.13712017073808, 61.275806928025986], [8.137099771122276, 61.27582481786375], [8.137087359488934, 61.27583274916412], [8.137068933833293, 61.27584163667487], [8.137054370001167, 61.27584657463758], [8.137044104256026, 61.27585155071013], [8.137009121909612, 61.27585653281865], [8.136982444571593, 61.275859503480945], [8.136871146928122, 61.27586754797471], [8.13680942129494, 61.275871531824585], [8.136786731322754, 61.27587254203432], [8.136766253157887, 61.27587456586259], [8.136665240777935, 61.27587754500309], [8.136564268501068, 61.27587863348354], [8.136535604599436, 61.27587870925519], [8.136428458809755, 61.27588660383764], [8.136397648931256, 61.27588963479254], [8.13635024846292, 61.275896599405016], [8.136333657874532, 61.27590053306759], [8.1363213056996, 61.27590648457847], [8.13631108608964, 61.27591551856531], [8.13630073265931, 61.27593626199128], [8.136292637278315, 61.275962077018214], [8.136286450302727, 61.2759749208977], [8.136259705823191, 61.275991857374265], [8.13624126029676, 61.27600083389901], [8.136226900986067, 61.27600569204653], [8.136160823322491, 61.27601756572862], [8.13613825871397, 61.27602056495205], [8.136115734246598, 61.276021673587856], [8.136092918669984, 61.276020694554845], [8.136072314890425, 61.276020729151476], [8.136004483396535, 61.27601584053077], [8.135961203006486, 61.27601084749654], [8.135917968847673, 61.27600991242002], [8.135870681465525, 61.27600696887483], [8.135790127376566, 61.276008012795494], [8.135761297739316, 61.27600798986025], [8.135641821156113, 61.27600209902022], [8.135623508444171, 61.276001078342574], [8.135606832440283, 61.27600113220616], [8.135592387763328, 61.276002110577245], [8.135542954371696, 61.276002122116175], [8.135503852727862, 61.27600112652573], [8.135470950352493, 61.27599918419468], [8.135444121807708, 61.27599430600318], [8.135338918456872, 61.27598138944746], [8.135289459613546, 61.27597554147263], [8.135269100790532, 61.27597360564305], [8.135244337991175, 61.27596955338577], [8.135221622436738, 61.2759647039097], [8.13519082008788, 61.275955748349446], [8.135176164778539, 61.2759508578447], [8.135159813033054, 61.27594687250377], [8.135143335871504, 61.275940898036566], [8.13505463838702, 61.27592016804348], [8.135013564162929, 61.275910239807416], [8.134974391132856, 61.275899326675265], [8.13495783471707, 61.275895421031784], [8.134949523689464, 61.27589148379014], [8.13493090049031, 61.27588846448514], [8.134918520703312, 61.27590649123131], [8.134708676234057, 61.27621270654587], [8.134708412852822, 61.27621305366082], [8.134505968818486, 61.27650855952149], [8.134504046905965, 61.276511345848526], [8.134440458955675, 61.276557953324996], [8.134448704513524, 61.27655792176198], [8.13445275771539, 61.27655993025911], [8.134454863669703, 61.27655886566311], [8.134465116276752, 61.27655992747898], [8.134477289661008, 61.276559915286526], [8.134498138756134, 61.276557910636086], [8.134547441824678, 61.276549961816805], [8.134576285696475, 61.27654394733578], [8.134646312407323, 61.2765320046893], [8.134666831355702, 61.27652809060852], [8.134683256852048, 61.276524058616246], [8.134757462092768, 61.27651611352577], [8.134782053787285, 61.27651411878378], [8.134823387372505, 61.27651603911452], [8.134833659531346, 61.276517011771], [8.134841951153303, 61.276521038153376], [8.134852348716201, 61.27652399993289], [8.134856401940471, 61.27652600841827], [8.134862541552609, 61.276527041432395], [8.134876952123328, 61.27653390227742], [8.134901675090807, 61.276539845190165], [8.134965597296786, 61.276562560676865], [8.13504606271652, 61.2765952194588], [8.135107859654378, 61.27661908861852], [8.135206843170316, 61.276652688340896], [8.135235744988762, 61.276662628794746], [8.135264421447634, 61.276674450415264], [8.135346920052388, 61.27671406181724], [8.135369807738394, 61.276724958375375], [8.135386165861554, 61.27673489225054], [8.1354028541603, 61.27674673552669], [8.135421430085334, 61.27676363159618], [8.135441926788207, 61.27677945364188], [8.135464675528118, 61.27679439874576], [8.135495629729883, 61.276811202803316], [8.135575996430205, 61.27684773158538], [8.135602792609548, 61.27685873657893], [8.135633746948702, 61.276875540606866], [8.135650309962006, 61.27688539473053], [8.135666739984954, 61.27690524596756], [8.135675103547362, 61.27691918969526], [8.135714208235783, 61.27696371571577], [8.135743068824214, 61.276993481445345], [8.135751405802944, 61.27700327806658], [8.13578449896916, 61.27702911310384], [8.13585452698979, 61.2770786351018], [8.135871010914066, 61.27709055804773], [8.135883526788556, 61.27710435224313], [8.135904249285618, 61.27711829305124], [8.135945297308465, 61.277142008737506], [8.135970212200187, 61.277153909429146], [8.136007372569878, 61.27717571518444], [8.136052738566685, 61.27719937985569], [8.136077508516754, 61.2772093805361], [8.136120623638408, 61.27723220981477], [8.1361414255707, 61.277244081742225], [8.136159890151005, 61.27725295090896], [8.136184500638782, 61.27726880158567], [8.136194904675436, 61.27727771182293], [8.136192968148103, 61.27730447066048], [8.136188926928504, 61.277314359323185], [8.136168215085602, 61.27733025046323], [8.136158074187493, 61.27733721558316], [8.136121009718167, 61.27734912148067], [8.136110617840215, 61.277352108348026], [8.136088052258357, 61.2773551075484], [8.136069474305746, 61.27735614635696], [8.135995506181054, 61.27735617328098], [8.135935612989732, 61.27735520294915], [8.135871732158998, 61.27735619297294], [8.135847199574364, 61.27735620818894], [8.1358097927301, 61.27735430748835], [8.135774881770976, 61.27735127184843], [8.13569874197123, 61.27734839438757], [8.135647279763894, 61.277347401701434], [8.135597903982408, 61.27734543351379], [8.135525771433896, 61.27734050645075], [8.135459653260707, 61.277334623214955], [8.135385613576503, 61.27732473241445], [8.135346484807602, 61.27731787733232], [8.135274346448892, 61.27730700158402], [8.135169304436367, 61.277294183373485], [8.13514059314876, 61.27729020086003], [8.135119737705647, 61.27728625705033], [8.13506621764986, 61.277272451932475], [8.134975571405064, 61.2772452241084], [8.13495710493849, 61.277239779423844], [8.13492185820832, 61.27722888561162], [8.13483133536926, 61.27720707145745], [8.134820985903284, 61.27720474300399], [8.134777755796785, 61.27719524594291], [8.134726097073512, 61.277182346397154], [8.134680697704118, 61.27716652042968], [8.134639471254573, 61.2771487435138], [8.13462508001606, 61.27714179350872], [8.134616828505193, 61.277135876529194], [8.134600225455431, 61.277127912863904], [8.134575687272617, 61.2771219793012], [8.134554891814517, 61.27711605569388], [8.134538394620193, 61.277110170277155], [8.134484823333157, 61.27708635841806], [8.134470432157734, 61.277079408397476], [8.134460154058885, 61.27707248716025], [8.134412705309142, 61.2770318626565], [8.134402321418142, 61.27702286315957], [8.134350811514667, 61.27699221636885], [8.134326017004408, 61.276976355964266], [8.134307362195411, 61.276961528595756], [8.134293030929344, 61.27695259884485], [8.134245599764581, 61.2769298199383], [8.134216757850924, 61.2769178995613], [8.134142366642449, 61.27688230449757], [8.134117823033582, 61.27687042230628], [8.134088915695814, 61.27685453306658], [8.134076406414428, 61.27684668726803], [8.134057962227901, 61.276837728697956], [8.134047684297936, 61.27683080743191], [8.133790258499925, 61.27701329503167], [8.133724407175142, 61.27705996745574], [8.1330648201947, 61.27752726661806], [8.133083264481519, 61.277536225325115], [8.133155484480659, 61.277568916714], [8.133165656703115, 61.27757375979285], [8.13319048587233, 61.277581781280986], [8.13322752794549, 61.277589612428486], [8.13325845104453, 61.277594609028085], [8.133301752674935, 61.27759951382194], [8.133320376708527, 61.27760253336395], [8.133336729055735, 61.2776065189364], [8.133361537533046, 61.27761634184335], [8.133386451778096, 61.277628243001466], [8.133404651160674, 61.27763917196573], [8.133476937181541, 61.277675832027526], [8.13349337459083, 61.27768369728676], [8.13350789112778, 61.277692636536315], [8.13352032116469, 61.277702551233], [8.133530664700611, 61.277713441377514], [8.133536835224872, 61.277726282418975], [8.133545072707923, 61.27773823714258], [8.13360069614124, 61.27776891305798], [8.133613245959001, 61.27777486832334], [8.133629723758185, 61.277780842986594], [8.133654466998317, 61.277786697006995], [8.133718245861056, 61.27780751311336], [8.133755459594502, 61.27782139121423], [8.133823567784997, 61.27785405345883], [8.133842012481644, 61.27786301206849], [8.133883299220944, 61.277878809521965], [8.133897710172796, 61.27788567047705], [8.133961631741796, 61.27792632124532], [8.133971890440845, 61.27793333165403], [8.13396186224433, 61.27797391904899], [8.133957740829377, 61.27798587647644], [8.133957572634001, 61.2780037127112], [8.133961691488867, 61.27800969006193], [8.133972174509674, 61.27801653162041], [8.13398046640171, 61.27802055805968], [8.133992916269243, 61.27803038358579], [8.134007378940654, 61.278047251047596], [8.13404853813691, 61.27807899410988], [8.134058836013311, 61.27808582625036], [8.134083605985568, 61.27809582729643], [8.134098057357061, 61.27810079765109], [8.134124827625984, 61.278107655845616], [8.13416203619384, 61.27811558529311], [8.134188661576097, 61.27812054348237], [8.134211418771208, 61.278123502571276], [8.134230619483064, 61.27812474877892], [8.134240210062433, 61.27812541644742], [8.134273220376066, 61.27812943736577], [8.134297944460798, 61.278135380405686], [8.134318555345144, 61.278141294650126], [8.134324626233413, 61.27814349581221], [8.134349319276346, 61.278152141018225], [8.134384547261238, 61.27816312412315], [8.134473005528982, 61.278185824944195], [8.13450833251088, 61.278194650042316], [8.13455352273064, 61.278204607257685], [8.134586492923365, 61.27821051868317], [8.13464000854039, 61.27821837546041], [8.134738768497085, 61.2782282611075], [8.13476582423793, 61.27823125829453], [8.134792384212183, 61.2782322475301], [8.134817307397816, 61.278232162205946], [8.134846079281054, 61.27823416508669], [8.13491194052596, 61.27824805663487], [8.13499862352933, 61.278273731126845], [8.13507476354499, 61.27829454380202], [8.135128285320844, 61.27830834894225], [8.135153194904582, 61.27831430124085], [8.135181907123672, 61.27831828376557], [8.135237575251036, 61.27832913367547], [8.135291156919452, 61.278340959039134], [8.13531180833952, 61.278344982554444], [8.135384040241636, 61.278365686578425], [8.1354292966898, 61.278379612347784], [8.135487077013087, 61.27839534610126], [8.135544692848166, 61.278409268969696], [8.135590068913274, 61.278419235258276], [8.135674654502708, 61.27843398770584], [8.135695140398134, 61.278437912623], [8.135746689674795, 61.2784427850254], [8.135761075748277, 61.27844378636957], [8.135779634805155, 61.278442836744894], [8.1357981536841, 61.27844377770083], [8.135825130449069, 61.2784488435268], [8.135903271582457, 61.278466512878026], [8.135921836680186, 61.27847151178828], [8.1359612044414, 61.27848838266208], [8.135998115377916, 61.27850621019363], [8.13603927859608, 61.27852001789345], [8.136057988775498, 61.27852691677855], [8.136093092320465, 61.27853591032942], [8.136125943758234, 61.278545780819776], [8.136140455376859, 61.278548771248914], [8.136152965838994, 61.278556616874084], [8.136156959698322, 61.278560605040845], [8.136158992555165, 61.27856755782153], [8.136167310503001, 61.27857744355643], [8.136245617798878, 61.2785952112583], [8.136284828654787, 61.27859828493941], [8.136317693665077, 61.278602117697965], [8.13633631860572, 61.278605136838], [8.136381708652111, 61.27860906518169], [8.136418727105339, 61.27861103606148], [8.136459799155496, 61.27861501537396], [8.136496837170414, 61.27861689710077], [8.136540055401417, 61.278617921178345], [8.136560846082801, 61.278617895944706], [8.136593751281543, 61.27861983805284], [8.136636989069753, 61.278620772967855], [8.136659787008904, 61.27862184106955], [8.136801872182438, 61.278636539842296], [8.136826531307019, 61.278638513592576], [8.136871987342817, 61.27864641061416], [8.136886313893347, 61.27864939155696], [8.136948057458786, 61.278657304869064], [8.136974928616805, 61.27866029221501], [8.137001574484145, 61.27866516073243], [8.137024312820772, 61.27866820848992], [8.13706356919682, 61.278677052241655], [8.137104892516705, 61.27868500960971], [8.137123147207458, 61.27868800982773], [8.13715009760045, 61.27868892829101], [8.137189328225235, 61.278691912581216], [8.137232446866623, 61.278696806741195], [8.137279804370078, 61.27870371871437], [8.137356145447612, 61.278718501861086], [8.137444647614565, 61.27873931020954], [8.137490044341948, 61.27874918674509], [8.137562186833275, 61.27876006137287], [8.137626102772618, 61.27877087857945], [8.137704259933914, 61.278780796904876], [8.137724991126465, 61.27878275121138], [8.137821733504442, 61.27879757900557], [8.137912580600975, 61.2788094035373], [8.138017503309408, 61.27882023058602], [8.138038215006373, 61.27882227397725], [8.138102131250111, 61.27883309096326], [8.13818440850226, 61.27884898625402], [8.138207311801082, 61.27885384467671], [8.13823399807049, 61.27885682237063], [8.138289483088208, 61.278867661648576], [8.138339304417038, 61.278879565108426], [8.138361798292216, 61.2788845829576], [8.1383679580305, 61.27888552668914], [8.138372071349847, 61.27888555535866], [8.13837837625739, 61.27888839908208], [8.138438146857546, 61.27890531406932], [8.138473026331697, 61.278916188199574], [8.138536982942593, 61.278925114398845], [8.138563874043282, 61.278928012302785], [8.138582267677908, 61.278926963758735], [8.138603039040392, 61.27892702734645], [8.138623333919274, 61.27892499386293], [8.138648231606423, 61.27891904841143], [8.138664598345983, 61.27891699566614], [8.138703869431808, 61.278918088937], [8.138734708218665, 61.27892091692868], [8.13878616020696, 61.278927946175244], [8.13880906366259, 61.27893280449831], [8.138850149643295, 61.278948680220935], [8.13888928784492, 61.27896148289397], [8.138907979392712, 61.278968470530415], [8.138938620112278, 61.278977326766245], [8.138955225248178, 61.27898528992981], [8.138982063519656, 61.278996116034], [8.138998728205069, 61.27900209947334], [8.13909763112093, 61.27902586824694], [8.139113984979039, 61.279029853143115], [8.139128371451624, 61.2790308541349], [8.139144863896512, 61.27903079045638], [8.139155196548689, 61.27902978307963], [8.139165569177184, 61.27902688511489], [8.139175709992696, 61.27901991976816], [8.139177809320326, 61.27901290653546], [8.139177921712838, 61.27900299853321], [8.139179941980542, 61.278998054152126], [8.139187936840711, 61.27899404406096], [8.139196223028554, 61.27899212163093], [8.139223088064206, 61.27898915997438], [8.139237368383307, 61.278988082697666], [8.139262206500502, 61.278984116851795], [8.13929311868459, 61.27897721497958], [8.139317791134065, 61.278973150586175], [8.13933432351618, 61.2789711962967], [8.139389921468469, 61.27897212712864], [8.139422767756153, 61.27897604827676], [8.139451792064426, 61.27898202844164], [8.139484566033493, 61.27899396699145], [8.139497011323805, 61.27899784347816], [8.139515584041996, 61.27900879047285], [8.139524041700964, 61.279014627446685], [8.1395281617488, 61.279020604645666], [8.139552656322431, 61.27904041419491], [8.139561074916546, 61.27904642943129], [8.139569202158913, 61.27905035700593], [8.139589814680628, 61.27905627047115], [8.139604512080993, 61.27905926994164], [8.139635312020863, 61.279062275996026], [8.139697017223419, 61.279072078663994], [8.139725750310081, 61.279075971111084], [8.139740322021556, 61.27907698144269], [8.139835019869285, 61.27909089278315], [8.13989893733012, 61.2791017089378], [8.139940096323745, 61.27910956692262], [8.139956754470226, 61.27910960168207], [8.140043225810691, 61.27912345563598], [8.140100983571246, 61.27913332804046], [8.140179334529943, 61.279149202931215], [8.140212266940434, 61.279157003604844], [8.140241046929948, 61.27916495392251], [8.140292592379051, 61.279181810886634], [8.140377242913889, 61.279212515569405], [8.14039595449068, 61.279219413875005], [8.140447327576938, 61.2792302236801], [8.140467795093357, 61.27923423702373], [8.140486506703555, 61.2792411353173], [8.140502927185134, 61.27924908889566], [8.14052143407914, 61.27925606691388], [8.14058143203344, 61.27929074695438], [8.14061214680909, 61.27930952023613], [8.14063079906891, 61.279318398232284], [8.14065770456309, 61.27933319286288], [8.140670051638267, 61.279339227232384], [8.14068857815997, 61.2793461160966], [8.140746131814485, 61.279356067964386], [8.140762750216956, 61.27935799321565], [8.14077728221819, 61.27936089402712], [8.140793695892413, 61.279362899004354], [8.140818488613474, 61.2793728097318], [8.140834909248754, 61.27938076327208], [8.140849381853677, 61.2793856437978], [8.140859721533747, 61.279390584859804], [8.14088040786388, 61.27940641554966], [8.140888582203864, 61.27941440102773], [8.140890556746553, 61.279423333475485], [8.140886450310482, 61.27942925344951], [8.140888484264995, 61.279436206175504], [8.140888735834745, 61.27944018442443], [8.140882523453142, 61.279447169094716], [8.14087639001796, 61.279452084910325], [8.14085777801195, 61.27946096351715], [8.140849657453634, 61.27946298458387], [8.14082899195333, 61.27946499959268], [8.140814671579886, 61.27946796762408], [8.14081263199658, 61.27947300116543], [8.140812579526244, 61.27948092945497], [8.140825073817584, 61.2795264457998], [8.14082710776331, 61.27953339852657], [8.140827114711815, 61.27953934709441], [8.140833195706339, 61.27954235957102], [8.14083110929202, 61.279543335133866], [8.140835348486242, 61.279545352854306], [8.140833262071796, 61.27954632841717], [8.140841515385986, 61.279552245044194], [8.140862208762893, 61.27957402430609], [8.14087038313909, 61.279582009785805], [8.140874648834654, 61.279589886940556], [8.14087865734206, 61.27960577211472], [8.140878683836213, 61.27961163155017], [8.140891130889624, 61.27963344275142], [8.140922158521104, 61.2796721493344], [8.140951152243783, 61.27970390318598], [8.14096557955024, 61.27972266055998], [8.140982133167844, 61.279738551778365], [8.141021334062714, 61.279767308977846], [8.14103161448801, 61.279774229750906], [8.141097766988151, 61.27980390463043], [8.14111216089082, 61.27981085398615], [8.141157507994773, 61.27982865762223], [8.14125844927646, 61.27985937760276], [8.141336829233042, 61.27988111129545], [8.141369683787547, 61.27989098055805], [8.141439758061942, 61.27991472588751], [8.14147298308448, 61.27992461393], [8.141507824933498, 61.2799373779002], [8.141524471074973, 61.279943450175665], [8.141547256970645, 61.27995226749785], [8.141560529691201, 61.279960061125934], [8.141590320462841, 61.279977074870054], [8.1416172738947, 61.27999592730468], [8.14168958217008, 61.28003853177113], [8.14171837046123, 61.28005243036225], [8.141780220227531, 61.280094053228076], [8.141800966831221, 61.28010790406773], [8.141819441827758, 61.28012272108092], [8.141833803347868, 61.280137509525176], [8.141840217000878, 61.28016036619721], [8.141850571359896, 61.280177204330684], [8.141856726202821, 61.28019013418263], [8.141869120050009, 61.28020193875616], [8.141881534191215, 61.280211941871116], [8.141922676788434, 61.2802395355845], [8.141937177390668, 61.280248563115315], [8.141959891894711, 61.28026539779972], [8.141972219304021, 61.2802732335171], [8.141982606422811, 61.28028223248062], [8.14199714612997, 61.28029108174009], [8.142007288713192, 61.28030205102391], [8.142025963452909, 61.28032877455523], [8.142033152215198, 61.28034040501404], [8.142034350218971, 61.280342628811276], [8.14204057884857, 61.28036547607523], [8.142073595867405, 61.28040707715791], [8.14208799743874, 61.28041997498823], [8.142104504992664, 61.28043180810226], [8.14216242047323, 61.28046746308224], [8.142178782679188, 61.28047739619627], [8.142195408968014, 61.28048526985324], [8.142238577948058, 61.2804942204471], [8.14225722415822, 61.2804971496645], [8.142271677965253, 61.28050211918175], [8.142300333844307, 61.280508079962786], [8.142327293239143, 61.28051494599238], [8.142380869146699, 61.280532806348354], [8.142413850598002, 61.28054466449688], [8.142457291027531, 61.28055750413933], [8.142481833443057, 61.28056343633455], [8.142541643566972, 61.28059215760109], [8.142609900203327, 61.28063275334398], [8.142651143067631, 61.280656476538006], [8.142679979408355, 61.28067443292065], [8.142692433055565, 61.28068425770191], [8.142702721436319, 61.28069712693058], [8.142733552503218, 61.2807239265998], [8.142791469235233, 61.28075958132894], [8.142814243858263, 61.28077443615774], [8.142820391891167, 61.28078141740011], [8.142834687560844, 61.28079223690057], [8.142871819647189, 61.2808338663479], [8.142880120762367, 61.28084384084289], [8.142894660979502, 61.28085269001336], [8.142903403319764, 61.28085637820228], [8.142929796026875, 61.28086754129866], [8.142948304415158, 61.28087451900697], [8.142962718749192, 61.28088137904611], [8.142983347809434, 61.280899189168714], [8.1430043445383, 61.280923867391344], [8.143006137313414, 61.280925941115214], [8.143035148954855, 61.280969591715106], [8.1430454375641, 61.280982460921095], [8.143057812628392, 61.28099435452973], [8.143098918203801, 61.28102212618145], [8.143113564958165, 61.28103305358796], [8.143125959598988, 61.28104485805812], [8.1431383420862, 61.281062700234145], [8.14314659880435, 61.28108655158754], [8.143152773871588, 61.28109939225782], [8.143154749136773, 61.28110832468318], [8.143187983346243, 61.28112416090527], [8.143237321222076, 61.28114000329254], [8.143276708455861, 61.28115083443806], [8.143360962463118, 61.28116971056011], [8.143385895478874, 61.28117557226693], [8.143435206584352, 61.28118555514297], [8.14346832717174, 61.281193364467114], [8.143488922320431, 61.28119936650305], [8.14352393208535, 61.281212228519365], [8.143536319507318, 61.28121808438018], [8.143548628148912, 61.28122600909822], [8.143559161511096, 61.281236907943374], [8.143569423439937, 61.2812439176719], [8.143571517337161, 61.281248890642395], [8.1435715443163, 61.28125475008447], [8.143573453006075, 61.28125971365578], [8.14355906070406, 61.28127069940241], [8.14354474717748, 61.28127961628904], [8.143536381838947, 61.281283607838425], [8.143530248434116, 61.28128852377478], [8.143528295373612, 61.28129743707815], [8.14353038926729, 61.28130241004924], [8.143555065871695, 61.28131627976102], [8.143565406609019, 61.281321220631845], [8.143573779402592, 61.28132317765593], [8.143581907735443, 61.2813271050056], [8.143598448589687, 61.28133109878512], [8.143616890692728, 61.281334107558315], [8.143654058427924, 61.28133797650489], [8.143728295623665, 61.28134787235951], [8.14374471054239, 61.28134987699711], [8.143763231443423, 61.28135081689212], [8.143768846303901, 61.28135083146087], [8.143783819265261, 61.28135087030982], [8.143802525377435, 61.281351819598385], [8.143839488420879, 61.28135576822888], [8.143851974901258, 61.281357753744224], [8.14387666371829, 61.28136558569107], [8.143893008691345, 61.28137218309288], [8.143901439464686, 61.28137558502429], [8.143921888667952, 61.28138139933236], [8.143957024795979, 61.281396250366775], [8.14397363248885, 61.28140421295205], [8.14399018096241, 61.2814141552613], [8.144014699710961, 61.28143387493812], [8.144033408954419, 61.281452759057814], [8.144058278649753, 61.281472586657834], [8.14406645431674, 61.28148057196348], [8.14407673596702, 61.28148749252321], [8.14408709637309, 61.28149234422311], [8.144130274852925, 61.28150724281861], [8.144157215988704, 61.2815141976354], [8.144175744562734, 61.28152108605234], [8.144216977807618, 61.28155084651358], [8.144227405039553, 61.281559667054026], [8.144260257897681, 61.281581521941256], [8.14426851238354, 61.281587438376455], [8.144295436684164, 61.28161412949144], [8.144301585204, 61.28162111067371], [8.144311948913993, 61.28164389722202], [8.144322226314896, 61.28166280405205], [8.144324572361853, 61.28167175526207], [8.144355366066701, 61.28170044518899], [8.144386463447377, 61.281725185055095], [8.144452334835732, 61.28177070561135], [8.144473064180607, 61.28178464520793], [8.144485566105375, 61.281798527823], [8.144504228551872, 61.281813353900574], [8.144526827149814, 61.28183414764379], [8.144539242767978, 61.28184415053665], [8.144576308111803, 61.281863875849425], [8.144592916207076, 61.281871838364644], [8.14461349188455, 61.281879641699376], [8.144633969326497, 61.281889603024304], [8.14467543257749, 61.28190549587416], [8.14469993682004, 61.28191331828244], [8.144743435076204, 61.28193616379561], [8.144764058154959, 61.281948025093314], [8.1448115045629, 61.28197080053635], [8.144858891863448, 61.28199555569073], [8.144887895775538, 61.2820153224973], [8.144900126365687, 61.282025315962315], [8.144958067459228, 61.28206088070201], [8.144972384552004, 61.282069898535305], [8.144982812163573, 61.28207871902311], [8.14500339528145, 61.28212239204203], [8.1450076031609, 61.28213224881361], [8.145007492535763, 61.28214215684693], [8.14500570551221, 61.28215116870741], [8.145011940695934, 61.28216202957966], [8.145030359220465, 61.282178825921356], [8.145055230104882, 61.28219865335568], [8.145090316242554, 61.282221432423555], [8.14512541016237, 61.28225016006225], [8.145133712349734, 61.28226013443483], [8.145141781959435, 61.282266041424606], [8.145152142785292, 61.282270893049116], [8.145197676919443, 61.28230069110652], [8.145218367309631, 61.28231652119292], [8.145234731435636, 61.2823264539657], [8.145278183261825, 61.28234524133562], [8.145310896060877, 61.28235320970647], [8.145325615101335, 61.28235611945317], [8.14532981647986, 61.28235660298173], [8.145358465744716, 61.28236003922419], [8.14537709384707, 61.28236305716586], [8.145401590840802, 61.28236493087498], [8.145436752805217, 61.2823659937971], [8.145453247042898, 61.28236592937581], [8.145467635286318, 61.28236692971947], [8.145498372166376, 61.28236596564369], [8.145547961435417, 61.28236785060917], [8.145572809350883, 61.28236983221406], [8.145595551279278, 61.282372878583466], [8.145620233512044, 61.282374761649834], [8.14564888393397, 61.28237477317589], [8.145675759198152, 61.28237775885369], [8.145704614364735, 61.28237769063097], [8.145787093992768, 61.28238160459466], [8.145826223629163, 61.28238250820387], [8.145863306401392, 61.28238249684674], [8.145890055593, 61.28238349335785], [8.145918891242653, 61.28238351422297], [8.145943573507013, 61.282385397230776], [8.145972417049904, 61.28239136666607], [8.14599117134404, 61.28239637364888], [8.14603023818231, 61.28241124322495], [8.146044713001375, 61.28241612322749], [8.146268282484723, 61.28247955623175], [8.146383650153549, 61.28252740626677], [8.146585874028558, 61.28265067965171], [8.146594599215337, 61.28274935728478], [8.146575355425629, 61.282816695057654], [8.14650750147582, 61.2828973387495], [8.146507224970279, 61.282942206429], [8.146599852654031, 61.28301864359691], [8.14659944559496, 61.28307693311077], [8.146559566919464, 61.28316665640825], [8.146606751436208, 61.283328298751556], [8.146717791121388, 61.28345406625028], [8.14686799413338, 61.28353955197826], [8.14686771807862, 61.28358441966493], [8.146895463752228, 61.283615928350656], [8.147564811026152, 61.28388185579805], [8.147601936061243, 61.28391329924904], [8.147564436061614, 61.283935730815635], [8.14755470036402, 61.28395966060687], [8.147685160351912, 61.28399421538371], [8.147880845950894, 61.28400801483932], [8.14790869278016, 61.28403051602081], [8.147876223330545, 61.28412917712921], [8.147889195708329, 61.2841426325832], [8.147907683694116, 61.28416510975749], [8.147989480425071, 61.28419097776258], [8.147998750909304, 61.28419397136092], [8.148214903431134, 61.284237467565255], [8.148242385619406, 61.284277884794406], [8.148232832614937, 61.284313810342], [8.148167230508305, 61.284358519535054], [8.148157746763498, 61.28438985228271], [8.14823187467902, 61.28444390044109], [8.148584696142152, 61.28463302687432], [8.148630972257687, 61.28468683406593], [8.148705021631784, 61.28474980017381], [8.148946761239904, 61.28483469750543], [8.149226349850007, 61.284867349108545], [8.149281911431652, 61.28490783790944], [8.149291077780763, 61.28494381137643], [8.149169436477669, 61.2849929797394], [8.149206365546204, 61.285042437438584], [8.149494396651848, 61.28518195245457], [8.149605621041838, 61.28525392251662], [8.149633327356062, 61.28530786927194], [8.14974468809704, 61.28538435228486], [8.150394713870753, 61.28571399263048], [8.15060842960047, 61.285835407933746], [8.150673433636175, 61.28586700184659], [8.150822299118552, 61.285921051614], [8.150859452921786, 61.285930144805484], [8.150933928529906, 61.285934731027474], [8.1510271600376, 61.28595288519673], [8.151185022602446, 61.28602487452103], [8.151371350745166, 61.28605666940751], [8.1515110667387, 61.286088354605056], [8.151575913709157, 61.28613778450547], [8.151631359164027, 61.28620962921], [8.151705319341138, 61.28628160115146], [8.151770530166283, 61.28631311482122], [8.151956645588323, 61.28634931408114], [8.152238155340195, 61.286357001927136], [8.152385311839446, 61.286394921231334], [8.152632421772411, 61.28652640668658], [8.152831475622285, 61.286579662756736], [8.153129618770237, 61.28660891988744], [8.153335914361866, 61.28670526052514], [8.153445674266536, 61.28673776886887], [8.153557670011104, 61.28673353001108], [8.153595120206077, 61.2867156004444], [8.153623359610133, 61.28666187588372], [8.15365160560612, 61.28664834659925], [8.153791416335396, 61.286653087228785], [8.153969821612245, 61.28672881746888], [8.154246981584734, 61.28683343333824], [8.154776834338042, 61.28705863720029], [8.15500883773063, 61.287184756206734], [8.1552598359861, 61.28730624930771], [8.155473503789104, 61.287414315221106], [8.15554766084263, 61.28748629461726], [8.155528403313651, 61.287558048436026], [8.155518124055066, 61.28770605047999], [8.155442862181044, 61.28775982685046], [8.155424209595465, 61.28779114607697], [8.155442373245837, 61.28782712397783], [8.155535544381827, 61.2878721283372], [8.155553630040748, 61.287917024444205], [8.155450510765517, 61.28800652047918], [8.155371239162967, 61.28812399096176], [8.155253494864237, 61.28815876238507], [8.15515066796377, 61.288198975753275], [8.155075540583379, 61.28825726495066], [8.15507528494145, 61.28832006777187], [8.155251986977241, 61.28838309237122], [8.155279735878112, 61.288396664568324], [8.155428563180623, 61.288437278284114], [8.15550309365689, 61.288473317458674], [8.155577087374779, 61.288545198355315], [8.15559540750879, 61.28858560016875], [8.155623293164002, 61.28860368536057], [8.155744401879343, 61.2886263120751], [8.155781482244493, 61.288644322203], [8.15581869910743, 61.28866684538186], [8.155929989113341, 61.28875233105412], [8.156004072343723, 61.28879726942653], [8.156069117130672, 61.28884670674128], [8.156254794683907, 61.28896461869188], [8.156469949642027, 61.28911304277475], [8.156664698707662, 61.28926142439427], [8.157013094242613, 61.289585124754325], [8.157174373884635, 61.28971099219863], [8.15737860647032, 61.289828039407375], [8.157555264081406, 61.28991358898036], [8.157944305363637, 61.29001385725711], [8.158169775126483, 61.29004924568756], [8.158346425227883, 61.290116859300255], [8.158448734365022, 61.29016637943013], [8.158736292226735, 61.2903598311415], [8.158986877157066, 61.29054420060673], [8.159088858362683, 61.29060722196432], [8.159228573835332, 61.29064331415834], [8.159524901704891, 61.2906904881998], [8.159675415166877, 61.29075172995591], [8.159898357184138, 61.29087323459593], [8.159944755389489, 61.290895770552325], [8.15997266507548, 61.29091376577856], [8.160111999991223, 61.29100814700457], [8.160195255262447, 61.291089145322246], [8.160251111482324, 61.29110269699409], [8.160409684959369, 61.29110567599131], [8.160549067417762, 61.29117500503757], [8.160623460932205, 61.29118859351166], [8.160688582396755, 61.29121117554579], [8.160800086997225, 61.29127864278096], [8.160855610293721, 61.29134598045364], [8.160854497899102, 61.291476151143165], [8.160891500705374, 61.29152110234057], [8.161114244449802, 61.29168296944005], [8.161383170437245, 61.29188980102273], [8.16159397230337, 61.292160291204254], [8.161872225533994, 61.29235362456656], [8.162096702092615, 61.292547030044524], [8.16221765870994, 61.29258757689447], [8.162264026273682, 61.29263255081896], [8.16229154654733, 61.292690900570804], [8.162271413605533, 61.29287039696993], [8.162260626701281, 61.29307226598124], [8.162278827106425, 61.29314411313744], [8.162306044951327, 61.29325183461352], [8.162305031594714, 61.29341328258216], [8.162317506220626, 61.293476188280636], [8.162348709493898, 61.293826179987775], [8.162376039168198, 61.29390254450829], [8.162440596796435, 61.29400143054381], [8.16246789840387, 61.29408220960735], [8.162495749154088, 61.29412705763446], [8.162560562240843, 61.29418107559188], [8.162671463089264, 61.294329349940305], [8.162670514232598, 61.29446394467048], [8.16269406233007, 61.29454561522703], [8.162873519188345, 61.29476936536536], [8.163003216745343, 61.294872808116345], [8.163189203887624, 61.294967292236485], [8.163235466995408, 61.295003338270845], [8.163244403785434, 61.29506615495548], [8.163196988985343, 61.295164783448904], [8.163224622096887, 61.29523206069011], [8.163400600116956, 61.29538948415363], [8.163539649752934, 61.295515299015236], [8.16367865273517, 61.29564561744561], [8.163706391507557, 61.295699561795196], [8.163713607967177, 61.29595623439546], [8.163750729110491, 61.29601011257085], [8.163910376173732, 61.29611714187348], [8.164158601233616, 61.29635635423261], [8.164259982824417, 61.29652253020532], [8.164380186336135, 61.29667974457291], [8.164490604919342, 61.29689972965847], [8.164518331842585, 61.29693573885141], [8.164555488822904, 61.29696717811924], [8.16460189922681, 61.296989712658394], [8.164834565929697, 61.297061861218154], [8.164940462459095, 61.297129400870155], [8.164991945601056, 61.2972281647148], [8.165066231739901, 61.29725346060391], [8.16527155783277, 61.29726898085043], [8.165336695152796, 61.29729156088147], [8.16542955233554, 61.29735447533509], [8.165475480317285, 61.297426372015096], [8.165473978635289, 61.297637271779855], [8.165473960625482, 61.29767764554436], [8.165491814552098, 61.2977674086954], [8.165620908397482, 61.29797400739466], [8.16568562638812, 61.298059381043565], [8.165759740530016, 61.29812233876764], [8.16578740937013, 61.298185201035054], [8.165740135001116, 61.298288343525655], [8.16567421382796, 61.29836449787727], [8.165739373159802, 61.29838698861495], [8.165879286275583, 61.298387213864885], [8.166066520462342, 61.29827979267011], [8.166122665534353, 61.298262083647636], [8.166188062069521, 61.298262055664644], [8.166262375757222, 61.29830267290206], [8.166327053008395, 61.298374525804846], [8.166354553092471, 61.29845531364564], [8.166352165883458, 61.298527110271515], [8.166306967784537, 61.29858989312864], [8.166306500516638, 61.29865719060995], [8.166334065137244, 61.298693100975946], [8.16639012284675, 61.298706659722], [8.166502145136915, 61.298684475727704], [8.166595352720043, 61.29869351395307], [8.167014413607038, 61.298783913561905], [8.16724723725129, 61.29886057132395], [8.167403390670442, 61.298942545326156], [8.167556255283868, 61.298959825634945], [8.167612006525738, 61.298986796498625], [8.167742291767391, 61.299031954432124], [8.167826212179124, 61.299032050854784], [8.167863744511273, 61.29900519917375], [8.167939178445872, 61.29889320565006], [8.167995515602009, 61.29883945683896], [8.168051314179868, 61.29886192381849], [8.168088241186739, 61.29891588073062], [8.168059919684625, 61.29897861589806], [8.167965664560294, 61.299099571530014], [8.167908768589529, 61.29922962526764], [8.167908379546676, 61.29928800453056], [8.167926304360899, 61.29939119881866], [8.167953736601284, 61.299459455800594], [8.168009532883993, 61.29949994700263], [8.168083918464552, 61.29953597047398], [8.168316564992072, 61.29961261714967], [8.168418735106231, 61.29966212105474], [8.168474391041167, 61.29971612319924], [8.16850194474647, 61.299792406992765], [8.168529512828691, 61.29982831696246], [8.168622430842822, 61.29988672572017], [8.168732212135954, 61.29994084973628], [8.168836472514798, 61.29996792847876], [8.169134825357613, 61.29999084726914], [8.169162869759884, 61.29999541880573], [8.169330638783082, 61.300022552395724], [8.169525928109731, 61.30010812348059], [8.169656042104036, 61.30019355501901], [8.169720468770695, 61.30029233958959], [8.169750230805418, 61.30058412526907], [8.16982050915582, 61.30067842900455], [8.169848339173733, 61.30070542982153], [8.1700081967063, 61.30104758822564], [8.17009481797009, 61.30119489794948], [8.170263576113452, 61.30135221565296], [8.170290518291191, 61.30149137283993], [8.170318124584186, 61.30156315263641], [8.170355011569697, 61.30162161274074], [8.170513162549003, 61.30169367981495], [8.170587632255115, 61.30170275953247], [8.170839627995663, 61.30169863846325], [8.170961135528596, 61.30166737683151], [8.171008015063963, 61.30162261170382], [8.170990153315422, 61.3015104993757], [8.170991014009712, 61.301384733247254], [8.171037967086553, 61.301331049814074], [8.171122415724625, 61.301277278006104], [8.171365631980823, 61.30115203989927], [8.17147793857915, 61.30112085380292], [8.171618049669704, 61.301121082667166], [8.171738819581197, 61.30116611602394], [8.171850885020826, 61.301161773626], [8.17194434249246, 61.30114396428649], [8.17200070542632, 61.30106777497149], [8.172011462818485, 61.30086148978094], [8.172087453750672, 61.300691123774875], [8.172283686722388, 61.300349382626955], [8.172398623068027, 61.30017999246841], [8.172511611935176, 61.30005898916558], [8.172493894048287, 61.29989299191442], [8.172485058029126, 61.29981675354429], [8.172551486133072, 61.29966870512405], [8.17262659916278, 61.29958814564616], [8.1727298882383, 61.299502971208355], [8.172758339833964, 61.29944474801102], [8.172749670303034, 61.29933255968659], [8.17267981242616, 61.2991753742527], [8.172694941812184, 61.299139549206934], [8.172760607347236, 61.299108259468], [8.172881890010533, 61.29909942538057], [8.173002839528781, 61.29914446688504], [8.173244443164736, 61.299283109969096], [8.173540571205844, 61.2996389046985], [8.173647400728807, 61.29984905543552], [8.173641514370702, 61.29989490021775], [8.173648002001286, 61.30029861044285], [8.173721327346103, 61.30076094042906], [8.173689408561915, 61.301083945098554], [8.173641212638877, 61.30128581592916], [8.173593819666436, 61.301384448385825], [8.173534497391357, 61.301595220047794], [8.173591559360833, 61.3017209370405], [8.173813802175196, 61.301968097845716], [8.173980590778509, 61.302138828813185], [8.174262550012621, 61.30237170095948], [8.174454278058228, 61.3024402314378], [8.174528863393897, 61.302476260936864], [8.174584276323873, 61.30253916973986], [8.17458406451413, 61.30256159920793], [8.174546275571233, 61.30263341020289], [8.174499178277191, 61.30270150681791], [8.174498727709022, 61.30275078033408], [8.174581758437522, 61.30290349248496], [8.174637145729875, 61.302988840104966], [8.17468297661643, 61.30311453004103], [8.174709840068298, 61.30328504378539], [8.174737299296543, 61.30335239890829], [8.17479289943885, 61.303415317011506], [8.174839016142515, 61.30350965913611], [8.174837574584261, 61.30372055988521], [8.174827098011441, 61.30385953841206], [8.174854419661807, 61.3039584289311], [8.174900675919904, 61.304039259881854], [8.174918506339093, 61.30415587563395], [8.175188624210886, 61.3041967299393], [8.175254252089866, 61.30416994284152], [8.175422193948245, 61.30416120842515], [8.175534434900392, 61.30413893737635], [8.17563691413285, 61.30413906417517], [8.175906862915872, 61.30423821677202], [8.175984951344565, 61.304282262627346], [8.176027369625322, 61.3043506428722], [8.176027225369436, 61.30438650374768], [8.176036281470115, 61.30444031253552], [8.176007672040875, 61.30449411248963], [8.176007297398069, 61.304552491986605], [8.176035176065643, 61.30459733763541], [8.176137283556722, 61.30467386783402], [8.176642643196955, 61.30500128228278], [8.176731769196007, 61.30504714641997], [8.17688093490529, 61.305083243740754], [8.177116034781172, 61.30508366447211], [8.177526409365818, 61.305093291258125], [8.177798519283726, 61.30516370997734], [8.177964227672296, 61.30519271025533], [8.178113768643142, 61.305188450962206], [8.17825396579181, 61.305143706363125], [8.178347667477825, 61.30509904862695], [8.17845998379123, 61.305027482848566], [8.178553841411583, 61.304969224628714], [8.17873148034146, 61.304884282560465], [8.178937164527735, 61.304826259573176], [8.179348241285654, 61.3047424612231], [8.179628786480004, 61.304670280372875], [8.1799444044571, 61.304616000037335], [8.180179631633104, 61.304581455193556], [8.180515907094373, 61.30452352947508], [8.181151237259359, 61.30439444298253], [8.181207493113755, 61.3043899808873], [8.181552950952646, 61.304327739519316], [8.181740081527721, 61.304269677946564], [8.181833609782428, 61.304224919193764], [8.18198293654471, 61.30420271103451], [8.182468198871446, 61.3041945614248], [8.182796911047399, 61.30414291778654], [8.182925902576875, 61.304091926058376], [8.183010435328521, 61.30402481370227], [8.183093546141903, 61.30389030975577], [8.183114485906755, 61.30381404251937], [8.183030894035966, 61.30375566480949], [8.182910158024281, 61.303665674168656], [8.182752249661858, 61.30358029741401], [8.18268690109826, 61.30355771604012], [8.182705901556217, 61.30353073696905], [8.18281793063547, 61.303508539562365], [8.18293934283291, 61.303508624368625], [8.183097578990017, 61.30355382378779], [8.183134737727668, 61.30356732316454], [8.183246449787175, 61.30362135115837], [8.183437748999514, 61.30376158199118], [8.183543692439496, 61.30381027207586], [8.183785774649676, 61.30388691481863], [8.183984962281535, 61.303984104563995], [8.184129637736262, 61.304080347859916], [8.184250808219925, 61.30412538917817], [8.184334787860353, 61.3041209718253], [8.184813503009327, 61.30396919279015], [8.18501918944752, 61.30388872136373], [8.18511321651005, 61.30380811790596], [8.185207031889467, 61.30370956983735], [8.185291188632785, 61.30366478708046], [8.185384691332029, 61.30364246471362], [8.185534019617268, 61.303638276894894], [8.185608906739947, 61.30360248927875], [8.185802924236656, 61.30330126543972], [8.18593790706811, 61.30320812663595], [8.18608769755432, 61.30313646172634], [8.186246724146857, 61.30307400386317], [8.186359034691208, 61.303002342007176], [8.186653748318827, 61.302729984580054], [8.18668746289486, 61.30271113655731], [8.186827396872763, 61.302711340444944], [8.187060025519981, 61.302796963434375], [8.187190629752795, 61.30283310513156], [8.187330309536005, 61.302842217530745], [8.187358396110621, 61.30282425726851], [8.187377864705635, 61.302721150036206], [8.187434114656645, 61.302694335469965], [8.187564567910156, 61.30268558953019], [8.187769819545123, 61.30269476174526], [8.187807209090023, 61.302703765441514], [8.18791896830844, 61.30273093607119], [8.188216610960174, 61.30287940237636], [8.18869260182376, 61.30314851287458], [8.188746367643969, 61.3032122330149], [8.18881595530506, 61.30340976698851], [8.188837765679533, 61.30350404968195], [8.18892092911635, 61.30362981136483], [8.189004241955681, 61.303719622753285], [8.189180818957178, 61.30383206684482], [8.189273478716125, 61.3039219884683], [8.189403574713912, 61.304016409563324], [8.189496770429018, 61.304047960480254], [8.189655239735574, 61.30407063362344], [8.189962745225541, 61.3041248765525], [8.19017681940056, 61.30419252618963], [8.190400156496626, 61.304291643177734], [8.19058608239884, 61.30440852133429], [8.190920428620384, 61.30462434635049], [8.191050888817538, 61.30467841040551], [8.191274310038233, 61.30475049413294], [8.191451490546672, 61.30477762206556], [8.191805896117572, 61.30480069813562], [8.192094750094123, 61.30484597586672], [8.192355524824238, 61.30493156418761], [8.192458081188361, 61.3049451097808], [8.192597968215788, 61.304972250637945], [8.192700262781196, 61.30501281864504], [8.192916097217749, 61.3051163295065], [8.193130263222479, 61.30517586788651], [8.19329806298434, 61.30520306162939], [8.193680536153959, 61.30521258598892], [8.194128371243577, 61.30520422188114], [8.194483020555351, 61.305204683052175], [8.19463248592985, 61.30518697397958], [8.194763330912814, 61.30515580084906], [8.195253176298614, 61.30497336510979], [8.195352182997205, 61.304962758115735], [8.195482939809546, 61.30494059180984], [8.195585769594922, 61.304945136839244], [8.195844829562017, 61.30499215093618], [8.195958583625611, 61.3049869719506], [8.196126765440999, 61.30495127832753], [8.196463315706302, 61.304835110786186], [8.19672312809988, 61.304774468979836], [8.197033004268297, 61.30475158256707], [8.197126280812526, 61.30475438402191], [8.197229047889067, 61.3047635207172], [8.197331434028452, 61.30479507775037], [8.197368376986264, 61.30483199297403], [8.197396101387929, 61.3048768253531], [8.197451707181783, 61.30494423863891], [8.197553832093636, 61.30500714367336], [8.19764701987132, 61.30503877828705], [8.197852357297316, 61.305039017074215], [8.198290671107479, 61.30507008279673], [8.198458542405268, 61.30506681345865], [8.19856127752094, 61.30505801385994], [8.198636215930302, 61.30501762594594], [8.198730169314189, 61.30494151634496], [8.198841984229045, 61.30492371089752], [8.198963340714496, 61.304928374339234], [8.199159032297619, 61.304960027891894], [8.199317428456528, 61.30499169746062], [8.199476138416593, 61.30500986482674], [8.200269210316138, 61.30500641074301], [8.200857194294482, 61.304950732287864], [8.201055121667633, 61.30494022991485], [8.20116728673344, 61.30492253031631], [8.201475692235352, 61.30483314253898], [8.20171857000148, 61.304779660350114], [8.201793249576223, 61.30476629334608], [8.201970704716123, 61.30473962029577], [8.202437421518702, 61.30471244251604], [8.202568245263171, 61.30468648795726], [8.202736483507923, 61.304641867549705], [8.202960458279449, 61.30460635762705], [8.203082054206135, 61.304561644631335], [8.203241224211771, 61.304481151247], [8.203372102842732, 61.304427352200605], [8.203746012621137, 61.30429691479781], [8.203970421503813, 61.30423438970828], [8.20422259118123, 61.3041898415569], [8.205016245829357, 61.30406977688311], [8.205501630855116, 61.30404803320011], [8.206369416268137, 61.30404469457737], [8.206462758654835, 61.30404028350127], [8.2067053881982, 61.30403616497498], [8.20743306607569, 61.304050651304614], [8.207703708336673, 61.30403748486032], [8.207787748984925, 61.304024134445314], [8.208095622128777, 61.30401382913951], [8.208321250563099, 61.304029310278395], [8.208535669080717, 61.304061890931756], [8.208750116277102, 61.30411159502435], [8.208861627084998, 61.304174511716354], [8.208935987274046, 61.30424196039695], [8.209047353011409, 61.304322803026785], [8.209121757042336, 61.30436330861256], [8.209298868107746, 61.30442186019687], [8.209410572212477, 61.3044355818626], [8.20979477166579, 61.30450958147292], [8.209904452475305, 61.304543838001734], [8.21013751116578, 61.30458897733349], [8.21042645510665, 61.30462529784286], [8.210808992313206, 61.30462585531056], [8.2110050663039, 61.30463507129199], [8.211098224242612, 61.30465308694543], [8.211126257795737, 61.30466206460534], [8.211237818689657, 61.30471615010693], [8.211395771212137, 61.304828437897214], [8.2115536450966, 61.304967846844946], [8.21173006385997, 61.30511161121723], [8.211832096007171, 61.30521045657689], [8.211887671473633, 61.30530922210768], [8.21188606718424, 61.30556949056461], [8.211857291829588, 61.30571755039151], [8.211875527892314, 61.30580272577124], [8.211949405291227, 61.305950983445236], [8.211958523565784, 61.30600479074447], [8.211939402097943, 61.30604970037353], [8.21184564054524, 61.306130243539315], [8.211630454010502, 61.30623316673211], [8.21148406649621, 61.306375681370746], [8.211377307524788, 61.30643926039254], [8.211320906142927, 61.306506539569185], [8.211357935707271, 61.30658283596648], [8.211357564044704, 61.30665013500562], [8.211338749686217, 61.30668154240572], [8.211338626651234, 61.306695053838766], [8.211113675024734, 61.30684723088275], [8.211048173700997, 61.30690549187592], [8.211029172380286, 61.30698176834667], [8.211075423514488, 61.307053571441635], [8.211112475719391, 61.30708057480812], [8.211251853490737, 61.30719301104543], [8.211521448651082, 61.307377230665224], [8.211688349976589, 61.30753899080969], [8.211818212815363, 61.307692672908615], [8.212013421032154, 61.30783197271268], [8.212171290452826, 61.30797579585438], [8.21223650417607, 61.30799826498934], [8.212395032603373, 61.30799405815478], [8.21250722180535, 61.30795382085577], [8.212773120994928, 61.30781676411062], [8.21296579287499, 61.30773902281457], [8.2131527441309, 61.30767640415046], [8.213348835916005, 61.30764073855202], [8.213507629274167, 61.307627532059826], [8.21362885454297, 61.30762766942059], [8.214123135048121, 61.30769465429009], [8.21431883300524, 61.307727276319234], [8.214934698747134, 61.307727996520946], [8.215028174590207, 61.30770574269806], [8.215475157317588, 61.30752955619362], [8.21557038740424, 61.30752252971517], [8.215710264198545, 61.307531711712365], [8.215775560431627, 61.307545171523856], [8.215924500160781, 61.30759031414938], [8.216092434357304, 61.30760838333125], [8.21629758582987, 61.307608674238466], [8.21638187947813, 61.307586409381074], [8.216475389289975, 61.30754153697241], [8.216503505785306, 61.30751474112852], [8.216643722399562, 61.30746103762343], [8.21691455394234, 61.307425512318936], [8.217008228566593, 61.30738073797125], [8.217217992269775, 61.30720688290005], [8.21730972027639, 61.30717021134962], [8.217449865777896, 61.307147053135004], [8.217505856743758, 61.30715157430521], [8.217561719338365, 61.307170507695886], [8.217626876002777, 61.30719756724048], [8.217924902184498, 61.307296686953244], [8.218148486493968, 61.30735971985853], [8.218409668057035, 61.30736002460244], [8.218531138613699, 61.307351248348205], [8.21882989496316, 61.30729323909933], [8.218988764484077, 61.307271018459176], [8.219156719548431, 61.307284669158264], [8.219389873134048, 61.30732087454331], [8.219697206637614, 61.307406488830374], [8.219949073942857, 61.30744714625124], [8.220070279576529, 61.307447366981684], [8.220220328224595, 61.307312867957044], [8.220332386114281, 61.307286135485825], [8.220444429627083, 61.307286256919795], [8.220500438266344, 61.30728464978928], [8.220938587589641, 61.30734518999452], [8.221292935867968, 61.307408465992054], [8.221665694046303, 61.30748969600686], [8.22193596132267, 61.30757083318071], [8.222112791235446, 61.30764728552306], [8.222242884688981, 61.307755188246894], [8.222298588801127, 61.3078180883472], [8.222335283377348, 61.30791680290269], [8.222362330543799, 61.3080963187084], [8.222384461955883, 61.308163663637714], [8.22236843688924, 61.30869310457743], [8.222376588251421, 61.308939891156236], [8.222422124814097, 61.309128354127374], [8.222523855461109, 61.30929449152159], [8.222495488975001, 61.30942013353213], [8.222419556588425, 61.309635490008425], [8.222439657030165, 61.30972517204033], [8.222576280569884, 61.31000354098985], [8.222574335428694, 61.31034011792007], [8.222545841285742, 61.310461157645406], [8.222470286197296, 61.3106056116275], [8.222414018661219, 61.310659384142966], [8.222404203812934, 61.31074008694146], [8.222468833048918, 61.31088372779402], [8.222477642059014, 61.31100041938135], [8.222454918843612, 61.31105335012903], [8.222364677684855, 61.31118427144808], [8.222368313620652, 61.31122022988107], [8.222316551796414, 61.311462391126504], [8.222297619356901, 61.3114848723422], [8.222212766785935, 61.31164625271303], [8.222072138188825, 61.31179861908408], [8.221950268923045, 61.31190164082237], [8.221826632562088, 61.31199033550883], [8.221426240375687, 61.31217023154948], [8.221313974016814, 61.31224192316392], [8.221289008607648, 61.312340610671605], [8.221307190363524, 61.31243308047408], [8.221144439692743, 61.31249295904204], [8.220855157459313, 61.31251053715604], [8.220770979698601, 61.31253740692023], [8.22068652263764, 61.31260012899553], [8.220648890203003, 61.312689800536425], [8.220611165947705, 61.31274360110571], [8.220526933168456, 61.31280182853271], [8.220414656531869, 61.312851080026576], [8.220386638233501, 61.31286445430667], [8.220059261584174, 61.31295825185168], [8.219778953582193, 61.313070089181615], [8.219417969770891, 61.31317103153932], [8.219180183310565, 61.313307168772354], [8.219020891706048, 61.31342363158284], [8.219011568483946, 61.313441547828056], [8.218747091233597, 61.3136790789358], [8.218587972385775, 61.31375067190552], [8.21846649760719, 61.31375503315975], [8.218205745259008, 61.313696356286776], [8.21804702359175, 61.31369614552712], [8.217972187652897, 61.313727447434154], [8.217934622116323, 61.31378567114803], [8.217915149116296, 61.31392032018592], [8.217911715968436, 61.31452609320564], [8.217948544370257, 61.31460688267631], [8.217994999082192, 61.31467959385088], [8.218162257333237, 61.31482793400475], [8.218208531194946, 61.31487729576863], [8.21822678975032, 61.31495814506001], [8.218189102717043, 61.315029880303904], [8.218104576779053, 61.31512395837212], [8.218057560776538, 61.315191170455], [8.218057085928415, 61.31529442045609], [8.218103320134826, 61.31534828608819], [8.21837314534741, 61.31551465662523], [8.218652276878556, 61.3156675251412], [8.218838255533162, 61.315797878479735], [8.21897751767701, 61.31593273769767], [8.219032982537364, 61.316004548445996], [8.21907965095035, 61.31604951387314], [8.219153433494174, 61.31617081599261], [8.219199835616447, 61.316229105275866], [8.219265109610282, 61.31626608204268], [8.219601198891805, 61.31626103625263], [8.219759753531102, 61.31628367538364], [8.219854705263973, 61.31631520091612], [8.219938459725485, 61.316364638852676], [8.220040658320977, 61.31647249586198], [8.220160990072733, 61.31663416033993], [8.220346761040958, 61.31679144561628], [8.220393226548982, 61.31684081602088], [8.22043977294642, 61.31687685321263], [8.220439298709858, 61.31696198956245], [8.220392420018378, 61.3169845114662], [8.220373786391079, 61.31699781567959], [8.220280221137525, 61.317002226502645], [8.219933434481183, 61.31696149938423], [8.219672146824207, 61.3169431717769], [8.219336218079617, 61.316929301556044], [8.21913089493607, 61.316897558100884], [8.218898017954743, 61.316839019688835], [8.218739576849766, 61.31678042874955], [8.218590450405983, 61.31674888915646], [8.218497187081088, 61.31671735729158], [8.218413333094988, 61.31668134081574], [8.218338888449127, 61.31664083974638], [8.218246253921087, 61.31655544940237], [8.218171564861834, 61.31651953192004], [8.21800378660464, 61.31650138475152], [8.217891765829512, 61.31647422855905], [8.217826534486509, 61.3164742011122], [8.217732913333668, 61.31650996797248], [8.217583012335394, 61.316644383526665], [8.217564052292145, 61.31667127865592], [8.217563834000156, 61.31672065172799], [8.21761042842838, 61.31675299763587], [8.217992582945248, 61.31684236545468], [8.218262778295895, 61.31694143713863], [8.218402455948278, 61.31698196547494], [8.218710241697663, 61.317022723359344], [8.218990066221783, 61.31706793597182], [8.219083291080151, 61.317103971347144], [8.219148408586417, 61.31713994898229], [8.219153504168295, 61.317205448963186], [8.218867089429168, 61.31735041296304], [8.218726675325074, 61.31744457273889], [8.218558211883861, 61.31753408157662], [8.21839887472257, 61.31765495795913], [8.218211469770385, 61.31776694689563], [8.218033694687191, 61.31784751723297], [8.21781878725978, 61.3179100040408], [8.217566200091968, 61.31799493225631], [8.217509931052403, 61.31804428771659], [8.217519363690121, 61.318062153363975], [8.217602833601983, 61.31812068024795], [8.217611738139285, 61.3181789818559], [8.217676920857363, 61.3182284809779], [8.218069192128356, 61.31818408133127], [8.21817198127371, 61.31815273898748], [8.218228394806657, 61.318107896365596], [8.21825677738051, 61.31802722337748], [8.218257156699902, 61.3179555094573], [8.21830420032354, 61.31791064750362], [8.218414681582553, 61.317830036445436], [8.218603597955472, 61.31776291104584], [8.218912025708406, 61.31767807771397], [8.219099086919398, 61.317606533063284], [8.219257847849692, 61.31760665373718], [8.219521022584907, 61.317624085296885], [8.219817625486046, 61.31765679998765], [8.220388522012376, 61.31770236464908], [8.220603280292861, 61.31772953244516], [8.220752388250688, 61.317738719759134], [8.220920559109112, 61.31773435378074], [8.221126221621933, 61.317703209973835], [8.221275827395244, 61.31764961049514], [8.22147237751844, 61.31753861683107], [8.221547167394784, 61.3175153308314], [8.221715192140048, 61.31750212517737], [8.221892888238646, 61.317431369124904], [8.222042248452844, 61.3174307450099], [8.222282801074867, 61.317491104204706], [8.222461754334143, 61.31754332913777], [8.222592170185067, 61.31757041191105], [8.222788025705755, 61.31759311429035], [8.22288161261989, 61.317584287066374], [8.223002968495484, 61.31754855491134], [8.223087039877857, 61.3175351954486], [8.223199554600633, 61.31748144739232], [8.223246634521777, 61.317382786409354], [8.223275121666369, 61.31728860065264], [8.22330439030713, 61.31707324771037], [8.223268015834277, 61.316862355166926], [8.22317347778854, 61.31673208552922], [8.223185076155012, 61.316687248184195], [8.223331316335376, 61.316563547859296], [8.223344788274426, 61.316472034075545], [8.223345325438563, 61.31635545058415], [8.223439207635533, 61.316265713536446], [8.223551386223479, 61.31620311713946], [8.223645106128718, 61.316180688658726], [8.22375693756987, 61.3161853915171], [8.223962221298201, 61.31622595734382], [8.224167430092196, 61.316226237164706], [8.224316807512253, 61.316199568036176], [8.224457158101666, 61.316154873812216], [8.22451323603296, 61.316127945305915], [8.224513667957707, 61.31607407750991], [8.224495146138851, 61.31604710590785], [8.224504910233236, 61.315948467414046], [8.224570867352577, 61.31585435670248], [8.224636363719442, 61.3157960890961], [8.224730014280459, 61.31575581347227], [8.224842001084959, 61.31574250004748], [8.225066041995, 61.315733719280836], [8.225196687958572, 61.31572945086684], [8.225355489382265, 61.31569820635537], [8.225421061539286, 61.31567589852175], [8.225551756158431, 61.31564459740932], [8.225701256378004, 61.31562685452461], [8.225850678402663, 61.31561811916091], [8.225981372373692, 61.31558681762386], [8.22617794950376, 61.31549285143421], [8.226224968065223, 61.31542554713378], [8.22622519219188, 61.31537175914536], [8.22610145411011, 61.315141802722515], [8.226077448827857, 61.31507094055479], [8.226087168563357, 61.31502609913938], [8.226162028896457, 61.31496784946286], [8.226227618263035, 61.31494545205883], [8.226367521843398, 61.31493218421101], [8.226544851269532, 61.314950348961155], [8.226600574851549, 61.31496827969667], [8.22672179181515, 61.315017877497866], [8.226815028886042, 61.31503137907302], [8.226908421695866, 61.31502253964647], [8.226936478139834, 61.31500466015859], [8.227031043811705, 61.314775906597156], [8.227078098403894, 61.31469977255654], [8.22711599772598, 61.31460101144523], [8.22717408902678, 61.31452930517224], [8.22728661384848, 61.31444861022139], [8.227398944172764, 61.31439043440973], [8.227473598107878, 61.314381557272284], [8.227548077519172, 61.314395110188194], [8.227706640199523, 61.314440179345986], [8.227874358812121, 61.3145122008854], [8.227986091522588, 61.314579616049016], [8.228060312068878, 61.31465146058309], [8.228162185702224, 61.31480417200633], [8.228217952173496, 61.31486256616288], [8.228320082694504, 61.314912017662365], [8.228441553418042, 61.31493017615509], [8.228609542554958, 61.3149213763998], [8.228796384512194, 61.314899101981496], [8.228936402662999, 61.314872319904886], [8.229085646989867, 61.314886011017435], [8.229318811509167, 61.3149311188574], [8.229477424893332, 61.314944828058515], [8.2296455993405, 61.31493603629976], [8.229738921102118, 61.314913674058936], [8.229869697701465, 61.314891474808654], [8.230075320571325, 61.314837877590485], [8.230327778908247, 61.31473940430384], [8.230823819496406, 61.314475236586006], [8.231057357913638, 61.31442168374813], [8.231253582688186, 61.314395009551525], [8.23139357211834, 61.31439516815018], [8.23146781395419, 61.31448945035025], [8.231495785861176, 61.31450743172134], [8.231560956045486, 61.31451204553064], [8.231672955128305, 61.31449863719847], [8.23178502510305, 61.31449874963053], [8.231881899597044, 61.314523153474205], [8.231896556882681, 61.31459309569705], [8.231849253460352, 61.3147240988002], [8.23172727271116, 61.31486668372023], [8.231708416117826, 61.31490701273591], [8.231440170130778, 61.31515888571506], [8.231267823764647, 61.31527002225958], [8.231164674990081, 61.31535506457163], [8.231164478295756, 61.315404437985464], [8.231350609719822, 61.31549882389399], [8.231397033511966, 61.315552783760474], [8.231396507236752, 61.31566945688034], [8.23138720920632, 61.315682959361766], [8.231339686082192, 61.315821881587766], [8.231357979068756, 61.31590272961417], [8.231432395864553, 61.3159745817391], [8.231534739479123, 61.316019625513796], [8.231849729224244, 61.316102437165746], [8.232140690656454, 61.316159443961496], [8.23264475776162, 61.31617160401194], [8.232821821635325, 61.31620056068469], [8.232998897133168, 61.31625456973646], [8.233110794603018, 61.31632649406341], [8.233147706098174, 61.31637592199047], [8.233175486976071, 61.316443276513446], [8.233240657753297, 61.316474743730325], [8.233445744315057, 61.31649203504461], [8.233548195284557, 61.316551320705976], [8.233603861114775, 61.316623224422784], [8.233696878799574, 61.31666374455117], [8.2339022583783, 61.316668433657725], [8.234032942391698, 61.31668650705825], [8.234135439753128, 61.316736062098684], [8.234181703955823, 61.31678992267749], [8.234246737950711, 61.31688869850824], [8.23432105667055, 61.31692467800169], [8.23439573072402, 61.3169382365616], [8.234432965801215, 61.316947218544925], [8.234834077292309, 61.31699251790762], [8.235001979278312, 61.31701966141677], [8.235085910001471, 61.31704674933232], [8.235151119556514, 61.31710056598613], [8.235132001927282, 61.31717242258414], [8.235131560062813, 61.317258460346956], [8.23519647067901, 61.31732145374076], [8.235308322918419, 61.317375440785035], [8.23557863849126, 61.317443031595914], [8.23572772795749, 61.31750599998286], [8.23581151118857, 61.31755542851664], [8.235876572634336, 61.31762726032604], [8.23593221200307, 61.31765428425487], [8.236148521928994, 61.31772629159379], [8.236279060415091, 61.3177892325762], [8.236353363194645, 61.31785215435972], [8.23639022359489, 61.31793302871208], [8.236501406045356, 61.318103589813504], [8.236622670390192, 61.318153090006426], [8.236661684015264, 61.31817378507333], [8.236734232078573, 61.31819804966053], [8.236836570619884, 61.31827003299051], [8.236929203396341, 61.31841371284916], [8.236932357417135, 61.31841819609555], [8.236895440137085, 61.318466633953975], [8.236813094863567, 61.31852487531678], [8.2366353262107, 61.31858744595794], [8.23642045959592, 61.318646448809204], [8.236205379006453, 61.318686516507334], [8.236121269612877, 61.318726916636436], [8.236102378423366, 61.318771750174456], [8.236141317823236, 61.31885254833646], [8.236159514198736, 61.31892437889951], [8.23611247588337, 61.318973662126844], [8.235918032254771, 61.319059548769246], [8.23569368581065, 61.31913114315039], [8.235478671503197, 61.319211584685796], [8.235412919070674, 61.319279756948426], [8.23542376579638, 61.31935608624182], [8.235404741747072, 61.31941884597718], [8.235310977990567, 61.31949949479154], [8.235291972009701, 61.319557839789404], [8.235321236444124, 61.319701505151144], [8.235376780075661, 61.3197913345876], [8.235385809783857, 61.319863067244235], [8.235284588348387, 61.31991234348398], [8.234994912893136, 61.319998151485905], [8.234901205823881, 61.320047352788734], [8.234826310919885, 61.32011011120829], [8.234818378234355, 61.32019090808135], [8.234855385547203, 61.3202806215339], [8.234929634790936, 61.32035246271723], [8.235088184470676, 61.32037958823273], [8.235209671903066, 61.320374400791586], [8.235359340892261, 61.32033863203731], [8.235527681463996, 61.3202356700986], [8.235668185865212, 61.32017294882758], [8.235862393204423, 61.32011850058299], [8.2361895016211, 61.320065021785915], [8.2364601146567, 61.32004647496635], [8.236786902399071, 61.32006029457013], [8.237057494534813, 61.320095544095146], [8.237300042960529, 61.32011830659795], [8.237374763349196, 61.320127359773906], [8.23755226846877, 61.32010415489325], [8.23772046918369, 61.320068499279394], [8.237954040050292, 61.3199924063679], [8.238159839575822, 61.319942409549725], [8.238337297082643, 61.31992028269077], [8.238419532193213, 61.31990240625281], [8.238568925017566, 61.319879146287036], [8.238736938200756, 61.319892862965865], [8.239037340710968, 61.319924642551655], [8.239177178570522, 61.31995073764684], [8.23933569443108, 61.320009216316606], [8.23940076744827, 61.320054192392874], [8.239530859134263, 61.320153063061746], [8.23967085881108, 61.32020701109548], [8.239812590299417, 61.320228694398516], [8.240083235018542, 61.32025592012082], [8.24026958562217, 61.32030101009627], [8.240381363368519, 61.32034156147501], [8.240446391327813, 61.320394554911154], [8.240418154758814, 61.320461810866796], [8.240354432691355, 61.32053450234747], [8.240232788939293, 61.32058807810669], [8.239933460708578, 61.32070900923375], [8.23972012695194, 61.320790352563144], [8.239589351109329, 61.32085752921418], [8.239495444966442, 61.320956196519745], [8.23951534001, 61.32105487527946], [8.239589658207858, 61.32116717836897], [8.239701291290716, 61.32125260007476], [8.239822221092451, 61.32130198995722], [8.23999209915176, 61.32134265214533], [8.240244019901342, 61.32136894130436], [8.240477358144041, 61.32137366499585], [8.240710795401165, 61.3213640650248], [8.24090707604166, 61.321337288219695], [8.241119980617496, 61.32129259812511], [8.241334858578922, 61.32125611663349], [8.241521913069047, 61.321206980106076], [8.24165288938881, 61.3211353960889], [8.241735313957491, 61.321067243219936], [8.241847900131864, 61.32097752822438], [8.241978747007307, 61.32092387024293], [8.242128169911341, 61.32089267769875], [8.242221690563905, 61.32089717052231], [8.242398797188182, 61.32095035627752], [8.24259452586543, 61.32099546079866], [8.242799789490768, 61.32101815238555], [8.243023730458996, 61.32105331142744], [8.2431934454037, 61.321093871224136], [8.243379754568256, 61.32117040437036], [8.243528884869159, 61.32123246387505], [8.243743031658427, 61.32132246246095], [8.243819453737881, 61.32138088937193], [8.2438656226897, 61.32150205635143], [8.24385585787957, 61.32158276142891], [8.24380095358945, 61.32170834128662], [8.243884895566413, 61.32178922175523], [8.244005910307727, 61.32185212895454], [8.24414566168258, 61.32188821680799], [8.244182905529554, 61.32189719623678], [8.24418461999357, 61.32194215872432], [8.244100291719015, 61.32199138403118], [8.243950977853462, 61.322031595739716], [8.243847961096533, 61.32207186719085], [8.243772861729095, 61.32216597964452], [8.243643428678228, 61.32230585925291], [8.243549654602019, 61.3223640744036], [8.243334654239916, 61.322440113635274], [8.243186671974328, 61.3225261691742], [8.243083696042873, 61.322611319078675], [8.242943257265447, 61.32271883801331], [8.242842057127588, 61.32276803078304], [8.242683191520383, 61.32280470017714], [8.242468439105949, 61.32282235651513], [8.242328210140919, 61.3228491429508], [8.242243930668446, 61.32288944840712], [8.242021223173278, 61.323042689175296], [8.241852245013778, 61.323208436878865], [8.24175078856937, 61.32333853887537], [8.241602256107173, 61.323577039090424], [8.241536312635944, 61.32367124772862], [8.241283615149, 61.32382352969955], [8.241107583057897, 61.3239273760856], [8.240985780145218, 61.32402149651698], [8.240912690052305, 61.32412012387821], [8.240902657802032, 61.324232355758824], [8.240846249278784, 61.3243084770962], [8.240642319398178, 61.32440344935025], [8.240529681458604, 61.324501992550765], [8.240482700277113, 61.32461859578483], [8.240493560415963, 61.32469492486336], [8.240530255098593, 61.32480264330512], [8.24053913214559, 61.32491933469355], [8.24050311651866, 61.32499998958076], [8.240371935761976, 61.32509409158134], [8.240287530939241, 61.325175662327666], [8.24027977613253, 61.32523402945694], [8.240270242436681, 61.32533267900728], [8.240288228597317, 61.32540900379568], [8.240390728757477, 61.32548991276003], [8.240457633835618, 61.32554381067094], [8.24072769031877, 61.32570482413411], [8.240850607525635, 61.32579017733622], [8.24091543954108, 61.32589785984638], [8.240924206479288, 61.326005534202686], [8.24098185318211, 61.3260684311495], [8.241177338614545, 61.32619886293639], [8.241251551949555, 61.326305662280674], [8.241280736472742, 61.32644030977928], [8.241252009786411, 61.32657134261579], [8.241168974502175, 61.326773105014844], [8.241262214574101, 61.326786775546175], [8.241392787369689, 61.32682637199248], [8.24169245762494, 61.32701959170978], [8.242113830358837, 61.3272076268282], [8.24231849678988, 61.327342480281324], [8.24236105830452, 61.32739191668041], [8.24234628828333, 61.32741424805458], [8.242300484685444, 61.32759822612105], [8.242309384310806, 61.32768797408261], [8.242366800445756, 61.32778663412019], [8.242525034191704, 61.327912498901696], [8.242692767458218, 61.32799792610791], [8.242955498697649, 61.32809152300234], [8.242964691849776, 61.32814091430636], [8.242992317298425, 61.328208257977295], [8.243104130416823, 61.32827566182688], [8.243283019513724, 61.32834767772955], [8.243376015120516, 61.32842405392138], [8.243403973698044, 61.32847339125681], [8.243358443833745, 61.32859457355732], [8.243404619851635, 61.328715740784475], [8.243497343160904, 61.32882805883153], [8.243694724977017, 61.32898885912351], [8.243778008666931, 61.329137021461555], [8.243937694611176, 61.32932558606681], [8.244023091397663, 61.32944231375231], [8.244153220771313, 61.32956812415646], [8.244348759943968, 61.329698462711946], [8.244769889370295, 61.329899992706274], [8.245004647903734, 61.33000336207291], [8.245209912528967, 61.33006101218125], [8.245461791727026, 61.33010170516724], [8.245657889106129, 61.33010636030597], [8.245779161429489, 61.33013701672653], [8.246021500474217, 61.33025391929182], [8.246172125784403, 61.33034830965321], [8.246339780025906, 61.33047409864566], [8.246386178143604, 61.33053706182576], [8.246387699768583, 61.33061328409897], [8.246396768797963, 61.33065807295009], [8.246424533606243, 61.330730018360015], [8.246517478571835, 61.33081449960728], [8.2466685106286, 61.33088187539392], [8.246798955485978, 61.330940383317426], [8.246882576778974, 61.331021154696565], [8.246901077918794, 61.331079570983725], [8.247391499759683, 61.33138493757994], [8.249194376800935, 61.33290853911133], [8.250793887976322, 61.33397752504626], [8.25145018651925, 61.33439315775343], [8.251446317650611, 61.335302389988634], [8.25126909868349, 61.338167900204546], [8.25114159930012, 61.339136118174174], [8.24965867963985, 61.3395300109908], [8.24764183774237, 61.339666191978246], [8.241266970121027, 61.339204881614286], [8.240567597081977, 61.33920409648767], [8.236404494162047, 61.33999370801909], [8.23628263340534, 61.34006087970655], [8.235983623738795, 61.34009279154569], [8.235787220574334, 61.340119559391965], [8.235405820957109, 61.34020529497681], [8.235153281070819, 61.34029026323107], [8.234872205764315, 61.34042985592012], [8.234574378062046, 61.34062249935062], [8.234304567520057, 61.34075769798518], [8.234182770639766, 61.340838388528184], [8.23407014514063, 61.3409235026813], [8.233940933799055, 61.34099598225329], [8.233613590625492, 61.34109883497288], [8.233482716872215, 61.34111752229536], [8.233305101880507, 61.341117290677154], [8.233155687136287, 61.341130634773556], [8.232996374663738, 61.341238104838155], [8.232977583445683, 61.341242571940484], [8.232893768965972, 61.341216391869324], [8.23265104782815, 61.34116685416074], [8.232464439180632, 61.34111723893364], [8.23231538105707, 61.34103633918786], [8.23223139520346, 61.34103258884454], [8.232091075476994, 61.34105936332305], [8.23198806948455, 61.34111305626148], [8.231931740475844, 61.34116692123627], [8.23183041072555, 61.341269991105094], [8.231652044049403, 61.34141426503718], [8.231502370709507, 61.34148589919596], [8.231232893771681, 61.34157533041395], [8.230989406525083, 61.34165218356965], [8.230774453418151, 61.34170126643066], [8.230531446740125, 61.34171533227975], [8.230260708283852, 61.34172404509179], [8.230120383858752, 61.34175081745792], [8.229991109908426, 61.34180535754298], [8.229888012493136, 61.34189058501762], [8.229812963753634, 61.3419442335492], [8.229616671578228, 61.34197992003285], [8.229513550350894, 61.342020268447996], [8.229505742094243, 61.342083950024374], [8.229393401363556, 61.34215555777743], [8.229299423089214, 61.34222727327638], [8.229205785234383, 61.34228098260546], [8.22886166359135, 61.34236676438579], [8.228740177043724, 61.342407004270775], [8.228646313195847, 61.34246520774741], [8.228544812640687, 61.34258629031017], [8.228488639655055, 61.34259960983277], [8.228367279182637, 61.34257785602886], [8.228048202671568, 61.34252827366419], [8.227908370278218, 61.342469728789254], [8.227796534115592, 61.34240321294455], [8.227656604982776, 61.34235809020498], [8.227274111848596, 61.34229037247234], [8.226991991347013, 61.3422685005809], [8.226795998773, 61.34224138728332], [8.226506946908062, 61.342147705348424], [8.226338890726296, 61.3421025248023], [8.22624566113161, 61.3421024533872], [8.226040057427, 61.3421066687508], [8.225778470379435, 61.34209393268688], [8.225582341427296, 61.342089069411756], [8.225451369005256, 61.342115944898886], [8.225395144407376, 61.342160620991145], [8.225358930050314, 61.342278211672884], [8.22537695861462, 61.342439791474554], [8.225357878129097, 61.34250263837352], [8.225303263676626, 61.3425563165777], [8.225237957641395, 61.342560706585424], [8.225013941213195, 61.34254255091301], [8.224808366123765, 61.3425431612938], [8.224658656832485, 61.3425699089306], [8.22442484338551, 61.34265047969518], [8.224209488901616, 61.34274972738847], [8.224098843812703, 61.34281691035198], [8.223929824741367, 61.34298273099823], [8.223865639055052, 61.34308134804303], [8.22376228126033, 61.3432212591603], [8.22368724601362, 61.34329292871996], [8.223520348899646, 61.34340487559667], [8.223379673879267, 61.343472086125374], [8.223155059780076, 61.34357591522881], [8.22287577229821, 61.34373711327995], [8.222744516465125, 61.343826603201194], [8.222530671788592, 61.343988825611504], [8.222408805708792, 61.344051480307805], [8.222054460640257, 61.344285246025294], [8.221859271587643, 61.34446002713918], [8.221652544037717, 61.34469397731039], [8.2214756038124, 61.34493158229116], [8.22147534868375, 61.34498545922195], [8.221495282228723, 61.34509757153565], [8.221504049103416, 61.345218766921256], [8.221468119030174, 61.3452770747558], [8.221327736608776, 61.34533078077716], [8.22114071314278, 61.345331414424734], [8.221065887354296, 61.34537614855249], [8.220981302722707, 61.34546581252182], [8.220879762356097, 61.34558688874321], [8.220729750020727, 61.34567282412306], [8.220635990789479, 61.34576238875743], [8.220543941684138, 61.3458475331922], [8.22045019328419, 61.34588780445236], [8.220375522674194, 61.34588775806009], [8.220104829787545, 61.34584337542934], [8.220067379574592, 61.345834379769684], [8.220048733400965, 61.34586579740534], [8.220301551642438, 61.346103035472886], [8.220319803607525, 61.34616586012131], [8.220244603839232, 61.34625635445782], [8.220113390561883, 61.34633692305191], [8.220002849765079, 61.346408704612216], [8.219964877597691, 61.346489348946754], [8.219889563413409, 61.34659245376252], [8.219750821811964, 61.34669643570252], [8.219731908678222, 61.34673685162515], [8.219797154119924, 61.346767336091], [8.220123484561514, 61.34687091978979], [8.220340095504616, 61.34692502858426], [8.22042401934309, 61.346960233432604], [8.220433049946216, 61.346982584231405], [8.220367690235154, 61.347014815606784], [8.220283276029349, 61.347059609793384], [8.220245606982477, 61.347099987229264], [8.220264222085337, 61.34711795194504], [8.220338935771945, 61.34711349461812], [8.2205076517603, 61.34703651682966], [8.220619733689812, 61.34702329774667], [8.220694628193792, 61.346996410242205], [8.220807135972537, 61.34695617735035], [8.220928614994484, 61.346942888103555], [8.221077809171632, 61.34696009484969], [8.22115237204629, 61.34701853093461], [8.221170731729538, 61.347090372449934], [8.221132987269364, 61.34716652261478], [8.22111577043792, 61.34722937257879], [8.221217565076815, 61.34740001622562], [8.221208055878554, 61.347462801728426], [8.22116256333195, 61.347543520192396], [8.220937273011288, 61.347750496607375], [8.220751755441466, 61.34788493879631], [8.220592373640669, 61.347966439915695], [8.220397606034275, 61.348042383148524], [8.22029828876546, 61.348096163403596], [8.220350481344308, 61.34811418823791], [8.2206025687734, 61.34814583228717], [8.22063058390879, 61.3481594015501], [8.220546146115186, 61.348208610535714], [8.22023903404444, 61.34834732382693], [8.22004228367108, 61.34845569946766], [8.219837757841042, 61.34862145013532], [8.219696568652727, 61.348773792548535], [8.219520123050748, 61.34892256598806], [8.219407252804345, 61.34907497538305], [8.219258778857066, 61.34920036801527], [8.219108889495937, 61.349290814387], [8.219033846017675, 61.34933562704573], [8.219033870244251, 61.34935365162891], [8.219080557847057, 61.34935815388347], [8.21925844216966, 61.34928569177579], [8.219352141282753, 61.349254340015435], [8.219389532137376, 61.34924548963515], [8.219436037536303, 61.3492724217255], [8.21942630154571, 61.349362140817604], [8.219399481998813, 61.34947434417857], [8.219408661321756, 61.3495236474269], [8.219417129557307, 61.34963581657635], [8.219334650640391, 61.349716573937116], [8.219156804311714, 61.34978453228932], [8.219090891684361, 61.34983827352594], [8.219081175405362, 61.34992357789964], [8.219035820303192, 61.350035573413166], [8.218783682473324, 61.35035384822261], [8.218773840892418, 61.35043022476231], [8.218756569962423, 61.35052524368401], [8.218690762771171, 61.35061044088426], [8.218577913773702, 61.35069102785524], [8.21845618203921, 61.35077621617313], [8.218448393749899, 61.35081205288931], [8.218438651419529, 61.35087933260587], [8.218288651952985, 61.351005639465534], [8.218149542520502, 61.35110428533518], [8.21804637932509, 61.35119382835794], [8.218036862127144, 61.351256613516206], [8.217953944541122, 61.35136870903962], [8.21796318362509, 61.35140909386771], [8.217944098676801, 61.35144941100613], [8.217813306618359, 61.351471783909226], [8.217719651067064, 61.35149944228231], [8.217670639644636, 61.351550515504925], [8.21783116808399, 61.351583883397296], [8.217842385228812, 61.35161084982152], [8.217860820389443, 61.351673684063954], [8.217926027087422, 61.35170524860445], [8.218094052854006, 61.351718805672654], [8.218374425734597, 61.351710236387696], [8.218663901426467, 61.3517366374295], [8.218803938929744, 61.351772762226325], [8.21883738045716, 61.351813188159994], [8.219042938625183, 61.351802580888965], [8.219074164066788, 61.351802253011584], [8.218895246637624, 61.351977847462756], [8.218360614768935, 61.35220122226523], [8.217627509834623, 61.352208280793555], [8.217527069328527, 61.352304268248304], [8.217624971025838, 61.35270433779211], [8.21777349625771, 61.35292851249282], [8.216720592100458, 61.353511248740126], [8.216101772842158, 61.353894589987924], [8.21568298046303, 61.35431003480167], [8.214831836427637, 61.354516990704816], [8.213980236317317, 61.3548519755897], [8.213411345118663, 61.35525141778372], [8.212776651275815, 61.35553049557493], [8.211993461260601, 61.35552149699834], [8.210843239895654, 61.35559997131563], [8.210126274039757, 61.355679084772376], [8.208559295396869, 61.355725006249486], [8.207926495420342, 61.35564422682785], [8.20645710572419, 61.35531868795737], [8.205557151371465, 61.35485211800258], [8.204860028918645, 61.35403263851421], [8.204527249805045, 61.35379135459293], [8.204160239934001, 61.3536624406573], [8.20370934951866, 61.35332150019945], [8.202758679417716, 61.35293653195653], [8.20182476629742, 61.35291665742699], [8.199921385723684, 61.352866090485286], [8.198561743366591, 61.35307722396384], [8.197151014553604, 61.353348679563084], [8.19534260184224, 61.35346494714684], [8.19442988510399, 61.35351818316445], [8.19385842819542, 61.3536426477903], [8.193345496879184, 61.35444604006715], [8.192615608211234, 61.354436274335114], [8.191087683495812, 61.35472899181821], [8.190131392170446, 61.35506848163954], [8.188999215135834, 61.355182645824875], [8.187541076588412, 61.35549668152556], [8.186422934882282, 61.35589108439815], [8.185601344586324, 61.35612909212276], [8.184800256187158, 61.356359115659984], [8.184219139141335, 61.35652820663369], [8.183196989153565, 61.356738076466016], [8.18212043058827, 61.35685498742665], [8.181308298391956, 61.356705928387946], [8.180396388804613, 61.35666899364835], [8.17976455300356, 61.35706991532492], [8.179555472040192, 61.35733848345181], [8.179282053876358, 61.3577304290085], [8.178871102469433, 61.35815122091217], [8.178458082526893, 61.35875223992238], [8.178467283837673, 61.35914022416605], [8.17833174730186, 61.35967411938129], [8.17766913028278, 61.359956145334664], [8.176870855557766, 61.36025836626819], [8.176114331805001, 61.360454632541206], [8.175286693352762, 61.36071931615401], [8.174376134756791, 61.360934752932764], [8.173671846391022, 61.36132280595547], [8.173165513045825, 61.36157664575819], [8.172207009241253, 61.36209579455055], [8.171724257000676, 61.36241417493575], [8.170978821210314, 61.36316044766324], [8.170878250930656, 61.36353397557681], [8.170453217111048, 61.364017303859484], [8.16976438021196, 61.364162791074946], [8.168946143537873, 61.364211532683086], [8.168358591854675, 61.36372234763952], [8.1677203608133, 61.36363597085927], [8.166764910925023, 61.364056466717194], [8.16646339573451, 61.36440164439199], [8.165963212479536, 61.36479996736995], [8.165636802553898, 61.3652612262906], [8.165347336559424, 61.36555302737165], [8.165041638123608, 61.3658349060416], [8.164536518822457, 61.366169890244066], [8.163918600559478, 61.36641806628155], [8.163478742322885, 61.36671137179555], [8.162542334629784, 61.36704259210245], [8.161378152294617, 61.367812914256724], [8.160363280610827, 61.368843116686286], [8.159542449179042, 61.3696759259018], [8.158140450356662, 61.37144349937475], [8.15753569114722, 61.372828050293954], [8.157065508366975, 61.37385854866803], [8.156939483785873, 61.37417680319728], [8.156320643310131, 61.37519978686499], [8.155726485801864, 61.377477093814655], [8.155870214964978, 61.37827762589578], [8.155963864063082, 61.378876813922716], [8.156585617472933, 61.37946727487692], [8.156911588451427, 61.3797810661699], [8.158622746505154, 61.37968710626379], [8.160282157380223, 61.37991531457564], [8.160650622172103, 61.38020429502917], [8.1609529432204, 61.380625208126375], [8.161163203533818, 61.38095116763695], [8.161272906514673, 61.38130818752405], [8.161365615351032, 61.38165533670725], [8.161369489844882, 61.3823225321613], [8.160945056930613, 61.3827155725771], [8.160633066581438, 61.383024258237256], [8.160649859787586, 61.383376586126424], [8.160678039925154, 61.38367532517699], [8.160987223552905, 61.38397951391742], [8.161836922550949, 61.3846442709793], [8.161508308569678, 61.385114250808456], [8.161421213015387, 61.38542546323349], [8.161281535236377, 61.385977081989935], [8.161407708540795, 61.386515088679815], [8.16151547328968, 61.386881022114885], [8.16159741446543, 61.38736290138194], [8.160585860539694, 61.387519013025496], [8.160052938607038, 61.38763638576178], [8.15929289934669, 61.387760309509794], [8.159332961032261, 61.38834804353095], [8.160083967876018, 61.388692393090416], [8.160119299886707, 61.389045837796004], [8.160173724003505, 61.38930976308424], [8.159773965379102, 61.38967719332106], [8.159376977297777, 61.39011668094832], [8.158965862918249, 61.39078986480446], [8.158764501333863, 61.39119417074612], [8.158411037304145, 61.39186143376096], [8.158194764436619, 61.39224714176664], [8.15778063398047, 61.39319045161715], [8.15725168301865, 61.39363228182715], [8.156722154298771, 61.39390302697469], [8.15583661141417, 61.394597297105236], [8.15559214935132, 61.3948553153174], [8.154802664652072, 61.395455208142444], [8.154647546290624, 61.395988201382146], [8.155043707169773, 61.396323653954575], [8.155778201234021, 61.396658265773766], [8.156456521138256, 61.39708006845993], [8.156466241246132, 61.397377967135036], [8.15670194805674, 61.39793052586509], [8.155837543960942, 61.398184262571526], [8.155459976894445, 61.3985346023696], [8.155401367546016, 61.39880210202945], [8.154990796372758, 61.40092639020171], [8.154582325319485, 61.403041683018785], [8.154188258546007, 61.405175819571134], [8.153799282062659, 61.40720188552613], [8.152984289020914, 61.41133353051926], [8.152202714802165, 61.415484802775374], [8.151400517871568, 61.41964404930088], [8.150977554056253, 61.42182170574938], [8.150360454978657, 61.426741408075785], [8.170607129695346, 61.43223007848031], [8.171413108781234, 61.43247498473859], [8.19225737355282, 61.4387986245379], [8.214657435671288, 61.43024264702648], [8.216303295312773, 61.43019902769832], [8.217140652929082, 61.42989838808217], [8.219125628119517, 61.430114927793475], [8.230943266826147, 61.42975926599697], [8.274829711207987, 61.43126787224551], [8.30253850856417, 61.4456156724922], [8.315573478931386, 61.45247654897869], [8.319385762140826, 61.454482329406304], [8.321258518611689, 61.45546752339234], [8.322052970653539, 61.45588543278703], [8.32080782375811, 61.457211697024036], [8.317577635882094, 61.46133409229447], [8.314626040782542, 61.46509987545057], [8.31123953099666, 61.469419294976156], [8.308294352991334, 61.473174714809794], [8.306660990342033, 61.475256986708246], [8.305667867007104, 61.47652290746494], [8.305096057158176, 61.477251734737415], [8.303720863180521, 61.47900439604456], [8.301339785449308, 61.48056000568634], [8.298855498548216, 61.48218282508643], [8.297126197534501, 61.48331233314477], [8.295624159735288, 61.48429331629286], [8.293220994050907, 61.48586265878044], [8.289741000749261, 61.488134839002605], [8.287571294107003, 61.48955128091315], [8.28634465354187, 61.49183364744838], [8.284843904772112, 61.49462554445989], [8.283154837421405, 61.4977671078162], [8.282186872199572, 61.499567155120815], [8.281793806295957, 61.50029804427056], [8.281177328792872, 61.501444279184255], [8.272981716119695, 61.51667381255893], [8.268732166917314, 61.52312272812609], [8.267023589379555, 61.526022148104154], [8.26649202007971, 61.526924092983634], [8.265171834657849, 61.529163872475195], [8.264980834329407, 61.52948788644924], [8.264020280215583, 61.53111726728968], [8.262332620317027, 61.53397957745536], [8.258422373904548, 61.53477786495328], [8.257428482527235, 61.53498074638692], [8.25308131648524, 61.535868008842485], [8.250170384690106, 61.53646202588798], [8.24679082840629, 61.537151564603576], [8.238835436800189, 61.53877426584833], [8.238643035563545, 61.538813502853344], [8.237815238105163, 61.5389823139842], [8.223250895672887, 61.54195126112304], [8.213345878692914, 61.5439691755687], [8.204958199742496, 61.54577362875158], [8.196884450859084, 61.54750985375445], [8.195565208622298, 61.54779348777849], [8.191380792096615, 61.54645165115165], [8.188272819089342, 61.545454846667155], [8.183592521456472, 61.543953508279564], [8.16532050847422, 61.538089351346855], [8.154671682824041, 61.53466963242644], [8.143356893156291, 61.53103433478036], [8.136098379105213, 61.52870133611391], [8.128779372312522, 61.52634815989797], [8.128568803225878, 61.526280448099776], [8.12769145347581, 61.52599831462345], [8.121047562273173, 61.52386145824577], [8.11789339134455, 61.522846777803814], [8.114009303099843, 61.52351723109491], [8.110667372812557, 61.524093988059036], [8.105878247520911, 61.52492032357476], [8.10148045232862, 61.5256789472995], [8.09731968583141, 61.52639651531133], [8.092905854004668, 61.527157564658104], [8.08862610692563, 61.527895296076586], [8.079362232063332, 61.5294787586539], [8.071322405695566, 61.530852349835165], [8.06678469229547, 61.53162734321588], [8.05423731329633, 61.53376930552618], [8.046345694618358, 61.53511573260169], [8.041712030149098, 61.535906032475154], [8.037805516559976, 61.53657215897027], [8.034202208364494, 61.537186456083695], [8.03408842734362, 61.53720585195129], [8.033543264334444, 61.53729878057392], [8.030181667830377, 61.537871741100886], [8.025586436150105, 61.538654795169926], [8.016118663303217, 61.540267541621844], [8.012923624548387, 61.54103086034615], [7.997708866553335, 61.544664220356076], [7.994068513848429, 61.54553317247462], [7.989345546598002, 61.54666032301125], [7.987042285521046, 61.54720991291845], [7.977751898779927, 61.54942612541138], [7.9691664196328995, 61.5514733256569], [7.962901933059412, 61.55296656691087], [7.961699122101349, 61.55325322660118], [7.960480425857069, 61.553543655533176], [7.954282577831698, 61.55502041619766], [7.947312428760029, 61.556680681402824], [7.946827956660434, 61.55946811006017], [7.9468236926448785, 61.55949264574127], [7.946083923417109, 61.56374777115989], [7.945452151852735, 61.567380599205684], [7.945370797783773, 61.56784832376927], [7.945196405496428, 61.56885089763848], [7.944665159463012, 61.571904543914854], [7.943931361408954, 61.57612128320915], [7.9431848059709935, 61.58040993360352], [7.942831721079673, 61.582437760713646], [7.941722273718154, 61.58468731442263], [7.937845359835217, 61.59254546688911], [7.935758686343905, 61.59677314266088], [7.932993895058605, 61.602372764580394], [7.900092444207184, 61.638744139019416], [7.895650914863639, 61.64364663921411], [7.896105299759134, 61.64548755544562], [7.904419190381369, 61.67913708291118], [7.90651336141607, 61.702613994112625], [7.9082154850394115, 61.72167919943536], [7.906100796077871, 61.72236251584951], [7.905575139584209, 61.722532360609726], [7.886525384040824, 61.72868485640047], [7.869154483407097, 61.73429060084392], [7.860868045813334, 61.736963185035805], [7.845570900422002, 61.74189431921484], [7.842859881024042, 61.7427939037623], [7.841840700518495, 61.74313206541841], [7.828383187947551, 61.74489583877066], [7.826453661595538, 61.745148600555225], [7.792148934760907, 61.749637132809596], [7.752519144118507, 61.75480996874641], [7.75251909110432, 61.754809959619614], [7.736445001395744, 61.75190862361404], [7.724428244052668, 61.74979865000541], [7.7237333656492035, 61.74968652629449], [7.722174804550438, 61.74943503000654], [7.717668092234908, 61.7487076810004], [7.70860755621212, 61.746977968653376], [7.707819575954576, 61.74682750204506], [7.706731324660633, 61.74661968706854], [7.698454655155412, 61.745038785320205], [7.684570050494463, 61.74272611189131], [7.676310633285643, 61.74250828458169], [7.659649863332278, 61.742190089570016], [7.650667020581863, 61.741977041579766], [7.644451307319056, 61.7418043949576], [7.63548335960963, 61.74152792227066], [7.633280777686957, 61.7415173379852], [7.6312661580410355, 61.741507626711766], [7.629094215039506, 61.74136333241988], [7.62603748694575, 61.74102562833963], [7.619164217798128, 61.74026600399956], [7.613884510922989, 61.7396822399217], [7.611497990466582, 61.73941829459298], [7.60962323169375, 61.739210917335306], [7.605788690237637, 61.73878666779049], [7.6051021520866255, 61.738710697833966], [7.60065943462254, 61.738218989600014], [7.599333733635313, 61.73807223310856], [7.59721339951032, 61.73783748069949], [7.588767157934772, 61.736902000339136], [7.577080828932912, 61.73560670771283], [7.57206082040947, 61.73504996139159], [7.568116705404371, 61.734530357203056], [7.56682881355959, 61.7343606607225], [7.563953694994169, 61.73398177515758], [7.555587312165831, 61.73287885201009], [7.55138624572402, 61.73232481372526], [7.550379554601842, 61.73219202875422], [7.543792632089679, 61.73132298993427], [7.539347363052682, 61.73073630261256], [7.538066129434637, 61.73056717385062], [7.530183066755225, 61.729526272593255], [7.522426197733729, 61.72850152525244], [7.516955395095838, 61.7277784841255], [7.5138236610709965, 61.727364470213395], [7.513956365185964, 61.7302489199408], [7.5140103958371505, 61.731352368323236], [7.514109607255503, 61.733594767397314], [7.514242694938451, 61.73671383766996], [7.514329239046245, 61.73877514901222], [7.514523748657256, 61.74280848026791], [7.51461335281675, 61.74540202621175], [7.514746452441724, 61.748051986192415], [7.514812176565386, 61.7496523347144], [7.5148005823469175, 61.75196054005732], [7.514789912219124, 61.75410671413451], [7.514767713935658, 61.757704235187646], [7.514780410006528, 61.758354344525586], [7.514754688065882, 61.76032823142431], [7.5123590623178504, 61.76210906144949], [7.509479497650459, 61.76423301668922], [7.505200274023716, 61.76740735897305], [7.502264511408371, 61.769600274160986], [7.497941976339155, 61.77279028996399], [7.496358843805208, 61.773966139402916], [7.495509477294245, 61.7747131938209], [7.493709415089087, 61.7764632064197], [7.492660375547123, 61.77747879562634], [7.4915372997766925, 61.77840921854449], [7.4875621664999565, 61.782267633837186], [7.48550968778132, 61.78426526530276], [7.483756775605584, 61.78597277783897], [7.4815981794375865, 61.78809080974345], [7.4793699247319765, 61.79025919375589], [7.475964290698452, 61.79357156185875], [7.472056911334585, 61.79737009706268], [7.469704939037116, 61.79964891185253], [7.467867885271589, 61.80145989569402], [7.467726739223574, 61.80159652538328], [7.467516485740229, 61.801800152433266], [7.465988213971082, 61.80328664365413], [7.46416027829566, 61.80506183703195], [7.462055641908419, 61.80710173517197], [7.460175470120593, 61.80892831365058], [7.457967096438879, 61.81107961912834], [7.4559848268611075, 61.81300876775587], [7.454129502426959, 61.814809603565905], [7.452297184514073, 61.8165935630554], [7.450244671700292, 61.818573170543516], [7.448439147188319, 61.82032240520898], [7.445244411178512, 61.82344748473048], [7.442981075717108, 61.82565855862088], [7.441031055907562, 61.827526387636496], [7.4387414821333735, 61.82976302667321], [7.436784529635666, 61.831657404493626], [7.434875530266447, 61.83350967616587], [7.4322910663769495, 61.83600920181097], [7.430909665283372, 61.83734895773048], [7.428944911138386, 61.839269893265275], [7.42678056307633, 61.841378119106174], [7.423969987177437, 61.84409089575109], [7.423051049611649, 61.845023231972846], [7.421318367266225, 61.84708325091979], [7.4196147594289865, 61.84909976550087], [7.4180751571989205, 61.85091779320337], [7.416373716866669, 61.852925294298245], [7.414773739834008, 61.85483016127342]]]}, "properties": {"objectid": 5, "globalid": null, "st_area(shape)": 33348702813.996544, "st_perimeter(shape)": 1106762.3423122359, "budomr": "NO 5"}}]}