cluster,scalar,offset,lon,lat,type,country,elevation,slope,aspect,roughness,curvature,distance_to_coast_km,nearby_mean_correction,nearby_correction_variance,turbine_density,era5_elevation_error,era5_roughness,subgrid_terrain_variance,latitude,longitude,abs_latitude,coastal_latitude
0.0,0.762717031338457,1.0410081176818673,-8.5,49.5,onshore,UK,-100.0,0.0,90.0,32.90515175598742,0.0,148.90126449336438,0.5787483346016697,0.0,1,100.53520163932127,5.0734670367091894e-05,0.0,49.5,-8.5,49.5,49.5
1.0,0.5787483346016697,1.660395766588753,-7.84375,49.5,onshore,UK,-100.0,0.0,90.0,32.90515175598742,0.0,111.89244873516428,0.785066842456358,0.02234981111790102,2,99.73934500122365,5.1807553973048925e-05,0.0,49.5,-7.84375,49.5,49.5
2.0,0.8074166535742591,0.666625946220309,-7.1875,49.5,onshore,UK,-100.0,0.0,90.0,32.90515175598742,0.0,68.363928191475,0.684116657564443,0.10536832296277321,2,99.61506708776697,2.5223882403224707e-05,0.0,49.5,-7.1875,49.5,49.5
3.0,0.7894849805272162,0.8874360894090693,-6.53125,49.5,onshore,UK,-100.0,0.0,90.0,32.90515175598742,0.0,33.59484892475422,0.7470401973242701,0.060376456249989,2,100.54197319229809,2.760806819424033e-05,0.0,49.5,-6.53125,49.5,49.5
4.0,0.6866637410742811,1.0545152173389885,-5.875,49.5,onshore,UK,-100.0,0.0,90.0,32.90515175598742,0.0,41.34744480964882,0.8844429556947581,0.0949579751675419,2,98.90923227159631,2.832332393154502e-05,0.0,49.5,-5.875,49.5,49.5
5.0,0.9794009308623,0.0514191862368604,-5.21875,49.5,onshore,UK,-100.0,0.0,90.0,32.90515175598742,0.0,32.91262960735364,0.6940448238216759,0.0073810827473947405,2,99.47326280189974,2.84425332210958e-05,0.0,49.5,-5.21875,49.5,49.5
6.0,0.7014259065690706,1.2054522560422538,-4.5625,49.5,onshore,UK,-93.45044933280914,0.32034718365207776,180.0,22.536090865564027,-6.208349601551686e-08,53.10438915834076,1.1954319712968404,0.21603104043454058,2,94.88905580456556,2.9038579668849707e-05,2.7096109458226025,49.5,-4.5625,49.5,49.5
7.0,1.4114630117313811,-1.2850400473198529,-3.90625,49.5,onshore,UK,-42.95643401729939,0.0,90.0,33.284008853841314,-9.311432657487665e-07,51.661195244874165,0.7168599633470729,0.015434056778002303,2,47.02160639076535,3.762164851650596e-05,21.789228429129256,49.5,-3.90625,49.5,49.5
8.0,0.7322940201250752,0.967678802749144,-3.25,49.5,onshore,UK,-100.0,0.15262408077688927,339.12760160744074,15.216450032819335,4.509704938174466e-07,41.52853696599614,1.5764579853209215,0.1649949735895404,2,98.97216788161604,6.050983211025596e-05,15.248106676837727,49.5,-3.25,49.5,49.5
9.0,1.741452958910462,-3.068675603165359,-2.59375,49.5,onshore,UK,-100.0,0.3111608396249581,170.87035394286687,31.005547063613648,2.1588442516958262e-07,0.9023914712457946,0.7127028354652867,0.01959118465978843,2,95.82937064708642,9.257713099941611e-05,34.593623302489235,49.5,-2.59375,49.5,49.5
10.0,0.6931116508054983,1.2618847348780502,-1.9375,49.5,onshore,UK,-100.0,0.2143703248277092,0.0,32.49828025430977,4.138905083036184e-07,4.379551477259792,1.3859775774175123,0.35547538149294966,2,118.4901735206467,0.03860421106219292,8.542103461289582,49.5,-1.9375,49.5,49.5
11.0,1.0305021959245626,-0.1294889815005082,-1.28125,49.5,onshore,UK,-58.737087666611956,0.29736966034300694,257.71120572187954,49.99699107552672,-4.203189424406479e-08,1.0040792151452376,0.7871656212060595,0.09405397040056118,2,80.81817589819461,0.24038107693195343,47.220289294687525,49.5,-1.28125,49.5,49.5
12.0,0.8812195916066207,0.4866243892495577,-0.625,49.5,onshore,UK,-21.253586093692263,0.24083939111954417,190.28185653122836,32.659987685961994,-4.1892183550167467e-07,10.477586909359816,0.948148570803629,0.08235362512093358,2,27.84175944098721,0.0769243910908699,38.860181195544584,49.5,-0.625,49.5,49.5
13.0,0.8657949456826954,0.5356013252370806,0.03125,49.5,onshore,UK,-100.0,0.4441536948736487,159.43119737956175,42.6820989689767,7.393771842153375e-07,3.563360375551915,0.948822081854898,0.06760249024827741,2,127.44933643560748,0.1498100310564041,39.97756188401893,49.5,0.03125,49.5,49.5
14.0,1.0164245721031755,0.0058704735067262,0.6875,49.5,onshore,UK,-29.40862582550756,0.1445142180679703,201.92598757657026,41.54734145427343,-4.996691213645817e-07,13.912515844019648,1.3750495937046392,0.5092546480219438,2,146.19864562393516,0.32689887285232544,43.94840187843006,49.5,0.6875,49.5,49.5
15.0,1.884304241726583,-3.86000212569514,1.34375,49.5,onshore,UK,-59.04111297583084,0.28582104629978217,165.43229258014367,47.04315216008977,4.3558969655806285e-07,35.18676670454984,0.9559516128598206,0.06047295924335494,2,191.77415676818094,0.3398166298866272,43.06294908309855,49.5,1.34375,49.5,49.5
16.0,0.8954786536164656,0.447557631381876,2.0,49.5,onshore,UK,-88.7661656887515,0.24361993456222056,15.083605240930467,51.518737749811685,1.0867704447370843e-06,54.72561606556514,1.884304241726583,0.0,1,233.40280296103614,0.2908340096473694,46.734779257387665,49.5,2.0,49.5,49.5
17.0,1.1431260802614285,-0.5859989942947034,-8.5,50.1764705882353,onshore,UK,-97.48153212954273,0.2785878135693551,0.0,9.332434906728873,-7.924200715507384e-07,101.16813392081916,1.5926763904942929,0.0,1,97.49373088306712,3.666797420009971e-05,0.0,50.1764705882353,-8.5,50.1764705882353,50.1764705882353
18.0,1.5926763904942929,-2.659738881175105,-7.84375,50.1764705882353,onshore,UK,-97.48153212954273,0.2785878135693551,0.0,9.332434906728873,-7.924200715507384e-07,108.03241162714482,0.9672087243283759,0.17591735593305258,2,97.27385457464375,2.7250440325587988e-05,0.0,50.1764705882353,-7.84375,50.1764705882353,50.1764705882353
19.0,0.7912913683953233,0.9148939028027402,-7.1875,50.1764705882353,onshore,UK,-97.48153212954273,0.2785878135693551,0.0,9.332434906728873,-7.924200715507384e-07,61.89284560536533,1.4061241837575864,0.18655220673670647,2,97.17984948625985,2.5343091692775488e-05,0.0,50.1764705882353,-7.1875,50.1764705882353,50.1764705882353
20.0,1.21957197702088,-0.9140334422084264,-6.53125,50.1764705882353,onshore,UK,-97.48153212954273,0.2785878135693551,0.0,9.332434906728873,-7.924200715507384e-07,20.014063975191874,0.8002446455363823,0.008953277141058924,2,97.50090076268962,2.570071956142783e-05,0.0,50.1764705882353,-6.53125,50.1764705882353,50.1764705882353
21.0,0.8091979226774412,0.7617361331777905,-5.875,50.1764705882353,onshore,UK,-97.48153212954273,0.2785878135693551,0.0,9.332434906728873,-7.924200715507384e-07,12.270229926706866,1.2388253888850733,0.01925341186419327,2,104.80262650491557,2.5343091692775488e-05,0.0,50.1764705882353,-5.875,50.1764705882353,50.1764705882353
22.0,1.2580788007492665,-1.1141908867857917,-5.21875,50.1764705882353,onshore,UK,-97.48153212954273,0.2785878135693551,0.0,9.332434906728873,-7.924200715507384e-07,8.419390147138794,0.8306114054961049,0.021413482818663676,2,130.1708555892614,0.09969121962785721,0.0,50.1764705882353,-5.21875,50.1764705882353,50.1764705882353
23.0,0.8520248883147685,0.6055364702939203,-4.5625,50.1764705882353,onshore,UK,-100.0,0.12789110656141542,0.0,16.264549869774775,0.0,10.685704126641989,1.1608457920112984,0.09723300873796813,2,138.3101107571138,0.06301350146532059,9.614857885818239,50.1764705882353,-4.5625,50.1764705882353,50.1764705882353
24.0,1.0636127832733302,-0.1403455814689178,-3.90625,50.1764705882353,onshore,UK,-100.0,0.0,90.0,24.687657191695976,2.3347960556231587e-07,6.797761490197519,0.7815061314325074,0.07051875688226117,2,134.79806472202537,0.07089943438768387,11.942968297817503,50.1764705882353,-3.90625,50.1764705882353,50.1764705882353
25.0,0.7109873745502462,1.180233217083576,-3.25,50.1764705882353,onshore,UK,-100.0,0.03875163158443103,270.0,17.75303119636587,7.107018376915929e-07,23.14059707007907,1.4207137601294377,0.3571009768561074,2,99.56806454357502,5.812564631924033e-05,8.087213197253087,50.1764705882353,-3.25,50.1764705882353,50.1764705882353
26.0,1.777814736985545,-3.503543194642494,-2.59375,50.1764705882353,onshore,UK,-100.0,0.31216407243266053,161.1654043085474,35.31526786416843,7.796952601555927e-07,26.901501389635087,0.7815986939597735,0.07061131940952736,2,104.22689299161793,5.1807553973048925e-05,39.762251437122195,50.1764705882353,-2.59375,50.1764705882353,50.1764705882353
27.0,0.8522100133693009,0.329814454863686,-1.9375,50.1764705882353,onshore,UK,-100.0,0.3120273567097486,310.19560894061226,31.464227153008125,7.079870934984136e-08,30.245515744685637,1.2480445681920296,0.5297701687935155,2,95.51947251673609,3.976741572842002e-05,32.00045879551044,50.1764705882353,-1.9375,50.1764705882353,50.1764705882353
28.0,0.718274399398514,0.7642877148463504,-1.28125,50.1764705882353,onshore,UK,-72.03178145741931,0.33087670666315727,190.32709586122945,42.657565616327524,4.898945692727654e-07,29.054251263940994,0.8564041124248117,0.04383779893683134,3,70.31285260875539,3.440299769863486e-05,35.735326527490294,50.1764705882353,-1.28125,50.1764705882353,50.1764705882353
29.0,0.912068279415368,0.4101757207380785,-0.625,50.1764705882353,onshore,UK,-100.0,0.32151107580305627,164.55832949424578,44.526095362247595,9.68624627873815e-07,41.33231887614335,0.783696757990841,0.04719967491950043,3,99.91859199178619,3.8456113543361425e-05,36.066598880597674,50.1764705882353,-0.625,50.1764705882353,50.1764705882353
30.0,0.8278818300842425,0.6806214003609996,0.03125,50.1764705882353,onshore,UK,-63.37006162771115,0.4643593859299168,200.615860782065,34.066192038477325,6.993601157799159e-07,35.1865709345605,0.8298601529013322,0.058978234022960555,3,64.00006500870772,4.155555507168174e-05,33.12591906706003,50.1764705882353,0.03125,50.1764705882353,50.1764705882353
31.0,0.7765488752204636,0.6619841720602966,0.6875,50.1764705882353,onshore,UK,-95.54396562463432,0.3019821006394456,259.8001298574626,46.01067612637995,1.5207284233577407e-06,21.5214706071398,0.8375325110064992,0.03448052867057709,3,93.36098623373631,4.0363462176173925e-05,45.63247254958962,50.1764705882353,0.6875,50.1764705882353,50.1764705882353
32.0,0.8837523988670898,0.5240028059243532,1.34375,50.1764705882353,onshore,UK,36.93136828073543,0.3087960899158366,182.77997599840785,31.068665735676657,-8.414854288824395e-07,7.788303085036977,0.6921375775859124,0.08441129763455113,2,-36.09104843081216,5.252280971035361e-05,32.43063079851688,50.1764705882353,1.34375,50.1764705882353,50.1764705882353
33.0,0.6077262799513613,1.0837247501574534,2.0,50.1764705882353,onshore,UK,2.951500538231304,0.2376216279866072,27.534902808994808,47.148163104032996,5.351938174184371e-07,23.45984451882214,0.8837523988670898,0.0,1,81.99150728362937,0.3811437487602234,40.08494801216166,50.1764705882353,2.0,50.1764705882353,50.1764705882353
34.0,0.7456392395864949,1.1141886324079286,-8.5,50.85294117647059,onshore,UK,-100.0,0.0,90.0,3.8673405176850997,0.0,53.65328065307375,1.0844874907412456,0.0,1,100.02255524631245,5.204597255215049e-05,0.0,50.85294117647059,-8.5,50.85294117647059,50.85294117647059
35.0,1.0844874907412456,-0.3503810950657918,-7.84375,50.85294117647059,onshore,UK,-100.0,0.0,90.0,3.8673405176850997,0.0,70.62124625961256,0.6391241183292748,0.10651512125722012,2,100.53878657913253,3.249564906582236e-05,0.0,50.85294117647059,-7.84375,50.85294117647059,50.85294117647059
36.0,0.5326089970720547,1.7093112045839474,-7.1875,50.85294117647059,onshore,UK,-100.0,0.0,90.0,3.8673405176850997,0.0,86.38546548699279,1.0002785396039755,0.08420895113727023,2,100.83514160352924,2.8204114641994238e-05,0.0,50.85294117647059,-7.1875,50.85294117647059,50.85294117647059
37.0,0.9160695884667052,0.3382015932718706,-6.53125,50.85294117647059,onshore,UK,-100.0,0.0,90.0,3.8673405176850997,0.0,64.908160173033,0.8432673634756555,0.3106583664036008,2,99.15460148534413,2.641597529873252e-05,0.0,50.85294117647059,-6.53125,50.85294117647059,50.85294117647059
38.0,1.1539257298792562,-0.6101549171496317,-5.875,50.85294117647059,onshore,UK,-100.0,0.0,90.0,3.8673405176850997,0.0,51.22729990716355,0.6166389331999828,0.2994306552667224,2,100.89289896715493,2.5819928850978613e-05,0.0,50.85294117647059,-5.875,50.85294117647059,50.85294117647059
39.0,0.3172082779332603,2.8056294148006624,-5.21875,50.85294117647059,onshore,UK,-100.0,0.0,90.0,3.8673405176850997,0.0,26.814777269417405,1.1809584750672166,0.027032745187960394,2,98.77340288541448,2.5939138140529394e-05,0.0,50.85294117647059,-5.21875,50.85294117647059,50.85294117647059
40.0,1.207991220255177,-0.83790638440348,-4.5625,50.85294117647059,onshore,UK,-49.91814525300063,0.3617443650367055,184.64608416156858,29.181244486489863,-8.175046734984747e-07,0.7158551149067679,0.7012500820937383,0.38404180416047795,2,159.3984727762884,0.3253379464149475,34.441629397713484,50.85294117647059,-4.5625,50.85294117647059,50.85294117647059
41.0,1.0852918862542162,-0.3303705492663624,-3.90625,50.85294117647059,onshore,UK,-23.882470676511275,0.24631881192605984,222.3129053765748,26.960091121637575,-1.2182964557460618e-06,26.820808241213996,1.0698103948310904,0.1381808254240865,2,204.38165084060913,0.4579964280128479,30.98886119300125,50.85294117647059,-3.90625,50.85294117647059,50.85294117647059
42.0,0.931629569407004,0.2938320742247344,-3.25,50.85294117647059,onshore,UK,-100.0,0.10523703138898532,217.93336825174885,17.340282922618734,1.4475347483840989e-07,12.436611559931329,0.9574792402676309,0.09093837929035858,3,183.92090164900858,0.16119106113910675,11.124415180530528,50.85294117647059,-3.25,50.85294117647059,50.85294117647059
43.0,0.9059272236638736,0.4061349647835471,-2.59375,50.85294117647059,onshore,UK,-100.0,0.4615329726380004,213.8702627236004,36.469760259881305,3.006653987833928e-07,13.41097644201664,1.0442130380657038,0.19594675925076907,3,179.76515975447785,0.3639722466468811,52.90523519483708,50.85294117647059,-2.59375,50.85294117647059,50.85294117647059
44.0,1.3197909339053049,-1.337945738393762,-1.9375,50.85294117647059,onshore,UK,-66.50512270500725,0.19863189426185637,234.1276840965865,31.060767601728603,6.678651406818392e-07,9.984507534648548,1.2891527863871803,0.38322556272330666,2,110.88772317573375,0.2807709574699402,43.21521982006649,50.85294117647059,-1.9375,50.85294117647059,50.85294117647059
45.0,1.6723783491104869,-2.6943806170901707,-1.28125,50.85294117647059,onshore,UK,21.887645969025527,0.0,90.0,55.16634226006016,-1.3644252445678455e-06,1.0678931777584564,1.3886137432941856,0.06882280938888086,2,0.8303665690226367,0.2116156369447708,32.88778742302499,50.85294117647059,-1.28125,50.85294117647059,50.85294117647059
46.0,1.4574365526830666,-1.9510810584482952,-0.625,50.85294117647059,onshore,UK,-2.7593739504030452,0.1774909712274109,333.9996161923214,49.20067477334379,-3.092052660383494e-08,4.393911887628446,1.2338103368823883,0.43856801222809855,2,18.75960760881341,0.027984928339719772,42.80107011349357,50.85294117647059,-0.625,50.85294117647059,50.85294117647059
47.0,0.7952423246542898,0.8292643286235231,0.03125,50.85294117647059,onshore,UK,-17.164572525692975,0.2097240141105993,80.3248249106423,33.69660441352021,-3.9613359645291266e-07,4.967341972199081,1.3457979191078002,0.11163863357526649,2,32.515135424975604,0.030232738703489304,33.28722657564107,50.85294117647059,0.03125,50.85294117647059,50.85294117647059
48.0,1.2341592855325336,-0.9242671087348616,0.6875,50.85294117647059,onshore,UK,-44.731057193856145,0.3361561057499938,25.557805837046374,66.83856682255441,-4.1594698301335843e-07,1.9259525228561467,0.788041574887673,0.007200749766616832,2,45.89322497350057,0.025067996233701706,54.46082981948816,50.85294117647059,0.6875,50.85294117647059,50.85294117647059
49.0,0.7808408251210561,0.8423463273154446,1.34375,50.85294117647059,onshore,UK,-100.0,0.5075768531719047,94.52192494895024,52.96558556345048,1.6093453512906383e-06,16.981107498224826,0.8217562509524324,0.30469443072139146,3,104.47146555207436,7.207313319668174e-05,48.093039908272786,50.85294117647059,1.34375,50.85294117647059,50.85294117647059
50.0,0.5073842803454425,2.014898502538532,2.0,50.85294117647059,onshore,UK,-33.384141307821764,0.27931583172322805,301.05963136637104,50.08759259285787,5.447299650944852e-07,11.00450481548139,0.7522830060501888,0.028557819070867296,2,103.44805560640997,0.3670724034309387,44.43369801424253,50.85294117647059,2.0,50.85294117647059,50.85294117647059
51.0,1.710866375537679,-2.8384782797143338,-8.5,51.529411764705884,onshore,UK,-72.63694688865178,0.24564595021481975,180.0,12.739206389874258,5.640438339666574e-07,6.249627593085181,0.7586989136809947,0.0,1,83.50593669722555,2.8800161089748144e-05,0.0,51.529411764705884,-8.5,51.529411764705884,51.529411764705884
52.0,0.7586989136809947,1.0337954817329609,-7.84375,51.529411764705884,onshore,UK,-72.63694688865178,0.24564595021481975,180.0,12.739206389874258,5.640438339666574e-07,24.372782212878302,1.2412585991091998,0.3668770521695026,3,67.6182801070546,2.7846486773341894e-05,0.0,51.529411764705884,-7.84375,51.529411764705884,51.529411764705884
53.0,1.1975032894065536,-0.8032126429942357,-7.1875,51.529411764705884,onshore,UK,-72.63694688865178,0.24564595021481975,180.0,12.739206389874258,5.640438339666574e-07,43.17250169658298,0.6472316444058714,0.11146726927512335,2,74.57744493398326,4.37013222835958e-05,0.0,51.529411764705884,-7.1875,51.529411764705884,51.529411764705884
54.0,0.535764375130748,1.9183782655677428,-6.53125,51.529411764705884,onshore,UK,-72.63694688865178,0.24564595021481975,180.0,12.739206389874258,5.640438339666574e-07,46.55423241696261,0.9257423497248243,0.2717609396817293,2,74.66826340920161,3.5475881304591894e-05,0.0,51.529411764705884,-6.53125,51.529411764705884,51.529411764705884
55.0,0.653981410043095,1.4012535624438605,-5.875,51.529411764705884,onshore,UK,-72.63694688865178,0.24564595021481975,180.0,12.739206389874258,5.640438339666574e-07,46.9277871274654,0.6331372042072834,0.09737282907653527,2,73.23030421824446,2.736964961513877e-05,0.0,51.529411764705884,-5.875,51.529411764705884,51.529411764705884
56.0,0.7305100332838186,1.0887029580448122,-5.21875,51.529411764705884,onshore,UK,-72.63694688865178,0.24564595021481975,180.0,12.739206389874258,5.640438339666574e-07,11.724010794935214,0.7399018730211935,0.08592046297809858,2,72.63878914938812,4.441657802090049e-05,0.0,51.529411764705884,-5.21875,51.529411764705884,51.529411764705884
57.0,0.8258223359992921,0.6434043108317629,-4.5625,51.529411764705884,onshore,UK,-68.98953761720415,0.16321667072755752,0.0,24.660333263161576,1.529640798821239e-07,13.765171386958766,0.7959268397462049,0.0654168064623864,2,78.64163952318121,6.968894740566611e-05,25.330719508582206,51.529411764705884,-4.5625,51.529411764705884,51.529411764705884
58.0,0.8613436462085914,0.5605556577501692,-3.90625,51.529411764705884,onshore,UK,-89.66018910424141,0.1472028179160381,0.0,35.11416368287307,7.484741781021804e-07,5.448535907372093,0.9347188776063202,0.10889654160702816,2,139.20709453639714,0.10514778643846512,41.31150512703491,51.529411764705884,-3.90625,51.529411764705884,51.529411764705884
59.0,1.0436154192133484,-0.166222990376609,-3.25,51.529411764705884,onshore,UK,-13.791292136661397,0.12956055063234034,335.587531853622,41.06019207711108,-4.782042530095903e-07,7.770954091810289,0.7482617275922454,0.11308191861634592,2,113.43812975768897,0.32626909017562866,36.92272895747454,51.529411764705884,-3.25,51.529411764705884,51.529411764705884
60.0,0.6351798089758995,1.5940072679229158,-2.59375,51.529411764705884,onshore,UK,-10.474902284625635,0.13612642665319255,316.43550187134736,53.25760171686987,-1.1361872971884818e-06,4.540562993568147,0.9467510281275753,0.09686439108577322,2,88.0640035736744,0.29631751775741577,30.16925813620415,51.529411764705884,-2.59375,51.529411764705884,51.529411764705884
61.0,0.849886637041802,0.6144424037752055,-1.9375,51.529411764705884,onshore,UK,-81.33237658554377,0.45432915790598283,44.58564824794891,39.24811848497543,1.842317840919619e-07,35.81621994174209,0.6447033367718752,0.00952352779597565,2,202.9039094388882,0.4233255982398987,41.59806348507213,51.529411764705884,-1.9375,51.529411764705884,51.529411764705884
62.0,0.6542268645678508,1.4130135799485026,-1.28125,51.529411764705884,onshore,UK,-90.75738413291711,0.18224857202927588,90.0,34.91658523450267,7.811528040632368e-07,45.70119390829684,1.1741453174209318,0.3242586803791297,2,200.54402484674395,0.4245815873146057,21.91166193962635,51.529411764705884,-1.28125,51.529411764705884,51.529411764705884
63.0,1.4984039978000614,-2.2668319954914065,-0.625,51.529411764705884,onshore,UK,7.823026880303075,0.2886306336246957,310.61646852384445,57.015872513449814,-7.472353663473006e-07,52.19932237852941,0.8961457578334114,0.2419188932655606,2,77.00645784753468,0.4364812970161438,61.61669831648265,51.529411764705884,-0.625,51.529411764705884,51.529411764705884
64.0,1.138064651098972,-0.5871302694066929,0.03125,51.529411764705884,onshore,UK,26.324167292834545,0.41146507353524325,28.077595849608713,45.62638550233227,-8.786188142455694e-07,25.86200657613661,1.1440164355095948,0.35438756229046653,2,29.784771300492437,0.5034297108650208,40.83644637657749,51.529411764705884,0.03125,51.529411764705884,51.529411764705884
65.0,0.7896288732191283,0.7641180660879541,0.6875,51.529411764705884,onshore,UK,-12.25654622521977,0.5286283541439828,13.997420985254308,36.84722964149185,-6.274130977986093e-08,0.4790881081598748,1.2545860094876828,0.1165213583887107,2,36.7741985485157,0.160771444439888,52.1674309461398,51.529411764705884,0.6875,51.529411764705884,51.529411764705884
66.0,1.3711073678763934,-1.4272205615674003,1.34375,51.529411764705884,onshore,UK,3.9935581815181758,0.2705502346934219,33.4656695908522,42.966850298185626,-5.106162833387867e-07,10.144175760432748,0.8424922672896473,0.08947901129918098,4,4.376330251968285,0.07572788745164871,37.22490736034241,51.529411764705884,1.34375,51.529411764705884,51.529411764705884
67.0,0.914213069654144,0.1797958766457928,2.0,51.529411764705884,onshore,UK,68.09547646287372,0.37809477546686565,315.22881513142033,58.19876855713824,-7.929058024569805e-07,37.10117278804369,1.1567546535911946,0.21435271428519892,2,-66.5636615560248,0.00014276424190029502,54.51850134748936,51.529411764705884,2.0,51.529411764705884,51.529411764705884
68.0,1.0751783466614278,-0.3157985654938385,-8.5,52.205882352941174,onshore,UK,-95.99882472149203,0.43522667481503063,0.0,19.367219786585512,-9.189157787361076e-07,23.40222355138244,0.6685703061412108,0.0,1,220.03719449162253,0.8823152184486389,0.0,52.205882352941174,-8.5,52.205882352941174,52.205882352941174
69.0,0.6685703061412108,1.3488122707006849,-7.84375,52.205882352941174,onshore,UK,-95.99882472149203,0.43522667481503063,0.0,19.367219786585512,-9.189157787361076e-07,16.15966841376238,1.0355377789274833,0.1659380867980116,3,218.8876237921482,0.7477254271507263,0.0,52.205882352941174,-7.84375,52.205882352941174,52.205882352941174
70.0,1.216028857737656,-0.8701938342546872,-7.1875,52.205882352941174,onshore,UK,-95.99882472149203,0.43522667481503063,0.0,19.367219786585512,-9.189157787361076e-07,4.462587242584772,0.6118279324092712,0.05674237373193952,2,174.00377902864585,0.5555713772773743,0.0,52.205882352941174,-7.1875,52.205882352941174,52.205882352941174
71.0,0.5550855586773318,1.829793874460452,-6.53125,52.205882352941174,onshore,UK,-95.99882472149203,0.43522667481503063,0.0,19.367219786585512,-9.189157787361076e-07,0.8152881994933263,1.1013765309277828,0.11465232680987314,2,106.47546278405672,0.034644197672605515,0.0,52.205882352941174,-6.53125,52.205882352941174,52.205882352941174
72.0,0.9867242041179096,0.0598537986573097,-5.875,52.205882352941174,onshore,UK,-95.99882472149203,0.43522667481503063,0.0,19.367219786585512,-9.189157787361076e-07,31.82205566919926,0.8014155191391901,0.2463299604618583,2,100.75230553871809,3.023067256435752e-05,0.0,52.205882352941174,-5.875,52.205882352941174,52.205882352941174
73.0,1.0477454796010484,-0.1827038448055291,-5.21875,52.205882352941174,onshore,UK,-95.99882472149203,0.43522667481503063,0.0,19.367219786585512,-9.189157787361076e-07,16.47804307900019,0.9328487899925683,0.05387541412534136,2,101.32231096870693,2.7846486773341894e-05,0.0,52.205882352941174,-5.21875,52.205882352941174,52.205882352941174
74.0,0.8789733758672269,0.4524470110059049,-4.5625,52.205882352941174,onshore,UK,-32.38187270369215,0.08046359156461334,90.0,28.91929298016804,-1.1248806256010346e-07,4.942467882942078,1.2012097668793356,0.1534642872782872,2,85.41214465244632,0.2202804833650589,35.973261966940285,52.205882352941174,-4.5625,52.205882352941174,52.205882352941174
75.0,1.3546740541576228,-1.439487806772208,-3.90625,52.205882352941174,onshore,UK,-36.28062698744473,0.019261114697234512,193.86519106341524,22.755530772319716,-6.770376957020682e-07,18.489662020635333,1.040709728701009,0.16173635283378207,2,242.12891655689506,0.5865350365638733,22.351720581203445,52.205882352941174,-3.90625,52.205882352941174,52.205882352941174
76.0,1.202446081534791,-0.8562664657846902,-3.25,52.205882352941174,onshore,UK,-100.0,0.16938868389406994,134.31798191168295,32.71123033250017,7.67640686501533e-07,50.04418369884374,1.1757404650314836,0.17893358912613916,2,388.39152872349376,0.34794121980667114,36.25389168245747,52.205882352941174,-3.25,52.205882352941174,52.205882352941174
77.0,0.9968068759053444,0.006529692218283,-2.59375,52.205882352941174,onshore,UK,-31.314645566940616,0.17254441416234514,5.512170413622428,35.44098707063906,-4.1430181937172753e-07,33.39863775447683,0.9005117095189097,0.3019343720158813,2,147.47132599871395,0.285392701625824,27.836486589234205,52.205882352941174,-2.59375,52.205882352941174,52.205882352941174
78.0,0.5985773375030284,1.853514845774587,-1.9375,52.205882352941174,onshore,UK,-52.86893353306646,0.10665717582239985,64.62761103889821,35.40709198205339,2.1852947072013282e-07,44.45426563161564,0.8319236505667921,0.16488322533855237,2,135.39370028891582,0.3820573687553406,25.935476769032896,52.205882352941174,-1.9375,52.205882352941174,52.205882352941174
79.0,0.6670404252282397,1.1225236620889048,-1.28125,52.205882352941174,onshore,UK,-28.136254604535868,0.028612142571316935,211.53414819293636,46.43795589546139,-2.0783781777192273e-07,84.72057251777144,0.6456647390817915,0.04708740157876301,2,144.33874260056407,0.2752428650856018,43.13419980580559,52.205882352941174,-1.28125,52.205882352941174,52.205882352941174
80.0,0.6927521406605545,0.5662936534029441,-0.625,52.205882352941174,onshore,UK,-15.816138890399321,0.17502891632485343,46.995031783926606,47.58113075128822,1.1824229913993337e-07,66.61730896513544,1.1694780334765629,0.5024376082483232,2,111.04513568402915,0.27897268533706665,38.9476636612164,52.205882352941174,-0.625,52.205882352941174,52.205882352941174
81.0,1.671915641724886,-2.4717065267513685,0.03125,52.205882352941174,onshore,UK,-100.0,0.0930279198682874,297.4899348065488,41.395196834538346,9.60032934725634e-07,44.934852318225694,0.8293779634338243,0.13662582277326984,2,132.34198262467305,0.24279816448688507,42.382147407205025,52.205882352941174,0.03125,52.205882352941174,52.205882352941174
82.0,0.9660037862070942,0.1398723600102528,0.6875,52.205882352941174,onshore,UK,-1.456272152414283,0.4467371600443876,155.04388262060553,37.45479746906842,6.771243909677957e-07,32.739829363198716,1.235328416572766,0.4365872251521199,2,60.1786318681429,0.3802850842475891,39.0058297683002,52.205882352941174,0.6875,52.205882352941174,52.205882352941174
83.0,0.7987411914206461,0.8884650929917556,1.34375,52.205882352941174,onshore,UK,-48.03959574703691,0.2674187450961453,60.09774433682466,53.44646942857178,7.899766357573728e-08,14.10398406514652,0.9897962069978403,0.023792420790746116,2,80.23220587957454,0.4331931471824646,54.40071834726048,52.205882352941174,1.34375,52.205882352941174,52.205882352941174
84.0,1.0135886277885864,-0.0415050444355138,2.0,52.205882352941174,onshore,UK,14.143308252414526,0.5935186542022798,35.16493720040572,52.69130992757876,-3.0904202139257827e-07,23.72613047585806,0.7987411914206461,0.0,1,-13.026549710379275,0.00014121452113613486,49.50290055107208,52.205882352941174,2.0,52.205882352941174,52.205882352941174
85.0,0.7008200649837285,1.3373366918924847,-8.5,52.88235294117647,onshore,UK,-57.67190185667339,0.1757040765917814,180.0,22.134702279470165,1.283219874559816e-06,23.39880716090137,0.804241257891001,0.0,1,159.16020356074665,0.7063743472099304,0.0,52.88235294117647,-8.5,52.88235294117647,52.88235294117647
86.0,0.804241257891001,0.8708978007351322,-7.84375,52.88235294117647,onshore,UK,-57.67190185667339,0.1757040765917814,180.0,22.134702279470165,1.283219874559816e-06,58.566581514493606,0.8086566361609344,0.10783657117720596,2,185.6776050179211,0.9691656231880188,0.0,52.88235294117647,-7.84375,52.88235294117647,52.88235294117647
87.0,0.9164932073381404,0.3585880495032363,-7.1875,52.88235294117647,onshore,UK,-57.67190185667339,0.1757040765917814,180.0,22.134702279470165,1.283219874559816e-06,44.56916583702205,0.6366394848928243,0.16760177299817663,2,167.57923554414566,0.9275804162025452,0.0,52.88235294117647,-7.1875,52.88235294117647,52.88235294117647
88.0,0.4690377118946477,2.064377562441499,-6.53125,52.88235294117647,onshore,UK,-57.67190185667339,0.1757040765917814,180.0,22.134702279470165,1.283219874559816e-06,27.400689981208004,0.9498372191175484,0.03334401177940788,2,256.74107024304897,0.9066372513771057,0.0,52.88235294117647,-6.53125,52.88235294117647,52.88235294117647
89.0,0.9831812308969562,0.0332451875168162,-5.875,52.88235294117647,onshore,UK,-57.67190185667339,0.1757040765917814,180.0,22.134702279470165,1.283219874559816e-06,10.038804716109375,0.7247450606562333,0.19857450943519575,3,157.4740868695218,0.2973204255104065,0.0,52.88235294117647,-5.875,52.88235294117647,52.88235294117647
90.0,0.7520598493353554,1.0416462207459043,-5.21875,52.88235294117647,onshore,UK,-57.67190185667339,0.1757040765917814,180.0,22.134702279470165,1.283219874559816e-06,33.291936610958366,0.8176401433951903,0.21321947655082438,3,46.790663503744504,2.7965696062892675e-05,0.0,52.88235294117647,-5.21875,52.88235294117647,52.88235294117647
91.0,0.516601578549918,1.6969211460244276,-4.5625,52.88235294117647,onshore,UK,-55.411426189886086,0.04602860796806239,90.0,31.99497431805122,1.4733310234928458e-07,3.725498466568882,1.0739016486381643,0.32184179930280876,2,99.80597645998341,0.03320450708270073,30.81240410852303,52.88235294117647,-4.5625,52.88235294117647,52.88235294117647
92.0,1.395743447940973,-1.703342998403967,-3.90625,52.88235294117647,onshore,UK,-100.0,0.17462476824346748,9.948005768123608,27.31651019040398,5.681946069640366e-07,11.593740075313463,0.7343481012071126,0.21774652265719463,2,356.42979867296685,0.3670874238014221,27.048857563652064,52.88235294117647,-3.90625,52.88235294117647,52.88235294117647
93.0,0.9520946238643072,0.1983757926876175,-3.25,52.88235294117647,onshore,UK,-100.0,0.3388537060141392,321.65450671126075,40.3351375164686,7.577846331360773e-07,27.75577562492328,1.2219329868970208,0.17381046104395215,2,335.38938859409177,0.7295716404914856,42.791411264017405,52.88235294117647,-3.25,52.88235294117647,52.88235294117647
94.0,1.0481225258530686,-0.1780221486919595,-2.59375,52.88235294117647,onshore,UK,-66.50261978811038,0.22318659148079165,110.50153696318134,33.73441254693013,-1.5877756008962952e-07,32.50852881049357,0.8209361854773853,0.13115843838692187,2,168.47329506011968,0.44973617792129517,43.41843699659498,52.88235294117647,-2.59375,52.88235294117647,52.88235294117647
95.0,0.6897777470904635,1.2788418178852663,-1.9375,52.88235294117647,onshore,UK,-84.98406602393901,0.198789839633125,43.73441880888274,48.92945391384051,1.5652117500489114e-07,64.0584624373405,0.9587088460458923,0.0894136798071763,2,235.38010826632046,0.3215627074241638,41.865200001259204,52.88235294117647,-1.9375,52.88235294117647,52.88235294117647
96.0,0.869295166238716,0.5323544650431489,-1.28125,52.88235294117647,onshore,UK,25.61335648659731,0.49393616169290944,207.75218988467168,40.02201401718354,-1.035223770079061e-06,70.74032895891801,0.6451453250768624,0.18184073196209177,3,59.526424698236454,0.252379834651947,55.43191798284646,52.88235294117647,-1.28125,52.88235294117647,52.88235294117647
97.0,0.8421577211409678,0.5926478040386123,-0.625,52.88235294117647,onshore,UK,-41.16586244543589,0.2554229886532371,342.87962199138224,21.14957951531539,5.751804966764865e-07,45.349093899638234,0.5637811383443094,0.21611836378699048,3,87.95953410255122,0.22934730350971222,40.556335158020474,52.88235294117647,-0.625,52.88235294117647,52.88235294117647
98.0,0.4185477417950562,2.081554221267287,0.03125,52.88235294117647,onshore,UK,-40.42165159115768,0.40745108950473086,244.96814568794582,40.507850147915995,4.0385269526024006e-07,0.22534962365493239,0.6430467013299522,0.19911101981101553,2,49.16078882520295,0.14448578655719757,40.736085998684715,52.88235294117647,0.03125,52.88235294117647,52.88235294117647
99.0,0.4439356815189367,2.214254209337311,0.6875,52.88235294117647,onshore,UK,-14.947490092246479,0.3343068826349696,4.312711157227213,49.10408813762165,1.104259273840225e-06,6.682837296536015,0.7459972464306456,0.3274495046355893,2,30.9728183293356,4.7039182391017675e-05,52.79512262572932,52.88235294117647,0.6875,52.88235294117647,52.88235294117647
100.0,1.0734467510662349,-0.3074682573582833,1.34375,52.88235294117647,onshore,UK,-38.74770324808275,0.21962293793813414,110.6833903279539,41.82986141371667,1.0216170831230672e-06,1.7309156210652556,0.6237661247142935,0.1798304431953568,2,50.12376287662563,6.492057582363486e-05,46.07889037636221,52.88235294117647,1.34375,52.88235294117647,52.88235294117647
101.0,0.8035965679096503,0.739939447333015,2.0,52.88235294117647,onshore,UK,29.691112174187815,0.20516659430119,201.45152762586423,27.22237954349898,-2.5636458829328353e-08,24.23277738475604,1.0734467510662349,0.0,1,-29.57973008588549,0.00010425964137539268,24.34416710440358,52.88235294117647,2.0,52.88235294117647,52.88235294117647
102.0,0.4692550907718167,2.448714544754825,-8.5,53.55882352941177,onshore,UK,-56.60878166318288,0.3895317565929487,180.0,18.155477157319737,3.569602145271067e-07,37.18806714726836,0.7022629135104813,0.0,1,123.42633379936089,0.865200936794281,0.0,53.55882352941177,-8.5,53.55882352941177,53.55882352941177
103.0,0.7022629135104813,1.2086108645508982,-7.84375,53.55882352941177,onshore,UK,-56.60878166318288,0.3895317565929487,180.0,18.155477157319737,3.569602145271067e-07,66.6124425049707,0.8457626102165229,0.3765075194447062,2,128.2213899602313,0.8959081768989563,0.0,53.55882352941177,-7.84375,53.55882352941177,53.55882352941177
104.0,1.222270129661229,-0.8785097408284743,-7.1875,53.55882352941177,onshore,UK,-56.60878166318288,0.3895317565929487,180.0,18.155477157319737,3.569602145271067e-07,63.17229794910097,0.7508037168842088,0.048540803373727404,2,145.4920366642536,0.9365573525428772,0.0,53.55882352941177,-7.1875,53.55882352941177,53.55882352941177
105.0,0.7993445202579361,0.8489405343902661,-6.53125,53.55882352941177,onshore,UK,-56.60878166318288,0.3895317565929487,180.0,18.155477157319737,3.569602145271067e-07,22.566733136925855,1.0513274614889623,0.17094266817226683,2,120.19072645638444,0.8206233382225037,0.0,53.55882352941177,-6.53125,53.55882352941177,53.55882352941177
106.0,0.8803847933166954,0.528477776819649,-5.875,53.55882352941177,onshore,UK,-56.60878166318288,0.3895317565929487,180.0,18.155477157319737,3.569602145271067e-07,14.37178715644694,0.8759387288221165,0.07659420856418037,2,72.12305681384595,0.239881232380867,0.0,53.55882352941177,-5.875,53.55882352941177,53.55882352941177
107.0,0.9525329373862969,0.199623491222053,-5.21875,53.55882352941177,onshore,UK,-56.60878166318288,0.3895317565929487,180.0,18.155477157319737,3.569602145271067e-07,41.56970599373632,0.8797226870863046,0.0006621062303907022,2,60.875507319370264,3.523746272549033e-05,0.0,53.55882352941177,-5.21875,53.55882352941177,53.55882352941177
108.0,0.879060580855914,0.4621736923048542,-4.5625,53.55882352941177,onshore,UK,-25.752906848549387,0.0928018969171957,285.7820819006985,25.338414884284813,-9.079178509889676e-07,11.22406617725591,1.24007694361707,0.2875440062307731,2,23.05847604457963,0.04669518396258354,28.471986938708557,53.55882352941177,-4.5625,53.55882352941177,53.55882352941177
109.0,1.527620949847843,-1.639911866662277,-3.90625,53.55882352941177,onshore,UK,-84.26158927328143,0.06366351608003201,211.82896046458058,28.729965328051353,1.0445213759464814e-06,15.955132434702609,0.7254078967035048,0.15365268415240918,2,110.2112258878491,0.048627447336912155,29.764766926533845,53.55882352941177,-3.90625,53.55882352941177,53.55882352941177
110.0,0.5717552125510956,1.7096277727055282,-3.25,53.55882352941177,onshore,UK,-34.27912167079475,0.06274276954599427,129.30242752070598,35.31026576826519,-3.9414234404201356e-07,10.596162027264414,1.3071675101135511,0.22045343973429188,2,52.41199619025349,0.05816466733813286,40.264337486317665,53.55882352941177,-3.25,53.55882352941177,53.55882352941177
111.0,1.0867140703792593,-0.3408897933680593,-2.59375,53.55882352941177,onshore,UK,-11.540804720057118,0.13220643727731957,270.0,41.111396799492596,2.3724893959799155e-07,16.643857710970327,0.908922961432452,0.2714400511912502,3,92.27549153015536,0.3066142201423645,57.47990102076701,53.55882352941177,-2.59375,53.55882352941177,53.55882352941177
112.0,1.23643444178781,-1.0158960338890295,-1.9375,53.55882352941177,onshore,UK,-70.26995071210246,0.02799809113462325,255.16022546780366,35.85113823285243,4.346435773129177e-07,56.5208066105907,0.8863916852446948,0.17816281271052015,3,281.47812362601803,0.38133126497268677,31.608271273864386,53.55882352941177,-1.9375,53.55882352941177,53.55882352941177
113.0,0.6538817553963745,0.7235926696991964,-1.28125,53.55882352941177,onshore,UK,-27.095136195417933,0.3662094392252389,17.63221794095911,31.715517561604358,-3.2155337505991745e-08,40.97360384974416,0.9087818342401424,0.32765260754766756,2,117.0829509849995,0.24645967781543732,21.136100912913193,53.55882352941177,-1.28125,53.55882352941177,53.55882352941177
114.0,0.5811292266924748,1.1975563292235796,-0.625,53.55882352941177,onshore,UK,49.41791917898287,0.1828849602890745,253.6719660309236,35.770886370223636,-1.0888203832041017e-06,10.364043271255186,0.7819816632210168,0.12809990782464237,2,-34.21712709848137,0.23318560421466827,34.39142577770549,53.55882352941177,-0.625,53.55882352941177,53.55882352941177
115.0,0.9100815710456592,0.3192736970246636,0.03125,53.55882352941177,onshore,UK,60.321688978433016,0.26349844584325305,281.35567220981284,64.07611660627708,-8.683887076069475e-07,2.4898447339080425,0.6388065343374729,0.05767730764499818,2,-39.25474038678857,0.15837152302265167,58.5522887499406,53.55882352941177,0.03125,53.55882352941177,53.55882352941177
116.0,0.6964838419824712,1.1080021346298283,0.6875,53.55882352941177,onshore,UK,9.816910657987325,0.443392554830782,26.405935269821114,46.34882805909941,-1.631069826040074e-07,33.457612246482675,0.9237881714307029,0.013706600385043677,2,-8.926003324060856,8.94776894710958e-05,37.281693048925376,53.55882352941177,0.6875,53.55882352941177,53.55882352941177
117.0,0.9374947718157466,0.2578247145591333,1.34375,53.55882352941177,onshore,UK,-47.48648484365758,0.33557412029281225,287.0769044332186,72.513963680296,1.2618220819678502e-06,45.294322754178864,1.2687056877116336,0.5722218457291625,2,47.6556242955856,8.971610805019736e-05,47.263446184833036,53.55882352941177,1.34375,53.55882352941177,53.55882352941177
118.0,1.840927533440796,-3.383583457366447,2.0,53.55882352941177,onshore,UK,127.2951532120781,0.4549735280360735,145.12713027197333,47.45793677797346,-1.4434555462075194e-06,61.53760429951026,0.9374947718157466,0.0,1,-126.99775258023645,6.611266871914268e-05,51.31848880300957,53.55882352941177,2.0,53.55882352941177,53.55882352941177
119.0,1.0759968743987651,-0.2965866402670251,-8.5,54.23529411764706,onshore,UK,-62.78617917278023,0.1201917370556538,95.83975262702724,25.533014301253836,-2.964504691178398e-07,1.6878690370485556,1.032450130864394,0.0,1,154.02354464990546,0.7737370133399963,0.0,54.23529411764706,-8.5,54.23529411764706,54.23529411764706
120.0,1.032450130864394,-0.1298070963141604,-7.84375,54.23529411764706,onshore,UK,-62.78617917278023,0.1201917370556538,95.83975262702724,25.533014301253836,-2.964504691178398e-07,32.42806074506433,1.3380117173946662,0.26201484299590094,2,180.58117709829506,0.8416011929512024,0.0,54.23529411764706,-7.84375,54.23529411764706,54.23529411764706
121.0,1.600026560390567,-2.5591512237163454,-7.1875,54.23529411764706,onshore,UK,-62.78617917278023,0.1201917370556538,95.83975262702724,25.533014301253836,-2.964504691178398e-07,57.974380037523495,0.8001419533123844,0.23230817755200966,2,170.06654863189726,0.9315043091773987,0.0,54.23529411764706,-7.1875,54.23529411764706,54.23529411764706
122.0,0.5678337757603747,1.04834473691692,-6.53125,54.23529411764706,onshore,UK,-62.78617917278023,0.1201917370556538,95.83975262702724,25.533014301253836,-2.964504691178398e-07,19.91484105524683,1.374516164494444,0.2255103958961231,2,156.75487045943265,0.7581867575645447,0.0,54.23529411764706,-6.53125,54.23529411764706,54.23529411764706
123.0,1.1490057685983208,-0.5689395470054814,-5.875,54.23529411764706,onshore,UK,-62.78617917278023,0.1201917370556538,95.83975262702724,25.533014301253836,-2.964504691178398e-07,0.9813643256342245,0.610512604127738,0.12126803327962264,3,142.20240478562968,0.5138269066810608,0.0,54.23529411764706,-5.875,54.23529411764706,54.23529411764706
124.0,0.7757019124724976,0.7141446884479711,-5.21875,54.23529411764706,onshore,UK,-62.78617917278023,0.1201917370556538,95.83975262702724,25.533014301253836,-2.964504691178398e-07,20.337890934205745,1.1540632546734957,0.5459130594102686,3,53.01149224159068,4.7873647417873144e-05,0.0,54.23529411764706,-5.21875,54.23529411764706,54.23529411764706
125.0,1.825181871271825,-3.490437151187232,-4.5625,54.23529411764706,onshore,UK,-100.0,0.13745491382311822,215.2975411283787,27.04702500794582,3.493015280515853e-07,3.914788273132273,0.7536904068918502,0.02201150558064746,2,122.32327083216491,7.314601680263877e-05,23.136774214313224,54.23529411764706,-4.5625,54.23529411764706,54.23529411764706
126.0,0.7316789013112027,1.067293755493071,-3.90625,54.23529411764706,onshore,UK,-100.0,0.3579800270379485,142.72054724802706,38.197259695587285,4.7540678054253e-07,27.81237745856228,1.2515172865872888,0.5736645846845363,2,105.5987299593898,9.102741023525596e-05,39.43887645965358,54.23529411764706,-3.90625,54.23529411764706,54.23529411764706
127.0,0.6778527019027525,0.861349271274003,-3.25,54.23529411764706,onshore,UK,-0.5746255652534558,0.07488157005385378,142.19587296894247,18.279336906838783,-1.4617578115291594e-06,0.9420576884629838,0.8063337424781452,0.07465484116694238,2,110.76118623135758,0.12809236347675323,20.3940112248811,54.23529411764706,-3.25,54.23529411764706,54.23529411764706
128.0,0.8809885836450875,0.4393143917393236,-2.59375,54.23529411764706,onshore,UK,-68.87100921168297,0.31539996986506585,187.7926639585286,40.546987248530854,-1.8070900579257664e-07,14.423415116566074,0.9885364143897942,0.31068371248704174,2,335.4943850746178,0.3433592915534973,35.51132612231496,54.23529411764706,-2.59375,54.23529411764706,54.23529411764706
129.0,1.299220126876836,-1.2357335184839588,-1.9375,54.23529411764706,onshore,UK,37.97637419858361,0.5739445614989427,188.22275177126886,45.258390700336236,-1.4255759159881414e-06,59.47505851397971,1.1646284522136923,0.2836398685686048,2,253.17595650621874,0.32263046503067017,50.72038687617012,54.23529411764706,-1.9375,54.23529411764706,54.23529411764706
130.0,1.448268320782297,-1.6653645914167463,-1.28125,54.23529411764706,onshore,UK,-37.64780632100542,0.2097833973171253,89.96665226876055,54.28614274586382,9.643378019291789e-08,28.20231832275208,1.1282151365430382,0.17100499033379768,2,135.28229772798437,0.2505456805229187,29.823254573053696,54.23529411764706,-1.28125,54.23529411764706,54.23529411764706
131.0,0.9572101462092406,0.2044007342893367,-0.625,54.23529411764706,onshore,UK,-55.83309986588358,0.7974155761063024,348.424041431371,61.49904441499263,6.479957096154992e-07,15.060123338479249,1.235099556398388,0.21316876438390908,2,154.81831692841257,0.15567024052143097,47.27034177899059,54.23529411764706,-0.625,54.23529411764706,54.23529411764706
132.0,1.021930792014479,-0.1074321334678645,0.03125,54.23529411764706,onshore,UK,-11.05157305183865,0.3633086693982861,9.104992017935047,59.65581944083588,6.551839460042255e-07,11.663185035818534,0.903642820658509,0.053567325550731626,2,10.720414236774383,0.00016994395991787314,52.06668981524689,54.23529411764706,0.03125,54.23529411764706,54.23529411764706
133.0,0.8500754951077774,0.6011830512410594,0.6875,54.23529411764706,onshore,UK,-2.883092387173086,0.5848042870875632,186.45853606324192,49.69048215375905,2.6604037210488093e-07,55.304027558780874,0.9725666395080427,0.04936415250643622,2,3.5517334528020217,0.00018687167903408408,46.703818005345454,54.23529411764706,0.6875,54.23529411764706,54.23529411764706
134.0,0.9232024870016065,0.2808877269294955,1.34375,54.23529411764706,onshore,UK,16.19678880912261,0.2937944639700151,5.926984058081828,38.45552663686701,5.883136499673616e-07,93.18717441303103,0.9573757175156448,0.10730022240786741,2,-16.86373698650734,0.00012547889491543174,35.4795589367191,54.23529411764706,1.34375,54.23529411764706,54.23529411764706
135.0,1.0646759399235122,-0.2745732011533394,2.0,54.23529411764706,onshore,UK,111.82899514363702,0.46228323232727464,147.4790502055273,63.02897700025823,-5.50254030814766e-07,105.42651372348033,0.9232024870016065,0.0,1,-111.25435916639198,6.515899440273643e-05,53.556141528215875,54.23529411764706,2.0,54.23529411764706,54.23529411764706
136.0,0.681294143477393,1.0261638477784327,-8.5,54.911764705882355,onshore,UK,-94.45662609023084,0.049764744702699926,180.0,17.6460667112107,1.593220623410379e-06,3.3309532829563375,0.8024737708743863,0.0,1,134.39469784829808,0.00023014465114101768,0.0,54.911764705882355,-8.5,54.911764705882355,54.911764705882355
137.0,0.8024737708743863,0.7435720159699493,-7.84375,54.911764705882355,onshore,UK,-94.45662609023084,0.049764744702699926,180.0,17.6460667112107,1.593220623410379e-06,12.012098856672647,0.9059497779788714,0.22465563450147846,2,209.84772270897935,0.6570355296134949,0.0,54.911764705882355,-7.84375,54.911764705882355,54.911764705882355
138.0,1.13060541248035,-0.5462320319769208,-7.1875,54.911764705882355,onshore,UK,-94.45662609023084,0.049764744702699926,180.0,17.6460667112107,1.593220623410379e-06,10.155421638874168,0.8613662722394286,0.05857647066738231,3,213.44102737978946,0.6626303791999817,0.0,54.911764705882355,-7.1875,54.911764705882355,54.911764705882355
139.0,0.941266059329187,0.1703194060139102,-6.53125,54.911764705882355,onshore,UK,-94.45662609023084,0.049764744702699926,180.0,17.6460667112107,1.593220623410379e-06,21.62020696562737,0.9072352738181877,0.1621285314830236,3,205.8353784068986,0.5918082594871521,0.0,54.911764705882355,-6.53125,54.911764705882355,54.911764705882355
140.0,0.7507414224595008,0.945663942650811,-5.875,54.911764705882355,onshore,UK,-94.45662609023084,0.049764744702699926,180.0,17.6460667112107,1.593220623410379e-06,0.26066021561427594,0.8158769763898602,0.2339692484213414,3,210.14686601989592,0.5302457213401794,0.0,54.911764705882355,-5.875,54.911764705882355,54.911764705882355
141.0,1.018362745690052,-0.0800387294768393,-5.21875,54.911764705882355,onshore,UK,-94.45662609023084,0.049764744702699926,180.0,17.6460667112107,1.593220623410379e-06,3.093600248005054,1.0006379503907021,0.5497573271228046,3,98.27324263678344,5.586066981777549e-05,0.0,54.911764705882355,-5.21875,54.911764705882355,54.911764705882355
142.0,1.763170304562264,-3.161307177914967,-4.5625,54.911764705882355,onshore,UK,-54.691754292843214,0.2060408756677086,79.67952381505516,46.319818312897475,1.8947470761433438e-07,10.014826894562336,1.0986144572956955,0.08025171160564348,2,203.70958634112168,0.40065866708755493,43.96303072750332,54.911764705882355,-4.5625,54.911764705882355,54.911764705882355
143.0,1.1788661689013389,-0.7151179831834439,-3.90625,54.911764705882355,onshore,UK,-75.23856884256813,0.46638647034582426,139.30784743770224,43.64588631739132,3.812903225335537e-07,5.498900902285776,1.3762689342521401,0.3869013703101238,2,224.39900183000523,0.36356884241104126,45.317362654364366,54.911764705882355,-3.90625,54.911764705882355,54.911764705882355
144.0,0.9893675639420164,0.0446656307702147,-3.25,54.911764705882355,onshore,UK,-41.9167485603572,0.21230844015267605,10.623989803824372,27.284511541475172,-1.5264832694237786e-07,0.9162186212917928,1.4678914498493585,0.2890252809480197,2,115.43256157053398,0.36556464433670044,32.12734038053248,54.911764705882355,-3.25,54.911764705882355,54.911764705882355
145.0,1.7569167307973783,-3.1820532639434216,-2.59375,54.911764705882355,onshore,UK,50.56231587899998,0.1490950776093531,341.4711775777783,50.6315956819822,-1.3257049430147893e-06,30.78366612778002,0.9195321859179979,0.06983537802401846,2,206.53189163898526,0.5131681561470032,58.072867588759806,54.911764705882355,-2.59375,54.911764705882355,54.911764705882355
146.0,0.8496968078939795,0.6139021512852261,-1.9375,54.911764705882355,onshore,UK,-24.29148311199705,0.2414196039463499,111.57419747187637,35.430672183487616,-1.800238811530406e-07,34.779070058948136,1.4420606352929024,0.3148560955044758,2,224.07604615403997,0.6115829348564148,35.63866545711113,54.911764705882355,-1.9375,54.911764705882355,54.911764705882355
147.0,1.1272045397884267,-0.5509466711531591,-1.28125,54.911764705882355,onshore,UK,-29.54757099878585,0.2596465150174194,147.0220187673283,46.029573248096135,7.635515747780304e-07,5.0500362736076,1.1021489217483866,0.25245211385440713,2,37.96605528304704,0.12434834986925125,24.502575947277737,54.911764705882355,-1.28125,54.911764705882355,54.911764705882355
148.0,1.3546010356027938,-1.600431068258999,-0.625,54.911764705882355,onshore,UK,77.08334991554977,0.16446445132910287,245.2310189309484,55.046678007096425,-1.0273862937004825e-06,27.601153697951133,0.7923533295603985,0.3348512102280282,2,-82.76682386881109,0.0002444497658871114,49.52699261677716,54.911764705882355,-0.625,54.911764705882355,54.911764705882355
149.0,0.4575021193323702,1.0860302428780977,0.03125,54.911764705882355,onshore,UK,-45.58400084554815,0.28355177246058844,182.34041297187966,45.68516523646542,1.5644093127508802e-06,51.46718708728917,1.1554758944071397,0.1991251411956541,2,50.75452966081636,0.00042433658381924033,51.44307169310456,54.911764705882355,0.03125,54.911764705882355,54.911764705882355
150.0,0.9563507532114855,0.1934814646864834,0.6875,54.911764705882355,onshore,UK,-6.713758601521469,0.3586458917045911,317.69040804314426,62.50694981445146,5.575993863675772e-07,79.08713112140101,0.6927184693605302,0.2352163500281599,2,6.972123222085067,0.0003528110100887716,47.512810322868766,54.911764705882355,0.6875,54.911764705882355,54.911764705882355
151.0,0.92793481938869,0.294563131555442,1.34375,54.911764705882355,onshore,UK,31.536403865087088,0.406924724009485,27.361399276884576,51.31148998718487,8.269723726819452e-07,116.5649858773083,0.9432483027657945,0.013102450445690972,2,-31.750454646317174,0.0002376548363827169,32.694001404571544,54.911764705882355,1.34375,54.911764705882355,54.911764705882355
152.0,0.9301458523201036,0.29445476025228,2.0,54.911764705882355,onshore,UK,-6.419038693433393,0.25991310184447064,249.74057267938053,38.028069785300026,1.4668663422438876e-06,150.87821878140548,0.92793481938869,0.0,1,6.445975532848483,0.0001345388009212911,32.6600967853293,54.911764705882355,2.0,54.911764705882355,54.911764705882355
153.0,1.014182999791084,-0.0576629381562751,-8.5,55.588235294117645,onshore,UK,-52.38427373072474,0.07419570878596866,168.27480418412648,20.299165805020586,-5.5654427276104e-07,34.4647526518395,1.121942150815837,0.0,1,51.41021570950955,0.00045545020839199424,0.0,55.588235294117645,-8.5,55.588235294117645,55.588235294117645
154.0,1.121942150815837,-0.5122689011782064,-7.84375,55.588235294117645,onshore,UK,-52.38427373072474,0.07419570878596866,168.27480418412648,20.299165805020586,-5.5654427276104e-07,23.98438336421178,0.8475600157140593,0.1666229840770248,2,54.03200169147077,0.0001791230752132833,0.0,55.588235294117645,-7.84375,55.588235294117645,55.588235294117645
155.0,0.6809370316370345,1.3802846069950263,-7.1875,55.588235294117645,onshore,UK,-52.38427373072474,0.07419570878596866,168.27480418412648,20.299165805020586,-5.5654427276104e-07,17.079133571455444,1.0481343428681569,0.07380780794768005,2,59.79220331485898,0.004731129854917526,0.0,55.588235294117645,-7.1875,55.588235294117645,55.588235294117645
156.0,0.9743265349204768,0.1130641553523848,-6.53125,55.588235294117645,onshore,UK,-52.38427373072474,0.07419570878596866,168.27480418412648,20.299165805020586,-5.5654427276104e-07,6.639627846712049,0.7116342920141953,0.030697260377160807,2,54.84697800856172,0.00010807433864101768,0.0,55.588235294117645,-6.53125,55.588235294117645,55.588235294117645
157.0,0.7423315523913561,1.063666762039601,-5.875,55.588235294117645,onshore,UK,-52.38427373072474,0.07419570878596866,168.27480418412648,20.299165805020586,-5.5654427276104e-07,11.089663026263759,1.092126105482794,0.11779957056231716,2,87.55517219312017,8.864322444424033e-05,0.0,55.588235294117645,-5.875,55.588235294117645,55.588235294117645
158.0,1.2099256760451111,-0.8895034337247003,-5.21875,55.588235294117645,onshore,UK,-52.38427373072474,0.07419570878596866,168.27480418412648,20.299165805020586,-5.5654427276104e-07,5.8244295312494545,0.9530865139519645,0.21075496156060847,2,95.91963342605904,0.0001015178277157247,0.0,55.588235294117645,-5.21875,55.588235294117645,55.588235294117645
159.0,1.163841475512573,-0.6498979107379238,-4.5625,55.588235294117645,onshore,UK,-73.55833662024816,0.059324039574325374,84.94831773847498,26.283002242554154,-1.4130077238351637e-07,6.722421956880546,0.932086219175419,0.27783945686969214,2,216.37023952860628,0.3963467478752136,22.96635298625792,55.588235294117645,-4.5625,55.588235294117645,55.588235294117645
160.0,0.6542467623057269,1.5487972289524818,-3.90625,55.588235294117645,onshore,UK,-100.0,0.10331100754982277,261.77206592484254,32.78538505750427,6.859447869257764e-07,34.312271609073825,1.260224111071604,0.09638263555903104,2,387.83904966591547,0.6065544486045837,35.434317369785994,55.588235294117645,-3.90625,55.588235294117645,55.588235294117645
161.0,1.356606746630635,-1.3345995839448968,-3.25,55.588235294117645,onshore,UK,-53.81943402758153,0.32886112741968343,8.862833465094425,26.41055999022613,-3.194817041920804e-08,27.65783652207347,0.7342994870056185,0.08005272469989161,2,433.0166915167598,0.5209367871284485,25.94115010063995,55.588235294117645,-3.25,55.588235294117645,55.588235294117645
162.0,0.8143522117055101,0.865026025045109,-2.59375,55.588235294117645,onshore,UK,-37.06653159354246,0.20951581319299695,348.02930314306354,41.92567353086847,-1.7045236510574806e-07,29.510729716411962,1.1504518892952196,0.20615485733541555,2,282.28741845666593,0.4849746823310852,29.099983872163214,55.588235294117645,-2.59375,55.588235294117645,55.588235294117645
163.0,0.944297031959804,0.2475667459900878,-1.9375,55.588235294117645,onshore,UK,-53.76982155979928,0.23607956716101336,98.32388669630039,30.818098005830258,-1.8798835780533812e-08,7.896367423457095,0.8167465784069144,0.00239436670140436,2,206.49288806632802,0.6010023951530457,30.468509659508733,55.588235294117645,-1.9375,55.588235294117645,55.588235294117645
164.0,0.8191409451083188,0.6284260654958855,-1.28125,55.588235294117645,onshore,UK,-18.534911094451296,0.7340781417602894,146.5109113914637,52.19004703022011,6.650561841351774e-07,22.98238721178291,1.1681470748806042,0.22385004292080019,2,23.038242778181214,0.0001594535424374044,57.34986295516244,55.588235294117645,-1.28125,55.588235294117645,55.588235294117645
165.0,1.3919971178014043,-1.479650187295476,-0.625,55.588235294117645,onshore,UK,14.14167984499339,0.3850373536572129,196.4318381248566,32.225575070264746,-7.556480151092791e-08,69.03388669813323,0.8414951224079408,0.022354177299622024,2,-19.112945755752925,0.00028867641231045127,42.709349759851435,55.588235294117645,-0.625,55.588235294117645,55.588235294117645
166.0,0.8638492997075629,0.5511391117747577,0.03125,55.588235294117645,onshore,UK,17.156082796322227,0.3584895709561153,44.50625535168764,40.175482054984,-3.7910159481841373e-07,90.1465312976444,1.1183248579702707,0.20331186601535894,3,-19.665690036689732,0.0003278962685726583,45.24863728407975,55.588235294117645,0.03125,55.588235294117645,55.588235294117645
167.0,1.0578509762088883,-0.2413020026291613,0.6875,55.588235294117645,onshore,UK,66.55966048034966,0.5088351096585122,151.2595817119158,58.75340564803289,-1.4906667501995553e-06,118.87783210825778,1.1028921601649329,0.3093296271366958,3,-65.83366037774071,0.0003417245461605489,59.614496351529304,55.588235294117645,0.6875,55.588235294117645,55.588235294117645
168.0,1.5397007008867163,-2.1383633199560954,1.34375,55.588235294117645,onshore,UK,-21.202253276024614,0.23083950092995129,143.66902382554673,29.153513982716156,1.6268068363747067e-06,146.52545731154714,1.2124251556634111,0.15457417945452268,2,20.54685657136502,0.0003451816155575216,32.765286300473115,55.588235294117645,1.34375,55.588235294117645,55.588235294117645
169.0,1.3669993351179337,-1.656703802298206,2.0,55.588235294117645,onshore,UK,29.31269466203177,0.3579191939470915,50.08023652054153,38.14685981477567,4.772083432880497e-07,182.24282512198437,1.5397007008867163,0.0,1,-29.104120872179987,0.00030226627131924033,37.96634691441696,55.588235294117645,2.0,55.588235294117645,55.588235294117645
170.0,1.3493964241533274,-1.5420326232665835,-8.5,56.26470588235294,onshore,UK,-78.01586028601083,0.33518175529000366,126.07228939870875,39.705324141764564,3.2018474973914485e-07,80.58251144770594,0.5775611586535826,0.3266825244907978,2,78.01053266712466,0.00037283817073330283,0.0,56.26470588235294,-8.5,56.26470588235294,56.26470588235294
171.0,0.9042436831443804,0.4498034348548484,-7.84375,56.26470588235294,onshore,UK,-78.01586028601083,0.33518175529000366,126.07228939870875,39.705324141764564,3.2018474973914485e-07,53.36560679299426,0.7283071428070668,0.45982906022522735,3,80.02885378085873,0.00033850589534267783,0.0,56.26470588235294,-7.84375,56.26470588235294,56.26470588235294
172.0,0.5846463701050881,1.7304374508741889,-7.1875,56.26470588235294,onshore,UK,-78.01586028601083,0.33518175529000366,126.07228939870875,39.705324141764564,3.2018474973914485e-07,21.166882317899532,1.3799813271836823,0.4757376440393018,2,75.6890849760171,0.0002890340401791036,0.0,56.26470588235294,-7.1875,56.26470588235294,56.26470588235294
173.0,1.855718971222984,-3.592855638696779,-6.53125,56.26470588235294,onshore,UK,-78.01586028601083,0.33518175529000366,126.07228939870875,39.705324141764564,3.2018474973914485e-07,12.507066452736598,0.7131192085752411,0.12847283847015306,2,89.67991007939084,0.00020797172328457236,0.0,56.26470588235294,-6.53125,56.26470588235294,56.26470588235294
174.0,0.8415920470453943,0.6148929779192431,-5.875,56.26470588235294,onshore,UK,-78.01586028601083,0.33518175529000366,126.07228939870875,39.705324141764564,3.2018474973914485e-07,3.9505223224133172,1.3955688695775192,0.4601501016454648,2,137.7694876874425,0.0001358501031063497,0.0,56.26470588235294,-5.875,56.26470588235294,56.26470588235294
175.0,0.9354187679320544,0.2913703837160833,-5.21875,56.26470588235294,onshore,UK,-78.01586028601083,0.33518175529000366,126.07228939870875,39.705324141764564,3.2018474973914485e-07,8.818829866464394,1.1220230014395258,0.2804309543941316,2,278.48634181193967,0.23771245777606964,0.0,56.26470588235294,-5.21875,56.26470588235294,56.26470588235294
176.0,1.4024539558336575,-1.4838199355690158,-4.5625,56.26470588235294,onshore,UK,8.04972230227159,0.0647702627900092,270.0,36.39303826459814,-1.7421326328963313e-06,14.191196063180886,0.9714837351502495,0.31842244064289693,3,302.1513852529333,0.4087619185447693,39.025207950965275,56.26470588235294,-4.5625,56.26470588235294,56.26470588235294
177.0,1.3782497581692257,-1.3424697936139658,-3.90625,56.26470588235294,onshore,UK,-97.51280185348371,0.5917798778342397,163.64811878684804,52.473299423686484,2.4413054520195565e-07,11.943813283808527,0.8822740460317902,0.5201799098018673,2,301.2850129455743,0.49974602460861206,44.56647416860192,56.26470588235294,-3.90625,56.26470588235294,56.26470588235294
178.0,0.3620941362299228,2.517283102759016,-3.25,56.26470588235294,onshore,UK,-59.61175174052063,0.6119611597064848,180.0,46.02175732222705,-2.62819616986391e-07,6.308166420889424,1.6047627674078513,0.2265130092386256,2,133.01404165667446,0.4985726475715637,42.22419509142421,56.26470588235294,-3.25,56.26470588235294,56.26470588235294
179.0,1.831275776646477,-3.2638037989674213,-2.59375,56.26470588235294,onshore,UK,-12.875062337988858,0.2169122372289778,123.75870706845024,37.839347424253916,-5.551723445627736e-07,0.23681025982070275,0.7763632239575574,0.2942826702645808,3,20.020494662610417,0.07768399268388748,46.143508887106954,56.26470588235294,-2.59375,56.26470588235294,56.26470588235294
180.0,0.9490118686441305,0.2197672584741785,-1.9375,56.26470588235294,onshore,UK,-26.52393767365997,0.21927337499071753,336.8009348054856,40.91446010341503,-4.2209145649308173e-07,28.86836285989919,1.2820488558587926,0.3884575686144617,3,31.065110388730865,7.684150477871299e-05,41.0700714716187,56.26470588235294,-1.9375,56.26470588235294,56.26470588235294
181.0,0.9968871239312822,0.0290925335731744,-1.28125,56.26470588235294,onshore,UK,-68.67413150343836,0.6326528619967761,171.4009077064204,49.46773978282661,6.221646159615969e-07,54.68562860763364,0.9560507918690815,0.007038923224950977,2,67.47581558069716,0.0001924745156429708,44.620883368544185,56.26470588235294,-1.28125,56.26470588235294,56.26470588235294
182.0,0.9630897150940324,0.1555517631705397,-0.625,56.26470588235294,onshore,UK,65.68968763953487,0.472148127662421,11.456845893412407,51.708925886877715,-9.210504809183931e-07,86.86162270284896,0.8573892862067787,0.13949783772450347,2,-67.82128289313829,0.0003430358483456075,45.91784822648105,56.26470588235294,-0.625,56.26470588235294,56.26470588235294
183.0,0.7178914484822753,1.1978919609931555,0.03125,56.26470588235294,onshore,UK,53.075400485358536,0.26371194637783835,27.705286103163218,36.940143568237815,-7.921885327530592e-07,128.35598612510674,0.8149443828780867,0.14814533221594578,2,-51.49060813463224,0.0005008689477108419,52.371227658719185,56.26470588235294,0.03125,56.26470588235294,56.26470588235294
184.0,0.6667990506621408,1.5486495793878234,0.6875,56.26470588235294,onshore,UK,30.48279713246888,0.31632260618948815,125.88112838178725,45.32693495343666,-9.331157322808667e-08,155.90159881018087,0.7176622687907757,0.0002291796914996036,2,-31.011127637151926,0.0005325786187313497,63.72127718592326,56.26470588235294,0.6875,56.26470588235294,56.26470588235294
185.0,0.7174330890992761,1.1997202621248746,1.34375,56.26470588235294,onshore,UK,73.50729939459316,0.26103430510988884,266.92283154483897,31.23400557105122,-8.351857973364604e-07,184.49416850168677,0.7634199142502662,0.09662086358812538,2,-73.86634107485604,0.0005224458291195333,28.077115016118437,56.26470588235294,1.34375,56.26470588235294,56.26470588235294
186.0,0.8600407778383916,0.4266716581932662,2.0,56.26470588235294,onshore,UK,-49.71964305116043,0.377143757118401,252.48049231864528,42.139564537814906,1.5680832832213567e-06,213.96456687781966,0.7174330890992761,0.0,1,50.93518660132792,0.00046701350947842,46.90981942031333,56.26470588235294,2.0,56.26470588235294,56.26470588235294
187.0,0.8521861703578875,0.5923745392622615,-8.5,56.94117647058823,onshore,UK,-45.13954903101313,0.48319619318198587,176.28945181216693,23.34902674191539,5.716313460093733e-07,62.13477253873506,1.9239453601696792,0.0,1,42.183815947467785,0.0002997628762386739,0.0,56.94117647058823,-8.5,56.94117647058823,56.94117647058823
188.0,1.9239453601696792,-3.4879174143645573,-7.84375,56.94117647058823,onshore,UK,-45.13954903101313,0.48319619318198587,176.28945181216693,23.34902674191539,5.716313460093733e-07,20.553797185701026,1.0267452966003372,0.17455912624244974,2,48.241965901835485,0.0003857127740047872,0.0,56.94117647058823,-7.84375,56.94117647058823,56.94117647058823
189.0,1.201304422842787,-0.8454515609869003,-7.1875,56.94117647058823,onshore,UK,-45.13954903101313,0.48319619318198587,176.28945181216693,23.34902674191539,5.716313460093733e-07,11.986095275418538,1.5925036181418504,0.33144174202782883,2,47.605838248661364,0.00039822974940761924,0.0,56.94117647058823,-7.1875,56.94117647058823,56.94117647058823
190.0,1.2610618761140215,-1.0385141662097497,-6.53125,56.94117647058823,onshore,UK,-45.13954903101313,0.48319619318198587,176.28945181216693,23.34902674191539,5.716313460093733e-07,7.042067503307958,0.9037563651248421,0.29754805771794474,2,49.53573084705123,0.0003495923592709005,0.0,56.94117647058823,-6.53125,56.94117647058823,56.94117647058823
191.0,0.6062083074068975,1.7112877071389387,-5.875,56.94117647058823,onshore,UK,-45.13954903101313,0.48319619318198587,176.28945181216693,23.34902674191539,5.716313460093733e-07,0.9372235832952491,1.1377201848022231,0.1233416913117984,2,123.78819919760927,0.0629696324467659,0.0,56.94117647058823,-5.875,56.94117647058823,56.94117647058823
192.0,1.0143784934904247,-0.0419564469373446,-5.21875,56.94117647058823,onshore,UK,-45.13954903101313,0.48319619318198587,176.28945181216693,23.34902674191539,5.716313460093733e-07,11.008278648802563,0.7884960314690371,0.18228772406213967,2,386.99368348633175,0.3856121897697449,0.0,56.94117647058823,-5.21875,56.94117647058823,56.94117647058823
193.0,0.9707837555311768,0.1387962253687467,-4.5625,56.94117647058823,onshore,UK,-100.0,0.11930317375841017,116.67461489540732,12.539601469446636,1.5455235801468514e-08,34.92956222110801,0.7899726517397436,0.17067609178370005,3,586.2120924481092,0.32055991888046265,12.916966185249722,56.94117647058823,-4.5625,56.94117647058823,56.94117647058823
194.0,0.7547567823793379,0.9366324343146064,-3.90625,56.94117647058823,onshore,UK,-25.614739403414546,0.366321996296048,135.97903976960453,31.83836639311239,-5.834122378846844e-07,44.17280829094957,1.0177349607602053,0.49498872917829634,3,592.9468499005008,0.504905641078949,28.697459729091808,56.94117647058823,-3.90625,56.94117647058823,56.94117647058823
195.0,1.646080343795244,-2.8680467197183503,-3.25,56.94117647058823,onshore,UK,-43.24478963882444,0.08426861859433121,270.0,49.17731104774746,-7.223351074902075e-07,37.31960670685698,0.8456347354561394,0.09087795307680158,2,565.8687174231595,0.5285819172859192,22.13246570726239,56.94117647058823,-3.25,56.94117647058823,56.94117647058823
196.0,0.936512688532941,0.2746407171446712,-2.59375,56.94117647058823,onshore,UK,-1.8418033920076766,0.4236906578903798,32.43578425702219,36.89912488509192,-1.1879034547698997e-06,18.110137818123555,1.1882377060487537,0.45784263774649037,2,179.67418666318082,0.666992723941803,33.48781068211171,56.94117647058823,-2.59375,56.94117647058823,56.94117647058823
197.0,0.7303950683022633,0.9931312348956882,-1.9375,56.94117647058823,onshore,UK,-53.53191418396971,0.4967667363536144,299.1424457238376,49.81446800051131,7.1019102356785506e-09,14.590397995492223,0.9061471158929317,0.03036557264000922,2,66.53991807992297,0.00021107116481289268,38.97992768404824,56.94117647058823,-1.9375,56.94117647058823,56.94117647058823
198.0,0.8757815432529226,0.3803838856608329,-1.28125,56.94117647058823,onshore,UK,-17.659316152525612,0.20441955982953497,66.62339983453373,36.87226415781386,-1.5929430938138736e-07,51.19423711566689,0.7161384536690707,0.014256614633192666,2,18.449048518445675,0.0004207603051327169,34.15014470534835,56.94117647058823,-1.28125,56.94117647058823,56.94117647058823
199.0,0.701881839035878,1.1697314447078893,-0.625,56.94117647058823,onshore,UK,-100.0,0.10560512606501489,214.93890253874287,58.10278043291039,9.555226337578644e-07,89.66393570256841,0.872322830145996,0.003458713106926581,2,101.55173123913364,0.0004504434182308614,48.63622627406117,56.94117647058823,-0.625,56.94117647058823,56.94117647058823
200.0,0.8688641170390694,0.574724279731182,0.03125,56.94117647058823,onshore,UK,-47.77778655984205,0.1838231323918846,29.160056902443742,35.0303151790152,8.068461884731137e-07,133.6701136392971,0.7692533830014268,0.06737154396554873,2,47.74457607575727,0.0005055181100033224,37.66451902056704,56.94117647058823,0.03125,56.94117647058823,56.94117647058823
201.0,0.8366249269669754,0.6552235284081851,0.6875,56.94117647058823,onshore,UK,33.194861049940144,0.7262059651722748,335.89945174407825,53.94755236032261,1.0783815612533025e-07,179.18117434466058,0.8210468808591682,0.047817236179901246,2,-33.29618539043868,0.0005567781045101583,34.99382888132159,56.94117647058823,0.6875,56.94117647058823,56.94117647058823
202.0,0.7732296446792669,0.6750070943636921,1.34375,56.94117647058823,onshore,UK,-4.199738930284681,0.09308288652877729,160.3237418110947,41.37133906938022,1.344806800010026e-07,222.62342362246898,0.5673328348760476,0.2692920920909278,2,3.716817663210808,0.0005539170815609396,48.10253509424925,56.94117647058823,1.34375,56.94117647058823,56.94117647058823
203.0,0.2980407427851198,2.577627780024636,2.0,56.94117647058823,onshore,UK,-4.992101665405123,0.3062277126984834,83.63182091406992,37.776730006062174,4.292047714772927e-07,251.0683160276766,0.7732296446792669,0.0,1,5.231346606975384,0.0005120746209286153,42.93123639758055,56.94117647058823,2.0,56.94117647058823,56.94117647058823
204.0,0.7119242323849276,1.1488589954303063,-8.5,57.61764705882353,onshore,UK,-100.0,0.2086237510396881,15.858545227124509,12.7102871720005,-5.488021152239595e-07,14.457544377197399,0.7068348320178162,0.0,1,98.91998709103007,0.0003507844521664083,0.0,57.61764705882353,-8.5,57.61764705882353,57.61764705882353
205.0,0.7068348320178162,1.00292400842717,-7.84375,57.61764705882353,onshore,UK,-100.0,0.2086237510396881,15.858545227124509,12.7102871720005,-5.488021152239595e-07,21.42735788665503,0.8169231293422781,0.10499889695735037,2,100.76184950072145,0.00036449352046474814,0.0,57.61764705882353,-7.84375,57.61764705882353,57.61764705882353
206.0,0.9219220262996284,0.3048269300072499,-7.1875,57.61764705882353,onshore,UK,-100.0,0.2086237510396881,15.858545227124509,12.7102871720005,-5.488021152239595e-07,0.25583992519676557,0.5414013650415299,0.16543346697628628,2,104.95184748678193,0.0004927627160213888,0.0,57.61764705882353,-7.1875,57.61764705882353,57.61764705882353
207.0,0.3759678980652436,2.4572173222050324,-6.53125,57.61764705882353,onshore,UK,-100.0,0.2086237510396881,15.858545227124509,12.7102871720005,-5.488021152239595e-07,3.864196968771344,0.8898851106704107,0.03203691562921779,2,155.6644060567319,0.1585979014635086,0.0,57.61764705882353,-6.53125,57.61764705882353,57.61764705882353
208.0,0.8578481950411928,0.5922279494176703,-5.875,57.61764705882353,onshore,UK,-100.0,0.2086237510396881,15.858545227124509,12.7102871720005,-5.488021152239595e-07,3.755180346807445,0.6139304063609088,0.23796250829566515,2,174.63112761812138,0.0005048028542660177,0.0,57.61764705882353,-5.875,57.61764705882353,57.61764705882353
209.0,0.8518929146565739,0.2842628999040553,-5.21875,57.61764705882353,onshore,UK,-100.0,0.2086237510396881,15.858545227124509,12.7102871720005,-5.488021152239595e-07,16.4032744439499,1.1004226862688111,0.24257449122761837,2,458.59978664031553,0.4953323006629944,0.0,57.61764705882353,-5.21875,57.61764705882353,57.61764705882353
210.0,1.3429971774964296,-1.0865288349872575,-4.5625,57.61764705882353,onshore,UK,-90.1912850692127,0.252207969092156,264.9511452361572,29.60199740482081,-1.1046956436715796e-07,10.011634310719668,0.5487694541617016,0.21670912999781128,3,354.5366308454207,0.5110742449760437,38.60988048770152,57.61764705882353,-4.5625,57.61764705882353,57.61764705882353
211.0,0.3580746648743359,2.702057172567612,-3.90625,57.61764705882353,onshore,UK,-68.08670364624157,0.09624120291840137,183.07485095719528,20.09836042532129,2.210990950209523e-07,1.9835816295028548,0.7895858807140494,0.39627964441323926,3,236.0569174966645,0.644563615322113,18.367070249117653,57.61764705882353,-3.90625,57.61764705882353,57.61764705882353
212.0,0.5894196816915235,1.739542771391864,-3.25,57.61764705882353,onshore,UK,-32.828148552326155,0.3185848311040716,22.656011404306284,37.70904257459349,1.0421989594962362e-07,6.103606960288863,0.6856183956982083,0.3275437308238723,2,247.85268905864075,0.6817750334739685,34.00075954849221,57.61764705882353,-3.25,57.61764705882353,57.61764705882353
213.0,1.0131621265220805,-0.0446676450894052,-2.59375,57.61764705882353,onshore,UK,-96.9430642157864,0.180034967373957,127.94721801950027,26.188747972608876,8.058650695385728e-07,4.756331182030625,0.8715248970321112,0.2821052153405877,2,209.89640176288455,0.4594312310218811,31.44391043105324,57.61764705882353,-2.59375,57.61764705882353,57.61764705882353
214.0,1.1536301123726989,-0.5987364137040835,-1.9375,57.61764705882353,onshore,UK,-74.42756428168983,0.3399949712568563,280.99987176309014,72.21398167547011,6.974109630656809e-07,3.7456732468441256,0.9073470335530917,0.10581509296898883,2,122.86911327204331,0.5261346697807312,63.22282719580471,57.61764705882353,-1.9375,57.61764705882353,57.61764705882353
215.0,0.8015319405841028,0.697803340295914,-1.28125,57.61764705882353,onshore,UK,7.400019903713755,0.803487981202714,359.428717991815,58.312723106730374,7.133100505612672e-09,35.39896708049272,1.0856222832839395,0.06800782908875935,2,-6.076529832563056,0.0002909413888119161,56.00997902239632,57.61764705882353,-1.28125,57.61764705882353,57.61764705882353
216.0,1.0176144541951802,-0.0353940061077536,-0.625,57.61764705882353,onshore,UK,-8.15997629098804,0.18967956344881645,203.8459205215255,25.603526454613206,-7.42112875571458e-07,81.75010892899759,0.987555779850533,0.18602383926643018,2,7.448415529285521,0.0004207603051327169,40.1302508706592,57.61764705882353,-0.625,57.61764705882353,57.61764705882353
217.0,1.1735796191169632,-0.7061979310141058,0.03125,57.61764705882353,onshore,UK,-7.003568254438131,0.7572158624904238,166.87683680807584,43.330654294190204,-3.669959543138822e-07,128.54050577385584,0.9801217764899226,0.03749267770525749,2,6.006407287772653,0.0005402080132625997,76.28056011328192,57.61764705882353,0.03125,57.61764705882353,57.61764705882353
218.0,0.9426290987846652,0.2341533881653987,0.6875,57.61764705882353,onshore,UK,-27.390174704461785,0.15349704887969945,0.13801850157786077,49.860042439908405,-2.7414872011898454e-08,175.3877292851119,1.362534905871784,0.18895528675482087,2,27.792733570766792,0.0005552283837459981,50.41269308696333,57.61764705882353,0.6875,57.61764705882353,57.61764705882353
219.0,1.551490192626605,-2.3644434603549818,1.34375,57.61764705882353,onshore,UK,-20.055571317962716,0.17901773408808602,102.59746557850178,32.990180882661356,7.79246008762742e-07,222.28172571648236,1.053406593513189,0.110777494728524,2,20.69832115162151,0.000557493360247463,33.2441219938041,57.61764705882353,1.34375,57.61764705882353,57.61764705882353
220.0,1.1641840882417132,-0.709591830600344,2.0,57.61764705882353,onshore,UK,-46.21121479268669,0.36639526410215106,1.3699621954149706,50.65822185876567,1.1751912844698987e-06,253.13506540957118,1.551490192626605,0.0,1,45.97645102588049,0.0005437842919491231,48.21573763404077,57.61764705882353,2.0,57.61764705882353,57.61764705882353
221.0,0.6899037472783072,1.2336270590270877,-8.5,58.294117647058826,onshore,UK,-100.0,0.0,90.0,16.111983306521164,4.5971278850004e-07,34.023513416309925,1.4479905674542533,0.0,1,101.5477479726767,0.00044722476741299033,0.0,58.294117647058826,-8.5,58.294117647058826,58.294117647058826
222.0,1.4479905674542533,-1.9501014735728537,-7.84375,58.294117647058826,onshore,UK,-100.0,0.0,90.0,16.111983306521164,4.5971278850004e-07,52.313215281763355,0.8235892087981975,0.13368546151989041,2,95.37368496441191,0.0006312839104793966,0.0,58.294117647058826,-7.84375,58.294117647058826,58.294117647058826
223.0,0.957274670318088,0.1661021378995239,-7.1875,58.294117647058826,onshore,UK,-100.0,0.0,90.0,16.111983306521164,4.5971278850004e-07,9.638864878046693,1.0172316654231521,0.31228590068794554,3,119.74530078123009,0.06753415614366531,0.0,58.294117647058826,-7.1875,58.294117647058826,58.294117647058826
224.0,0.8862252070856034,0.4839876601333028,-6.53125,58.294117647058826,onshore,UK,-100.0,0.0,90.0,16.111983306521164,4.5971278850004e-07,5.6476307194546,0.7852283830592182,0.12256666797778576,3,161.35131557731233,0.47133857011795044,0.0,58.294117647058826,-6.53125,58.294117647058826,58.294117647058826
225.0,0.680931257129967,1.260896017124823,-5.875,58.294117647058826,onshore,UK,-100.0,0.0,90.0,16.111983306521164,4.5971278850004e-07,19.893295580943697,0.8352995946635631,0.0509256124220403,2,96.80646590897503,0.0010654442012310028,0.0,58.294117647058826,-5.875,58.294117647058826,58.294117647058826
226.0,0.7843739822415228,0.7653610884121529,-5.21875,58.294117647058826,onshore,UK,-100.0,0.0,90.0,16.111983306521164,4.5971278850004e-07,2.3476252602051177,1.1129463817958942,0.4320151246659272,2,206.97206463534948,0.3861461281776428,0.0,58.294117647058826,-5.21875,58.294117647058826,58.294117647058826
227.0,1.5449615064618214,-1.9674678508081864,-4.5625,58.294117647058826,onshore,UK,-100.0,0.05755968575761802,180.0,13.835028134730806,2.0867597916489242e-07,12.114205585816181,0.7190170266981537,0.06535695554336901,2,338.09322986506606,0.3500986695289612,16.84936666701213,58.294117647058826,-4.5625,58.294117647058826,58.294117647058826
228.0,0.6536600711547847,1.3720673296456365,-3.90625,58.294117647058826,onshore,UK,-72.3432628200652,0.020486203736891907,180.0,20.13219806672967,-4.247233826466337e-07,18.671105847297973,1.1418715655492844,0.4030899409125369,2,259.7681483728534,0.3786773085594177,17.967494616957964,58.294117647058826,-3.90625,58.294117647058826,58.294117647058826
229.0,0.7387816246367476,1.073254526110941,-3.25,58.294117647058826,onshore,UK,-100.0,0.30806912514327206,64.16912338749421,29.85223523097924,4.5458888482095447e-07,0.15836473948647709,0.7240038321096173,0.07034376095483252,2,172.50884324986106,0.10455162078142166,26.27054667494096,58.294117647058826,-3.25,58.294117647058826,58.294117647058826
230.0,0.7943475930644498,0.9688886907897178,-2.59375,58.294117647058826,onshore,UK,-75.85604002098324,0.28210215550583767,334.6220214753589,38.63941812358118,-3.208075004862823e-07,35.10437501574238,0.7380717267527253,0.0007098978840223147,2,75.12018133389336,0.00012166419764980674,44.8434181786435,58.294117647058826,-2.59375,58.294117647058826,58.294117647058826
231.0,0.7373618288687029,0.9779193128085388,-1.9375,58.294117647058826,onshore,UK,-75.66476535023861,0.5171929566119783,197.55040824556536,38.11678950909172,1.034164211912343e-07,42.528424953675916,0.7282821027419166,0.06606549032253317,2,79.807611419615,0.00011033931514248252,37.80191764337503,58.294117647058826,-1.9375,58.294117647058826,58.294117647058826
232.0,0.6622166124193835,1.2332001005227673,-1.28125,58.294117647058826,onshore,UK,41.59253193829022,0.47406345620006596,178.33498626854396,54.0948530677358,-7.685995535575481e-07,62.536521896783675,0.7267671752532074,0.010594653615495497,2,-41.30827608575648,0.0001581422402523458,53.9933441810093,58.294117647058826,-1.28125,58.294117647058826,58.294117647058826
233.0,0.716172521637712,0.9699988990796216,-0.625,58.294117647058826,onshore,UK,28.612575649240313,0.3902874908639376,110.33229283505935,40.61722895914026,-1.0868127734615031e-06,98.99456376215734,0.5797297321090187,0.08248688031036477,2,-28.82423647059623,0.00020618358394131064,46.48457413884706,58.294117647058826,-0.625,58.294117647058826,58.294117647058826
234.0,0.4972428517986539,1.997361835473939,0.03125,58.294117647058826,onshore,UK,52.31238220661895,0.4472041400983859,328.05454421721834,41.877633837956324,-1.0069531585897765e-06,140.35230392519728,0.7184929389294945,0.0023204172917825616,2,-51.57005071153653,0.00031680980464443564,34.41792385936364,58.294117647058826,0.03125,58.294117647058826,58.294117647058826
235.0,0.7208133562212771,1.2458655121021631,0.6875,58.294117647058826,onshore,UK,71.57856818946182,0.0796070366741836,189.45902479652824,51.59596868514764,-1.0379823965748604e-06,179.03947188175823,0.7432426441596756,0.24599979236102165,2,-71.66754440394384,0.00043637672206386924,64.56318490133215,58.294117647058826,0.6875,58.294117647058826,58.294117647058826
236.0,0.9892424365206972,0.0413937539067187,1.34375,58.294117647058826,onshore,UK,-45.01677686667787,0.2515492329308931,226.86197160374897,35.57571667694204,1.030248632062108e-06,216.25462518187967,0.9720963145502375,0.2512829583289604,2,44.62148746165679,0.0004949084832333028,50.60797799193502,58.294117647058826,1.34375,58.294117647058826,58.294117647058826
237.0,1.223379272879198,-0.8700029479387503,2.0,58.294117647058826,onshore,UK,105.87282079540225,0.39138526236952753,315.32611622492743,45.91596473163648,-2.2688872294476156e-06,235.56138895930448,0.9892424365206972,0.0,1,-104.45373232928486,0.000477384717669338,43.878971030137876,58.294117647058826,2.0,58.294117647058826,58.294117647058826
238.0,0.6982582875171058,1.30858571345979,-8.5,58.970588235294116,onshore,UK,-100.0,0.0,90.0,8.897368161240838,6.72460447915744e-07,81.84540091961281,0.8555056601839212,0.0,1,100.20817546320609,0.0006720534875057638,0.0,58.970588235294116,-8.5,58.970588235294116,58.970588235294116
239.0,0.8555056601839212,0.5681739844298719,-7.84375,58.970588235294116,onshore,UK,-100.0,0.0,90.0,8.897368161240838,6.72460447915744e-07,76.93862615895121,0.8090726883089752,0.11081440079186927,2,101.8604343895469,0.0007408372475765646,0.0,58.970588235294116,-7.84375,58.970588235294116,58.970588235294116
240.0,0.9198870891008444,0.355745729593776,-7.1875,58.970588235294116,onshore,UK,-100.0,0.0,90.0,8.897368161240838,6.72460447915744e-07,53.136647669650486,0.836086279883452,0.08663461619887053,3,101.43741149181933,0.000798892171587795,0.0,58.970588235294116,-7.1875,58.970588235294116,58.970588235294116
241.0,0.9311406142714516,0.2409706978620586,-6.53125,58.970588235294116,onshore,UK,-100.0,0.0,90.0,8.897368161240838,6.72460447915744e-07,37.80958022317186,0.9549310633900664,0.2063039976764726,3,100.54515980546364,0.0007098428322933614,0.0,58.970588235294116,-6.53125,58.970588235294116,58.970588235294116
242.0,1.2232935358743715,-0.8571674333559632,-5.875,58.970588235294116,onshore,UK,-100.0,0.0,90.0,8.897368161240838,6.72460447915744e-07,41.927587451247334,1.0056331772968206,0.26754971300338526,3,100.53002339292725,0.0007922164513729513,0.0,58.970588235294116,-5.875,58.970588235294116,58.970588235294116
243.0,1.3641463524240265,-1.5388974176670285,-5.21875,58.970588235294116,onshore,UK,-100.0,0.0,90.0,8.897368161240838,6.72460447915744e-07,29.51613463530512,1.1069329902969485,0.11636054557742315,2,99.73854834793227,0.0014497749507427216,0.0,58.970588235294116,-5.21875,58.970588235294116,58.970588235294116
244.0,0.9905724447195252,0.0465245037534677,-4.5625,58.970588235294116,onshore,UK,-61.0455528184447,0.0,90.0,19.07866677605562,-1.889831688686091e-07,27.955992803276345,1.409992443449405,0.04584609102537851,2,55.39832658994159,0.0009556523873470724,17.052947003121947,58.970588235294116,-4.5625,58.970588235294116,58.970588235294116
245.0,1.4558385344747835,-1.9443706706621748,-3.90625,58.970588235294116,onshore,UK,-16.922161361179448,0.0,90.0,31.054438763856336,-8.184938550663275e-07,28.264189345990022,0.9280954973043067,0.062476947415218476,2,14.99968759656564,0.0004721395089291036,28.491826805765342,58.970588235294116,-3.90625,58.970588235294116,58.970588235294116
246.0,0.8656185498890883,0.5068277705016455,-3.25,58.970588235294116,onshore,UK,-100.0,0.10619502021031164,2.256198262333754,27.1832770716351,4.1138903339963117e-07,0.7433169107561265,1.1858397677804127,0.26999876669437084,2,117.4760338807085,0.00015957275172695518,32.80365473233671,58.970588235294116,-3.25,58.970588235294116,58.970588235294116
247.0,0.9158410010860418,0.3337627401107109,-2.59375,58.970588235294116,onshore,UK,-100.0,0.19210410634907307,188.49306576955547,41.748417283305514,0.0,7.354679847131019,0.8516050402363471,0.014013509652741174,2,104.17391554774056,0.00018317619105800986,38.31987153198583,58.970588235294116,-2.59375,58.970588235294116,58.970588235294116
248.0,0.8375915305836059,0.7103423464334729,-1.9375,58.970588235294116,onshore,UK,20.466751050804433,0.3027835086605746,337.4081401481608,48.02013262542468,-1.2758112514365095e-06,39.59278174028838,1.0943478936727735,0.1785068925867318,2,-21.74513062933023,0.00020916381618008018,51.60610178581432,58.970588235294116,-1.9375,58.970588235294116,58.970588235294116
249.0,1.2728547862595054,-0.917803260304206,-1.28125,58.970588235294116,onshore,UK,-42.66520125118939,0.20336061792520616,297.0165291498883,24.582552336359694,-2.570138802521927e-07,46.08392322689396,0.8910704330983825,0.05347890251477655,2,42.43481907748583,0.0001974813058041036,36.24860613338299,58.970588235294116,-1.28125,58.970588235294116,58.970588235294116
250.0,0.944549335613159,0.2467456189809589,-0.625,58.970588235294116,onshore,UK,-100.0,0.37955030848203514,7.319787976189986,41.681069854362555,1.2495043239315065e-06,78.3383877141564,1.2129195430452342,0.05993524321427124,2,99.34022170223777,0.00018472591182217002,32.73997203229889,58.970588235294116,-0.625,58.970588235294116,58.970588235294116
251.0,1.152984299830963,-0.580139086005158,0.03125,58.970588235294116,onshore,UK,34.55128912787154,0.3615332257272431,1.329517764653005,43.719822915573296,-6.867602596015326e-07,112.44065681764982,0.9484150007118739,0.0038656650987148877,2,-34.74622023010829,0.00017125526210293174,45.98781318533832,58.970588235294116,0.03125,58.970588235294116,58.970588235294116
252.0,0.9522806658105888,0.176244912143884,0.6875,58.970588235294116,onshore,UK,-81.10604149177419,0.08275302644880873,299.93598409551043,57.009586395902225,8.123741971549187e-07,150.01477434424876,1.0218524251029737,0.13113187472798915,2,80.45980629996558,0.00018079200526699424,55.92397265393453,58.970588235294116,0.6875,58.970588235294116,58.970588235294116
253.0,0.8907205503749847,0.4358735167884653,1.34375,58.970588235294116,onshore,UK,35.284768875894116,0.5202268073938162,16.66230337981638,48.73831777666952,-2.735396627762554e-07,189.9155977567298,1.0832108068511934,0.1309301410406047,2,-35.47213177186267,0.00020809093257412314,47.89024528507155,58.970588235294116,1.34375,58.970588235294116,58.970588235294116
254.0,1.2141409478917982,-0.8933499957433825,2.0,58.970588235294116,onshore,UK,-48.91964700637048,0.23219527705130108,248.26933577251455,26.084928683185137,1.2716920035491799e-06,227.12252955698824,0.8907205503749847,0.0,1,48.877275009434726,0.00022120395442470908,25.213293137201482,58.970588235294116,2.0,58.970588235294116,58.970588235294116
255.0,0.8148174770991811,0.7495605378020038,-8.5,59.64705882352941,onshore,UK,-100.0,0.23361143493127365,270.0,34.9366807106214,3.5489579989653295e-08,130.0795452420724,1.0953600219989197,0.0,1,100.31731696412638,0.0006613246514461935,0.0,59.64705882352941,-8.5,59.64705882352941,59.64705882352941
256.0,1.0953600219989197,-0.3672467417887941,-7.84375,59.64705882352941,onshore,UK,-100.0,0.23361143493127365,270.0,34.9366807106214,3.5489579989653295e-08,115.98528697469413,0.7144248837159688,0.10039259338321227,2,99.31831373672458,0.0006799213006161153,0.0,59.64705882352941,-7.84375,59.64705882352941,59.64705882352941
257.0,0.6140322903327565,1.4715703576880736,-7.1875,59.64705882352941,onshore,UK,-100.0,0.23361143493127365,270.0,34.9366807106214,3.5489579989653295e-08,99.45891838679822,0.9569453670084356,0.1384146549904841,2,99.52066367273737,0.000699710042681545,0.0,59.64705882352941,-7.1875,59.64705882352941,59.64705882352941
258.0,0.8185307120179515,0.7525635658748294,-6.53125,59.64705882352941,onshore,UK,-100.0,0.23361143493127365,270.0,34.9366807106214,3.5489579989653295e-08,83.38255979913782,0.9602612337441081,0.34622894341135163,2,99.86481789461743,0.0006447545601986349,0.0,59.64705882352941,-6.53125,59.64705882352941,59.64705882352941
259.0,1.3064901771554598,-1.2101624689672152,-5.875,59.64705882352941,onshore,UK,-100.0,0.23361143493127365,270.0,34.9366807106214,3.5489579989653295e-08,85.45638157868119,0.9755201334347056,0.1569894214167541,2,100.98092915585343,0.0006126872613094747,0.0,59.64705882352941,-5.875,59.64705882352941,59.64705882352941
260.0,1.1325095548514597,-0.4688079218947397,-5.21875,59.64705882352941,onshore,UK,-100.0,0.23361143493127365,270.0,34.9366807106214,3.5489579989653295e-08,74.73936671351841,1.0543420823801894,0.25214809477527034,2,102.82438487212758,0.0006103030755184591,0.0,59.64705882352941,-5.21875,59.64705882352941,59.64705882352941
261.0,0.8021939876049191,0.6924335818864318,-4.5625,59.64705882352941,onshore,UK,-100.0,0.07747912710015308,270.0,14.152746539826893,7.487120265907203e-07,75.96936100247626,0.9947394550908923,0.1377700997605673,2,102.26911752802945,0.0006824246956966817,28.381752096492626,59.64705882352941,-4.5625,59.64705882352941,59.64705882352941
262.0,0.856969355330325,0.6159981974979396,-3.90625,59.64705882352941,onshore,UK,-100.0,0.43214788308681434,0.0,26.31218671719693,5.309207997276901e-07,55.85241899471372,0.8265263156358849,0.02433232803096569,2,102.30695855937043,0.0007285586907528341,19.28879581051893,59.64705882352941,-3.90625,59.64705882352941,59.64705882352941
263.0,0.8508586436668505,0.5159145009501173,-3.25,59.64705882352941,onshore,UK,-75.97638821172272,0.212217971815898,240.24938404677607,30.749123110366618,5.348453895959143e-07,25.588619449709874,0.7498664761243579,0.10710287920596717,2,76.10211005927005,0.0006654969765804708,36.33289834252359,59.64705882352941,-3.25,59.64705882352941,59.64705882352941
264.0,0.6427635969183907,1.4631409582300403,-2.59375,59.64705882352941,onshore,UK,-100.0,0.203550349252787,28.381611910615298,14.304749539044584,8.500552565711774e-08,24.649505801960185,0.8750158088897311,0.024157165222880528,2,98.12891037268078,0.0005338899209164083,33.59807587811939,59.64705882352941,-2.59375,59.64705882352941,59.64705882352941
265.0,0.8991729741126115,0.3777890139246073,-1.9375,59.64705882352941,onshore,UK,-100.0,0.5772236666122179,163.92475367153284,46.05116517024155,6.408093964973751e-07,22.155823771315717,0.6829808890036775,0.04021729208528674,2,99.75408308711435,0.0004504434182308614,39.283111941162645,59.64705882352941,-1.9375,59.64705882352941,59.64705882352941
266.0,0.7231981810889642,1.0556386010450718,-1.28125,59.64705882352941,onshore,UK,-100.0,0.4319249502997693,16.34569122775406,51.25396644500871,1.1944017356666153e-06,14.829254921381521,0.9959307028448767,0.09675772873226518,2,100.80765706497631,0.0003280154778622091,52.56335425068592,59.64705882352941,-1.28125,59.64705882352941,59.64705882352941
267.0,1.092688431577142,-0.4010975772527098,-0.625,59.64705882352941,onshore,UK,-100.0,0.1635909880482263,122.92933417465335,48.22780562150677,8.049642136073964e-07,46.02077083750665,0.7023823494477082,0.020815831641256,2,100.5336083327385,0.000295352132525295,43.63797804906944,59.64705882352941,-0.625,59.64705882352941,59.64705882352941
268.0,0.6815665178064522,1.1510864156903615,0.03125,59.64705882352941,onshore,UK,-80.0684669210488,0.34711773914281446,346.47629474920205,54.73950749170536,1.4389539847768817e-06,85.45867238733521,0.9530947463005389,0.13959368527660299,2,81.57598390251036,0.0002568475320003927,53.147609335784175,59.64705882352941,0.03125,59.64705882352941,59.64705882352941
269.0,0.8135010610239359,0.6790363917350017,0.6875,59.64705882352941,onshore,UK,-73.61272822328392,0.39335119348258407,152.37658582974927,33.561228227329075,8.183289533421539e-07,123.57376818722788,0.9009850541601967,0.21941853635374448,2,73.68507430030819,0.00020558753749355674,26.292789795031744,59.64705882352941,0.6875,59.64705882352941,59.64705882352941
270.0,1.1204035905139411,-0.473651091568029,1.34375,59.64705882352941,onshore,UK,0.24401051402054108,0.4930997020838117,142.1103834416768,53.159950796376904,4.7312554115796887e-07,164.88695882730758,0.6734738018937785,0.1400272591301575,2,-0.5050638394425762,0.00019020953914150596,46.054504315676276,59.64705882352941,1.34375,59.64705882352941,59.64705882352941
271.0,0.5334465427636209,1.977983740620227,2.0,59.64705882352941,onshore,UK,-27.646864248352223,0.4644760176153967,174.12695356499202,44.9994295369923,-5.332052924046598e-07,208.55534661498842,1.1204035905139411,0.0,1,27.03209686155347,0.00019152084132656455,52.482199006024054,59.64705882352941,2.0,59.64705882352941,59.64705882352941
272.0,0.6434902981950565,1.547227867553928,-8.5,60.32352941176471,onshore,UK,-100.0,0.04676881887877209,0.0,13.763702666933607,-1.1148204606707209e-07,141.19551819806313,0.8728474979845211,0.0,1,100.35635297540445,0.0006458274438045919,0.0,60.32352941176471,-8.5,60.32352941176471,60.32352941176471
273.0,0.8728474979845211,0.5954414616804418,-7.84375,60.32352941176471,onshore,UK,-100.0,0.04676881887877209,0.0,13.763702666933607,-1.1148204606707209e-07,109.34032344653461,0.8104835941167159,0.16699329592165935,2,99.35535811477416,0.0006464234902523458,0.0,60.32352941176471,-7.84375,60.32352941176471,60.32352941176471
274.0,0.9774768900383752,0.088313918332576,-7.1875,60.32352941176471,onshore,UK,-100.0,0.04676881887877209,0.0,13.763702666933607,-1.1148204606707209e-07,84.83984145670759,0.8551501625026665,0.12323110055738547,3,100.1058055152626,0.0006504766060970724,0.0,60.32352941176471,-7.1875,60.32352941176471,60.32352941176471
275.0,0.9964479547749834,0.0089853352060432,-6.53125,60.32352941176471,onshore,UK,-100.0,0.04676881887877209,0.0,13.763702666933607,-1.1148204606707209e-07,77.24393713044773,1.0975512788716892,0.7484359191103603,4,99.8225952701738,0.0006921998574398458,0.0,60.32352941176471,-6.53125,60.32352941176471,60.32352941176471
276.0,2.3404074346284784,-5.061475011833778,-5.875,60.32352941176471,onshore,UK,-100.0,0.04676881887877209,0.0,13.763702666933607,-1.1148204606707209e-07,94.87776671826717,0.7649398817447747,0.27657061785688153,3,101.66206771999103,0.000727485807146877,0.0,60.32352941176471,-5.875,60.32352941176471,60.32352941176471
277.0,0.9222059343879327,0.3638139036456784,-5.21875,60.32352941176471,onshore,UK,-100.0,0.04676881887877209,0.0,13.763702666933607,-1.1148204606707209e-07,122.41748815422116,1.8278112126496726,0.5125962219788057,2,101.14623471381664,0.0007186643197201192,0.0,60.32352941176471,-5.21875,60.32352941176471,60.32352941176471
278.0,1.315214990670867,-1.105884161365962,-4.5625,60.32352941176471,onshore,UK,-100.0,0.19909160170137064,230.36044547252513,19.156747742483542,4.5546817588079185e-07,123.2127264168665,0.6950990160164588,0.22710691837147387,2,100.68218417158255,0.0006048194481991231,26.140406848278037,60.32352941176471,-4.5625,60.32352941176471,60.32352941176471
279.0,0.467992097644985,1.5063776715955588,-3.90625,60.32352941176471,onshore,UK,-100.0,0.16282001816623012,335.52336217931185,19.159049172566423,7.555571742913365e-07,92.37618265738053,1.1153818177790569,0.19983317289181018,2,100.41092372586459,0.0005462876870296896,21.99281757832613,60.32352941176471,-3.90625,60.32352941176471,60.32352941176471
280.0,0.9155486448872466,0.3740357431177915,-3.25,60.32352941176471,onshore,UK,-100.0,0.3456501422685703,0.0,22.60696222656642,1.1864637678665128e-07,71.83195575257088,0.9027583734576764,0.43476627581269145,2,99.06577464335426,0.000546049268450588,26.24966334259683,60.32352941176471,-3.25,60.32352941176471,60.32352941176471
281.0,1.3375246492703678,-0.9979079907191948,-2.59375,60.32352941176471,onshore,UK,-23.254631533609498,0.17224592697622734,71.15570307127919,26.86217330364607,-5.102126646657589e-07,36.86574473955217,1.4191382436904316,0.503589598803185,2,22.531120972536144,0.0005336515023373067,24.904862837044366,60.32352941176471,-2.59375,60.32352941176471,60.32352941176471
282.0,1.9227278424936167,-3.801019644135631,-1.9375,60.32352941176471,onshore,UK,-26.309323300086476,0.3871486399720312,6.72859698419731,31.44532586967839,-7.732329546536707e-07,14.598284510095345,1.3099206396645364,0.027604009605831425,2,29.72801152759026,0.0005306712700985372,31.116925904861372,60.32352941176471,-1.9375,60.32352941176471,60.32352941176471
283.0,1.282316630058705,-1.0478122250746904,-1.28125,60.32352941176471,onshore,UK,-100.0,0.2055155903382512,213.68606677039526,21.475887671426438,2.2921401189116746e-07,2.279424531166848,1.4630509339519286,0.45967690854168797,2,115.556099448461,0.0005216113640926778,40.806694538470566,60.32352941176471,-1.28125,60.32352941176471,60.32352941176471
284.0,1.0033740254102408,-0.00557702725552,-0.625,60.32352941176471,onshore,UK,-100.0,0.049913890876515626,212.21959518966077,39.853484423877184,2.9989554396383377e-07,20.906793793466957,1.0463055503955798,0.23601107966312523,2,107.21593614090949,0.0005264989449642599,34.094142282441155,60.32352941176471,-0.625,60.32352941176471,60.32352941176471
285.0,0.8102944707324545,0.7458645226473964,0.03125,60.32352941176471,onshore,UK,-53.91290722013852,0.38308163057440686,322.4458301132952,36.55019450897851,-2.4681155214772974e-07,59.59787769111916,0.8329477494533137,0.17042627595692705,2,53.956573778672784,0.0004155150963924825,36.899752704863054,60.32352941176471,0.03125,60.32352941176471,60.32352941176471
286.0,0.6625214734963867,0.7000719986644013,0.6875,60.32352941176471,onshore,UK,-2.1470296515834733,0.2383075679577916,13.835476128713807,28.295011974119006,-2.7588071970401325e-07,105.0680653035157,0.9764040246787167,0.1661095539462621,2,2.6260672338618254,0.0003299228264950216,45.00036708799807,60.32352941176471,0.6875,60.32352941176471,60.32352941176471
287.0,1.1425135786249787,-0.5881732202298762,1.34375,60.32352941176471,onshore,UK,-91.96321748909276,0.293603281694084,357.57584748398585,35.541614685083466,5.715592712416904e-07,151.4490201767011,0.7367801340899535,0.07425866059356678,2,91.92403210532255,0.0002858153893612325,38.7382357896954,60.32352941176471,1.34375,60.32352941176471,60.32352941176471
288.0,0.8110387946835202,0.7523626882867295,2.0,60.32352941176471,onshore,UK,-62.82554316728838,0.3700199929326503,343.9265561256036,29.412812215433522,6.822268989987266e-07,196.08409412599204,1.1425135786249787,0.0,1,63.86263638018473,0.00023217120906338096,23.258726211290835,60.32352941176471,2.0,60.32352941176471,60.32352941176471
289.0,0.9064549424794892,0.339403639443085,-8.5,61.0,onshore,UK,-100.0,0.10415657870937373,90.0,13.411584754373276,2.80764464255357e-08,99.87133196825732,0.94019152937682,0.0,1,100.51767526691071,0.00065774837275967,0.0,61.0,-8.5,61.0,61.0
290.0,0.94019152937682,0.2416597505209144,-7.84375,61.0,onshore,UK,-100.0,0.10415657870937373,90.0,13.411584754373276,2.80764464255357e-08,76.89593603019532,0.9015415783831948,0.004913364096294448,2,99.74053998116074,0.0006697885110042989,0.0,61.0,-7.84375,61.0,61.0
291.0,0.8966282142869003,0.29244045283442,-7.1875,61.0,onshore,UK,-100.0,0.10415657870937373,90.0,13.411584754373276,2.80764464255357e-08,42.42174210848112,1.2101941705522707,0.27000264117545075,2,99.2645396395558,0.0006595365121029317,0.0,61.0,-7.1875,61.0,61.0
292.0,1.4801968117277216,-1.9781181263961924,-6.53125,61.0,onshore,UK,-100.0,0.10415657870937373,90.0,13.411584754373276,2.80764464255357e-08,29.678381799556437,0.8351910935544297,0.09853449589240762,3,98.67780449044781,0.0006304494454525411,0.0,61.0,-6.53125,61.0,61.0
293.0,0.9127900316278934,0.3505233595900177,-5.875,61.0,onshore,UK,-100.0,0.10415657870937373,90.0,13.411584754373276,2.80764464255357e-08,62.44464760723988,1.3124055148585478,0.1677912968691736,2,99.71624205577338,0.0006175748421810567,0.0,61.0,-5.875,61.0,61.0
294.0,1.1446142179893743,-0.6069153232588458,-5.21875,61.0,onshore,UK,-100.0,0.10415657870937373,90.0,13.411584754373276,2.80764464255357e-08,106.24505543890515,0.8974800405820588,0.015309991045834637,2,100.45195137037112,0.0006062499596737325,0.0,61.0,-5.21875,61.0,61.0
295.0,0.8821700495362241,0.4281031832918965,-4.5625,61.0,onshore,UK,-100.0,0.0,90.0,10.941356723020887,0.0,151.9434290785898,1.0464555113454665,0.0981587066439078,2,99.76483790654811,0.0005836001946590841,11.792668311774198,61.0,-4.5625,61.0,61.0
296.0,0.9482968047015587,0.2090396438153314,-3.90625,61.0,onshore,UK,-100.0,0.0780584992081656,0.0,24.55846860533817,2.286947676826984e-07,133.15684872435654,0.8199262278741886,0.062243821662035625,2,100.56627111768545,0.0006014815880917013,15.50599644857059,61.0,-3.90625,61.0,61.0
297.0,0.7576824062121529,0.7807555592309647,-3.25,61.0,onshore,UK,-73.5717928210911,0.21136079600248575,171.28182299958053,22.52838900845607,2.8180287833070374e-07,101.93230794594577,0.9269939223940667,0.021302882307492,2,73.0900665339543,0.0005690566613338888,22.255067434238402,61.0,-3.25,61.0,61.0
298.0,0.9056910400865748,0.4092146861176355,-2.59375,61.0,onshore,UK,-27.75643049869612,0.11249976459194491,358.6407847099991,28.02927135671418,-5.033226589335919e-07,70.21277977943993,0.8361109035619693,0.07842849734981638,2,28.72102826207607,0.0005554668023250997,25.221814884728598,61.0,-2.59375,61.0,61.0
299.0,0.9145394009117856,0.3667833613502241,-1.9375,61.0,onshore,UK,-7.961430662056642,0.24896422253880418,344.36016835537623,34.73627525513772,-9.430039211098092e-07,42.9620866382699,0.9056910400865748,0.0,1,7.302449017585799,0.0005937329842709005,39.62771738042804,61.0,-1.9375,61.0,61.0
0.0,0.6007826793494684,1.6202851536037275,-4.567328752102694,56.536308289307364,offshore,UK,-100.0,0.07968112677209888,265.2866020307508,19.463456914592477,8.630261839417173e-07,27.1694240669655,1.186618855682417,0.21583510015124036,2,547.4142805041732,0.3608536124229431,42.11800231156468,56.536308289307364,-4.567328752102694,56.536308289307364,56.536308289307364
1.0,0.7237251869793215,0.3992210755987516,1.4825002173041197,51.104179397498484,offshore,UK,2.1781044256766764,0.21973271320943275,42.03787622958687,34.9009821105637,1.2302644588764474e-07,7.742406415415801,0.9004336031622219,0.31308358977884027,4,5.901802209744187,0.006963204592466354,18.872386138196866,51.104179397498484,1.4825002173041197,51.104179397498484,51.104179397498484
2.0,0.403500506999156,2.6132602877538185,-0.8140636109802466,52.85966345815501,offshore,UK,-50.72895355045344,0.5670756150282978,186.47899173070104,34.63271541589744,-1.7248233666199775e-07,58.92860016608563,0.855726443689842,0.013568722548874146,2,132.5654118625427,0.2358517199754715,35.575145239831635,52.85966345815501,-0.8140636109802466,52.85966345815501,52.85966345815501
3.0,0.9185792299584504,0.2855589853487674,-2.2140859159311157,53.713161197877454,offshore,UK,-50.42210665026463,0.45303159593032666,52.36471568155611,52.69013391780961,-3.669328483349489e-07,43.31796828896003,1.1615742560835347,0.07486018570427533,2,261.4139881955681,0.34037691354751587,54.1681802291413,53.713161197877454,-2.2140859159311157,53.713161197877454,53.713161197877454
4.0,0.8403589865147125,0.558371452426815,-6.861804275354417,54.744804818495915,offshore,UK,-100.0,0.021108200033559125,270.0,23.652006058399593,2.821794673649422e-08,25.71969225014055,1.0359357359047685,0.09466967657558145,2,205.080809721592,0.671226441860199,0.0,54.744804818495915,-6.861804275354417,54.744804818495915,54.744804818495915
5.0,0.7174792217295995,0.3868227629359585,-6.862057536469872,58.529523556019655,offshore,UK,13.660426380328516,1.0425393522599886,168.13246780608227,42.108958357901884,9.350336713071558e-07,17.143549443870985,0.855037480866225,0.09870380826092603,3,1.269901907746414,0.19201989471912384,0.0,58.529523556019655,-6.862057536469872,58.529523556019655,58.529523556019655
6.0,0.8154061323833666,0.5376995892113248,-7.890122072233906,51.796248494821135,offshore,UK,-100.0,0.0,90.0,4.563180547391604,2.219756565524603e-07,5.943935300170342,0.7136346099111028,0.045064303769891956,2,120.19023164447084,0.13147182762622833,0.0,51.796248494821135,-7.890122072233906,51.796248494821135,51.796248494821135
7.0,0.9051264799005194,0.3203217557903244,0.5948495306368193,55.41369604175653,offshore,UK,3.2951284778052923,0.08776682871683118,250.44026628261577,56.66436787021922,1.4507413238940103e-07,104.73859556475028,0.9608501379582256,0.09700083825066275,2,-1.254252117758793,0.0003340951516292989,29.365621530638933,55.41369604175653,0.5948495306368193,55.41369604175653,55.41369604175653
8.0,1.017983666998619,-0.0667172803520027,-2.1882923766963076,56.31276754191349,offshore,UK,25.57303830293972,0.3281691428938289,64.46104262124055,43.023379954867345,-1.475548031020345e-06,27.803551545847586,1.3901438226453036,0.4411319540011732,2,-19.74805880879544,6.444373866543174e-05,40.92630269493461,56.31276754191349,-2.1882923766963076,56.31276754191349,56.31276754191349
9.0,0.8049340444897665,0.557263820528278,-1.0652379331415225,50.034179746279975,offshore,UK,-92.1909094224581,0.07438687993452853,29.339794712908066,33.211279722431144,8.258793081095098e-07,28.064987387886568,0.8151713394069411,0.09689694000842702,2,93.38335002717531,3.774085780605674e-05,31.965630414445027,50.034179746279975,-1.0652379331415225,50.034179746279975,50.034179746279975
10.0,0.2508786341627848,1.3940963112832427,-8.283862809894075,56.48676579686654,offshore,UK,-100.0,0.25536962822117765,288.1198046704136,39.52498026978874,7.407731546318931e-07,61.80846216745044,1.126820053648854,0.2225763705044735,2,99.49198415424738,0.0003318301751278341,0.0,56.48676579686654,-8.283862809894075,56.48676579686654,56.48676579686654
11.0,0.9424019393059956,0.1387713787308401,1.6840534477009403,51.46102742240385,offshore,UK,-6.496457450303753,0.4747388195819894,14.827866953154938,48.837924857977555,-8.18410188215323e-07,17.775214629791424,1.003015208169953,0.2716496357313932,3,7.087823146667954,0.00013096252223476768,48.92952192196321,51.46102742240385,1.6840534477009403,51.46102742240385,51.46102742240385
12.0,0.8009633040681653,0.7679000072218042,0.24064772840442827,50.248093319330714,offshore,UK,21.719098956120412,0.1914294370885276,355.8529876233544,31.559600080946318,-6.01360464234417e-07,34.99802274000849,0.802215352652353,0.02566647743188949,2,-22.22711480187304,4.0244252886623144e-05,33.53839729959695,50.248093319330714,0.24064772840442827,50.248093319330714,50.248093319330714
13.0,0.3761657560714082,2.3025105823591088,-6.2704393378781,60.412183678413335,offshore,UK,-100.0,0.0,90.0,3.973184190218796,0.0,75.57429578117485,1.3443368080506524,0.7149179343593063,3,98.8164221631495,0.0006662122323177755,0.0,60.412183678413335,-6.2704393378781,60.412183678413335,60.412183678413335
14.0,0.6961550347484953,0.4210716020834529,-6.590837844325444,60.604768380357434,offshore,UK,-100.0,0.05605668695516269,90.0,7.077406703224622,2.80764464255357e-08,56.79704072845661,0.957571853153122,0.3914963150591617,4,99.74850651407463,0.00065774837275967,0.0,60.604768380357434,-6.590837844325444,60.604768380357434,60.604768380357434
15.0,0.7216125651949834,1.1554903543034276,-6.574252646538945,58.796569503339306,offshore,UK,-93.71589065928723,0.056414573451843225,180.0,10.22420358884612,2.200697415483697e-07,28.2644234978556,0.9479501152440667,0.1802782050061913,4,95.98580484060807,0.0005836001946590841,0.0,58.796569503339306,-6.574252646538945,58.796569503339306,58.796569503339306
16.0,0.9531376207386968,0.2010578058834267,-5.305456448924854,53.00305834549376,offshore,UK,-100.0,0.08073534611005559,270.0,16.20233165762155,0.0,41.72548882798367,0.8676205401161559,0.11556069078080039,2,89.11876164707112,2.7965696062892675e-05,0.0,53.00305834549376,-5.305456448924854,53.00305834549376,53.00305834549376
17.0,0.8812186108848026,0.5001644581496225,-2.9900574678615026,50.623229311073416,offshore,UK,6.635356591041713,0.09053368751626803,10.695689964396635,32.16342006759216,-1.6595872960037221e-06,6.110641911934031,0.9187783965354388,0.01285117287156523,2,7.209133260870001,0.031247567385435104,32.05802840117128,50.623229311073416,-2.9900574678615026,50.623229311073416,50.623229311073416
18.0,0.4363407829541952,0.9455614081089057,-3.9645773042577845,57.3686798048898,offshore,UK,-64.31459541416514,0.05341273712749943,0.0,19.272461197355433,-2.7343698870745147e-07,14.377559555728626,0.8186095415833677,0.40461996170145503,3,491.6731293076201,0.5700752139091492,33.04195278685495,57.3686798048898,-3.9645773042577845,57.3686798048898,57.3686798048898
19.0,0.4880021241503415,2.058391410448613,-5.44209402792056,54.56175367800542,offshore,UK,-91.81155488444065,0.598624037276347,359.9168619757935,26.893152194778235,-1.6100726099669265e-06,2.5206368701077633,0.9234529623050929,0.1669892093305731,4,116.7195673205172,0.18062086403369904,0.0,54.56175367800542,-5.44209402792056,54.56175367800542,54.56175367800542
