cluster,scalar,offset,lon,lat,type,country,hub_height_m,rotor_diameter_m,elevation,slope,aspect,roughness,curvature,distance_to_coast_km,nearby_mean_correction,nearby_correction_variance,turbine_density,era5_elevation_error,era5_roughness,subgrid_terrain_variance,latitude,longitude,abs_latitude,coastal_latitude
0.0,0.9527559283010476,0.1828130783613775,8.0,54.5,onshore,DK,45.844742693773824,50.13722998729352,37.9914757260962,0.0457294178205184,344.33715657736354,51.15779823001604,-3.689119064872135e-07,22.373130295416544,0.8283570949563406,0.13102353042168308,11,-37.202938340113214,2.6773603167384863e-05,49.827759449770966,54.5,8.0,54.5,54.5
1.0,0.6624040372650051,1.142616969343255,8.227272727272727,54.5,onshore,DK,45.844742693773824,50.13722998729352,57.1210741861824,0.29654764408992473,191.07499589106132,42.42923687638261,-3.8653704038637755e-07,11.946609932178113,0.8391233454462854,0.11610596369663402,15,-57.35145635988596,2.6177556719630957e-05,37.38525886982158,54.5,8.227272727272727,54.5,54.5
2.0,0.907329023433818,0.3373224417298758,8.454545454545455,54.5,onshore,DK,45.844742693773824,50.13722998729352,53.42495990915336,0.3438974351730899,102.81977987713549,39.592926274128324,-5.837767633996294e-07,10.16007151375849,0.8208855973962841,0.1246624323655197,19,-54.16161524953463,0.024223875254392624,41.98460534996914,54.5,8.454545454545455,54.5,54.5
3.0,0.65214739192273,1.2230014801298938,8.681818181818182,54.5,onshore,DK,45.844742693773824,50.13722998729352,-17.301248247701636,0.2709819471266111,321.4413555814966,48.996215065978156,8.139954884299833e-07,0.6849419435304822,0.8404247286208184,0.12112422692837448,21,16.518785343065495,0.12739570438861847,47.12553784291482,54.5,8.681818181818182,54.5,54.5
4.0,0.7263649326590603,0.9913195312318492,8.909090909090908,54.5,onshore,DK,45.844742693773824,50.13722998729352,14.13719492242975,0.27481429791139805,237.62341065240872,52.661558337653844,2.481998297714226e-07,1.4814764277601598,0.8069895043074691,0.1282637629226502,20,-9.601200453752881,0.2963109612464905,47.22183304660376,54.5,8.909090909090908,54.5,54.5
5.0,0.5862992384791907,1.4655616611313382,9.136363636363637,54.5,onshore,DK,45.844742693773824,50.13722998729352,71.86148609547806,0.15152721896037782,250.36634658818332,42.9164853563256,-7.363766832092747e-07,8.9313392961527,0.8092488093434875,0.1083622314467403,17,-59.587199880894076,0.4706600308418274,33.56488815418764,54.5,9.136363636363637,54.5,54.5
6.0,0.588803531396986,1.4252615800352446,9.363636363636363,54.5,onshore,DK,45.844742693773824,50.13722998729352,-18.548834874483482,0.1868991849492701,66.18793725458053,34.78326872237763,6.319797143170897e-07,22.814607200405604,0.793961782018317,0.11548183011329669,18,30.823121089067463,0.4706600308418274,33.56488815418764,54.5,9.363636363636363,54.5,54.5
7.0,0.7533620111238205,0.7678500824344235,9.59090909090909,54.5,onshore,DK,45.844742693773824,50.13722998729352,24.94951322393143,0.1379853060851135,309.431443643753,32.6429314684081,-5.576389941232585e-07,17.876603028860828,0.7739424638331841,0.12409248234878201,16,-7.161987906289827,0.5676643252372742,29.972073996208863,54.5,9.59090909090909,54.5,54.5
8.0,0.8003183364264868,0.7108710409310346,9.818181818181818,54.5,onshore,DK,45.844742693773824,50.13722998729352,-25.47586994645181,0.601531377204117,237.54999519552086,57.246406365007516,1.0506754202360932e-06,2.023788408831443,0.758607410115533,0.1301285969151428,17,44.33210565449176,0.5466800332069397,53.62165704396104,54.5,9.818181818181818,54.5,54.5
9.0,0.6296139907484584,1.268008368802992,10.045454545454545,54.5,onshore,DK,45.844742693773824,50.13722998729352,39.10811374606582,0.25205100103390793,304.1490031885305,39.88175858865139,-1.167707640626384e-06,1.0837040510268303,0.7813272408940881,0.12803261694455625,16,-28.438287260339294,0.3531801104545593,37.53225832114384,54.5,10.045454545454545,54.5,54.5
10.0,0.687619944907219,1.1083556854510812,10.272727272727273,54.5,onshore,DK,45.844742693773824,50.13722998729352,58.85705015307697,0.3414103771096906,124.96959026680697,61.70767255750543,-6.492838323349099e-07,4.871943720427127,0.7963606301654239,0.1340216799029943,19,-48.81618144090207,0.19475741684436798,61.79741972022949,54.5,10.272727272727273,54.5,54.5
11.0,0.6303240594325997,1.3562306995442406,10.5,54.5,onshore,DK,45.844742693773824,50.13722998729352,28.760627491316242,0.13721215674109352,54.6677163238488,49.525538535227376,2.565694863352343e-07,7.501380819014555,0.8224119241522585,0.13058375661482502,19,-22.63212309315275,0.04815847799181938,46.57340467738505,54.5,10.5,54.5,54.5
12.0,0.5982211430221454,1.4920935001731113,10.727272727272727,54.5,onshore,DK,45.844742693773824,50.13722998729352,79.85166981691789,0.21289754754485138,247.75691740280251,59.89583685431239,-1.09982478112322e-06,12.79418854835485,0.8095768355276179,0.13328644667230638,17,-74.0565648212007,0.0001066438271664083,63.23035034785675,54.5,10.727272727272727,54.5,54.5
13.0,0.7051159759835249,1.036363913038833,10.954545454545455,54.5,onshore,DK,45.844742693773824,50.13722998729352,-24.497663788483855,0.3937350364083802,204.32927250999757,42.13285069655608,-2.2818426427083455e-07,4.3009633003041134,0.8166418102793377,0.13361887619807805,14,31.61640822784388,0.0001034251763485372,46.8630651172471,54.5,10.954545454545455,54.5,54.5
14.0,0.8890713553994687,0.3648154772253935,11.181818181818182,54.5,onshore,DK,45.844742693773824,50.13722998729352,-15.132739497282536,0.20675917437167357,4.214553581180695,44.24632629853134,-6.670975408417155e-07,1.4365134069339416,0.8130049907533159,0.13474830762095225,14,14.225202025898323,0.0001186839654110372,45.73025294520038,54.5,11.181818181818182,54.5,54.5
15.0,0.7321065702126794,0.8896044324150761,11.40909090909091,54.5,onshore,DK,45.844742693773824,50.13722998729352,-73.61005588217444,0.39218026118530636,150.93855975824735,48.42187175107061,9.437359277328105e-07,9.171925659723064,0.808031573066107,0.14776354459263027,14,74.36792211643893,0.0001072398736141622,38.05772125472937,54.5,11.40909090909091,54.5,54.5
16.0,1.0128247131337869,-0.0475454069250804,11.636363636363637,54.5,onshore,DK,45.844742693773824,50.13722998729352,0.10199730866229828,0.16714851536508094,219.27491216639834,39.21330124081522,-9.251172204002239e-07,11.577547190973142,0.770146297530483,0.13280612621544413,14,1.1713036051308932,0.08266670256853104,60.89289755545021,54.5,11.636363636363637,54.5,54.5
17.0,0.7567664168992165,0.5850414903225237,11.863636363636363,54.5,onshore,DK,45.844742693773824,50.13722998729352,113.67250325654956,0.11563195806064618,205.87285890466177,55.89710979279493,-2.6460787435879684e-06,7.580722045518618,0.7793880784298274,0.15573330070291966,15,-112.39920234275637,0.08266670256853104,60.89289755545021,54.5,11.863636363636363,54.5,54.5
18.0,0.5633955811098419,1.499408985546456,12.09090909090909,54.5,onshore,DK,45.844742693773824,50.13722998729352,15.03846239379503,0.19933490215174374,289.89616362931577,39.33791264896364,1.0758038997948174e-07,10.050492250443762,0.7742250873896843,0.1384045653417481,15,-14.57814616386432,9.889522334560752e-05,57.324489277894834,54.5,12.09090909090909,54.5,54.5
19.0,0.5672362228437341,1.5412595855833924,12.318181818181818,54.5,onshore,DK,45.844742693773824,50.13722998729352,-20.88980779955518,0.2612663116120649,355.4746943761365,21.170011624909417,2.5990869701004575e-07,11.244093634212422,0.7906158718044297,0.13378225854751313,17,21.786690033167066,0.03020007535815239,22.854141447021096,54.5,12.318181818181818,54.5,54.5
20.0,0.7241145992358236,1.0039187445846445,12.545454545454545,54.5,onshore,DK,45.844742693773824,50.13722998729352,6.114872975419665,0.2151489226777916,192.90223596361284,24.74096737537629,-1.3746156439943434e-07,1.1800704523492433,0.751670445126848,0.12952337521526985,15,-4.681046423411589,0.12951000034809113,27.687617423535652,54.5,12.545454545454545,54.5,54.5
21.0,0.7496104450014651,0.8617754709604214,12.772727272727273,54.5,onshore,DK,45.844742693773824,50.13722998729352,-85.78701246661069,0.42639061997829286,164.9244163833165,46.37853346336385,3.1797808629213503e-07,3.4541367865503605,0.7892546240099872,0.1417886674269628,17,86.88385467636121,0.12947316467761993,47.995280762613035,54.5,12.772727272727273,54.5,54.5
22.0,0.8055942152990196,0.6811060560725829,13.0,54.5,onshore,DK,45.844742693773824,50.13722998729352,-48.048348807932214,0.31811594516829994,138.8860374781072,31.98699058847832,-3.479118644626602e-07,4.476930233247471,0.8096365432316797,0.12289347823001293,17,50.115514726594554,0.15117676556110382,35.17543713387087,54.5,13.0,54.5,54.5
23.0,0.7127842867203846,1.016727502410154,13.227272727272727,54.5,onshore,DK,45.844742693773824,50.13722998729352,-78.59820793728159,0.2465528894240371,40.48868851574405,32.77114874895165,1.4359630765311983e-07,0.010402755527276196,0.8295923706193455,0.10474222891400328,16,82.8553737539723,0.09096426516771317,31.070734195347995,54.5,13.227272727272727,54.5,54.5
24.0,0.9157369877388868,0.275215897450376,13.454545454545453,54.5,onshore,DK,45.844742693773824,50.13722998729352,51.75233461356416,0.11267834053615183,113.7163314240243,54.6065345643476,-1.4324306813054255e-06,0.860388803524947,0.8068625604542823,0.13412773266676953,15,-45.35973964930521,0.00011117378016933799,48.05037504956744,54.5,13.454545454545453,54.5,54.5
25.0,0.6495672375244037,1.2284892083149002,13.681818181818182,54.5,onshore,DK,45.844742693773824,50.13722998729352,-15.31589602525191,0.41129943692143145,43.43499553605212,39.145029142068275,-2.2619968202299042e-07,2.34594484499915,0.8254490797623705,0.12227865867870057,14,21.73557720141808,0.00011582294246181846,38.67496322115154,54.5,13.681818181818182,54.5,54.5
26.0,0.8487140369547278,0.5322282975422086,13.90909090909091,54.5,onshore,DK,45.844742693773824,50.13722998729352,-78.97378430974453,0.31980635820920705,200.94786486547372,21.11084958915293,3.837235750768641e-07,15.077194081693786,0.7652483654434853,0.1343408970294616,12,81.01227070991686,0.000134061963763088,16.76588347559354,54.5,13.90909090909091,54.5,54.5
27.0,1.0208036935743183,-0.070189150397627,14.136363636363637,54.5,onshore,DK,45.844742693773824,50.13722998729352,-100.0,0.06755988187563804,90.0,25.24022107188011,5.310238783541143e-07,28.70132304717927,0.7350382313394135,0.10513123112399478,11,101.70150205791478,0.00014491000911220908,31.22115411417629,54.5,14.136363636363637,54.5,54.5
28.0,0.6650249545434631,1.1533886374935478,14.363636363636363,54.5,onshore,DK,45.844742693773824,50.13722998729352,-100.0,0.11247023344572923,270.0,28.916165478857724,7.651420717107671e-07,39.814361698523456,0.7907907484156239,0.13116555233453708,13,101.70150205791478,0.00014491000911220908,31.22115411417629,54.5,14.363636363636363,54.5,54.5
29.0,0.6091121501385042,1.39448793782228,14.59090909090909,54.5,onshore,DK,45.844742693773824,50.13722998729352,-24.966490140556843,0.17116102834098437,15.94089659119372,28.942271531163016,-9.277131547355514e-07,35.67842244424442,0.8533500849123599,0.10192977943872565,14,24.722963187545368,0.00013811507960781455,29.41705854332862,54.5,14.59090909090909,54.5,54.5
30.0,0.7937404320806725,0.724103959965078,14.818181818181818,54.5,onshore,DK,45.844742693773824,50.13722998729352,-56.95623130037772,0.2096732214611748,263.267372298378,29.641944512588708,2.2803392425485327e-08,32.515961327644575,0.8444505831745678,0.11426070626219426,16,57.13254063192825,0.0001263133599422872,28.46296666212708,54.5,14.818181818181818,54.5,54.5
31.0,0.8609770498677713,0.4580879095444479,15.045454545454545,54.5,onshore,DK,45.844742693773824,50.13722998729352,-68.81076684764136,0.18887195543373034,124.29542984829678,29.893888030394415,-1.4882081304389305e-07,29.26668861063412,0.8253418167898834,0.11065528453951573,15,69.88649774517008,0.00011701503535732627,24.715332081862453,54.5,15.045454545454545,54.5,54.5
32.0,0.8491364758443245,0.5364864342835745,15.272727272727273,54.5,onshore,DK,45.844742693773824,50.13722998729352,-68.81076684764136,0.18887195543373034,124.29542984829678,29.893888030394415,-1.4882081304389305e-07,25.702009403445768,0.8445802602524962,0.10662101498189074,13,69.34238354715139,9.937206050381064e-05,0.0,54.5,15.272727272727273,54.5,54.5
33.0,0.8517733429375388,0.5217372488448173,15.5,54.5,onshore,DK,45.844742693773824,50.13722998729352,-68.81076684764136,0.18887195543373034,124.29542984829678,29.893888030394415,-1.4882081304389305e-07,23.17073003637565,0.855788272197007,0.08470634326965011,11,69.18464619545637,9.055057307705283e-05,0.0,54.5,15.5,54.5,54.5
34.0,0.636785363095959,1.2618726973026897,8.0,54.75,onshore,DK,45.844742693773824,50.13722998729352,71.59566208627203,0.15142559799088676,70.623428150824,30.756657319596403,5.663060212130632e-07,19.88576120416519,0.8687799793549662,0.11051141972394152,13,-69.8686671230328,2.939620753750205e-05,28.97029700331511,54.75,8.0,54.75,54.75
35.0,0.9778144941017975,0.0777212016879491,8.227272727272727,54.75,onshore,DK,45.844742693773824,50.13722998729352,121.20476671382424,0.1450198240724845,66.25540199028298,53.41988090787685,-1.097149722032624e-06,3.6475357169931724,0.8465144629193768,0.11058334967573027,21,-120.74564546383061,2.856174251064658e-05,49.18210020272086,54.75,8.227272727272727,54.75,54.75
36.0,0.7018468463791055,1.0473524151787377,8.454545454545455,54.75,onshore,DK,45.844742693773824,50.13722998729352,74.9378977508,0.3203710048826718,190.11060680437942,34.78329138995339,-1.2017189208899503e-07,0.1797941783808161,0.8576611253723516,0.10546167356150427,25,-74.50785434594208,0.09486252814531326,33.42445527541812,54.75,8.454545454545455,54.75,54.75
37.0,0.7176388431820889,1.0331867956474423,8.681818181818182,54.75,onshore,DK,45.844742693773824,50.13722998729352,64.57183476428489,0.2266207011586016,101.38695098798546,36.606240637567446,-6.349722069697467e-07,0.6385964449565497,0.8420651332799894,0.12820178280163622,26,-59.69088942043658,0.31209951639175415,43.544371470400016,54.75,8.681818181818182,54.75,54.75
38.0,0.9185434360334094,0.2980583894555457,8.909090909090908,54.75,onshore,DK,45.844742693773824,50.13722998729352,3.418450205988009,0.37441646985198007,208.24077931625942,46.92775793696824,6.706972156140491e-07,8.484454380854805,0.8249974666984516,0.13452948504148868,25,6.749086379517745,0.48005861043930054,44.881722924479234,54.75,8.909090909090908,54.75,54.75
39.0,0.9473254784885072,0.1887944772029303,9.136363636363637,54.75,onshore,DK,45.844742693773824,50.13722998729352,37.85226380399638,0.3767117884929506,354.8877910664636,43.53738011048569,-8.03990821504491e-08,19.10626166305826,0.787049558959036,0.12437483086638253,25,-17.6863300849129,0.6801239848136902,32.38904200924842,54.75,9.136363636363637,54.75,54.75
40.0,0.6247035963980603,1.405215414725167,9.363636363636363,54.75,onshore,DK,45.844742693773824,50.13722998729352,31.305322245471512,0.07923903216080291,259.0832430549104,36.8618893271205,-9.973451145985219e-07,6.762972911576689,0.8124079162701988,0.12057661827456263,24,-11.139388526388032,0.6801239848136902,32.38904200924842,54.75,9.363636363636363,54.75,54.75
41.0,0.836337215712955,0.6107018640387312,9.59090909090909,54.75,onshore,DK,45.844742693773824,50.13722998729352,-46.375271806554586,0.27807499393818835,262.32198320241946,55.82958010221752,2.017970834585903e-06,5.50020400487107,0.7882108575563492,0.13488320776400306,23,67.42310071920569,0.5763826966285706,46.05630665986193,54.75,9.59090909090909,54.75,54.75
42.0,0.6530054790678662,1.3506209471549848,9.818181818181818,54.75,onshore,DK,45.844742693773824,50.13722998729352,109.10549996687912,0.545678831505727,98.37333692589526,52.38394655162338,-1.5907696365786764e-06,0.6251646623210073,0.8013201665849798,0.12004487729930531,25,-92.65555552547966,0.44553643465042114,63.27447663774599,54.75,9.818181818181818,54.75,54.75
43.0,0.9111994382096948,0.3150697751473306,10.045454545454545,54.75,onshore,DK,45.844742693773824,50.13722998729352,39.337612143670086,0.1813024494908041,146.60074893311022,27.76551406616589,-1.4373659258401777e-07,3.990671029987119,0.7740972925043852,0.12462887646245885,23,-31.024684420517936,0.25322169065475464,29.195810638491807,54.75,10.045454545454545,54.75,54.75
44.0,0.6278312455803269,1.2724556702604355,10.272727272727273,54.75,onshore,DK,45.844742693773824,50.13722998729352,31.88994311518065,0.2618525005061416,204.54696297756408,39.22042068084194,-3.8031426777710235e-07,9.11648371868253,0.7971888851826666,0.1277359543845388,24,-31.822775284550413,0.04302627965807915,39.23301007921622,54.75,10.272727272727273,54.75,54.75
45.0,0.8517935262934226,0.5153640543951419,10.5,54.75,onshore,DK,45.844742693773824,50.13722998729352,-31.051271077402898,0.11712738970865537,230.69475213453202,49.814344876800064,4.6332160922429116e-07,7.057667672659031,0.7819150061922664,0.13219309940825694,24,30.159666671846466,8.37556435726583e-05,50.20299814027759,54.75,10.5,54.75,54.75
46.0,0.6109782092074694,1.4049799056316044,10.727272727272727,54.75,onshore,DK,45.844742693773824,50.13722998729352,-49.34060440839562,0.5290049520732908,349.6720880317175,57.10694839107544,8.752367975130985e-07,0.6672354050868469,0.8130411758411493,0.12370139812869466,23,50.70950371715549,0.00012011447688564658,44.296632544811864,54.75,10.727272727272727,54.75,54.75
47.0,0.9549748350674568,0.1632927567365556,10.954545454545455,54.75,onshore,DK,45.844742693773824,50.13722998729352,-17.604221590229837,0.28374343871771673,109.1575148283259,37.224439454934675,-3.8616449779501217e-07,4.117886652920582,0.8055507905855457,0.12972455144852493,24,21.02609643089918,0.00011510768672451377,41.24371945038201,54.75,10.954545454545455,54.75,54.75
48.0,0.8367210095990254,0.5576973146619609,11.181818181818182,54.75,onshore,DK,45.844742693773824,50.13722998729352,-100.0,0.15237693702625016,156.5507083425359,24.57347734832647,1.1054960753446034e-06,1.2061880289814844,0.8291338964253879,0.13819760262161895,25,101.03231329314802,0.00012023368617519736,22.547322879826208,54.75,11.181818181818182,54.75,54.75
49.0,0.9165169154549369,0.2944060409365844,11.40909090909091,54.75,onshore,DK,45.844742693773824,50.13722998729352,-62.208128158890005,0.08223458990051587,179.94363634829506,29.314782813554288,2.0083411788640218e-07,7.2266853625099925,0.8151214934319323,0.12297122681375958,22,65.85505755437674,0.04943413659930229,33.45757513595256,54.75,11.40909090909091,54.75,54.75
50.0,0.934229019865774,0.2313316263167708,11.636363636363637,54.75,onshore,DK,45.844742693773824,50.13722998729352,-2.15736188258251,0.08277780832931314,220.28319175514358,40.12032573814769,-7.177058457258329e-07,5.29038231860552,0.7880133533082035,0.1539732988732422,21,6.240857281750422,0.14029212296009064,24.432130304307428,54.75,11.636363636363637,54.75,54.75
51.0,0.529226234057085,1.6786490212181375,11.863636363636363,54.75,onshore,DK,45.844742693773824,50.13722998729352,-100.0,0.06121668692587434,32.269034828970966,22.93009472224801,6.172554846925628e-07,0.5849664794388129,0.7939169382214913,0.1431870508058521,23,104.08349539916792,0.14029212296009064,24.432130304307428,54.75,11.863636363636363,54.75,54.75
52.0,0.7362840406682386,0.9175518530140512,12.09090909090909,54.75,onshore,DK,45.844742693773824,50.13722998729352,-96.51858142119865,0.09469920927566947,314.0543280715266,26.822816429521666,4.0678083984249583e-07,3.027988975016706,0.7974540125475055,0.14908767343727278,25,99.22745156607483,0.01908845826983452,27.402803619431495,54.75,12.09090909090909,54.75,54.75
53.0,0.5555999402060141,1.4942319544605596,12.318181818181818,54.75,onshore,DK,45.844742693773824,50.13722998729352,-93.67863799798457,0.06566954222436436,100.75318905690858,21.591517107267222,3.8423983790368934e-07,12.121200994580894,0.7787871960054593,0.13677002666813212,24,95.88203162947443,0.0001155845238827169,19.428012298352304,54.75,12.318181818181818,54.75,54.75
54.0,0.7851621244614194,0.6462952064005973,12.545454545454545,54.75,onshore,DK,45.844742693773824,50.13722998729352,-57.35424007547747,0.359914777840298,338.0627856584622,36.14951738362259,5.936501134585378e-08,14.28277612108801,0.768908247929223,0.1453540804594043,24,59.173646820517824,0.00013370433589443564,32.054049216951555,54.75,12.545454545454545,54.75,54.75
55.0,0.9211152471323312,0.278867832788704,12.772727272727273,54.75,onshore,DK,45.844742693773824,50.13722998729352,-100.0,0.4101215854129093,219.26187565082415,37.26300766175381,1.154629400314651e-06,21.34291596412675,0.7862406358120064,0.12024019062324331,24,101.48401570936558,0.00014240661403164268,36.52873329437092,54.75,12.772727272727273,54.75,54.75
56.0,0.5670840373088821,1.5462882509697813,13.0,54.75,onshore,DK,45.844742693773824,50.13722998729352,-57.352060027385455,0.19123876217223576,90.0,52.95142387633833,-3.769582425189671e-07,13.116234904843008,0.821747795961178,0.10686873423598756,24,57.58094847616766,0.000137876661028713,49.52550919013355,54.75,13.0,54.75,54.75
57.0,0.981715840579756,0.0656752287425009,13.227272727272727,54.75,onshore,DK,45.844742693773824,50.13722998729352,-100.0,0.46773951458478835,346.5978001503653,41.409340700328954,8.354322718706489e-07,6.365348555759392,0.7917727274441613,0.12104447890612345,23,100.05043811151107,0.00014181056758388877,36.39786734397633,54.75,13.227272727272727,54.75,54.75
58.0,0.8719046808577786,0.4835254053701998,13.454545454545453,54.75,onshore,DK,45.844742693773824,50.13722998729352,-44.05700572512937,0.3259816327336851,159.2296197879877,39.09697108828933,3.0633198863771044e-07,4.974402885549633,0.8041235885617277,0.13051956113797586,23,46.57746736659205,0.00016183772822842002,31.530812692657623,54.75,13.454545454545453,54.75,54.75
59.0,0.8180160131193575,0.645931392490514,13.681818181818182,54.75,onshore,DK,45.844742693773824,50.13722998729352,-52.71957899206504,0.2827837424242963,270.0,37.416816763349466,1.049897210207809e-07,12.124462142158979,0.8143584345349059,0.1373060394320707,23,55.267126845434944,0.0001663676812313497,36.94656246109677,54.75,13.681818181818182,54.75,54.75
60.0,0.5432182343815883,1.6801246235523442,13.90909090909091,54.75,onshore,DK,45.844742693773824,50.13722998729352,-67.85822987625951,0.018689966428847564,90.0,24.489504161799655,3.8325944055280275e-07,21.54017392649536,0.8145656691953078,0.15055083722331883,20,69.197653013238,0.00015766540309414268,28.581772921978406,54.75,13.90909090909091,54.75,54.75
61.0,0.7341653898227605,0.9303075161161232,14.136363636363637,54.75,onshore,DK,45.844742693773824,50.13722998729352,-6.284451713638475,0.035536456827218024,90.0,28.78894614285244,-8.689972268721258e-07,35.8238159338868,0.7795433244506061,0.16217587695084074,19,8.129351364003279,0.00014455238124355674,25.897392355684598,54.75,14.136363636363637,54.75,54.75
62.0,0.7607256203833987,0.9049882840998096,14.363636363636363,54.75,onshore,DK,45.844742693773824,50.13722998729352,-86.14992891195575,0.34758152785460256,192.78149674944555,21.575942713934687,-1.263063766079252e-07,34.03106842092289,0.8153028831187915,0.15509492013525683,22,87.99482856232056,0.00014455238124355674,25.897392355684598,54.75,14.363636363636363,54.75,54.75
63.0,0.7473994880457852,0.8643386149401824,14.59090909090909,54.75,onshore,DK,45.844742693773824,50.13722998729352,-83.74358103819709,0.19930771988518806,343.5026093622464,17.432062673251572,4.732763636692505e-07,25.27667979870647,0.7979252659247096,0.15731789288215198,22,82.15689663590375,0.00013132015010342002,12.6533946227268,54.75,14.59090909090909,54.75,54.75
64.0,0.9541233718836556,0.1469978622082588,14.818181818181818,54.75,onshore,DK,45.844742693773824,50.13722998729352,-27.754478394777777,0.23055536832246615,119.13599018545217,29.078493798364615,-1.1927683062976525e-06,20.39470047104823,0.7938500281628219,0.13652051291622383,23,26.581655377361024,0.00011951843043789268,29.818604521922566,54.75,14.818181818181818,54.75,54.75
65.0,0.944538871924838,0.1959583435516067,15.045454545454545,54.75,onshore,DK,45.844742693773824,50.13722998729352,-82.43373707395205,0.5150636044829492,197.63407180196384,29.002276756040448,-1.0285046820585776e-06,17.399727068010808,0.8281906694100573,0.09426586311931828,22,83.94523732187055,0.00010592857142910361,25.426257639573723,54.75,15.045454545454545,54.75,54.75
66.0,0.71016300846253,0.9635240031096796,15.272727272727273,54.75,onshore,DK,45.844742693773824,50.13722998729352,-82.43373707395205,0.5150636044829492,197.63407180196384,29.002276756040448,-1.0285046820585776e-06,22.25337517762955,0.8539427684439801,0.08238291212579586,19,81.34615595871392,9.758392116054893e-05,0.0,54.75,15.272727272727273,54.75,54.75
67.0,0.7176838527999837,0.9935517953819952,15.5,54.75,onshore,DK,45.844742693773824,50.13722998729352,-82.43373707395205,0.5150636044829492,197.63407180196384,29.002276756040448,-1.0285046820585776e-06,33.68139030008253,0.8655256911451824,0.08892662047890253,14,81.21152155246918,8.94776894710958e-05,0.0,54.75,15.5,54.75,54.75
68.0,0.782443857825867,0.7583233719679469,8.0,55.0,onshore,DK,45.844742693773824,50.13722998729352,74.68489775065817,0.589134050748976,1.8218606715241918,56.82257235545432,-6.614574703306446e-08,22.065942014317397,0.8346662177906846,0.15068246830798157,14,-72.80255539559808,3.380695125088096e-05,46.668766341154864,55.0,8.0,55.0,55.0
69.0,0.9421315556396476,0.2001120283464087,8.227272727272727,55.0,onshore,DK,45.844742693773824,50.13722998729352,103.96457121682644,0.4152178760780761,189.56230136099143,57.441101225787854,-6.037603382054137e-07,7.596811638215729,0.8270423445972978,0.13684049317024696,18,-104.6665721390323,3.499904414638877e-05,40.22931687334694,55.0,8.227272727272727,55.0,55.0
70.0,0.9723375962303802,0.0908405382882285,8.454545454545455,55.0,onshore,DK,45.844742693773824,50.13722998729352,58.19082796932617,0.19659014573024186,76.68594398897204,34.64417710194223,-1.1086287130863734e-06,2.614207877005688,0.8431330972539433,0.1372848839486434,21,-59.22383833410415,0.09428293257951736,32.985107503636726,55.0,8.454545454545455,55.0,55.0
71.0,0.7828403067096403,0.780814277186202,8.681818181818182,55.0,onshore,DK,45.844742693773824,50.13722998729352,-17.264963756741615,0.6549057500421827,177.0365277481685,49.99661046643271,1.0053932337668103e-06,1.9655863687288329,0.8629324354734351,0.12579463520004414,25,24.52073256222055,0.4712684750556946,53.48397098294188,55.0,8.681818181818182,55.0,55.0
72.0,0.8174986819244493,0.5225160289124792,8.909090909090908,55.0,onshore,DK,45.844742693773824,50.13722998729352,39.34801484422505,0.49991889064743517,14.198198571984818,57.237193274319694,-1.0401033752502468e-06,17.172474847638846,0.8395123991741001,0.12368952452093501,26,-23.885920484147956,0.6755706667900085,39.26856059204328,55.0,8.909090909090908,55.0,55.0
73.0,1.0755279752017937,-0.2287241236893966,9.136363636363637,55.0,onshore,DK,45.844742693773824,50.13722998729352,-10.333529648071003,0.32766161610334354,55.045823389734394,43.221348799732404,5.92224345682432e-07,21.49007290818685,0.8173960618670767,0.10980526417071236,24,34.95873016570445,0.614806592464447,47.82394924261193,55.0,9.136363636363637,55.0,55.0
74.0,0.6307348631940697,1.2998382702240423,9.363636363636363,55.0,onshore,DK,45.844742693773824,50.13722998729352,-53.95975263838895,0.44363818574690517,185.8255314676786,35.9280926971676,1.0357119785120676e-06,5.7279989960528415,0.8087634219061787,0.11628404620755718,21,78.5849531560224,0.614806592464447,47.82394924261193,55.0,9.363636363636363,55.0,55.0
75.0,0.6652974377779024,1.2097226704275437,9.59090909090909,55.0,onshore,DK,45.844742693773824,50.13722998729352,-48.44816325665723,1.0811777358105756,331.75981072735806,76.66405981749341,5.722561751312475e-07,3.1493724630233615,0.7921359217357853,0.12735948498196872,21,73.94968239481858,0.5117066502571106,71.62638958139394,55.0,9.59090909090909,55.0,55.0
76.0,0.8293936648477832,0.5957771221592693,9.818181818181818,55.0,onshore,DK,45.844742693773824,50.13722998729352,40.1388386966397,0.5564753417588648,202.88336610423437,54.33248370632847,-7.104314286376149e-07,1.1821552323149003,0.7863883548308271,0.13983768355110476,24,-22.12904711070057,0.3631665110588074,66.30749815156533,55.0,9.818181818181818,55.0,55.0
77.0,0.7450552351940836,0.6585049290970415,10.045454545454545,55.0,onshore,DK,45.844742693773824,50.13722998729352,-9.08304635928917,0.2622814395644275,116.2022601673635,32.11016005450203,6.24604229443631e-07,2.978548473110408,0.7965244056540479,0.12071136499187615,24,27.26929664927097,0.3099326491355896,30.603907655277744,55.0,10.045454545454545,55.0,55.0
78.0,0.7317318091304205,0.9373037828932196,10.272727272727273,55.0,onshore,DK,45.844742693773824,50.13722998729352,-30.529787095170498,0.21730457676489143,226.19060834767188,40.617094165610915,3.1350741031646324e-07,3.684506471863745,0.7890336163867111,0.12413996482737553,22,44.690149977117954,0.1393183022737503,45.8925243731962,55.0,10.272727272727273,55.0,55.0
79.0,0.6368100868190927,1.4066278545558653,10.5,55.0,onshore,DK,45.844742693773824,50.13722998729352,-27.421397514578594,0.35456787288461106,35.68370857424389,51.20011476508928,1.404768415543588e-07,2.5014254606961837,0.8080342782684741,0.11782757175407137,22,40.19598199615487,0.09645337611436844,52.924424771155174,55.0,10.5,55.0,55.0
80.0,0.6660677122496081,0.9931356397938012,10.727272727272727,55.0,onshore,DK,45.844742693773824,50.13722998729352,23.114425378916295,0.18644495718131138,201.1842899859302,46.25890329625501,-9.096927204304635e-07,2.6638160315055726,0.8130639850472694,0.12116539431092105,25,-11.737569097082028,0.056366514414548874,42.41679712170028,55.0,10.727272727272727,55.0,55.0
81.0,0.7816014163481648,0.7577498714732586,10.954545454545455,55.0,onshore,DK,45.844742693773824,50.13722998729352,32.906805628372226,0.1536911266467867,73.7320319781507,34.69543442101294,-1.2178768093393105e-07,3.9073356670160537,0.8224418395492691,0.12811177392083822,23,-28.926875157084886,0.00010640540858730674,29.511053922975183,55.0,10.954545454545455,55.0,55.0
82.0,0.7941930200098831,0.726336270242914,11.181818181818182,55.0,onshore,DK,45.844742693773824,50.13722998729352,-18.498258803356386,0.4470790101292903,339.64050565762483,39.020749747021,2.925211111069067e-08,3.1753212742370267,0.8411443178563859,0.12935529059112774,25,17.111534377201686,0.00012237945338711143,46.99970579504768,55.0,11.181818181818182,55.0,55.0
83.0,0.6737392058558068,0.87764154801271,11.40909090909091,55.0,onshore,DK,45.844742693773824,50.13722998729352,-80.1387528378198,0.3872744952506863,208.82388615787988,50.72666163791968,9.067971192476483e-07,7.663100646453928,0.8375783315628205,0.14328087893886746,25,82.64009480028913,0.00011200824519619346,39.321641792621506,55.0,11.40909090909091,55.0,55.0
84.0,0.6823306717363083,1.234491586485764,11.636363636363637,55.0,onshore,DK,45.844742693773824,50.13722998729352,-10.099737074062464,0.21410842988676596,284.369412224302,37.91548189063065,-9.668152806759704e-07,5.158247646755498,0.8383844035043531,0.13689777505696493,26,17.692091895153254,0.040061306208372116,54.857872629118404,55.0,11.636363636363637,55.0,55.0
85.0,0.8752625110766006,0.4626137334479008,11.863636363636363,55.0,onshore,DK,45.844742693773824,50.13722998729352,66.31320504040526,0.18665775327675818,184.4180808212528,55.85766327087285,-1.211586838897114e-06,0.1378981887165832,0.8220238456299417,0.14279000707533682,26,-58.72085021931447,0.040061306208372116,54.857872629118404,55.0,11.863636363636363,55.0,55.0
86.0,0.4810464277182465,1.9028670522291369,12.09090909090909,55.0,onshore,DK,45.844742693773824,50.13722998729352,30.94426943162469,0.5588244293726329,339.6808382147703,38.414166505465715,-2.0195021218802412e-07,0.9779595788522337,0.8249021475954835,0.12217667158110693,25,-23.838669771572583,0.04177052900195122,57.13163055727974,55.0,12.09090909090909,55.0,55.0
87.0,0.8862860557903316,0.4070317208089735,12.318181818181818,55.0,onshore,DK,45.844742693773824,50.13722998729352,49.04443948018546,0.6245760030609576,147.0392199357252,46.470184417306875,-1.4227684470915077e-06,2.0848534953668203,0.7895924886213405,0.12839153990800042,24,-42.19456552666922,0.041861843317747116,52.18446753989211,55.0,12.318181818181818,55.0,55.0
88.0,0.7324515310971748,0.9970496855504845,12.545454545454545,55.0,onshore,DK,45.844742693773824,50.13722998729352,-93.44157439448426,0.5687093921800411,14.62601645342751,44.04943951728302,9.642402373857415e-07,0.4355518376393817,0.7707210428579173,0.13358282624036177,23,98.6973451119311,0.041812967509031296,41.473684902475924,55.0,12.545454545454545,55.0,55.0
89.0,0.8235597755025154,0.6358838231701934,12.772727272727273,55.0,onshore,DK,45.844742693773824,50.13722998729352,-100.0,0.10897764414790655,43.59017690395702,43.168338337186604,1.239185640133312e-06,15.83650239151674,0.7873374253520259,0.1415316111848715,24,101.39996878712404,0.000153135450091213,43.032317765116595,55.0,12.772727272727273,55.0,55.0
90.0,0.7591715183519294,0.8535291230285619,13.0,55.0,onshore,DK,45.844742693773824,50.13722998729352,-50.400310568885345,0.48487380930806523,337.8142403347513,35.60973309817263,-2.5676024802294816e-07,27.63359949946099,0.804255856359776,0.12512093969196364,24,51.14503202384193,0.00016207614680752158,36.833195094865296,55.0,13.0,55.0,55.0
91.0,0.5610774356094554,1.5660390327324372,13.227272727272727,55.0,onshore,DK,45.844742693773824,50.13722998729352,-73.2632957465166,0.5369596691434854,162.3903641469598,41.843709223313496,2.9831953670608576e-07,23.94838635938488,0.8221321091620606,0.12442742466257085,24,73.83116017078483,0.00016589084407314658,34.48426069317599,55.0,13.227272727272727,55.0,55.0
92.0,0.8582168261704307,0.5118523178106017,13.454545454545453,55.0,onshore,DK,45.844742693773824,50.13722998729352,-46.52017583527865,0.110779329675499,84.20362744789566,28.29196285429522,-4.816258298675347e-07,22.44196371816467,0.8049180782488271,0.14029000444266476,24,47.389573530337614,0.00016493716975674033,29.560792894642063,55.0,13.454545454545453,55.0,55.0
93.0,0.6394144311906975,1.3241207806398936,13.681818181818182,55.0,onshore,DK,45.844742693773824,50.13722998729352,-82.89931039756591,0.3074110401795105,223.0318500240109,25.421237519029262,5.344892133362716e-08,28.478033772269942,0.8089967741677327,0.1546671374921025,23,81.84917198702307,0.0001556388451717794,25.721736012830352,55.0,13.681818181818182,55.0,55.0
94.0,0.9497115641699648,0.1805177905177269,13.90909090909091,55.0,onshore,DK,45.844742693773824,50.13722998729352,-100.0,0.4085229277331911,0.0,28.910429136096713,3.486563743126913e-07,29.81902196741053,0.7838536350468681,0.15553389227816863,21,98.44478340271652,0.00014181056758388877,34.70184644831271,55.0,13.90909090909091,55.0,55.0
95.0,0.8865450130716429,0.4200385011156197,14.136363636363637,55.0,onshore,DK,45.844742693773824,50.13722998729352,-72.64655310116865,0.4553883948267063,153.77726815333187,34.83011843944003,6.351699896645492e-08,27.710493388421547,0.794960757123835,0.14871498145426296,21,72.43568893310412,0.0001288167550228536,23.968521076318332,55.0,14.136363636363637,55.0,55.0
96.0,0.3509425119044759,1.955845094192056,14.363636363636363,55.0,onshore,DK,45.844742693773824,50.13722998729352,-100.0,0.3213052169405444,167.58564512448942,24.614144484453643,9.137433099109564e-08,24.05515624202007,0.800471632383306,0.10811412054747288,20,99.78913583193547,0.0001288167550228536,23.968521076318332,55.0,14.363636363636363,55.0,55.0
97.0,0.8598202195260395,0.5125101902871051,14.59090909090909,55.0,onshore,DK,45.844742693773824,50.13722998729352,-85.11207974129675,0.1332902880118215,90.0,27.33742689203157,-1.5503559207608057e-07,9.855213735949969,0.8160285129522529,0.13900849203079152,22,88.28778871492689,0.00011928001185879111,25.462648550229225,55.0,14.59090909090909,55.0,55.0
98.0,0.806955736332583,0.6949417203877779,14.818181818181818,55.0,onshore,DK,45.844742693773824,50.13722998729352,-90.96185885491865,0.009112732089716562,90.0,12.266207876316708,4.650511955734179e-08,3.1717997244765694,0.8198907937847587,0.13336705890899594,24,99.83363886198018,0.00011057773372158408,6.644318489193823,55.0,14.818181818181818,55.0,55.0
99.0,0.6447950203139703,1.2262590379896958,15.045454545454545,55.0,onshore,DK,45.844742693773824,50.13722998729352,-100.0,0.0830920466136043,167.55102451775366,5.581700230882569,-1.724035513915494e-07,0.2887841187099885,0.8101132550963236,0.13983003174674866,22,112.69730911231154,9.57957818172872e-05,5.836985564948765,55.0,15.045454545454545,55.0,55.0
100.0,0.8969460581769054,0.3652632271514874,15.272727272727273,55.0,onshore,DK,45.844742693773824,50.13722998729352,-100.0,0.0830920466136043,167.55102451775366,5.581700230882569,-1.724035513915494e-07,11.079919465946427,0.8319755947973442,0.10384136221211994,19,108.59414633501247,8.69742943905294e-05,0.0,55.0,15.272727272727273,55.0,55.0
101.0,0.8674751734340627,0.468775510146624,15.5,55.0,onshore,DK,45.844742693773824,50.13722998729352,-100.0,0.0830920466136043,167.55102451775366,5.581700230882569,-1.724035513915494e-07,26.119586629380144,0.81357381862167,0.11362019389229408,14,102.12253332241387,7.922569056972861e-05,0.0,55.0,15.5,55.0,55.0
102.0,0.6405906951123692,1.302873437264595,8.0,55.25,onshore,DK,45.844742693773824,50.13722998729352,23.945971800593952,0.3720537816804643,289.7405299069272,42.56727167402424,1.2644578774251139e-06,22.2243312794373,0.8318435715950045,0.14119090704481696,11,-23.505571902947967,3.8456113543361425e-05,39.05433432617387,55.25,8.0,55.25,55.25
103.0,0.5013958390228941,1.5317835548744474,8.227272727272727,55.25,onshore,DK,45.844742693773824,50.13722998729352,80.85505873144554,0.24408885638757943,41.12180449338333,38.2152670486933,-7.74363957699603e-07,15.60521904726713,0.8349381377710032,0.11182945498082165,17,-81.24994980982093,3.98866250179708e-05,44.257714007123184,55.25,8.227272727272727,55.25,55.25
104.0,0.8943540182196207,0.4007485857496664,8.454545454545455,55.25,onshore,DK,45.844742693773824,50.13722998729352,-45.54466529081709,0.36382360523564206,284.18218751663204,42.904383396378115,1.2349531325839084e-06,4.510901875348147,0.8141070408568994,0.12775945997433172,21,48.3531170971169,0.14529378712177277,42.36084160486415,55.25,8.454545454545455,55.25,55.25
105.0,0.9503459350218446,0.1678078035031113,8.681818181818182,55.25,onshore,DK,45.844742693773824,50.13722998729352,-20.02383612101483,0.40923190246182656,185.1729709614092,25.272542102266137,-1.8953193077877968e-07,1.9786369746948558,0.8145009427107178,0.14388944310193538,24,36.11847319445479,0.5938627123832703,36.71548981266701,55.25,8.681818181818182,55.25,55.25
106.0,0.8414109891419628,0.5739411924388839,8.909090909090908,55.25,onshore,DK,45.844742693773824,50.13722998729352,-41.2960747957515,0.469703811933236,326.0656129193073,38.908678626458915,1.1945760744923891e-06,17.11893257058974,0.8069431899381471,0.14562066519476816,24,68.32597327344266,0.7939023375511169,46.270072980660295,55.25,8.909090909090908,55.25,55.25
107.0,0.7103011174860789,1.0295072052900969,9.136363636363637,55.25,onshore,DK,45.844742693773824,50.13722998729352,85.95436503954608,0.08294873353450906,173.7447942537502,30.39605883629088,-1.4801556977544719e-06,24.576604024681597,0.8128733989850516,0.1336145073223897,23,-56.13219677553645,0.6343546509742737,30.784146563470348,55.25,9.136363636363637,55.25,55.25
108.0,0.5657669228609968,1.5684890550479311,9.363636363636363,55.25,onshore,DK,45.844742693773824,50.13722998729352,71.05388476171625,0.4657520362104217,152.20001238025213,36.46401353828261,-9.319403024030212e-07,11.050007004773146,0.81252025027112,0.12729793166212888,22,-41.23171649770662,0.6343546509742737,30.784146563470348,55.25,9.363636363636363,55.25,55.25
109.0,0.7538388107956473,0.8555851300279471,9.59090909090909,55.25,onshore,DK,45.844742693773824,50.13722998729352,33.921905614243826,0.3712737201751482,28.56386520144109,59.92487599305112,5.86078232771475e-09,3.995742321883836,0.7896555072907089,0.13784725524397287,21,-7.392305403544963,0.3960382342338562,43.1886846442681,55.25,9.59090909090909,55.25,55.25
110.0,0.8406947149716958,0.5645168142729511,9.818181818181818,55.25,onshore,DK,45.844742693773824,50.13722998729352,32.2195757458898,0.17409338230968352,224.65220658103496,60.93503365109475,-4.04237929133531e-07,4.594537276721819,0.7783429300363728,0.11810004669779693,20,-13.10363106485703,0.10689551383256912,49.3148926975759,55.25,9.818181818181818,55.25,55.25
111.0,0.5873898776160487,1.5441268121851053,10.045454545454545,55.25,onshore,DK,45.844742693773824,50.13722998729352,-40.97683254689756,0.12219367988446654,357.8095126408609,43.463741876152675,1.5177305777344224e-06,4.489451488540216,0.8170220425349249,0.10703280060583228,24,61.790843718526,0.15813715755939484,40.28238993466168,55.25,10.045454545454545,55.25,55.25
112.0,0.7182239127005188,0.9735655886760528,10.272727272727273,55.25,onshore,DK,45.844742693773824,50.13722998729352,36.97006037766519,0.5716064141918006,208.57032586332494,44.73334615423663,-1.1973717861069924e-06,11.471906843312185,0.8153984882191885,0.10392916460783315,23,-6.064045310720822,0.4055173993110657,46.53076286843902,55.25,10.272727272727273,55.25,55.25
113.0,0.8193799127329251,0.611961958565761,10.5,55.25,onshore,DK,45.844742693773824,50.13722998729352,-77.12130504559906,0.323296030657526,209.4545134247988,56.786585504274676,1.7548098093014826e-06,13.96390020434623,0.8137089912465129,0.12071840185438766,23,106.4204704238118,0.3365862965583801,54.10173011542722,55.25,10.5,55.25,55.25
114.0,0.8028908191659395,0.6858029197004173,10.727272727272727,55.25,onshore,DK,45.844742693773824,50.13722998729352,51.73481873973152,0.20455567495048255,315.22736673939505,46.311525240218906,-1.5615004923613069e-06,4.084096209725549,0.8354715279149945,0.1289830323947854,23,-26.421708104983672,0.18413276970386505,36.675468570151054,55.25,10.727272727272727,55.25,55.25
115.0,0.7329226158275792,0.7814850350474402,10.954545454545455,55.25,onshore,DK,45.844742693773824,50.13722998729352,45.99390814545083,0.3313105393084593,207.1870118534443,41.88623152694001,-7.430047036425753e-07,6.625740601240172,0.8498841074089135,0.12760105903853355,23,-29.95941839551074,0.08736378699541092,41.04839071082426,55.25,10.954545454545455,55.25,55.25
116.0,0.6021918255853078,1.3902561878496174,11.181818181818182,55.25,onshore,DK,45.844742693773824,50.13722998729352,50.54872611958746,0.29061578148530376,341.10095876459627,52.41758392184858,-1.125014775338721e-06,3.723911513823983,0.8595713908139188,0.11022222344573135,22,-43.53513991469078,0.014247369021177292,58.255396757737465,55.25,11.181818181818182,55.25,55.25
117.0,0.9513168118601256,0.1701253019944068,11.40909090909091,55.25,onshore,DK,45.844742693773824,50.13722998729352,-85.4916505105928,0.3952821043772158,92.39729862563193,51.22674852310653,1.0778076360401918e-06,2.129894074022902,0.8412613164306343,0.11957406507484751,23,101.79819735954224,0.12182421237230301,49.43520903432095,55.25,11.40909090909091,55.25,55.25
118.0,1.0561986888333688,-0.1960065615368331,11.636363636363637,55.25,onshore,DK,45.844742693773824,50.13722998729352,-68.1904312238262,0.16934683970564912,36.28837826304778,44.77948232622208,8.429925528275869e-08,4.698277576232325,0.8201861877849781,0.12772072234155815,25,91.82698500684589,0.19624479115009308,57.78879214657835,55.25,11.636363636363637,55.25,55.25
119.0,0.9148863506913664,0.2969098465451367,11.863636363636363,55.25,onshore,DK,45.844742693773824,50.13722998729352,-100.0,0.0873310092674186,26.707605666366895,41.55254697381429,1.0669777533323675e-06,8.419393041178708,0.832690734154466,0.12810463843713266,26,123.63655378301968,0.19624479115009308,57.78879214657835,55.25,11.863636363636363,55.25,55.25
120.0,0.7289494553388177,0.9528435037017036,12.09090909090909,55.25,onshore,DK,45.844742693773824,50.13722998729352,-100.0,0.22327660160451432,69.71442080601732,36.45498580064798,3.554062162318296e-07,4.621532638140152,0.8471481811346302,0.12703279159174566,24,121.3170977251406,0.2030610591173172,29.933896924344552,55.25,12.09090909090909,55.25,55.25
121.0,0.7636577520022578,0.8361584026026992,12.318181818181818,55.25,onshore,DK,45.844742693773824,50.13722998729352,-100.0,0.40752080442906913,244.8289342698074,51.12067879636186,7.436695538669829e-07,0.3291650172262806,0.8200006195607181,0.1475094769660896,22,116.11495173237039,0.1665322333574295,51.25812601835316,55.25,12.318181818181818,55.25,55.25
122.0,0.8767674193909809,0.4010072646064263,12.545454545454545,55.25,onshore,DK,45.844742693773824,50.13722998729352,-40.92393364450355,0.15939168723249758,285.9853624552085,39.04736936410737,-5.252354917640234e-07,6.436697272307752,0.7921346057121182,0.13424606073096465,21,48.31911677597556,0.059636544436216354,33.22551285064076,55.25,12.545454545454545,55.25,55.25
123.0,0.6579687157339199,1.2140092868653662,12.772727272727273,55.25,onshore,DK,45.844742693773824,50.13722998729352,-22.03691533916021,0.2672936222907912,190.92553601816024,40.39515869504341,-8.181117758756079e-07,10.4127620314139,0.806887906785653,0.12579086041756618,23,24.147100535557552,0.02656693384051323,43.40718095758975,55.25,12.772727272727273,55.25,55.25
124.0,0.5877592958056264,1.377120984543268,13.0,55.25,onshore,DK,45.844742693773824,50.13722998729352,-63.269869221174645,0.14945503797211854,90.0,36.45094148449574,2.7588747903341474e-07,10.006810978864815,0.812819051457838,0.13485774257935473,20,65.1689412953539,0.026551079005002975,31.950800878762387,55.25,13.0,55.25,55.25
125.0,0.7859162743955782,0.7662478807104702,13.227272727272727,55.25,onshore,DK,45.844742693773824,50.13722998729352,-51.6821081511516,0.23587457579765203,291.09249029136845,33.42819857743131,-5.091598202551876e-07,7.469283341891096,0.7812560923430794,0.1383409719323748,21,57.941662015748584,0.04234142228960991,35.67513232802411,55.25,13.227272727272727,55.25,55.25
126.0,0.6389602514297319,1.3485752128439552,13.454545454545453,55.25,onshore,DK,45.844742693773824,50.13722998729352,-54.261081197172324,0.39704523935990277,11.795896175551292,35.866839636012074,-4.4773925189222284e-07,7.953306034212215,0.8032358531396487,0.1292080115655551,21,60.4266299733854,0.04238922521471977,33.64921158599458,55.25,13.454545454545453,55.25,55.25
127.0,1.0416215043405872,-0.1406823818124477,13.681818181818182,55.25,onshore,DK,45.844742693773824,50.13722998729352,-97.84685831866078,0.38887300318130763,178.1066673048163,27.76204606578942,6.227313262061851e-07,11.950829656996612,0.8028787999751489,0.11977775348217805,23,102.65291825311851,0.017833422869443893,12.219262994303,55.25,13.681818181818182,55.25,55.25
128.0,0.76160288812637,0.7971335160851813,13.90909090909091,55.25,onshore,DK,45.844742693773824,50.13722998729352,-69.79367502571168,0.05975995755741131,90.0,16.508361321707934,-4.677921477712433e-07,13.027357083748507,0.8009215557683911,0.1460883808625507,23,70.09944051711292,0.01788146421313286,24.32288291884681,55.25,13.90909090909091,55.25,55.25
129.0,0.8445448113446943,0.5347068460335146,14.136363636363637,55.25,onshore,DK,45.844742693773824,50.13722998729352,-100.0,0.3872775847017117,333.29461062063797,30.476786227937463,4.7402613185117585e-07,9.821803783476778,0.7982816511731216,0.14575475766522578,23,98.86621299386131,0.00010175624629482627,23.80012972869173,55.25,14.136363636363637,55.25,55.25
130.0,0.8339208628049872,0.619601716310542,14.363636363636363,55.25,onshore,DK,45.844742693773824,50.13722998729352,-100.0,0.09020229507730082,148.1290922275212,18.354885955530307,5.716404433920817e-07,15.633911181058892,0.8151409443769763,0.13547680125341946,22,98.86621299386131,0.00010175624629482627,23.80012972869173,55.25,14.363636363636363,55.25,55.25
131.0,0.6644622731563841,1.1726723157707937,14.59090909090909,55.25,onshore,DK,45.844742693773824,50.13722998729352,-83.93737751418472,0.22782204445814894,345.23099986418106,28.41501430311801,-9.09912374848981e-08,8.399377439026798,0.8063839304797047,0.12305927020987376,23,90.16148030731489,0.00010139861842617393,26.937788244861373,55.25,14.59090909090909,55.25,55.25
132.0,0.8616112022194949,0.4841998560413845,14.818181818181818,55.25,onshore,DK,45.844742693773824,50.13722998729352,-100.0,0.11900476537095236,201.70214740114545,15.867179552489336,4.16943371542184e-07,1.1181432032177827,0.8023450586411177,0.13567815141252143,23,112.24560669609397,9.913364192470908e-05,15.537837190778939,55.25,14.818181818181818,55.25,55.25
133.0,0.6820174252158562,1.156382460878097,15.045454545454545,55.25,onshore,DK,45.844742693773824,50.13722998729352,-75.55476954397763,0.22252470372445848,350.46753136641473,10.08441608969987,8.035342569352261e-07,5.265196659709952,0.8377581943099763,0.0913867025493519,22,94.96627259611572,9.508052607998252e-05,10.027462292696654,55.25,15.045454545454545,55.25,55.25
134.0,0.8420456885694142,0.5818487314432811,15.272727272727273,55.25,onshore,DK,45.844742693773824,50.13722998729352,-75.55476954397763,0.22252470372445848,350.46753136641473,10.08441608969987,8.035342569352261e-07,12.051601687256522,0.8273376708992667,0.10658250439988398,18,85.78165679969186,8.864322444424033e-05,0.0,55.25,15.272727272727273,55.25,55.25
135.0,0.6269390036735775,1.2651698342867654,15.5,55.25,onshore,DK,45.844742693773824,50.13722998729352,-75.55476954397763,0.22252470372445848,350.46753136641473,10.08441608969987,8.035342569352261e-07,26.308394515131177,0.8420105024144159,0.09535032109903485,13,75.92984387172972,8.232513209804893e-05,0.0,55.25,15.5,55.25,55.25
136.0,0.6730932337527001,1.2153518168694772,8.0,55.5,onshore,DK,45.844742693773824,50.13722998729352,15.776188580355992,0.4018750575091004,280.82879358341745,63.23671587421537,-6.5741417996438396e-09,7.664955209320943,0.7874218839987285,0.1487759058094386,13,-14.583747975638785,4.2151601519435644e-05,59.65126887100765,55.5,8.0,55.5,55.5
137.0,0.720237850201777,0.9565708919470138,8.227272727272727,55.5,onshore,DK,45.844742693773824,50.13722998729352,1.8654835338776863,0.32089570642235654,39.66032962119629,50.90602936933985,5.679972626815758e-07,0.6481550216600052,0.7892430449762059,0.14950847491202365,17,1.855136291062533,0.1259830743074417,63.024903480478585,55.5,8.227272727272727,55.5,55.5
138.0,0.8778564205888724,0.4340291555063352,8.454545454545455,55.5,onshore,DK,45.844742693773824,50.13722998729352,118.31195944596621,0.23441928477563606,200.9672171112495,59.3399785707023,-1.1752747360287358e-06,2.699804696684259,0.7785975494019158,0.1469587176330306,21,-106.80206206446998,0.4903523325920105,59.27001903733056,55.5,8.454545454545455,55.5,55.5
139.0,0.6026055471735478,1.3242851399989604,8.681818181818182,55.5,onshore,DK,45.844742693773824,50.13722998729352,64.05866295338032,0.17825978933083902,15.845357381879964,36.969944663313704,7.444218299240381e-08,6.386115434686613,0.8024407957443952,0.12860319795856676,24,-40.7001411690554,0.7299256920814514,29.241670931539733,55.5,8.681818181818182,55.5,55.5
140.0,0.8096822953917899,0.6810860358654781,8.909090909090908,55.5,onshore,DK,45.844742693773824,50.13722998729352,86.1614705266402,0.04730999796496584,334.917309281714,34.48645357722252,-1.1776181227199933e-06,20.634531116037696,0.8060474957116467,0.12985241132564432,24,-45.803164157365266,0.7965131402015686,37.670076457186255,55.5,8.909090909090908,55.5,55.5
141.0,0.5876058423202797,1.5531958123530805,9.136363636363637,55.5,onshore,DK,45.844742693773824,50.13722998729352,-33.03157707656862,0.5440464484087885,191.11527305064038,43.139995085612696,1.2095979175911456e-06,25.89205866606834,0.8048047461491136,0.11577399498283038,24,77.76510332215197,0.6750815510749817,47.20470358898542,55.5,9.136363636363637,55.5,55.5
142.0,0.6740815697021264,1.1070609272926906,9.363636363636363,55.5,onshore,DK,45.844742693773824,50.13722998729352,-14.988909196956872,0.3125114621909407,190.05698827385828,51.864515024707124,-5.182705635464113e-07,9.648112995449518,0.7962395945117712,0.11399132491989358,23,59.72243544254023,0.6750815510749817,47.20470358898542,55.5,9.363636363636363,55.5,55.5
143.0,1.0017322348796849,-0.0048850169230672,9.59090909090909,55.5,onshore,DK,45.844742693773824,50.13722998729352,-55.92076763672728,0.24211940548445032,349.79972191020994,47.86239006189744,1.39171448564485e-06,0.4300801571529,0.7846238805917164,0.1131054956287144,24,93.42705522282957,0.3814752697944641,42.66850724498569,55.5,9.59090909090909,55.5,55.5
144.0,0.776129660061424,0.793816528935615,9.818181818181818,55.5,onshore,DK,45.844742693773824,50.13722998729352,78.86595686955984,0.3342386617806095,244.1555568678019,48.15277225772874,-1.5169599214939219e-06,2.306004151012695,0.7876538402209224,0.1227230138983693,23,-49.38834115407596,0.26167160272598267,51.10689825157032,55.5,9.818181818181818,55.5,55.5
145.0,0.9031743877038986,0.3474885275097857,10.045454545454545,55.5,onshore,DK,45.844742693773824,50.13722998729352,29.014759342558065,0.2966249155312905,279.8810448419847,38.602936042930835,-4.752617992580903e-07,4.011395785035135,0.8078884089054527,0.09962582077236326,24,-8.1159045953967,0.2638896107673645,45.634446587203726,55.5,10.045454545454545,55.5,55.5
146.0,0.8912436095102316,0.3745503991140095,10.272727272727273,55.5,onshore,DK,45.844742693773824,50.13722998729352,30.26991394187243,0.07273496973678753,69.20760123335658,37.74322776605724,-8.064136629030688e-07,6.109585400612483,0.8186628483684079,0.10337738786637475,23,-13.993639917995775,0.23906143009662628,38.359765258006135,55.5,10.272727272727273,55.5,55.5
147.0,0.8215108532647865,0.5813215616405812,10.5,55.5,onshore,DK,45.844742693773824,50.13722998729352,-9.372278642193466,0.1753771737010912,329.52928852534103,28.14183907632892,4.3788376276000824e-07,0.666618170301314,0.8285131852392857,0.09763982369172844,24,22.30101553565352,0.19175894558429718,28.74613541890133,55.5,10.5,55.5,55.5
148.0,0.8774990822327317,0.4192325504838107,10.727272727272727,55.5,onshore,DK,45.844742693773824,50.13722998729352,30.216115720925792,0.17967256679948032,174.10158106173918,30.853962459217176,-5.679188017793676e-07,0.9647757236834009,0.8251123054916123,0.10981479640527024,25,-20.751227338425142,0.10829252749681473,31.783592984337016,55.5,10.727272727272727,55.5,55.5
149.0,0.9555687500629256,0.1690930784281754,10.954545454545455,55.5,onshore,DK,45.844742693773824,50.13722998729352,-62.405816155357044,0.36149777867572364,232.44858508462823,31.580774554391628,-3.3413247411796577e-07,9.089870465440315,0.8313522810323076,0.11435222470509017,26,68.36503172910037,0.01591343805193901,34.55217745899039,55.5,10.954545454545455,55.5,55.5
150.0,0.9973601827644611,0.01061022712538,11.181818181818182,55.5,onshore,DK,45.844742693773824,50.13722998729352,-100.0,0.5771350614789216,348.8959127896198,49.10736672330129,9.907090811114002e-07,0.8067569189721454,0.8182491474977872,0.1374894688120873,24,115.60828023904698,0.14255423843860626,53.42170886176096,55.5,11.181818181818182,55.5,55.5
151.0,0.7467821558042949,0.821635091658424,11.40909090909091,55.5,onshore,DK,45.844742693773824,50.13722998729352,-0.8621841243196862,0.688598762793387,196.6801456784475,48.977677956891036,-8.820449398882308e-07,15.261792298229304,0.8272478692122509,0.14754253873270126,23,29.05121314098185,0.31452542543411255,45.465784966442946,55.5,11.40909090909091,55.5,55.5
152.0,0.8646554158931898,0.5074600515895793,11.636363636363637,55.5,onshore,DK,45.844742693773824,50.13722998729352,-88.61103036363195,0.2345583787777602,79.41805025833426,59.84233195662025,1.2375558964478777e-06,15.383241668626033,0.8278435927431379,0.14953862018875402,26,119.06056309461043,0.30092674493789673,59.56205813562132,55.5,11.636363636363637,55.5,55.5
153.0,0.6767261278026238,1.0878303015247586,11.863636363636363,55.5,onshore,DK,45.844742693773824,50.13722998729352,-100.0,0.3197527859403137,228.81051836087494,32.40472742561884,1.1905835965098724e-06,11.932907231289246,0.8518962326525914,0.13182003135474277,25,130.44953273097846,0.30092674493789673,59.56205813562132,55.5,11.863636363636363,55.5,55.5
154.0,0.7884891280254079,0.7515673644012996,12.09090909090909,55.5,onshore,DK,45.844742693773824,50.13722998729352,46.180416428940774,0.33130293099069863,135.41082199041352,50.35200755068213,-1.5298488135023404e-06,7.721374247902917,0.8203465948027447,0.13672525217403686,24,-14.433135486289611,0.27156609296798706,53.379782139191654,55.5,12.09090909090909,55.5,55.5
155.0,0.898370520812241,0.3591081675890866,12.318181818181818,55.5,onshore,DK,45.844742693773824,50.13722998729352,-42.32281310122991,0.7283618729014514,4.255741962903571,53.50165945967061,6.506133610079205e-07,5.393531063486323,0.7890804061706944,0.12648808822562854,22,61.10177344000513,0.13108380138874054,50.71703231439245,55.5,12.318181818181818,55.5,55.5
156.0,1.053360694501642,-0.1933697898468452,12.545454545454545,55.5,onshore,DK,45.844742693773824,50.13722998729352,-18.725382299189352,0.49218315992418216,169.6263049371,48.34962829837162,-3.1876635226596474e-07,3.695088536532186,0.7751841067447408,0.11943738598042525,22,25.331082018894858,0.010132145136594772,49.86215480564212,55.5,12.545454545454545,55.5,55.5
157.0,0.5778050994973941,1.4841490885959117,12.772727272727273,55.5,onshore,DK,45.844742693773824,50.13722998729352,-76.36345098783704,0.2548935113874807,51.102322733251754,37.69472388018168,2.4147369552159745e-07,7.733435210686412,0.797504276391945,0.12298789901032287,20,80.95640616684823,0.15132851898670197,37.965969219038634,55.5,12.772727272727273,55.5,55.5
158.0,0.7227296981166557,0.8449148480649903,13.0,55.5,onshore,DK,45.844742693773824,50.13722998729352,-80.27869656382344,0.4994758455612469,163.44617098417166,35.04414376349465,1.8478320321273374e-07,2.485469078563175,0.7584626521835895,0.14237170314340344,18,86.84854688541644,0.2806503176689148,36.45031392131147,55.5,13.0,55.5,55.5
159.0,0.9325527790257075,0.2507466049279613,13.227272727272727,55.5,onshore,DK,45.844742693773824,50.13722998729352,-83.8697503853488,0.0,90.0,50.84764104462583,1.1722800502055671e-07,10.033944049799429,0.780304633954025,0.1466979281736084,20,114.42802629060186,0.3648459315299988,55.74199311312818,55.5,13.227272727272727,55.5,55.5
160.0,0.8937494959173904,0.3706876810078066,13.454545454545453,55.5,onshore,DK,45.844742693773824,50.13722998729352,-83.24806661329437,0.33298445588226544,19.47984758116175,36.07305512159071,4.171679234146882e-07,8.712509248171623,0.7861651658103626,0.13139456443489372,22,132.8244482172315,0.39737099409103394,34.88300972874883,55.5,13.454545454545453,55.5,55.5
161.0,0.6162264082777387,1.4613873563790198,13.681818181818182,55.5,onshore,DK,45.844742693773824,50.13722998729352,-39.52248309905425,0.22977747648562905,187.93002300257095,28.45707350779836,-6.312240227432897e-07,5.516175658666923,0.8058933711466478,0.12312138877139081,21,94.09188920677198,0.2663653492927551,23.092610730279006,55.5,13.681818181818182,55.5,55.5
162.0,0.8073916909878232,0.660487400580764,13.90909090909091,55.5,onshore,DK,45.844742693773824,50.13722998729352,-78.42794815116095,0.21743149336213854,139.58224472127355,31.407394981600376,6.597718098627491e-08,4.704519665918609,0.8163785625761292,0.11592090427633159,23,127.70916971063845,0.15006668865680695,31.722711507653294,55.5,13.90909090909091,55.5,55.5
163.0,0.6634169216035586,1.2038099154405184,14.136363636363637,55.5,onshore,DK,45.844742693773824,50.13722998729352,-100.0,0.10222439291478802,339.8972883072574,32.33027329756,4.946906310912774e-07,8.066885821467988,0.8299914833460362,0.1058298337586242,24,122.02014425479139,0.05526120588183403,20.01942846497666,55.5,14.136363636363637,55.5,55.5
164.0,0.7409494924102831,0.9308966342243042,14.363636363636363,55.5,onshore,DK,45.844742693773824,50.13722998729352,-93.68246375404753,0.2421336638808909,172.34947980354372,22.571224020327442,3.51228000378235e-07,1.274432171102581,0.8148941204150026,0.09592949590540557,24,115.70260800883892,0.05526120588183403,20.01942846497666,55.5,14.363636363636363,55.5,55.5
165.0,0.8201220421073158,0.6251146509517611,14.59090909090909,55.5,onshore,DK,45.844742693773824,50.13722998729352,-69.03513203873221,0.05335803867125822,82.38219714393281,35.77446189018755,2.471146341289006e-07,16.311095141681736,0.8127781982705232,0.10289293441768048,24,75.26202311838225,8.852401515468955e-05,32.08314654971376,55.5,14.59090909090909,55.5,55.5
166.0,0.933224412071025,0.2432481518241278,14.818181818181818,55.5,onshore,DK,45.844742693773824,50.13722998729352,-11.967726644952876,0.2774345783696775,0.0,36.42366303047599,-8.952284950847157e-07,14.249490520886729,0.8284148092145949,0.09389545504453158,25,17.9126024594512,9.174266597256064e-05,35.39812626224661,55.5,14.818181818181818,55.5,55.5
167.0,0.8927316515422479,0.3930958011747916,15.045454545454545,55.5,onshore,DK,45.844742693773824,50.13722998729352,-36.6159473213247,0.22127437901959063,180.0,35.36170734935487,-1.6204101040723574e-06,20.956373925304096,0.8140218836501133,0.09994984594569277,22,43.11848043979533,9.090820094570518e-05,29.87952897878444,55.5,15.045454545454545,55.5,55.5
168.0,0.7202595651000895,1.1053830850938235,15.272727272727273,55.5,onshore,DK,45.844742693773824,50.13722998729352,-36.6159473213247,0.22127437901959063,180.0,35.36170734935487,-1.6204101040723574e-06,27.305536226000555,0.8334487139440886,0.09777235751116245,19,44.20949712235257,8.602062007412314e-05,0.0,55.5,15.272727272727273,55.5,55.5
169.0,0.8744310423486257,0.4648677036017337,15.5,55.5,onshore,DK,45.844742693773824,50.13722998729352,-36.6159473213247,0.22127437901959063,180.0,35.36170734935487,-1.6204101040723574e-06,36.20969351404175,0.8024970710506681,0.11947308987090322,12,41.73190538613276,8.113303920254111e-05,0.0,55.5,15.5,55.5,55.5
170.0,0.5963286858433118,1.5699508998983065,8.0,55.75,onshore,DK,45.844742693773824,50.13722998729352,106.3061711185332,0.2883677259282323,284.8234108873163,61.500881800568884,-1.3629928048221897e-06,12.823275532247633,0.8198627048736049,0.13082892272848978,13,-105.06194804987571,5.800643702968955e-05,63.608109507573424,55.75,8.0,55.75,55.75
171.0,0.8303020574130384,0.4558990818434997,8.227272727272727,55.75,onshore,DK,45.844742693773824,50.13722998729352,64.7941275712871,0.5989042944360038,191.26507591899824,54.02351571609673,-2.9475487456896983e-07,3.19845875815948,0.7834276919570639,0.1396904829056635,17,-58.058573365085195,0.12166459113359451,62.94006477262993,55.75,8.227272727272727,55.75,55.75
172.0,0.8772532695284714,0.4441402052238963,8.454545454545455,55.75,onshore,DK,45.844742693773824,50.13722998729352,125.97893825418528,0.4664486754707061,47.83399145996493,59.90833230627951,-2.222852433380649e-06,11.235714370408362,0.8052036177123201,0.14715999096420085,21,-106.44753888169315,0.4594513773918152,70.24398174921356,55.75,8.454545454545455,55.75,55.75
173.0,0.5742290704619514,1.5089037851326337,8.681818181818182,55.75,onshore,DK,45.844742693773824,50.13722998729352,-52.18784244678662,0.2821462340323349,182.3000817769789,43.75987274368294,2.0823954825220934e-06,22.445894539165756,0.8241338755177552,0.13082071386008168,23,85.5567111640601,0.6472787261009216,45.78951598130575,55.75,8.681818181818182,55.75,55.75
174.0,0.7042429114873416,1.0960657145165988,8.909090909090908,55.75,onshore,DK,45.844742693773824,50.13722998729352,38.90847060841671,0.33408088190639146,238.15927365495784,42.393886000285164,-1.4695888601820027e-06,30.55177174569358,0.8235474728456036,0.13521018381520156,22,13.555380850159878,0.533607542514801,56.61617135249521,55.75,8.909090909090908,55.75,55.75
175.0,0.7585758898871824,0.8442496675983087,9.136363636363637,55.75,onshore,DK,45.844742693773824,50.13722998729352,-98.64673844278352,0.2021924341422316,29.755174862425804,48.371304029531075,1.7600661720084106e-06,29.99883328009056,0.8037044946885585,0.14201366425121317,23,158.73575687988998,0.4269118905067444,40.48047886800114,55.75,9.136363636363637,55.75,55.75
176.0,0.8198416064000748,0.6609956817854075,9.363636363636363,55.75,onshore,DK,45.844742693773824,50.13722998729352,-28.29876459401539,0.09833309838072452,323.91324508949066,45.02476745800137,6.307377019582577e-07,13.947478480884316,0.7952536647757927,0.14051845961508064,20,88.38778303112184,0.4269118905067444,40.48047886800114,55.75,9.363636363636363,55.75,55.75
177.0,0.7934845014261845,0.7482662270544899,9.59090909090909,55.75,onshore,DK,45.844742693773824,50.13722998729352,0.25708327420537547,0.22865029057220942,74.83544522889345,37.85648372819322,-4.139591919184679e-07,2.943458726003837,0.7920088529491212,0.1105415396299259,23,56.87157153209953,0.3266018033027649,37.87895137564511,55.75,9.59090909090909,55.75,55.75
178.0,0.6423532104138108,1.2393458438258949,9.818181818181818,55.75,onshore,DK,45.844742693773824,50.13722998729352,-41.21495763117859,0.3350037748094725,101.21405382706604,41.12555765950542,1.990184212632157e-07,5.1421658616756245,0.819405922554756,0.10480196082520903,26,86.64436052679025,0.19662947952747345,49.65861515789235,55.75,9.818181818181818,55.75,55.75
179.0,0.6917980925476861,1.0362599410546094,10.045454545454545,55.75,onshore,DK,45.844742693773824,50.13722998729352,-88.84641301105171,0.21334167185627134,61.60676032438738,37.201119573114504,6.653093996371114e-07,0.3497462699991422,0.8172794188395555,0.10572791253241026,28,113.60345964841004,0.07273966819047928,42.400445839354724,55.75,10.045454545454545,55.75,55.75
180.0,0.7008251902489506,0.9857375315019123,10.272727272727273,55.75,onshore,DK,45.844742693773824,50.13722998729352,-21.395035258669473,0.6196136783318523,6.863132117499916,36.870684746009196,2.0007665896471717e-07,8.804833443389729,0.8134094647510786,0.09901893747991496,26,30.467571895161036,0.03322548791766167,39.0310123113081,55.75,10.272727272727273,55.75,55.75
181.0,0.8726768059901161,0.4173445311977919,10.5,55.75,onshore,DK,45.844742693773824,50.13722998729352,-63.8543645687734,0.0869572954893926,223.27021522517947,36.68758644280126,1.1960006171515364e-06,3.033980649840234,0.8055998248609356,0.11533893895753301,28,59.58973012747591,0.03316183015704155,35.92251628201297,55.75,10.5,55.75,55.75
182.0,0.7265268654083578,0.9646791418822256,10.727272727272727,55.75,onshore,DK,45.844742693773824,50.13722998729352,42.93020348315562,0.5778162974418766,162.76230684684413,42.91040972214145,-1.1402885883038206e-06,8.018325091202055,0.8147064916728449,0.12008621117665177,28,-46.92915405177487,0.00016612926265224814,46.042995362535514,55.75,10.727272727272727,55.75,55.75
183.0,0.8514599713189236,0.4385475563847989,10.954545454545455,55.75,onshore,DK,45.844742693773824,50.13722998729352,-100.0,0.2986660491566396,91.99411273045024,40.804193064602636,5.51315974156179e-07,1.0063032617442789,0.8075857256415275,0.12807543186239995,25,99.65091648587948,0.0001779309823177755,42.09046514336,55.75,10.954545454545455,55.75,55.75
184.0,0.5455016262365986,1.532927657985213,11.181818181818182,55.75,onshore,DK,45.844742693773824,50.13722998729352,-25.146380467517417,0.40677295868534113,141.8733527123025,44.795199542422466,-1.9396679588211933e-07,1.1311735209573637,0.82104380049063,0.12270147593727973,23,32.945466817723656,0.11155039817094803,59.94551084258026,55.75,11.181818181818182,55.75,55.75
185.0,0.6039276484002205,1.5032317130178054,11.40909090909091,55.75,onshore,DK,45.844742693773824,50.13722998729352,67.4785692814352,0.5321735054527967,45.196053158635905,55.862335919071576,-1.8235377286610114e-06,3.401465145548676,0.7835263172010387,0.1456012653854505,21,-50.132389887223106,0.25015169382095337,56.72227052247555,55.75,11.40909090909091,55.75,55.75
186.0,0.5578242035865664,1.304573768692216,11.636363636363637,55.75,onshore,DK,45.844742693773824,50.13722998729352,-75.19151965246175,0.3420493633493742,316.18878472744655,49.21164333733691,7.414054128048699e-07,2.0263852399057876,0.7947134897650763,0.1382352158287719,22,94.4464803328419,0.24647946655750275,41.963085759321736,55.75,11.636363636363637,55.75,55.75
187.0,0.6630585606860329,1.044319481184652,11.863636363636363,55.75,onshore,DK,45.844742693773824,50.13722998729352,-100.0,0.12940689889656587,90.0,34.00684298347878,1.9790704811167637e-06,1.0213841596046296,0.7787040897455992,0.14311627256068396,22,119.25496068038015,0.24647946655750275,41.963085759321736,55.75,11.863636363636363,55.75,55.75
188.0,0.6424590828274297,1.0467171420082275,12.09090909090909,55.75,onshore,DK,45.844742693773824,50.13722998729352,47.363787973071936,0.3955673347242473,324.71632228926103,53.742764295852,-1.5729012199964539e-06,0.2549609844417204,0.7761120092908698,0.14366425239108316,21,-27.265968110402216,0.2313593178987503,56.35552660508521,55.75,12.09090909090909,55.75,55.75
189.0,0.8359993024377699,0.5671752896904199,12.318181818181818,55.75,onshore,DK,45.844742693773824,50.13722998729352,-13.699607445967047,0.062492735879032535,113.4886578807293,36.31107050313428,4.767012490985546e-07,10.800676582477095,0.7544640279584327,0.14427499579017508,21,30.96452820445746,0.30752652883529663,33.592276954044415,55.75,12.318181818181818,55.75,55.75
190.0,0.6283003869718898,1.3032901680478497,12.545454545454545,55.75,onshore,DK,45.844742693773824,50.13722998729352,-21.963528624901603,0.18668181926135352,248.66842421469593,45.161636663141664,-1.127840745512962e-07,3.2813768253162015,0.7692057201758575,0.13357036135356054,20,34.034269923535696,0.3371766209602356,44.18420417474566,55.75,12.545454545454545,55.75,55.75
191.0,0.6039465876374411,1.4616472320494018,12.772727272727273,55.75,onshore,DK,45.844742693773824,50.13722998729352,-51.24677350797585,0.29273751740963405,222.6607091130348,30.709054851066117,-2.0592208486376738e-07,9.965512079184437,0.769302165702674,0.13129435144333299,19,64.62083959132235,0.2588440775871277,34.942850147351834,55.75,12.772727272727273,55.75,55.75
192.0,0.7715598387576759,0.5881236655950571,13.0,55.75,onshore,DK,45.844742693773824,50.13722998729352,-62.94257036404319,0.20542484965142027,331.25210602318924,27.96734280480678,-1.4547082253162594e-08,1.644658514747308,0.772612448534022,0.14057669316408553,20,83.5558249062416,0.18078525364398956,25.536169548008946,55.75,13.0,55.75,55.75
193.0,0.6323332805262841,1.3043049859018545,13.227272727272727,55.75,onshore,DK,45.844742693773824,50.13722998729352,-59.069020290871435,0.23250276144250595,170.4220322137225,21.325852100872194,-2.1495973547206671e-07,12.970230870816902,0.7679827445126141,0.12729522783381006,21,114.72824810120932,0.31999915838241577,29.449880803798298,55.75,13.227272727272727,55.75,55.75
194.0,0.7317867701834182,0.9029263357304136,13.454545454545453,55.75,onshore,DK,45.844742693773824,50.13722998729352,-16.43342478594247,0.1601236265014189,289.79606605617823,37.5828206037507,-8.468254253962035e-07,26.11103608355544,0.776594537253797,0.12291574036526257,21,97.27844807689812,0.38179880380630493,35.19666614372336,55.75,13.454545454545453,55.75,55.75
195.0,0.97257146836874,0.1031109582868204,13.681818181818182,55.75,onshore,DK,45.844742693773824,50.13722998729352,-45.32604244043618,0.06310536687674756,210.75610403364564,30.739975571374565,-2.571561480472422e-07,23.385381887595276,0.7789900377799523,0.11810131246220801,23,136.9489881105937,0.49251729249954224,27.714334327478284,55.75,13.681818181818182,55.75,55.75
196.0,0.7079212149144408,1.029105175765647,13.90909090909091,55.75,onshore,DK,45.844742693773824,50.13722998729352,-100.0,0.15633413385915595,270.0,30.477962509387996,4.4228313214452716e-07,20.408109293356528,0.7719832942450598,0.12622964454695365,22,184.17304241573322,0.4642564654350281,30.138141620275857,55.75,13.90909090909091,55.75,55.75
197.0,0.5675390954802063,1.54786345448867,14.136363636363637,55.75,onshore,DK,45.844742693773824,50.13722998729352,-93.66592088424362,0.12853936758461357,270.0,30.74406760463395,4.7548108139262214e-07,4.176361393164227,0.8183951877851735,0.10960008877651028,28,131.56177192983512,0.13976998627185822,27.77552492113321,55.75,14.136363636363637,55.75,55.75
198.0,0.8753321477864342,0.4544139153744937,14.363636363636363,55.75,onshore,DK,45.844742693773824,50.13722998729352,-79.54439083149346,0.1114214473190954,343.18326893962444,37.89459678122193,-1.5104280347480444e-07,8.7270479138167,0.8114147660780467,0.1203657646956583,27,117.44024187708497,0.13976998627185822,27.77552492113321,55.75,14.363636363636363,55.75,55.75
199.0,0.8400161962403017,0.5770099155891873,14.59090909090909,55.75,onshore,DK,45.844742693773824,50.13722998729352,-72.28933230975815,0.5132257316693953,206.94123761668538,38.62775461998503,2.1641666392786424e-07,18.74130885615213,0.8217568668617061,0.12133103180555664,27,84.42300921841198,9.317317744717002e-05,37.666208125843895,55.75,14.59090909090909,55.75,55.75
200.0,0.8682392065504807,0.4578969314854575,14.818181818181818,55.75,onshore,DK,45.844742693773824,50.13722998729352,-43.697283543725845,0.0,90.0,28.70760794741934,-8.436495636711464e-07,19.49414038408791,0.8283682621247417,0.11449758934273814,25,40.255990279078894,9.305396815761924e-05,27.20083688630793,55.75,14.818181818181818,55.75,55.75
201.0,0.6228995221471015,1.4442022256844214,15.045454545454545,55.75,onshore,DK,45.844742693773824,50.13722998729352,-100.0,0.5412942196386833,159.0271762753167,31.6782370988959,-1.1943255249813912e-06,28.25434742027769,0.865179162693753,0.07511297574443998,23,91.35616241593715,9.32923867367208e-05,35.43091981516829,55.75,15.045454545454545,55.75,55.75
202.0,0.7731987065596204,0.7885877004321354,15.272727272727273,55.75,onshore,DK,45.844742693773824,50.13722998729352,-100.0,0.5412942196386833,159.0271762753167,31.6782370988959,-1.1943255249813912e-06,28.093272469016007,0.8559861506664592,0.09259944403261086,20,97.39359938472873,9.365001460537314e-05,0.0,55.75,15.272727272727273,55.75,55.75
203.0,0.74498543715648,0.8675671301662585,15.5,55.75,onshore,DK,45.844742693773824,50.13722998729352,-100.0,0.5412942196386833,159.0271762753167,31.6782370988959,-1.1943255249813912e-06,26.622631801290797,0.8412121401440353,0.10523315347886104,13,97.6349853320196,8.94776894710958e-05,0.0,55.75,15.5,55.75,55.75
204.0,0.5956901929434263,1.4161984009825364,8.0,56.0,onshore,DK,45.844742693773824,50.13722998729352,43.935988496042455,0.6618454573576188,156.06571047934221,32.149606529305196,-2.6067659795277804e-07,7.915915267709483,0.8446247870428525,0.12378647143858938,13,-41.219151818252385,7.314601680263877e-05,48.29512248813569,56.0,8.0,56.0,56.0
205.0,0.8744291035025544,0.4310298410078471,8.227272727272727,56.0,onshore,DK,45.844742693773824,50.13722998729352,-19.678371206829546,0.2770017972049978,215.53195813559512,44.85695521329875,6.243918778810239e-07,5.728041613238401,0.8392109830657033,0.16629841398744888,16,28.222328384484506,0.1208987906575203,50.29284068735863,56.0,8.227272727272727,56.0,56.0
206.0,1.0122801629053897,-0.0414445118190439,8.454545454545455,56.0,onshore,DK,45.844742693773824,50.13722998729352,30.640083992427567,0.4816822247574193,282.02343299813487,51.083182731034,-6.112114256173602e-07,7.082226006745352,0.8119443832664673,0.15180749323123943,18,-6.225996597012209,0.32514315843582153,55.5615861492446,56.0,8.454545454545455,56.0,56.0
207.0,0.6936459246365378,1.087629206968779,8.681818181818182,56.0,onshore,DK,45.844742693773824,50.13722998729352,14.338148192560574,0.24409003651965402,333.7158426792515,32.12483747048145,2.0083740425894482e-07,21.642482494036546,0.8534518921550351,0.13068438938774019,20,26.056007574826864,0.4162222743034363,27.4910815773237,56.0,8.681818181818182,56.0,56.0
208.0,1.111922635242854,-0.375170183570175,8.909090909090908,56.0,onshore,DK,45.844742693773824,50.13722998729352,4.273448539922903,0.3816192509715702,174.31754595347908,24.005624046005945,-2.136224656442173e-07,36.92037240785383,0.8256023924385415,0.12079828620904667,20,51.83310009352991,0.38021308183670044,41.62509373209145,56.0,8.909090909090908,56.0,56.0
209.0,0.7349290305391898,0.9545605146006164,9.136363636363637,56.0,onshore,DK,45.844742693773824,50.13722998729352,12.934525237792055,0.051056297103076534,50.20014419905571,43.23216331206827,3.381770460219215e-08,36.45982218252392,0.8362622322791541,0.13172140087337345,20,51.233358051226105,0.29899030923843384,43.74361690674287,56.0,9.136363636363637,56.0,56.0
210.0,0.901485153621114,0.3543974473062041,9.363636363636363,56.0,onshore,DK,45.844742693773824,50.13722998729352,76.89473483972284,0.17781508312652394,264.3698525989863,44.54104725069347,-1.0400814976584683e-06,24.72451668365531,0.7962423839982298,0.11381178181343544,20,-12.72685155070468,0.29899030923843384,43.74361690674287,56.0,9.363636363636363,56.0,56.0
211.0,0.6402905716767024,1.1300544212124786,9.59090909090909,56.0,onshore,DK,45.844742693773824,50.13722998729352,94.39905929986922,0.39469782349466725,337.4294911099001,36.001711826740326,-1.1243124009483737e-06,20.487631900879876,0.814354215687773,0.11842497451150338,23,-24.728293400581492,0.5298042893409729,41.001506455601266,56.0,9.59090909090909,56.0,56.0
212.0,0.9244799464985504,0.2652886655188073,9.818181818181818,56.0,onshore,DK,45.844742693773824,50.13722998729352,-27.026470806001704,0.6001548120164293,168.56223315071497,45.74604590472803,1.2494687590969373e-06,11.161618155852592,0.7784328383494573,0.10525328605938916,24,89.21506899256389,0.5119765400886536,47.90755735864291,56.0,9.818181818181818,56.0,56.0
213.0,0.7234381305961074,0.8813428988687227,10.045454545454545,56.0,onshore,DK,45.844742693773824,50.13722998729352,-4.608098367864771,0.5684152108433611,329.66599098205023,54.529900415964036,-4.780661108855247e-08,8.517318080407415,0.8114075549175276,0.10725782076408791,28,50.09087703399949,0.33661240339279175,58.932135413656326,56.0,10.045454545454545,56.0,56.0
214.0,0.5517695805456148,1.4753140276137102,10.272727272727273,56.0,onshore,DK,45.844742693773824,50.13722998729352,37.534222431813205,0.5334944864506018,312.9608878385168,46.759426780817996,-5.746146784197392e-07,0.5227719685291352,0.806677905959305,0.10188264838438628,29,-8.781561211493319,0.2509748339653015,48.855149342573185,56.0,10.272727272727273,56.0,56.0
215.0,0.6531211641761965,1.2249961158376552,10.5,56.0,onshore,DK,45.844742693773824,50.13722998729352,-50.50468139311911,0.4496867992421728,191.53847360364261,30.213133757480307,1.0786541463707273e-06,2.099099031651477,0.8136840050978732,0.11053133373279864,31,61.02593204000158,0.04866166040301323,35.68713680149285,56.0,10.5,56.0,56.0
216.0,0.7415951141005019,0.8544744395150764,10.727272727272727,56.0,onshore,DK,45.844742693773824,50.13722998729352,19.892011236508772,0.26007088758321495,310.2743967914204,27.581807593141395,-1.0991648346313294e-06,9.070318464595376,0.8078555250420133,0.1277286094952262,30,-17.303037411986637,0.00014312186976894736,34.47975029734618,56.0,10.727272727272727,56.0,56.0
217.0,0.7311207330638305,0.9581761884395964,10.954545454545455,56.0,onshore,DK,45.844742693773824,50.13722998729352,-39.26427301194301,0.13341938574135487,25.484696897180342,36.66067405114692,3.835111910490869e-08,18.82810720512765,0.8040072806708615,0.14105645169248102,27,39.608277861330926,0.00018114963313564658,35.51584097588002,56.0,10.954545454545455,56.0,56.0
218.0,0.7765146277008401,0.7942265938769713,11.181818181818182,56.0,onshore,DK,45.844742693773824,50.13722998729352,-100.0,0.19550774285023992,29.633364516437375,42.6230893663729,1.01735130716609e-06,6.502997053839547,0.7794928363111228,0.15444339691776238,25,103.89030697600607,0.05971569940447807,37.63116904842978,56.0,11.181818181818182,56.0,56.0
219.0,1.0337507891037467,-0.1236151112368471,11.40909090909091,56.0,onshore,DK,45.844742693773824,50.13722998729352,-53.487687372571926,0.5024310248850494,171.49386750314022,46.98456165079226,-6.195294181306723e-08,2.6150363477195118,0.7630200069099335,0.1428383183464113,23,54.5956827284019,0.059551190584897995,39.826421111081636,56.0,11.40909090909091,56.0,56.0
220.0,0.6457412560633597,1.2670230267292275,11.636363636363637,56.0,onshore,DK,45.844742693773824,50.13722998729352,-34.7001025617009,0.2182013521559556,55.638487455481794,49.26256188054981,3.1077839874434904e-07,4.043932233954816,0.7802430864919183,0.1417682604044071,21,37.64199379430837,0.059705089777708054,48.646554384768706,56.0,11.636363636363637,56.0,56.0
221.0,0.5628194509941835,1.6620769613429822,11.863636363636363,56.0,onshore,DK,45.844742693773824,50.13722998729352,-68.71399515442442,0.655649110818606,191.2203025375788,60.89610263947058,5.561184120785654e-07,1.8187819233706732,0.7786573284614211,0.12671966927326933,20,71.65588638703188,0.059705089777708054,48.646554384768706,56.0,11.863636363636363,56.0,56.0
222.0,0.8236604221627282,0.523999306465163,12.09090909090909,56.0,onshore,DK,45.844742693773824,50.13722998729352,-18.004900663845135,0.17563414878010067,62.77798648113692,48.32619976807583,-8.029731875854694e-07,4.401158687683242,0.7586949264476959,0.1344250590606271,21,22.530936966379638,0.05273277685046196,48.93581352511652,56.0,12.09090909090909,56.0,56.0
223.0,0.8516914306710686,0.4740126456505467,12.318181818181818,56.0,onshore,DK,45.844742693773824,50.13722998729352,-86.33630622091985,0.3215571478649235,319.5743121710781,51.75376888706079,4.888666784286599e-07,8.867695778921158,0.7620348949201934,0.12768408014601762,22,94.52734599048948,0.15242810547351837,52.729517090632605,56.0,12.318181818181818,56.0,56.0
224.0,0.6797873471916898,0.9341770929807324,12.545454545454545,56.0,onshore,DK,45.844742693773824,50.13722998729352,-100.0,0.343788556931336,186.29206581526762,36.71339236867159,1.0055112418034842e-06,1.3467550564035708,0.7791807165107756,0.1255214388593307,22,117.98111206744913,0.289071261882782,40.31884812189088,56.0,12.545454545454545,56.0,56.0
225.0,0.5849823040593625,1.4286730396782248,12.772727272727273,56.0,onshore,DK,45.844742693773824,50.13722998729352,-28.301889130666797,0.4644679528501581,180.0,49.953091572261236,-7.009036454440374e-07,1.3885522476283074,0.7877046360485754,0.11307762630374837,23,65.23856961342595,0.6277697682380676,43.16926240520324,56.0,12.772727272727273,56.0,56.0
226.0,0.6445509839350383,1.2758464491289538,13.0,56.0,onshore,DK,45.844742693773824,50.13722998729352,-61.41901545106682,0.15501394930458898,0.0,34.985015258205216,4.4029054461433695e-07,12.94458364906622,0.802792431880529,0.13335207461420065,23,112.17444392625967,0.7281331419944763,31.032765025827775,56.0,13.0,56.0,56.0
227.0,0.7764122311252779,0.6774359636138282,13.227272727272727,56.0,onshore,DK,45.844742693773824,50.13722998729352,-16.54813894383502,0.3715704406908253,221.43291823151245,33.94295922840653,-7.707361199092746e-07,24.609380737335954,0.8077947653721499,0.1363293348770756,24,92.34277869403005,0.6079937815666199,35.800606279970566,56.0,13.227272727272727,56.0,56.0
228.0,0.6567736920594256,1.0110291418356765,13.454545454545453,56.0,onshore,DK,45.844742693773824,50.13722998729352,-96.50763649674775,0.23602373953035008,232.88515890460468,25.396596840159248,1.7507716547928437e-07,36.017253160773045,0.7978631736378066,0.1332916801987089,23,185.67649170278142,0.4659426808357239,25.854076035275334,56.0,13.454545454545453,56.0,56.0
229.0,0.882897176263269,0.4129781414292239,13.681818181818182,56.0,onshore,DK,45.844742693773824,50.13722998729352,-67.11101029820514,0.08575104600146281,74.38790456314062,14.297803240122441,-5.463200291525645e-08,39.79798723248122,0.773815284972049,0.1485290926442119,23,145.37806353822594,0.5898711085319519,19.04306619819802,56.0,13.681818181818182,56.0,56.0
230.0,0.686293220269383,1.08558911025331,13.90909090909091,56.0,onshore,DK,45.844742693773824,50.13722998729352,-42.3417265453295,0.09794205094616631,341.6744643537976,25.4728300223061,-5.142845991268861e-07,24.951341888649097,0.8147839871316521,0.1446570841072614,24,108.24830564280418,0.5648189187049866,22.862685717539513,56.0,13.90909090909091,56.0,56.0
231.0,0.5487733249908588,1.4838807856579843,14.136363636363637,56.0,onshore,DK,45.844742693773824,50.13722998729352,-100.0,0.19665471991544417,189.21078151486654,31.07500518768805,5.178577116793256e-07,12.02752850105483,0.8120759553924487,0.12767472064228605,26,136.10975436629735,0.35393470525741577,37.80588124433289,56.0,14.136363636363637,56.0,56.0
232.0,0.6015861255893646,1.516604865630655,14.363636363636363,56.0,onshore,DK,45.844742693773824,50.13722998729352,2.3704263525487903,0.08235147323338037,90.0,33.93255468402568,-1.6710304040058377e-06,2.7051723536598877,0.8014649920778298,0.13922318342512574,25,33.73932801374857,0.35393470525741577,37.80588124433289,56.0,14.363636363636363,56.0,56.0
233.0,0.9336443543208688,0.2378521518973848,14.59090909090909,56.0,onshore,DK,45.844742693773824,50.13722998729352,-100.0,0.1718775285075412,270.0,26.920690117493216,7.171704306067223e-07,1.6751219000804825,0.7843574720159595,0.14620972118204512,26,116.79409866327951,0.17290480434894562,34.87567422691137,56.0,14.59090909090909,56.0,56.0
234.0,0.8558494765353215,0.5175187547997857,14.818181818181818,56.0,onshore,DK,45.844742693773824,50.13722998729352,-100.0,0.054576573267435285,35.452676194771264,22.659072321483304,1.215767474351779e-07,4.2248694834901634,0.8090427215888449,0.1306246934913326,26,109.5337988922058,0.011126946657896042,20.227774334602046,56.0,14.818181818181818,56.0,56.0
235.0,0.9552823740517168,0.1552030845379241,15.045454545454545,56.0,onshore,DK,45.844742693773824,50.13722998729352,-90.09555035043803,0.09066539611940394,11.275042494013618,19.01846740975698,2.3361934027890165e-07,10.996078173250341,0.7931801777933127,0.12338378717505295,23,94.85221778082965,6.050983211025596e-05,11.189566344333102,56.0,15.045454545454545,56.0,56.0
236.0,0.6828177215821436,1.145469370449015,15.272727272727273,56.0,onshore,DK,45.844742693773824,50.13722998729352,-90.09555035043803,0.09066539611940394,11.275042494013618,19.01846740975698,2.3361934027890165e-07,10.440331698853521,0.8220245379573098,0.11775683991502994,19,94.83469140841909,6.539741298183799e-05,0.0,56.0,15.272727272727273,56.0,56.0
237.0,0.8488448709111692,0.4430388331396647,15.5,56.0,onshore,DK,45.844742693773824,50.13722998729352,-90.09555035043803,0.09066539611940394,11.275042494013618,19.01846740975698,2.3361934027890165e-07,10.95896683970395,0.8120490615542585,0.11364156169884827,14,94.86257427361771,6.825843593105674e-05,0.0,56.0,15.5,56.0,56.0
238.0,0.6274461771084787,1.3173818271513529,8.0,56.25,onshore,DK,45.844742693773824,50.13722998729352,44.72437494211083,0.42421624866584123,336.5338165250599,36.29299982641469,-9.357410959466826e-09,9.46406675145335,0.885640280792176,0.11013853628134135,15,-41.982443685642004,9.162345668300986e-05,41.04189691452779,56.25,8.0,56.25,56.25
239.0,0.8420406160881647,0.5184069019572736,8.227272727272727,56.25,onshore,DK,45.844742693773824,50.13722998729352,27.257552455717118,0.16527541190455428,11.245030039657053,59.12561421294319,-4.5635332963264233e-07,6.789660101237006,0.8680166921470702,0.1227008720256926,19,-16.946219951115648,0.06198222562670708,55.82892522413114,56.25,8.227272727272727,56.25,56.25
240.0,0.9213162478852794,0.2779551287230419,8.454545454545455,56.25,onshore,DK,45.844742693773824,50.13722998729352,18.47082258125375,0.3478609408585702,68.78738817786581,44.42343772693672,9.43431713335174e-07,17.49782311637957,0.8837222823664456,0.13229815593540287,22,5.836114946469788,0.23576970398426056,46.222800957360434,56.25,8.454545454545455,56.25,56.25
241.0,1.0398407023484948,-0.1427754694305771,8.681818181818182,56.25,onshore,DK,45.844742693773824,50.13722998729352,69.03072894774371,0.40429728008594984,189.53121495291742,49.0938738890103,-1.0207581366371587e-06,16.206047447069636,0.8758987040370203,0.12394729138193322,21,-28.848084629220054,0.32628291845321655,55.31854832909114,56.25,8.681818181818182,56.25,56.25
242.0,0.8468286674477097,0.536064316343772,8.909090909090908,56.25,onshore,DK,45.844742693773824,50.13722998729352,-53.76458751130298,0.4614597514113196,0.7342551587673114,45.42819338145667,1.8771481561777786e-06,21.008438093323125,0.8732437046265475,0.16733845188179441,21,100.1380245572106,0.37641972303390503,46.65425282029767,56.25,8.909090909090908,56.25,56.25
243.0,0.8187314971739366,0.6410274689658851,9.136363636363637,56.25,onshore,DK,45.844742693773824,50.13722998729352,92.12884859729967,0.2518523638015569,283.20846362599,34.62442592954956,-2.144664771696049e-06,23.10327225883796,0.8398257184201942,0.17263795703313844,21,-40.76676864071408,0.4258344769477844,41.15375768006345,56.25,9.136363636363637,56.25,56.25
244.0,0.6850779698060707,1.1099651030955553,9.363636363636363,56.25,onshore,DK,45.844742693773824,50.13722998729352,-51.072363642442156,0.6657388703144305,353.49742610591943,52.74939390429691,1.100143399534285e-06,20.238059755501332,0.8528166996163383,0.16929296057350984,20,102.43444359902773,0.4258344769477844,41.15375768006345,56.25,9.363636363636363,56.25,56.25
245.0,0.8859417118411657,0.4421027730965998,9.59090909090909,56.25,onshore,DK,45.844742693773824,50.13722998729352,-26.13565453184932,0.6229477362984865,166.00503155786848,52.65874141850263,6.593315750344044e-07,26.68717974326178,0.7960175357823424,0.1455669438140259,23,83.64112634498123,0.5054071545600891,49.53092035327899,56.25,9.59090909090909,56.25,56.25
246.0,0.6579911373246204,1.277078102212794,9.818181818181818,56.25,onshore,DK,45.844742693773824,50.13722998729352,74.91409301671965,0.42161385868997264,357.2566319199088,43.39756763950706,-1.120237514149543e-06,27.702554151961916,0.8002925940665762,0.15342412434246175,24,-24.835023185916057,0.4878132939338684,39.889791769759384,56.25,9.818181818181818,56.25,56.25
247.0,0.9314063601975436,0.240357104789511,10.045454545454545,56.25,onshore,DK,45.844742693773824,50.13722998729352,60.86330110588078,0.7033862845426408,130.5823418507505,53.20165701145554,-9.255089363549171e-07,14.483573080956031,0.8180945385699979,0.1310666797149487,27,-14.337304954672156,0.4388362765312195,65.93380063653359,56.25,10.045454545454545,56.25,56.25
248.0,0.8050204227119796,0.7036954661293829,10.272727272727273,56.25,onshore,DK,45.844742693773824,50.13722998729352,-2.0247008854123694,0.428756707528343,21.111310884654912,42.15239968154627,-1.684638455724885e-08,3.455877925285584,0.8016139549103791,0.15138894431909244,25,37.709042394108,0.4528457522392273,42.63928762468413,56.25,10.272727272727273,56.25,56.25
249.0,0.8920911060737694,0.3941877948241369,10.5,56.25,onshore,DK,45.844742693773824,50.13722998729352,5.64234662494162,0.26994650993462227,332.29448455851434,45.238603850783434,-7.897480579031488e-07,1.0643586451104352,0.810063964029084,0.15775037069178158,28,13.907774099898159,0.39039403200149536,41.009276418100114,56.25,10.5,56.25,56.25
250.0,0.6722789139158184,1.1197022520772897,10.727272727272727,56.25,onshore,DK,45.844742693773824,50.13722998729352,-100.0,0.20342063442557726,140.24124771303832,48.90039781600115,1.2597806190647763e-06,2.4972258067881397,0.8335534324291637,0.1490326927893876,26,111.40075588057593,0.3159676194190979,42.70395573093641,56.25,10.727272727272727,56.25,56.25
251.0,0.4883116716841028,1.7830030276604478,10.954545454545455,56.25,onshore,DK,45.844742693773824,50.13722998729352,20.410297716815883,0.12841590982936202,18.30603702158487,44.390001567993906,-8.75734081608856e-07,6.6192501693371755,0.8363415337858526,0.15681602279637177,25,-16.503261021690637,0.04372413083910942,43.820737151835374,56.25,10.954545454545455,56.25,56.25
252.0,0.9340219147083026,0.2431333353915176,11.181818181818182,56.25,onshore,DK,45.844742693773824,50.13722998729352,-66.99981702530047,0.07716812503644208,128.38203270245592,32.7545241047643,2.00341725588791e-07,19.26352210193403,0.78863990538761,0.17103030622383475,22,68.71565884246026,0.00019617000361904502,25.46776003974649,56.25,11.181818181818182,56.25,56.25
253.0,0.916595599947972,0.2997526797699906,11.40909090909091,56.25,onshore,DK,45.844742693773824,50.13722998729352,-100.0,0.13188277541564158,346.6310156950609,33.66857065035901,5.664390228998787e-07,20.054172328643997,0.7840980001097354,0.1728410150825049,22,99.62183864074377,0.00021715083857998252,39.04222519028164,56.25,11.40909090909091,56.25,56.25
254.0,0.6747892359731434,1.110648966085763,11.636363636363637,56.25,onshore,DK,45.844742693773824,50.13722998729352,-72.7977481830095,0.30502049201124753,299.3991256338121,42.74807969293727,3.608592733515788e-07,21.660830306647544,0.7687644201517456,0.1539403928424502,21,74.00333356703463,0.00020177284022793174,44.98083349790353,56.25,11.636363636363637,56.25,56.25
255.0,0.732895756875604,0.9218794117520134,11.863636363636363,56.25,onshore,DK,45.844742693773824,50.13722998729352,44.336442285995304,0.13099283800638672,127.15865765432451,45.56550287003489,-9.810678058926846e-07,18.31868078621751,0.7907853364509673,0.14368869422237313,21,-43.130856901970176,0.00020177284022793174,44.98083349790353,56.25,11.863636363636363,56.25,56.25
256.0,0.8641528455526245,0.4369386059166926,12.09090909090909,56.25,onshore,DK,45.844742693773824,50.13722998729352,-17.97999986515304,0.2705307976161161,322.389333250304,37.39001670132061,-6.753147807659528e-08,11.7424420970654,0.8023073868388161,0.11478897427392834,23,20.529141025105726,0.00020534911891445518,41.91793447953751,56.25,12.09090909090909,56.25,56.25
257.0,0.6898203605323588,1.0820547259104445,12.318181818181818,56.25,onshore,DK,45.844742693773824,50.13722998729352,-79.34258870678741,0.6240627499615082,206.8757615947523,49.2384389540249,5.534863777958212e-07,8.790258432089257,0.7865893295943887,0.1150841208088555,21,84.08531470457973,0.00016279140254482627,51.273952414803134,56.25,12.318181818181818,56.25,56.25
258.0,0.8319908453012357,0.5262686590682939,12.545454545454545,56.25,onshore,DK,45.844742693773824,50.13722998729352,-41.903163857645424,0.028811913731473883,90.0,45.31201254084751,3.4816218841519497e-07,1.5065353783874564,0.799097921342972,0.11031926915183528,21,54.642695594400585,0.10560495406389236,44.27089894479349,56.25,12.545454545454545,56.25,56.25
259.0,0.9879656857030568,0.0438191725182861,12.772727272727273,56.25,onshore,DK,45.844742693773824,50.13722998729352,14.939557348357141,0.14181581160390722,125.73363635800303,59.22608110236893,-1.4396586830690867e-06,1.6539836081935786,0.8087770028001384,0.13244940146678652,23,22.49582809481153,0.4191296696662903,57.200774574898,56.25,12.772727272727273,56.25,56.25
260.0,0.6664043693918311,1.1722630082621532,13.0,56.25,onshore,DK,45.844742693773824,50.13722998729352,-58.667638496096075,0.44526581548705096,148.54891986326038,41.636080236841316,2.5974041434091095e-07,11.966247038249833,0.8191238530996238,0.14082431930845232,23,127.69869180239843,0.6374194025993347,42.201919016538035,56.25,13.0,56.25,56.25
261.0,0.7654605507649734,0.8446373667244605,13.227272727272727,56.25,onshore,DK,45.844742693773824,50.13722998729352,-88.72056643843655,0.27381040316753685,78.0221395706341,34.79050414639099,2.3848181482470496e-07,27.669057698003062,0.8172520084291125,0.1380515415513908,24,182.29451601920573,0.5281016230583191,37.730032294125685,56.25,13.227272727272727,56.25,56.25
262.0,1.0764553411163955,-0.2899482389738811,13.454545454545453,56.25,onshore,DK,45.844742693773824,50.13722998729352,-100.0,0.008162759005503424,90.0,18.476348766143733,5.474563706107378e-07,41.56640177541546,0.8088855492031868,0.1282612608043219,27,207.21623886916024,0.3978964686393738,13.09013517748266,56.25,13.454545454545453,56.25,56.25
263.0,0.8482658930336473,0.523982618706328,13.681818181818182,56.25,onshore,DK,45.844742693773824,50.13722998729352,-100.0,0.4531161441369156,17.516992138616743,33.41907193874081,8.613834794579743e-07,48.303346099208255,0.8112645941941795,0.14848680304295322,25,197.65281443268088,0.5759497284889221,42.97264255989517,56.25,13.681818181818182,56.25,56.25
264.0,0.7362485756616046,0.8148553836869376,13.90909090909091,56.25,onshore,DK,45.844742693773824,50.13722998729352,11.173182649001077,0.43210493553169177,180.0,43.09914298411844,-1.2008104697241663e-06,36.199299911081376,0.8093570221341183,0.1520335186184302,26,81.49019221971047,0.7830495238304138,38.29921285731905,56.25,13.90909090909091,56.25,56.25
265.0,0.5302688377434591,1.5457944243260806,14.136363636363637,56.25,onshore,DK,45.844742693773824,50.13722998729352,-18.989817130795174,0.28597261114195693,346.7353016288848,31.90150374856961,-4.792034579838118e-07,26.012715005537537,0.8062077515668629,0.14765384021846076,27,112.41359756613753,0.9417287707328796,36.13966493775482,56.25,14.136363636363637,56.25,56.25
266.0,0.9242804065125814,0.2676083394647868,14.363636363636363,56.25,onshore,DK,45.844742693773824,50.13722998729352,-100.0,0.06165532352830815,90.0,34.23745352389541,8.572774259492063e-07,17.663625312854347,0.7789362303847042,0.14460304103946706,26,193.42378043534234,0.9417287707328796,36.13966493775482,56.25,14.363636363636363,56.25,56.25
267.0,0.5908293878564382,1.4361466932382647,14.59090909090909,56.25,onshore,DK,45.844742693773824,50.13722998729352,-56.0944160278041,0.0,90.0,24.53570610206479,-5.979987445387135e-07,9.99982629988256,0.7997653964003204,0.1445654752868753,27,130.3411584328303,0.761950671672821,20.929958576605866,56.25,14.59090909090909,56.25,56.25
268.0,0.5384866353300528,1.743166842170195,14.818181818181818,56.25,onshore,DK,45.844742693773824,50.13722998729352,-100.0,0.026691983740247935,270.0,24.334587684582445,3.4957552132791805e-07,6.518998917623546,0.7906439919994251,0.13601208247877206,25,171.07765561188072,0.8918178677558899,22.296757411721202,56.25,14.818181818181818,56.25,56.25
269.0,0.7404372254107809,0.9196171860357388,15.045454545454545,56.25,onshore,DK,45.844742693773824,50.13722998729352,-100.0,0.09362632148193999,270.0,19.3971415468017,4.9959762316782556e-08,4.71106839784785,0.8080460167502647,0.12382639963718652,21,166.35190828736114,1.0710721015930176,17.121519778946357,56.25,15.045454545454545,56.25,56.25
270.0,0.7260791871317304,0.9986638997563334,15.272727272727273,56.25,onshore,DK,45.844742693773824,50.13722998729352,-100.0,0.09362632148193999,270.0,19.3971415468017,4.9959762316782556e-08,4.6946396397368675,0.8052042791632622,0.12002875341568853,18,160.14000424775534,1.1638193130493164,0.0,56.25,15.272727272727273,56.25,56.25
271.0,0.6617104810030507,1.0651087593819828,15.5,56.25,onshore,DK,45.844742693773824,50.13722998729352,-100.0,0.09362632148193999,270.0,19.3971415468017,4.9959762316782556e-08,4.927207949670687,0.8044927643290218,0.11247093390228755,13,160.16071723333147,1.1636464595794678,0.0,56.25,15.5,56.25,56.25
272.0,0.7769641929616866,0.7358811696845396,8.0,56.5,onshore,DK,45.844742693773824,50.13722998729352,10.925297519985762,0.9619562516992696,358.0256287319663,67.56701632660801,3.373174428843195e-07,8.87566197935414,0.8935808532814358,0.0923470007256083,16,-9.419772171752674,0.00011212745448574424,63.433064824539635,56.5,8.0,56.5,56.5
273.0,0.7483806914805983,0.7947528579954235,8.227272727272727,56.5,onshore,DK,45.844742693773824,50.13722998729352,29.962676590125948,0.5125201863698073,161.77831846953336,48.92499903449246,-3.1097120334676714e-07,6.577760063354263,0.9074625895763853,0.1000270292093033,19,-21.576058437520317,0.054669927805662155,37.92549634639552,56.5,8.227272727272727,56.5,56.5
274.0,0.968940111303226,0.1097043204156572,8.454545454545455,56.5,onshore,DK,45.844742693773824,50.13722998729352,41.58091237276128,0.19541635490914622,49.24824606547629,34.72001462952331,-4.5422767828972106e-07,4.677443530508975,0.881550479771839,0.10365360397970427,24,-20.52232864067642,0.20857484638690948,37.60276517229886,56.5,8.454545454545455,56.5,56.5
275.0,0.9214740514118932,0.275910316092861,8.681818181818182,56.5,onshore,DK,45.844742693773824,50.13722998729352,8.706132731394387,0.5601896437457605,262.91120905589923,58.324397933135224,8.181339561185723e-07,1.573573947887728,0.8608475755884901,0.1389397672445823,28,15.329942677256888,0.32710617780685425,60.888892983268164,56.5,8.681818181818182,56.5,56.5
276.0,1.0784917402326004,-0.2687511818923163,8.909090909090908,56.5,onshore,DK,45.844742693773824,50.13722998729352,100.26221047496331,0.24357068282731453,62.16965208506292,39.610246184216216,-8.456061976962803e-07,11.424962477306709,0.8564231078340261,0.1349052666659752,29,-72.8738180161471,0.40602797269821167,50.38156776773412,56.5,8.909090909090908,56.5,56.5
277.0,0.8596173533406557,0.5022736863647178,9.136363636363637,56.5,onshore,DK,45.844742693773824,50.13722998729352,129.69949098107676,0.4548772844039909,149.04519911887186,58.33155624768406,-9.98763749499083e-07,6.357570993225506,0.8649864808222522,0.14906234338609398,25,-99.47102953845874,0.48643380403518677,41.8142788416139,56.5,9.136363636363637,56.5,56.5
278.0,0.3068011243468445,1.788895986675466,9.363636363636363,56.5,onshore,DK,45.844742693773824,50.13722998729352,-32.506796389485224,0.36253428375614305,210.04207223718,38.04889792092722,3.736232634568088e-07,3.2079466570769113,0.8524878680376551,0.11513387213220228,25,62.735257832103244,0.48643380403518677,41.8142788416139,56.5,9.363636363636363,56.5,56.5
279.0,0.8920734147428974,0.3804584547449532,9.59090909090909,56.5,onshore,DK,45.844742693773824,50.13722998729352,39.85606323468164,0.21954485304011975,164.01537402543772,31.75427871251832,-6.889366340971072e-07,16.038368107138343,0.8325073747482206,0.15346074821284486,27,-3.381441660928118,0.5160409808158875,35.046024504018085,56.5,9.59090909090909,56.5,56.5
280.0,0.9241396382211018,0.2721451720209556,9.818181818181818,56.5,onshore,DK,45.844742693773824,50.13722998729352,3.8198861882728163,0.3501113364566904,30.446258334608004,24.09860269441653,1.2083098614716894e-07,9.897871370252783,0.8293690189620704,0.1489759899727631,26,40.09308716717986,0.5571101307868958,26.18057013173091,56.5,9.818181818181818,56.5,56.5
281.0,0.5454710893921538,1.7170076887597825,10.045454545454545,56.5,onshore,DK,45.844742693773824,50.13722998729352,-39.91661000470057,0.38178060629260346,293.6462984031623,44.318685792892346,4.0923905814792224e-07,10.105544966367447,0.8323591338369907,0.15098139832976193,24,80.04070030630714,0.48603326082229614,45.440606447154344,56.5,10.045454545454545,56.5,56.5
282.0,0.722296064830012,1.0207811602590684,10.272727272727273,56.5,onshore,DK,45.844742693773824,50.13722998729352,86.82105730505631,0.5796907328390939,333.36791107869743,51.943625251405706,-9.909096886522104e-07,3.426615376294039,0.8440608202147692,0.1392097903457105,26,-58.69974381816222,0.2046845704317093,51.952718619228634,56.5,10.272727272727273,56.5,56.5
283.0,1.0535291990827904,-0.1864290845220312,10.5,56.5,onshore,DK,45.844742693773824,50.13722998729352,-18.5038213263023,0.43352023646581916,219.93351565751587,49.46167047204295,4.6964173939744313e-07,1.3520252803868436,0.8186002367549138,0.1492753688499045,25,33.09915690534815,0.2370433360338211,63.48740082898726,56.5,10.5,56.5,56.5
284.0,0.587608702048733,1.3776807940527458,10.727272727272727,56.5,onshore,DK,45.844742693773824,50.13722998729352,-43.23270936588172,0.16551067941628525,284.8904915250092,47.935745786949695,4.0248119843133876e-07,2.2064548467696965,0.8202179897172935,0.1644539593511419,26,49.45760881230328,0.21049638092517853,39.03387445041613,56.5,10.727272727272727,56.5,56.5
285.0,1.1631012670123018,-0.52129368975734,10.954545454545455,56.5,onshore,DK,45.844742693773824,50.13722998729352,39.06814356319979,0.44072005875408854,9.004190955142704,59.639920609980734,-9.01364883917769e-07,2.8828408320975547,0.7926320791315484,0.16257108161806771,27,-38.29872585621015,0.00017518916865810752,55.428152596087656,56.5,10.954545454545455,56.5,56.5
286.0,0.7494006816011417,0.888810868943606,11.181818181818182,56.5,onshore,DK,45.844742693773824,50.13722998729352,-17.608431437835563,0.693757259407878,159.3158088524732,41.89218551545676,3.45123537053648e-08,16.008359263394397,0.7844351809394107,0.18492452359485048,25,19.487188853084398,0.00019855418941006064,33.31166736078195,56.5,11.181818181818182,56.5,56.5
287.0,0.4232100749175809,1.812035790097028,11.40909090909091,56.5,onshore,DK,45.844742693773824,50.13722998729352,-58.75492946816749,0.1957441559386475,47.90702109959735,17.770461638734265,1.4170239454414345e-07,15.588608500495287,0.7942345505501833,0.1620784411852636,25,59.87567127665969,0.0002274028374813497,24.153853861432708,56.5,11.40909090909091,56.5,56.5
288.0,0.7009319680102126,1.0469699361518496,11.636363636363637,56.5,onshore,DK,45.844742693773824,50.13722998729352,-86.8722753369799,0.24108787569590753,181.46616854171617,35.86511024571331,1.3571666550980493e-06,13.557479765583413,0.7968199052673459,0.16442176575602413,23,88.5363346901994,0.0002337209298275411,56.078978673954865,56.5,11.636363636363637,56.5,56.5
289.0,0.6939953118530655,1.0500840052242275,11.863636363636363,56.5,onshore,DK,45.844742693773824,50.13722998729352,-26.092551253964473,0.7109791212467086,198.26477672271307,49.171705591437735,-3.90022440660972e-07,22.082500810080816,0.7610735479508477,0.15986950624084573,22,27.756610607183973,0.0002337209298275411,56.078978673954865,56.5,11.863636363636363,56.5,56.5
290.0,0.6565977593469151,1.2503061247955098,12.09090909090909,56.5,onshore,DK,45.844742693773824,50.13722998729352,-4.304241934327557,0.15771945030485882,115.56889989142663,37.69831553246312,-1.0527351420136608e-06,28.65151784180144,0.7864319872582789,0.1418508184282001,25,3.9631249531209267,0.00022001186152920127,36.85115690802219,56.5,12.09090909090909,56.5,56.5
291.0,0.851090468199892,0.5014591644413585,12.318181818181818,56.5,onshore,DK,45.844742693773824,50.13722998729352,-100.0,0.24016164559724135,80.49218876930375,40.23992358113796,1.383700276263023e-06,16.933337757436128,0.8145967219203731,0.12032262613536585,25,93.41630782746911,0.00017185130855068564,35.85786349325722,56.5,12.318181818181818,56.5,56.5
292.0,0.9326183020196308,0.2187769932593953,12.545454545454545,56.5,onshore,DK,45.844742693773824,50.13722998729352,29.755078635468863,0.10872465575443072,346.8387255757051,39.54314101800659,-2.0053110766528884e-06,7.93136550013847,0.7807012070453409,0.13551844365314872,24,-25.466445013768283,0.15893037617206573,43.81974298774099,56.5,12.545454545454545,56.5,56.5
293.0,0.7493360316959011,0.9203686097858932,12.772727272727273,56.5,onshore,DK,45.844742693773824,50.13722998729352,1.6448691202957235,0.19931892693418038,57.50119265695005,38.63393267505322,-1.3697910565306744e-06,3.1445262328648944,0.8115357777312541,0.14301814008697752,26,30.321093150841723,0.5416205525398254,32.870262530720936,56.5,12.772727272727273,56.5,56.5
294.0,0.8429129019054586,0.5676671506773935,13.0,56.5,onshore,DK,45.844742693773824,50.13722998729352,-100.0,0.38732287832585854,92.95378963987037,56.45950861977045,1.386064309794315e-06,4.736206000432781,0.8423179851156815,0.1313082869045844,27,171.70780836536943,0.6930829882621765,54.2269396090375,56.5,13.0,56.5,56.5
295.0,0.4847407952055224,1.8349019822823616,13.227272727272727,56.5,onshore,DK,45.844742693773824,50.13722998729352,-40.671129540693435,0.2983892649938703,61.12469014289864,40.307767959698154,5.288136029823209e-08,20.744544398643782,0.8635016513417254,0.10470537121186324,26,153.0524700245743,0.6399669051170349,44.407660793891516,56.5,13.227272727272727,56.5,56.5
296.0,0.8848293703344192,0.4064394834967714,13.454545454545453,56.5,onshore,DK,45.844742693773824,50.13722998729352,-100.0,0.42037603791809186,192.24449113420286,39.1711561617643,5.78514541488004e-07,36.96657296894701,0.832357709936315,0.12746707310045435,26,230.56335855325213,0.6943760514259338,35.97349739232873,56.5,13.454545454545453,56.5,56.5
297.0,0.6897407372675618,1.091471723768217,13.681818181818182,56.5,onshore,DK,45.844742693773824,50.13722998729352,-100.0,0.13416537702339307,158.13319651142052,32.84513146043343,6.306258252227997e-07,53.21332962507468,0.8291162585340023,0.1416118380098503,26,233.91846388993693,0.9234777092933655,38.59945870664426,56.5,13.681818181818182,56.5,56.5
298.0,0.8529032969148798,0.511429614771305,13.90909090909091,56.5,onshore,DK,45.844742693773824,50.13722998729352,-36.23401889744255,0.2957291553743538,51.869292684028466,38.362134328086604,-7.183054525852909e-07,50.09597328300876,0.8122136547186258,0.1490949327693581,25,168.9794108158092,1.0490666627883911,33.719546225651825,56.5,13.90909090909091,56.5,56.5
299.0,0.9716560108173906,0.1012080620451455,14.136363636363637,56.5,onshore,DK,45.844742693773824,50.13722998729352,-70.27203431775769,0.03269342233741665,217.59963541876664,32.79997274443578,-4.421531066271736e-08,41.515431904621,0.8015535233088482,0.12415873894532911,26,207.31098915006535,1.1536264419555664,15.201691810213541,56.5,14.136363636363637,56.5,56.5
300.0,0.5161655901918341,1.7124107788693557,14.363636363636363,56.5,onshore,DK,45.844742693773824,50.13722998729352,-100.0,0.04277041399184877,0.0,11.496025848923363,7.184868805555611e-07,34.17554801545793,0.7917453406341166,0.1281238009101019,26,237.03895483230767,1.1536264419555664,15.201691810213541,56.5,14.363636363636363,56.5,56.5
301.0,0.6317226042624404,1.3453582412016143,14.59090909090909,56.5,onshore,DK,45.844742693773824,50.13722998729352,-36.2690467678381,0.3600109704768476,338.3928779308016,28.28832969308417,-7.85665953764968e-07,25.48720003422565,0.7933122161082425,0.14243039293341045,27,171.4948187089444,1.1116169691085815,24.104633502380825,56.5,14.59090909090909,56.5,56.5
302.0,0.8024761839184474,0.6147786983264231,14.818181818181818,56.5,onshore,DK,45.844742693773824,50.13722998729352,-58.510991230893055,0.38583119988559067,195.3310947311297,27.166329585672788,-4.494281766106201e-07,23.966317393512945,0.7919212776961568,0.1382284729005221,26,190.311950672318,1.1224067211151123,36.98272640890913,56.5,14.818181818181818,56.5,56.5
303.0,0.7585618944001099,0.8622374748676783,15.045454545454545,56.5,onshore,DK,45.844742693773824,50.13722998729352,-98.8011098809378,0.36237363445326065,176.48855021899536,11.011335821095306,9.765784731259886e-08,22.401518280402442,0.7719990740707199,0.14041386493780741,23,230.04082707857918,1.4531646966934204,9.133530422552798,56.5,15.045454545454545,56.5,56.5
304.0,0.7830818186759572,0.6500736648456242,15.272727272727273,56.5,onshore,DK,45.844742693773824,50.13722998729352,-98.8011098809378,0.36237363445326065,176.48855021899536,11.011335821095306,9.765784731259886e-08,22.356122373045253,0.7763822711942556,0.13077881708449754,18,225.7600106173004,1.6944977045059204,0.0,56.5,15.272727272727273,56.5,56.5
305.0,0.8267345712922921,0.6438067035047172,15.5,56.5,onshore,DK,45.844742693773824,50.13722998729352,-98.8011098809378,0.36237363445326065,176.48855021899536,11.011335821095306,9.765784731259886e-08,21.652161700026646,0.8044892738849636,0.11469551955685935,14,208.84706124111176,1.7713545560836792,0.0,56.5,15.5,56.5,56.5
306.0,1.019757301743985,-0.071387700251561,8.0,56.75,onshore,DK,45.844742693773824,50.13722998729352,58.74896520305897,0.2373975002684978,291.83522783185686,52.36937455016499,-6.036037122337597e-07,13.919106904672628,0.8759075882694688,0.0725625179206434,17,-55.68877095668024,0.013279866427183151,59.91579807344025,56.75,8.0,56.75,56.75
307.0,0.9083197595840352,0.3443092515056656,8.227272727272727,56.75,onshore,DK,45.844742693773824,50.13722998729352,11.087774942663913,0.03522265962822662,8.779332378058513,47.17801471553506,1.9821481979678196e-07,0.7058453473423589,0.874910784901656,0.08513049780315887,21,-1.5376446579846377,0.08571404963731766,40.36504085626383,56.75,8.227272727272727,56.75,56.75
308.0,0.8693149867587302,0.4519350200220966,8.454545454545455,56.75,onshore,DK,45.844742693773824,50.13722998729352,21.913165500318662,0.42000187829527647,8.979498866873683,38.102840586765986,5.743715269392419e-07,2.5333657167271117,0.8860225266865251,0.09442576279280818,28,-10.57733686299093,0.2583853602409363,44.19946741491736,56.75,8.454545454545455,56.75,56.75
309.0,0.7975796053861626,0.7167993318329292,8.681818181818182,56.75,onshore,DK,45.844742693773824,50.13722998729352,68.313786694785,0.2880922076384945,110.42029035918634,47.16300023585659,-9.013128356301216e-07,4.534667924813042,0.8948713803608834,0.08753069832306126,31,-54.784373219617635,0.33840078115463257,46.76892131986217,56.75,8.681818181818182,56.75,56.75
310.0,0.67421382003552,1.1106139810604774,8.909090909090908,56.75,onshore,DK,45.844742693773824,50.13722998729352,-4.757811442517461,0.2981350812914782,285.8398563282099,49.30014045560997,6.271562065756614e-07,1.8309210077458147,0.8880225713716107,0.12728381998746416,31,18.02592263810923,0.21614964306354523,51.657291260658674,56.75,8.909090909090908,56.75,56.75
311.0,0.7009257852112845,1.0731235254192597,9.136363636363637,56.75,onshore,DK,45.844742693773824,50.13722998729352,-22.237676040626283,0.2335830512525521,318.6091033931286,60.62512526269197,5.476370178507332e-07,0.027242529748993032,0.8783260581629999,0.12981877992360502,30,39.07399732834941,0.3215339779853821,52.52066236141843,56.75,9.136363636363637,56.75,56.75
312.0,0.9540192827355186,0.1632338096871481,9.363636363636363,56.75,onshore,DK,45.844742693773824,50.13722998729352,-71.32109603086401,0.33109705816459706,143.41688705888512,45.76433723183324,1.8848526392590326e-06,5.6948270918769,0.8546471791252301,0.1323048976326094,31,88.15741731858714,0.3215339779853821,52.52066236141843,56.75,9.363636363636363,56.75,56.75
313.0,0.9651592066573076,0.1216858529194324,9.59090909090909,56.75,onshore,DK,45.844742693773824,50.13722998729352,4.100583162065673,0.42317369722765974,48.09031941003607,59.821753886502265,1.953437694653092e-07,15.685533062722719,0.8405880157399598,0.13610295129101035,31,20.90860424201727,0.5322709679603577,52.29677300541266,56.75,9.59090909090909,56.75,56.75
314.0,0.8358466081750956,0.5876304044033566,9.818181818181818,56.75,onshore,DK,45.844742693773824,50.13722998729352,96.63981779576284,0.29007819750653513,165.93134644290112,58.28093074467805,-1.6441027155691096e-06,7.2745292117277085,0.8392923035800869,0.14307195840088496,29,-65.00526329384323,0.5713439583778381,57.08259105248334,56.75,9.818181818181818,56.75,56.75
315.0,0.710814939639291,1.008666448056326,10.045454545454545,56.75,onshore,DK,45.844742693773824,50.13722998729352,-3.6488574468903954,0.18850533930635263,96.60855403783634,37.312112843262454,4.6426490073652473e-07,3.8170726761924962,0.8614742609341868,0.10366362724451361,29,33.53993622060517,0.509489119052887,32.09227021195215,56.75,10.045454545454545,56.75,56.75
316.0,0.9094654457496888,0.3190029186310378,10.272727272727273,56.75,onshore,DK,45.844742693773824,50.13722998729352,72.87924110286122,0.19884163799183993,144.34123998342676,50.687590655814915,-1.271286200299567e-06,2.4350819443829907,0.8330344786725229,0.11291872343063997,28,-55.15265976201087,0.21286995708942413,56.560811555958786,56.75,10.272727272727273,56.75,56.75
317.0,0.7355158483022508,0.8807198944552216,10.5,56.75,onshore,DK,45.844742693773824,50.13722998729352,14.217417486397977,0.3265904746924928,356.72244438013433,57.371417008044176,6.252204558149357e-08,11.607993325920027,0.8410377569332212,0.1243960771488824,29,-8.928983984004194,0.00012786308070644736,59.13120653430101,56.75,10.5,56.75,56.75
318.0,0.6443219138764313,1.2478322256791332,10.727272727272727,56.75,onshore,DK,45.844742693773824,50.13722998729352,-20.170750181614487,0.09179748266245338,82.99714079272049,38.897696678185056,-3.693372050727457e-07,15.614188190497277,0.8448436542012256,0.1385828774220366,28,18.53825821506628,0.00015957275172695518,37.25870119023284,56.75,10.727272727272727,56.75,56.75
319.0,0.8649139621382173,0.4688428556576307,10.954545454545455,56.75,onshore,DK,45.844742693773824,50.13722998729352,58.092430768827384,0.676864847000628,4.206601283716267,51.28856027811459,-9.269193669749029e-07,17.660723174101783,0.8198629714454073,0.166146200450215,27,-59.15611228532384,0.00018126884242519736,54.40217093936157,56.75,10.954545454545455,56.75,56.75
320.0,0.7326592039162373,0.839369220157674,11.181818181818182,56.75,onshore,DK,45.844742693773824,50.13722998729352,-26.221590395597314,0.0995339400305913,18.280160846731278,43.604740268798814,2.4403654346067916e-07,23.622336712073928,0.8106576350244901,0.16103287958243453,27,26.516601067564807,0.00020236888667568564,38.68282452930662,56.75,11.181818181818182,56.75,56.75
321.0,0.4291725354894827,1.9032852971680785,11.40909090909091,56.75,onshore,DK,45.844742693773824,50.13722998729352,-52.39006162664198,0.47149948853077445,178.32509395627056,40.19387784113934,7.608862418475053e-07,7.732065341936712,0.8242921967401781,0.14253091728510195,25,53.31562337874387,0.00021965423366054893,34.745266408419376,56.75,11.40909090909091,56.75,56.75
322.0,0.6029228411011867,1.393685923427322,11.636363636363637,56.75,onshore,DK,45.844742693773824,50.13722998729352,35.28597949761631,0.2302552691911743,155.95330967310917,33.05572624411698,-1.8895448790394416e-06,1.6197270587899895,0.7889824599620848,0.15245230713264402,28,-34.02502670983965,0.00022215762874111533,38.3937252372776,56.75,11.636363636363637,56.75,56.75
323.0,0.9882216706407264,0.0409898764764062,11.863636363636363,56.75,onshore,DK,45.844742693773824,50.13722998729352,-100.0,0.7408264303399054,15.601029965528838,53.434223511934725,5.644280570462484e-07,15.397014411851803,0.772541488286118,0.15143612132576217,29,101.26095278777666,0.00022215762874111533,38.3937252372776,56.75,11.863636363636363,56.75,56.75
324.0,0.7942050860742407,0.7292157286665489,12.09090909090909,56.75,onshore,DK,45.844742693773824,50.13722998729352,-72.4649305194901,0.5348734199763191,192.76681746850494,49.97749674874851,-2.4622376432200157e-07,22.709760621266796,0.7827797675255932,0.14959714893409726,27,70.9109089021437,0.0001956931664608419,55.82110698617561,56.75,12.09090909090909,56.75,56.75
325.0,0.4789086277128633,1.6798386970706298,12.318181818181818,56.75,onshore,DK,45.844742693773824,50.13722998729352,-100.0,0.26086891454954403,335.31830079009313,39.8887697095733,4.629546981821483e-07,12.288173242539715,0.7938776725401603,0.12206802556347163,28,94.81562933379391,0.10891968756914139,38.14139847514457,56.75,12.318181818181818,56.75,56.75
326.0,0.6397756209875086,1.3656937328312784,12.545454545454545,56.75,onshore,DK,45.844742693773824,50.13722998729352,-92.88306439907163,0.34739473013466077,168.65035904971384,36.718195617872304,6.027472993776997e-07,4.401859799458672,0.7986963888699434,0.12933769483980784,27,106.7880999011289,0.5841780304908752,37.356997314444044,56.75,12.545454545454545,56.75,56.75
327.0,0.7686546397887314,0.7506422213336025,12.772727272727273,56.75,onshore,DK,45.844742693773824,50.13722998729352,-100.0,0.1997971457900189,231.32833879246036,30.38225753085263,1.1808102944419183e-06,7.488719670679921,0.7806965057178845,0.1430263546856623,26,143.6277714771354,0.9301252961158752,24.679476956855915,56.75,12.772727272727273,56.75,56.75
328.0,0.6075728203988405,1.4871493497404575,13.0,56.75,onshore,DK,45.844742693773824,50.13722998729352,6.5378656304255,0.4142828757458691,286.63956832540566,59.55737171645661,-1.341026139800618e-06,11.473997905289577,0.792500956742076,0.1380039567105651,27,83.10260832411046,0.9760556817054749,57.00851366368915,56.75,13.0,56.75,56.75
329.0,0.9692531567769987,0.1067386322968873,13.227272727272727,56.75,onshore,DK,45.844742693773824,50.13722998729352,-60.96019833093601,0.26936960963416196,255.9329763331121,42.141961706937856,2.852601764329718e-07,25.49046748014749,0.7876048691522931,0.12102542483313018,26,193.39409881236952,0.9420961737632751,35.75232357362749,56.75,13.227272727272727,56.75,56.75
330.0,0.8426504496212704,0.5593418223304631,13.454545454545453,56.75,onshore,DK,45.844742693773824,50.13722998729352,26.44095252559238,0.0965697687024996,115.1323857986962,43.84362911152728,-1.4394877559898934e-06,39.95026724835697,0.7961325041321382,0.12239140895745076,27,124.80312714547266,0.9892836213111877,38.00055012518544,56.75,13.454545454545453,56.75,56.75
331.0,0.8352196536501377,0.5769506867865148,13.681818181818182,56.75,onshore,DK,45.844742693773824,50.13722998729352,-66.74441359924515,0.15171691626528105,321.6229108573174,29.863616063207868,7.068542306453151e-07,55.41663586254921,0.8137152432272946,0.11575654866128762,29,224.89069738690455,1.1693861484527588,36.27090206420498,56.75,13.681818181818182,56.75,56.75
332.0,0.6833587748074688,0.9580783018278048,13.90909090909091,56.75,onshore,DK,45.844742693773824,50.13722998729352,-30.779975284531112,0.3094903036332381,311.2683953293651,37.01873250152301,-6.596174608058007e-07,65.0320429880495,0.8349628427446982,0.09797247450163389,31,187.86710852128883,1.1985197067260742,34.87305205275534,56.75,13.90909090909091,56.75,56.75
333.0,0.7185464400438505,0.9833488737917708,14.136363636363637,56.75,onshore,DK,45.844742693773824,50.13722998729352,-86.74952920088253,0.2220902673137548,205.77023746710353,28.094232531821568,5.687136837132921e-07,56.94261042539693,0.8132016834814484,0.11617303954526216,31,250.19833729602718,1.2502790689468384,35.32686356208681,56.75,14.136363636363637,56.75,56.75
334.0,0.807076357689285,0.696698109247591,14.363636363636363,56.75,onshore,DK,45.844742693773824,50.13722998729352,-100.0,0.3207282358013219,112.50055764737247,32.80825658218129,1.6827983355191682e-07,48.55955979593798,0.8043274124535744,0.12471111915115897,32,263.4488080951446,1.2502790689468384,35.32686356208681,56.75,14.363636363636363,56.75,56.75
335.0,0.8170377386631523,0.6603341831896852,14.59090909090909,56.75,onshore,DK,45.844742693773824,50.13722998729352,-100.0,0.018576207192572608,270.0,31.08219219261614,1.2900445437028086e-07,42.76107640373615,0.8056517146414934,0.12983038560151905,32,266.4139516456945,1.2127244472503662,35.912288896098346,56.75,14.59090909090909,56.75,56.75
336.0,0.6243381766908268,1.3282449157656957,14.818181818181818,56.75,onshore,DK,45.844742693773824,50.13722998729352,-100.0,0.16420025249436543,0.0,32.743766467844466,5.330143948839088e-07,41.76787027857333,0.8008827744788986,0.12550931224966902,28,267.2345045358252,1.1017898321151733,30.982373537821932,56.75,14.818181818181818,56.75,56.75
337.0,0.5463523543651481,1.6411647362029582,15.045454545454545,56.75,onshore,DK,45.844742693773824,50.13722998729352,-63.4188554928805,0.3338853373188368,349.59771344231893,18.974484131109477,4.044873475790953e-07,40.244282026577565,0.8242142076425456,0.1051930545039127,26,239.7853967078979,1.3406306505203247,15.126182555627002,56.75,15.045454545454545,56.75,56.75
338.0,0.7576612706572095,0.8558908221519324,15.272727272727273,56.75,onshore,DK,45.844742693773824,50.13722998729352,-63.4188554928805,0.3338853373188368,349.59771344231893,18.974484131109477,4.044873475790953e-07,40.21902055866529,0.8139343682098777,0.12457437197402858,20,240.93496740737223,1.655100703239441,0.0,56.75,15.272727272727273,56.75,56.75
339.0,0.8871881734350868,0.392577657934122,15.5,56.75,onshore,DK,45.844742693773824,50.13722998729352,-63.4188554928805,0.3338853373188368,349.59771344231893,18.974484131109477,4.044873475790953e-07,39.210133908678884,0.7835468007331994,0.13363746774316784,13,233.74158651277517,1.7609494924545288,0.0,56.75,15.5,56.75,56.75
340.0,0.7883162371301664,0.7631153134132856,8.0,57.0,onshore,DK,45.844742693773824,50.13722998729352,8.536323179033182,0.30926100277653856,153.2135220277972,19.834814430928848,1.1457652285642446e-06,22.23953527259611,0.8574210991240867,0.1044995386172752,15,-5.696403567723509,0.00017614284297451377,29.742293859015668,57.0,8.0,57.0,57.0
341.0,0.8604476188136669,0.5001399810228816,8.227272727272727,57.0,onshore,DK,45.844742693773824,50.13722998729352,165.62816343546655,0.3734769566977941,321.4367205857432,54.50866475104395,-1.9197653395807664e-06,10.410622452590832,0.8473086776606923,0.10312520710983336,19,-159.86094130494797,0.06722111254930496,56.15066167788393,57.0,8.227272727272727,57.0,57.0
342.0,0.9240490034229658,0.2753019612306967,8.454545454545455,57.0,onshore,DK,45.844742693773824,50.13722998729352,-53.63687278592653,0.4346379485525782,174.2142610122546,45.191843100090935,1.6487210233135404e-06,0.41803522415022504,0.8474484755766665,0.10637736017222967,25,60.905388044067685,0.25583022832870483,47.40339362590487,57.0,8.454545454545455,57.0,57.0
343.0,0.7778130846011482,0.683069453935548,8.681818181818182,57.0,onshore,DK,45.844742693773824,50.13722998729352,19.615118593459233,0.17846112363220368,117.26909301317593,57.46532637286089,1.1918076472472408e-07,3.2532856901994585,0.8681948292963664,0.10371226082581894,30,-13.630410114391456,0.06720954924821854,49.74366246359652,57.0,8.681818181818182,57.0,57.0
344.0,0.890996387081608,0.3958718275755319,8.909090909090908,57.0,onshore,DK,45.844742693773824,50.13722998729352,92.36143694121992,0.5341663383396279,349.49868866703116,50.58686409373998,-1.6932527775647462e-06,0.6942317451094636,0.8756311387821991,0.0876118111207066,31,-87.83062071893708,0.0001422874047420919,41.62664495920783,57.0,8.909090909090908,57.0,57.0
345.0,1.021213569355211,-0.0794225708548383,9.136363636363637,57.0,onshore,DK,45.844742693773824,50.13722998729352,-17.913224692859256,0.10773586428892504,51.05953427968819,44.6412859912737,1.0171393064407464e-06,3.152783617388386,0.8555881072391576,0.0920163511125131,34,27.760108328580934,0.23606009781360626,63.283745501460515,57.0,9.136363636363637,57.0,57.0
346.0,0.9510448400244456,0.1694869491022381,9.363636363636363,57.0,onshore,DK,45.844742693773824,50.13722998729352,132.8051180806957,0.43470068694122155,272.25203045984824,66.53238540437904,-1.2345675800685005e-06,0.7675922559821756,0.843762952542187,0.10345539179130737,34,-122.95823444497402,0.23606009781360626,63.283745501460515,57.0,9.363636363636363,57.0,57.0
347.0,0.9445265346941344,0.1691801745615182,9.59090909090909,57.0,onshore,DK,45.844742693773824,50.13722998729352,28.490147884545415,0.335067799486011,322.3366765112907,55.26932138047731,8.644515614115974e-07,0.36056590215578493,0.8489702964801552,0.10318051075469677,34,-10.253708437206107,0.50644451379776,66.83776077330292,57.0,9.59090909090909,57.0,57.0
348.0,0.8085489280712667,0.6748808630633533,9.818181818181818,57.0,onshore,DK,45.844742693773824,50.13722998729352,59.881667490390456,0.25894536059252404,146.5805143601853,41.12945590350912,-8.418211501774487e-07,3.7365491471249648,0.8478883794903584,0.10470654273281874,33,-39.48271268357569,0.5353667140007019,44.644392653243315,57.0,9.818181818181818,57.0,57.0
349.0,0.761311099488176,0.8448648502195956,10.045454545454545,57.0,onshore,DK,45.844742693773824,50.13722998729352,-14.760312114881827,0.18268499954258818,265.004788541242,24.449879860850714,3.465048803084701e-07,4.083833128710641,0.8391388641369141,0.10616229451822924,31,39.88700587944465,0.6751145720481873,27.815370455848576,57.0,10.045454545454545,57.0,57.0
350.0,0.8048634514107798,0.6484282656210406,10.272727272727273,57.0,onshore,DK,45.844742693773824,50.13722998729352,-5.689386362942468,0.1046597423055304,142.0994511725331,40.427703652542014,-3.3082052027937516e-07,0.15253661080841377,0.8287795875837686,0.10030600870255778,31,21.227162785701516,0.29942041635513306,37.200146005381164,57.0,10.272727272727273,57.0,57.0
351.0,0.8139452748354182,0.6599737865604068,10.5,57.0,onshore,DK,45.844742693773824,50.13722998729352,-100.0,0.3029441086469571,36.53690536078626,62.953197464783216,1.64764160581624e-06,9.808347916728394,0.8040571285443882,0.09998021483071687,27,101.52942494697476,0.00011701503535732627,59.98698753882164,57.0,10.5,57.0,57.0
352.0,0.8473654318352036,0.54823260520753,10.727272727272727,57.0,onshore,DK,45.844742693773824,50.13722998729352,42.299988049272166,0.20062175868968662,26.513874262881806,58.58773569530751,-1.5841317799168856e-06,20.92559607940231,0.7965835570657369,0.11917971329771444,27,-40.62278391674475,0.00013883033534511924,56.340286423354954,57.0,10.727272727272727,57.0,57.0
353.0,0.8397982293009463,0.5830412195883676,10.954545454545455,57.0,onshore,DK,45.844742693773824,50.13722998729352,60.85837850203994,0.12639365072861156,181.2097996677035,51.229329937739735,-1.6881211296083313e-06,14.497349749885585,0.8071008103753142,0.12829411095989413,26,-60.44546314294688,0.000164579541888088,56.17343846036345,57.0,10.954545454545455,57.0,57.0
354.0,0.8854338974233462,0.4012935349805349,11.181818181818182,57.0,onshore,DK,45.844742693773824,50.13722998729352,-100.0,0.32321976582197526,126.82187052128037,66.86588644249237,1.246167456640727e-06,18.090385027143412,0.8233669321333766,0.1304558639917236,29,98.6132755738453,0.00018305698176845908,68.22353139147617,57.0,11.181818181818182,57.0,57.0
355.0,0.9518956240887092,0.1559438726265017,11.40909090909091,57.0,onshore,DK,45.844742693773824,50.13722998729352,-93.1639839437072,0.4718867356777129,355.5688728299026,65.8288247130491,4.993748284876124e-07,21.87834367868453,0.8348897905516784,0.12731918122884192,31,92.53408014437206,0.0002051107003353536,35.31366678479373,57.0,11.40909090909091,57.0,57.0
356.0,0.8246022903119326,0.6256657560878528,11.636363636363637,57.0,onshore,DK,45.844742693773824,50.13722998729352,-69.66765136990225,0.2050951618182155,118.22790566603905,32.910215484125416,6.963786314840797e-07,19.368130227872523,0.8166832813176705,0.15195855534545266,28,69.3348992482552,0.00019032874843105674,44.59001465941872,57.0,11.636363636363637,57.0,57.0
357.0,0.7899018876980094,0.7346169409649583,11.863636363636363,57.0,onshore,DK,45.844742693773824,50.13722998729352,-98.68504857418435,0.3383109073589884,145.65591452001607,48.30967835578192,1.2934910908288925e-06,24.004011887988213,0.806582318545021,0.15484149008672088,28,98.3522964525373,0.00019032874843105674,44.59001465941872,57.0,11.863636363636363,57.0,57.0
358.0,0.8022142164647785,0.7015314424196945,12.09090909090909,57.0,onshore,DK,45.844742693773824,50.13722998729352,-20.57811521449363,0.3198711468615765,173.55331609406133,38.2956886963217,-1.8778309343488644e-07,11.291478751552843,0.8045833981497608,0.15388807561757545,30,22.759600880470288,0.00015981117030605674,34.727904476465056,57.0,12.09090909090909,57.0,57.0
359.0,0.5689423504690823,1.5227787613799866,12.318181818181818,57.0,onshore,DK,45.844742693773824,50.13722998729352,16.330230500924586,0.33759465088732454,289.2478119103445,43.98070288384129,-1.0261244703467302e-06,1.7219923694166583,0.807865875329808,0.1367483159453115,30,12.872938155675783,0.7232868075370789,42.89547440170847,57.0,12.318181818181818,57.0,57.0
360.0,0.7660530622205775,0.8276538725653709,12.545454545454545,57.0,onshore,DK,45.844742693773824,50.13722998729352,-74.42939600825014,0.5379390811672164,345.63666637835644,50.44508660452529,9.68549293800615e-07,9.383036599122354,0.8115913776715665,0.13150194450711875,33,119.26847881494254,1.2233901023864746,53.244461607224984,57.0,12.545454545454545,57.0,57.0
361.0,0.6151777815109478,1.16081821044998,12.772727272727273,57.0,onshore,DK,45.844742693773824,50.13722998729352,-14.782049629303664,0.207062827959174,324.87878891847384,37.42034153460419,-2.0317401070459605e-07,17.883497562873774,0.7902306248487952,0.125879122686269,30,103.569307908762,1.3076884746551514,36.46176939563844,57.0,12.772727272727273,57.0,57.0
362.0,0.6195285346775967,1.3877974412926903,13.0,57.0,onshore,DK,45.844742693773824,50.13722998729352,-97.44792499766663,0.11289479636196711,248.70493532293153,40.23293854297453,7.158302672068719e-07,26.707403245800553,0.7847530655276197,0.12260554743975538,29,227.61295690522428,1.3162546157836914,37.00029441252259,57.0,13.0,57.0,57.0
363.0,0.766866835316508,0.8192438444145679,13.227272727272727,57.0,onshore,DK,45.844742693773824,50.13722998729352,-93.90228851795638,0.42171672943797306,175.0899871508488,32.83885772681668,2.3453201789272215e-10,35.63933276818243,0.8015432840949007,0.10650167895741054,29,238.25810550502638,1.3011540174484253,28.300120512914873,57.0,13.227272727272727,57.0,57.0
364.0,0.7425759964735267,0.9706836320162854,13.454545454545453,57.0,onshore,DK,45.844742693773824,50.13722998729352,-100.0,0.3117562365719255,317.02202408121025,32.50532067341922,2.961035888956329e-07,48.2566590245587,0.7934230506043171,0.10036598954145755,30,267.6555358003243,1.2349714040756226,32.95696755499205,57.0,13.454545454545453,57.0,57.0
365.0,0.7992003278037721,0.7389676653621334,13.681818181818182,57.0,onshore,DK,45.844742693773824,50.13722998729352,-65.17797849452096,0.2906553802953219,184.89078136964105,19.51773849376513,-1.7588290459209166e-07,62.53431418088566,0.8055811022173152,0.09736537373452356,29,227.54214313343948,1.2553894519805908,16.769463735662757,57.0,13.681818181818182,57.0,57.0
366.0,0.9161549288374846,0.2896635877556971,13.90909090909091,57.0,onshore,DK,45.844742693773824,50.13722998729352,-48.71377925395753,0.010045651225341326,325.75363284913254,22.987872227182912,-5.7636579412597e-07,76.90552428231751,0.819286914119598,0.08409564164348812,32,213.2759103238183,1.1599169969558716,25.67653425587599,57.0,13.90909090909091,57.0,57.0
367.0,0.665156650085254,1.0936069569531777,14.136363636363637,57.0,onshore,DK,45.844742693773824,50.13722998729352,-100.0,0.05778882166957567,17.380381191961916,30.340513818788462,5.861653086726699e-07,72.35620711764315,0.8200531090370758,0.09658934424833972,33,280.9146348555572,1.2249335050582886,12.855196900315411,57.0,14.136363636363637,57.0,57.0
368.0,0.8881297467158061,0.4143143110478525,14.363636363636363,57.0,onshore,DK,45.844742693773824,50.13722998729352,-72.7158379588716,0.14776918969897399,180.0,20.80830068310004,1.7524149265481972e-07,64.69149543743362,0.8070800061076575,0.1129164667370368,32,253.6304728144288,1.2249335050582886,12.855196900315411,57.0,14.363636363636363,57.0,57.0
369.0,0.687937567097109,1.0850204114333375,14.59090909090909,57.0,onshore,DK,45.844742693773824,50.13722998729352,-53.76685038212926,0.1060907431469692,90.0,22.3701784975037,-5.872248013614436e-07,60.32765784350253,0.8180858278922505,0.11498794332736534,33,243.15907123800258,1.3035084009170532,22.885559118023863,57.0,14.59090909090909,57.0,57.0
370.0,0.6208205076718276,1.318667960507208,14.818181818181818,57.0,onshore,DK,45.844742693773824,50.13722998729352,-100.0,0.0,90.0,22.962185214265638,2.837550875163089e-07,59.62166088542853,0.8247212233111922,0.11019267598386187,32,304.8855340668067,1.4336700439453125,20.67115125689036,57.0,14.818181818181818,57.0,57.0
371.0,0.6737169138112111,1.2322759342985414,15.045454545454545,57.0,onshore,DK,45.844742693773824,50.13722998729352,-100.0,0.020852644298536824,270.0,27.46714897653876,0.0,58.115337768119886,0.8300277395521802,0.1174704877024076,25,314.79789264491444,1.5298515558242798,21.89393157154913,57.0,15.045454545454545,57.0,57.0
372.0,0.9963313840179652,0.0150050792935258,15.272727272727273,57.0,onshore,DK,45.844742693773824,50.13722998729352,-100.0,0.020852644298536824,270.0,27.46714897653876,0.0,58.09784731611224,0.8040977987992578,0.12031243213315326,21,309.482621884767,1.6366150379180908,0.0,57.0,15.272727272727273,57.0,57.0
373.0,0.8548882372796944,0.4298629838980805,15.5,57.0,onshore,DK,45.844742693773824,50.13722998729352,-100.0,0.020852644298536824,270.0,27.46714897653876,0.0,56.9449160719556,0.8170754965735577,0.13825349460202535,16,312.9516486421204,1.7796745300292969,0.0,57.0,15.5,57.0,57.0
374.0,0.5875849103040379,1.4878482124333627,8.0,57.25,onshore,DK,45.844742693773824,50.13722998729352,63.425404974367694,0.27805732419439233,33.80209935074455,45.61205766582812,-8.547693057486117e-07,34.58598649912714,0.7852924208304793,0.11393972404897218,12,-64.82965577293295,0.00026006618281826377,46.873656204029096,57.25,8.0,57.25,57.25
375.0,0.9966115605824454,0.0145374460309577,8.227272727272727,57.25,onshore,DK,45.844742693773824,50.13722998729352,86.60839612965817,0.2421848678846705,188.95559588558493,47.41941913320152,-6.337887770239749e-07,23.73306475040446,0.7752834956723935,0.10489195520699736,16,-84.3420668881486,0.000244688184466213,38.986128636009894,57.25,8.227272727272727,57.25,57.25
376.0,0.758369378387936,0.8886352620862749,8.454545454545455,57.25,onshore,DK,45.844742693773824,50.13722998729352,37.29912122600983,0.25895538788352884,187.3720855120013,29.888059688738817,-5.106792914769042e-07,13.93891865081018,0.8076255557696242,0.12182133949659384,20,-33.51476913775849,0.00024099269649013877,26.873091704357957,57.25,8.454545454545455,57.25,57.25
377.0,0.7715647930213833,0.703305448538967,8.681818181818182,57.25,onshore,DK,45.844742693773824,50.13722998729352,65.4951222248572,0.6435127700383605,304.2173976603621,67.08345248005598,-1.121395272687284e-06,9.337431288015258,0.818855678251347,0.1244683382401263,26,-63.12602470875843,0.00024099269649013877,73.13139225824472,57.25,8.681818181818182,57.25,57.25
378.0,0.8598938815933922,0.4354840685035335,8.909090909090908,57.25,onshore,DK,45.844742693773824,50.13722998729352,-70.01880704332459,0.14619568767532293,161.59913346084954,51.164987449890354,1.994776657456202e-06,7.703851618263444,0.8468199930690661,0.10772967624510418,29,70.85355032020813,0.00022859493037685752,32.75033975664512,57.25,8.909090909090908,57.25,57.25
379.0,0.7041433302458381,1.070740979869233,9.136363636363637,57.25,onshore,DK,45.844742693773824,50.13722998729352,26.23871581987655,0.1789738765243562,218.64825796855618,38.27940892924227,-1.361360753741408e-06,7.231796441483495,0.8354786025948443,0.1191249564629202,33,-21.811066198828588,0.2156720906496048,56.87222531902285,57.25,9.136363636363637,57.25,57.25
380.0,0.9705886874747496,0.1022955742968474,9.363636363636363,57.25,onshore,DK,45.844742693773824,50.13722998729352,15.53594846237952,0.9068341140638129,26.39715345845545,66.58302549465144,-2.6502991319248807e-07,6.620609516253619,0.8287030433115836,0.11689802742889553,34,-11.108298841331557,0.2156720906496048,56.87222531902285,57.25,9.363636363636363,57.25,57.25
381.0,0.8231082948764261,0.6166888504019821,9.59090909090909,57.25,onshore,DK,45.844742693773824,50.13722998729352,-21.329595229740402,0.25803269493755776,128.4017430186765,62.11790975676915,1.5487179482854715e-07,0.5379610413206704,0.8355805143505658,0.1162743030663253,35,28.621611759977537,0.33913689851760864,59.24435351874982,57.25,9.59090909090909,57.25,57.25
382.0,0.572037142298277,1.5292933159919322,9.818181818181818,57.25,onshore,DK,45.844742693773824,50.13722998729352,-43.21747134762622,0.32140541001454154,174.89954984259873,44.846291734335885,7.923378450955886e-07,10.401526172085283,0.8336244885753915,0.1121321448721166,32,58.09123725201253,0.6181342005729675,43.40331850770533,57.25,9.818181818181818,57.25,57.25
383.0,0.6352574949940355,1.2667012244859843,10.045454545454545,57.25,onshore,DK,45.844742693773824,50.13722998729352,29.324124273824594,0.09347916975032235,224.47935947868615,31.273869465849714,-1.0222000186800182e-06,11.70889161464343,0.8270233237529809,0.11676595585539,31,-8.339629297838911,0.8171836733818054,30.199555337594216,57.25,10.045454545454545,57.25,57.25
384.0,0.7930030735586363,0.7237221863868907,10.272727272727273,57.25,onshore,DK,45.844742693773824,50.13722998729352,21.537042184290115,0.49639035183179536,343.01304749537803,40.67002179569581,-4.3700912591805456e-07,12.474629085655524,0.822478472008351,0.11084783442667878,30,-7.663872813888398,0.4026450514793396,43.36467327771426,57.25,10.272727272727273,57.25,57.25
385.0,0.7396074850185267,0.8682208590501551,10.5,57.25,onshore,DK,45.844742693773824,50.13722998729352,-3.4442795250024734,0.7154185695793932,218.8746436886613,63.94037749275719,-2.9235424839734903e-07,2.462990323136227,0.8261487868998723,0.11964970445629218,28,12.324822718269287,0.00011546531459316611,61.52597313685383,57.25,10.5,57.25,57.25
386.0,0.6793565555623304,1.1630392487492045,10.727272727272727,57.25,onshore,DK,45.844742693773824,50.13722998729352,-31.684140826105075,0.6656177292180394,356.75140231849224,61.73518839388705,3.7397826188251845e-07,9.198700930226044,0.8363648646317211,0.10478725620291655,23,36.28665584461292,0.00014383712550625205,56.6915314740867,57.25,10.727272727272727,57.25,57.25
387.0,0.8999507031341665,0.3799523290482277,10.954545454545455,57.25,onshore,DK,45.844742693773824,50.13722998729352,-57.53304739826211,0.32700835752735663,201.56270093312324,40.187893768931666,9.959932540952984e-07,1.1805063758089458,0.8280640746404903,0.11321966002016888,22,60.096926644105494,0.00017161288997158408,45.38579416309987,57.25,10.954545454545455,57.25,57.25
388.0,0.7045308626009515,0.9418432685973448,11.181818181818182,57.25,onshore,DK,45.844742693773824,50.13722998729352,-100.0,0.41396626184868995,320.98978470726365,63.60283132784145,9.58895314179842e-07,3.2070761907740213,0.8532834262105059,0.10636469133487567,25,99.38403763326416,0.0001880637719295919,64.0520902178018,57.25,11.181818181818182,57.25,57.25
389.0,0.6900632942028034,1.1283526716911512,11.40909090909091,57.25,onshore,DK,45.844742693773824,50.13722998729352,-2.6192948842836117,0.21470862957625397,150.90242053721244,57.6348311291725,-1.003153356071491e-06,15.674368720677506,0.863879084052754,0.10513318359133578,26,0.08060979878040708,0.00019581237575039268,27.16266938844838,57.25,11.40909090909091,57.25,57.25
390.0,1.015113946642921,-0.0399772801791603,11.636363636363637,57.25,onshore,DK,45.844742693773824,50.13722998729352,-39.88873794895609,0.2105533383938081,205.08674256605235,32.558895630628435,2.6874074684311935e-07,21.71668579390473,0.83538057104244,0.1142862426804919,26,44.0522970039086,0.21772797405719757,34.03588146554218,57.25,11.636363636363637,57.25,57.25
391.0,0.8719498441255515,0.4708767589882649,11.863636363636363,57.25,onshore,DK,45.844742693773824,50.13722998729352,-20.76997843964268,0.16896070338682392,188.62939299421924,31.679428111620922,-4.2601881363854816e-07,9.378335863957437,0.8298048395809299,0.12600120809288393,27,24.93353749459519,0.21772797405719757,34.03588146554218,57.25,11.863636363636363,57.25,57.25
392.0,1.0045797775570493,-0.0139251498280769,12.09090909090909,57.25,onshore,DK,45.844742693773824,50.13722998729352,35.8619460061073,0.11831164759511861,135.8674325756628,43.71680070964515,-9.453471518708121e-07,0.29853890173674946,0.8034744286159174,0.12467981589209054,30,-27.97562612049397,0.2185874730348587,37.95468164507419,57.25,12.09090909090909,57.25,57.25
393.0,0.6887796675443848,1.090019252400014,12.318181818181818,57.25,onshore,DK,45.844742693773824,50.13722998729352,-38.31223473614562,0.3640167007562699,7.295422748539778,38.574039452963106,3.4829744376662697e-07,9.468560059612626,0.8003628655354378,0.13236963647493472,31,79.26603944073383,1.0581477880477905,37.56717413762295,57.25,12.318181818181818,57.25,57.25
394.0,0.8795063727891321,0.4478299008879431,12.545454545454545,57.25,onshore,DK,45.844742693773824,50.13722998729352,-60.1846592448217,0.3041391473410469,145.25748173694114,36.24466148032829,-2.0380061442514486e-07,22.33848850129355,0.8061014047197382,0.12698542823801368,33,135.6331531399082,1.6642802953720093,35.67187756680301,57.25,12.545454545454545,57.25,57.25
395.0,0.7166884535194404,1.01611754306448,12.772727272727273,57.25,onshore,DK,45.844742693773824,50.13722998729352,5.780678070976194,0.14124880968245046,330.89010275984236,37.1853470123551,-9.817904356230175e-07,32.986967279913245,0.7856439628506671,0.1260915521115339,30,111.1332213142624,1.6714116334915161,40.11859060142477,57.25,12.772727272727273,57.25,57.25
396.0,0.7092325481102786,0.9732249166292428,13.0,57.25,onshore,DK,45.844742693773824,50.13722998729352,-39.071476854790546,0.1765795253515139,346.6364500844114,26.933210982160674,-2.2077211272223235e-07,42.053340008117594,0.7792329327076776,0.11964209399079084,30,195.65034529164208,1.6376901865005493,30.46125649934731,57.25,13.0,57.25,57.25
397.0,0.8546405245485114,0.5232827430192662,13.227272727272727,57.25,onshore,DK,45.844742693773824,50.13722998729352,-100.0,0.2190835384471548,166.0840610287271,29.501455406117017,9.57430999363618e-07,49.93578397414061,0.7870378115407427,0.11381664919218779,31,265.70851515616954,1.6514145135879517,33.208107283806,57.25,13.227272727272727,57.25,57.25
398.0,0.6312068427631603,1.296810547274993,13.454545454545453,57.25,onshore,DK,45.844742693773824,50.13722998729352,-100.0,0.29174811104062687,56.57914949238304,44.12904661343755,1.1287576669674321e-07,59.813274707854326,0.7923578422019866,0.10692976931365232,32,277.12694678164814,1.6625252962112427,43.80261859977442,57.25,13.454545454545453,57.25,57.25
399.0,0.8911141186101252,0.3708993172403094,13.681818181818182,57.25,onshore,DK,45.844742693773824,50.13722998729352,-100.0,0.6218774231021374,158.44200478915423,40.035381944353,3.0746492089232685e-07,71.86870298875382,0.8062818452290726,0.1000342090367869,30,285.5169009199115,1.5621060132980347,36.219825004466195,57.25,13.681818181818182,57.25,57.25
400.0,0.7883272453933585,0.7450571022545461,13.90909090909091,57.25,onshore,DK,45.844742693773824,50.13722998729352,-76.74212312055535,0.5653867881218668,353.3594410259979,36.68020091781659,-2.758331664742418e-07,85.33189699784812,0.8089437541694104,0.1056950762922912,30,268.54820344933734,1.4036424160003662,40.487104242509076,57.25,13.90909090909091,57.25,57.25
401.0,0.7037258782254918,1.128353333989864,14.136363636363637,57.25,onshore,DK,45.844742693773824,50.13722998729352,-100.0,0.5463799457029068,175.5210926170329,40.9598824873212,5.387429625625073e-07,87.76329690557249,0.8175152729545584,0.11100934468107286,33,312.36093022655547,1.460925817489624,30.08367834658032,57.25,14.136363636363637,57.25,57.25
402.0,0.8893521819724558,0.3539266219876263,14.363636363636363,57.25,onshore,DK,45.844742693773824,50.13722998729352,-91.3977962515774,0.14653215092818375,105.29596753395873,20.102593498417946,-6.210225565302922e-08,81.55958041343698,0.8130087809257637,0.11851785942977265,35,303.75872647813287,1.460925817489624,30.08367834658032,57.25,14.363636363636363,57.25,57.25
403.0,0.7140852689761881,1.0681282702170425,14.59090909090909,57.25,onshore,DK,45.844742693773824,50.13722998729352,-100.0,0.15141415735656583,224.48039036292835,14.297916445418583,1.779873287640239e-07,78.04075722010546,0.8217052019516347,0.12206001175493768,34,330.7640195842872,1.5022192001342773,21.709671845547437,57.25,14.59090909090909,57.25,57.25
404.0,0.9778274512213478,0.0796010854383361,14.818181818181818,57.25,onshore,DK,45.844742693773824,50.13722998729352,-100.0,0.0,90.0,22.522271694461928,2.4829464026096714e-08,77.49159145865138,0.7978133480443235,0.12925846333662772,29,328.1968043527861,1.5362029075622559,22.60975447183764,57.25,14.818181818181818,57.25,57.25
405.0,0.7233818039485346,0.8952527056190013,15.045454545454545,57.25,onshore,DK,45.844742693773824,50.13722998729352,-100.0,0.056707929525901056,90.0,30.262580282034598,0.0,75.9947338497793,0.8153284254531518,0.1368421765499442,25,334.92653303179475,1.6130146980285645,26.490672922009892,57.25,15.045454545454545,57.25,57.25
406.0,0.8410535909472451,0.5248155931108763,15.272727272727273,57.25,onshore,DK,45.844742693773824,50.13722998729352,-100.0,0.056707929525901056,90.0,30.262580282034598,0.0,75.9813592387134,0.7873191522122449,0.1442603755818782,20,324.89268482675027,1.6992741823196411,0.0,57.25,15.272727272727273,57.25,57.25
407.0,0.8389716967059847,0.56904463838791,15.5,57.25,onshore,DK,45.844742693773824,50.13722998729352,-100.0,0.056707929525901056,90.0,30.262580282034598,0.0,68.64170906429155,0.806835697771178,0.14201467579126067,15,309.85386231855426,1.7695375680923462,0.0,57.25,15.5,57.25,57.25
408.0,0.5832277351217197,1.473176765202156,8.0,57.5,onshore,DK,45.844742693773824,50.13722998729352,-54.76122652718429,0.45560797699316813,164.5212826950504,35.21945145648001,1.344462808753978e-06,42.06852943969162,0.854052554528887,0.1685452759233798,13,56.2798966547253,0.0002794972970150411,33.576020298072855,57.5,8.0,57.5,57.5
409.0,0.7898392355891126,0.7449787795605243,8.227272727272727,57.5,onshore,DK,45.844742693773824,50.13722998729352,52.327847708107846,0.2148684770158287,105.27954612498075,51.13140568298,-1.2787136676458303e-06,38.10840692537158,0.844581976734918,0.15587509159284302,19,-51.426185554747626,0.00030155101558193564,51.78414006840022,57.5,8.227272727272727,57.5,57.5
410.0,0.6231687008256643,1.038111808331734,8.454545454545455,57.5,onshore,DK,45.844742693773824,50.13722998729352,-76.01522943984895,0.1828805764502777,301.47418758598576,54.41505783404314,8.9364928051882e-07,29.41151904984177,0.8470403444787198,0.13915518118441803,23,75.53987637904328,0.000313352735247463,52.65624187574273,57.5,8.454545454545455,57.5,57.5
411.0,0.6804290143252804,1.1301276529732254,8.681818181818182,57.5,onshore,DK,45.844742693773824,50.13722998729352,32.09448313549315,0.1197583193758117,4.167475723486945,40.33700304051521,-4.669593660220566e-07,27.085969298359274,0.8323719727478937,0.1481030641780226,28,-33.83372664308749,0.0003302804543636739,40.669841546974276,57.5,8.681818181818182,57.5,57.5
412.0,0.755044053827447,0.85911559309908,8.909090909090908,57.5,onshore,DK,45.844742693773824,50.13722998729352,126.94379089765982,0.23361040247981332,330.64375346683914,43.57731840376635,-1.927523726992691e-06,24.786581542755794,0.8262429487411652,0.12325855982267854,28,-129.3335018176733,0.00035364547511562705,54.73448528855203,57.5,8.909090909090908,57.5,57.5
413.0,0.8998004211737947,0.3571449486311642,9.136363636363637,57.5,onshore,DK,45.844742693773824,50.13722998729352,-42.59955013617436,0.5410886187922109,192.67011486184924,35.75868731721823,2.3890541619691867e-06,25.064028289049123,0.8029639602175483,0.12940813969906848,31,41.44704177768802,0.00029261031886562705,56.94250206971565,57.5,9.136363636363637,57.5,57.5
414.0,0.593534823152512,1.4239917315612594,9.363636363636363,57.5,onshore,DK,45.844742693773824,50.13722998729352,51.915952855627715,0.5061222982690095,165.863180099115,48.10390433100806,-9.960181066018736e-07,23.5122550659146,0.8171069960697865,0.11333318107953534,34,-53.06846121411405,0.00029261031886562705,56.94250206971565,57.5,9.363636363636363,57.5,57.5
415.0,0.7490606058049428,0.8840990370900785,9.59090909090909,57.5,onshore,DK,45.844742693773824,50.13722998729352,-0.9665302908868791,0.24762675464395523,110.48527771144495,28.218514117006514,-3.009990742174789e-08,12.075485978420899,0.814820757723773,0.11873872466174959,34,1.7028868862838802,0.00022704520961269736,28.868457613979306,57.5,9.59090909090909,57.5,57.5
416.0,0.5454733966929947,1.716967942545643,9.818181818181818,57.5,onshore,DK,45.844742693773824,50.13722998729352,-82.3441367960001,0.05845955845821098,136.01966142819367,32.800245919242684,1.1559085374635764e-06,0.9309273970207742,0.8094744700969029,0.11919338861484485,34,92.56823576519447,0.3837816119194031,30.6430874564983,57.5,9.818181818181818,57.5,57.5
417.0,0.9884884802429617,0.039495551211977,10.045454545454545,57.5,onshore,DK,45.844742693773824,50.13722998729352,-8.241829002039013,0.2589741085870669,169.0055722049996,17.229016354711128,-6.718623919569528e-07,6.82328398498716,0.8022812142543305,0.1258733340638372,35,25.907864692743793,0.6878867745399475,22.356735417253905,57.5,10.045454545454545,57.5,57.5
418.0,0.7017889684090649,1.0382700615210954,10.272727272727273,57.5,onshore,DK,45.844742693773824,50.13722998729352,58.558137080308754,0.290729054753916,285.26228025191233,43.09616001509518,-9.462383104004585e-07,8.298612929542696,0.8058787077109316,0.125560170198297,28,-42.24641198496529,0.3837359547615051,46.3781316725384,57.5,10.272727272727273,57.5,57.5
419.0,0.7664921908629665,0.8373663037058524,10.5,57.5,onshore,DK,45.844742693773824,50.13722998729352,82.72810539070971,0.34537736808485686,166.21420597878284,49.52445883090778,-1.7063346030312465e-06,0.4779136209542512,0.8103793608193033,0.13303030769029203,26,-68.55419940280865,0.00015015521785244346,47.196625456915555,57.5,10.5,57.5,57.5
420.0,0.9963244674561316,0.0147093894073896,10.727272727272727,57.5,onshore,DK,45.844742693773824,50.13722998729352,-50.589439868050924,0.007069518140157393,270.0,44.95047836833246,6.42666332017308e-07,13.7349660576349,0.8029518426563612,0.11366622253006535,24,57.5309289500769,0.00017900386592373252,36.246655532423546,57.5,10.727272727272727,57.5,57.5
421.0,0.8642687327708236,0.4954529451268628,10.954545454545455,57.5,onshore,DK,45.844742693773824,50.13722998729352,-71.41028528296482,0.3507000571531936,21.798403145263578,35.67782792447194,2.609917212848355e-07,13.85785856647522,0.807115122494341,0.12594108694489894,23,71.94947018874305,0.00020606437465175986,34.53939481633413,57.5,10.954545454545455,57.5,57.5
422.0,0.9909168080268176,0.0338085387466298,11.181818181818182,57.5,onshore,DK,45.844742693773824,50.13722998729352,-20.359850752846732,0.2798752963379249,148.98861983335925,33.29831636602667,-1.1068932344707002e-06,12.000697824342542,0.815614257115031,0.12276098602900161,24,21.1930007231475,0.00019712367793545127,38.354831393930255,57.5,11.181818181818182,57.5,57.5
423.0,0.7648508842733799,0.8347528589935918,11.40909090909091,57.5,onshore,DK,45.844742693773824,50.13722998729352,-100.0,0.48271131519193344,345.5135977582078,35.89658062665022,9.870562267322918e-07,20.035226447320202,0.8486581737357438,0.1195488925480196,24,100.60809541548338,0.00019342818995937705,40.25600097200412,57.5,11.40909090909091,57.5,57.5
424.0,0.6159864649116233,1.3606375719542356,11.636363636363637,57.5,onshore,DK,45.844742693773824,50.13722998729352,-55.44063571056877,0.6013158086374468,174.91051470368203,37.974008185271,-1.7979516691460635e-07,15.03392095127023,0.858087515675878,0.10032246479076731,28,66.73543670338996,0.5085751414299011,43.3267684314637,57.5,11.636363636363637,57.5,57.5
425.0,0.7642280493924319,0.5879886304623944,11.863636363636363,57.5,onshore,DK,45.844742693773824,50.13722998729352,-36.556486529111275,0.15518054147615787,193.32413801422882,45.00364720493344,-4.1214558504597295e-07,3.3234297519217493,0.852172417094983,0.10969205329546895,31,47.85128752193248,0.5085751414299011,43.3267684314637,57.5,11.863636363636363,57.5,57.5
426.0,0.7603214210177697,0.8296421447777509,12.09090909090909,57.5,onshore,DK,45.844742693773824,50.13722998729352,-43.119123350395014,0.22871604499396128,226.29684428923304,37.35884789737985,1.3094696835357331e-07,3.7172609230684808,0.8345150120223717,0.11646184458182231,32,68.55491859201678,1.0579280853271484,40.68572695661808,57.5,12.09090909090909,57.5,57.5
427.0,0.849413751012151,0.5195977637929533,12.318181818181818,57.5,onshore,DK,45.844742693773824,50.13722998729352,-16.328691632058934,0.04171444316763025,270.0,48.9255945405463,-7.722333196108122e-07,16.785602453806984,0.8355243215967767,0.11906127573891537,34,78.39938513149554,1.304300308227539,46.79700889647337,57.5,12.318181818181818,57.5,57.5
428.0,0.6040336128940141,1.3806887110358863,12.545454545454545,57.5,onshore,DK,45.844742693773824,50.13722998729352,-88.39236577359023,0.3367796799856967,15.133739876856069,47.88647820186362,1.1886651316084797e-06,31.77360241335456,0.8455739690316959,0.10927816332059798,30,186.60482914347187,1.5916528701782227,45.5796924433937,57.5,12.545454545454545,57.5,57.5
429.0,0.5421381320519947,1.6816466474647112,12.772727272727273,57.5,onshore,DK,45.844742693773824,50.13722998729352,15.471757364515497,0.07188572323539269,134.46050456912582,53.8401361177191,-1.1232047128984993e-06,46.412442777144385,0.8385430782718563,0.11382399890060735,29,126.39650972019234,1.6535683870315552,50.38534838121864,57.5,12.772727272727273,57.5,57.5
430.0,0.6042100533553396,1.4208145177931757,13.0,57.5,onshore,DK,45.844742693773824,50.13722998729352,-83.83415533249077,0.396204132462086,170.53470708739678,44.27822320957641,1.0949884462994902e-06,56.45162134844651,0.8239041412467117,0.12853182308637603,30,269.071032620479,1.716873049736023,48.90987152323323,57.5,13.0,57.5,57.5
431.0,0.965183060563399,0.1236698363250905,13.227272727272727,57.5,onshore,DK,45.844742693773824,50.13722998729352,-1.1998380810371856,0.4310406148712468,7.683780333444645,34.896160032360726,-1.263627964086073e-06,65.96179745891433,0.8113211421458961,0.12575674079652377,32,202.03359350783944,1.719981074333191,39.001249808481795,57.5,13.227272727272727,57.5,57.5
432.0,0.7455494964972786,0.8364000908185006,13.454545454545453,57.5,onshore,DK,45.844742693773824,50.13722998729352,-31.140999575464974,0.019171285088565193,0.0,30.617635287495723,3.7150945496343576e-07,73.7755788386349,0.8166498771893081,0.12982691956344186,30,246.30774269429253,1.7271695137023926,28.70916692707307,57.5,13.454545454545453,57.5,57.5
433.0,0.7345391741731462,0.926293429523958,13.681818181818182,57.5,onshore,DK,45.844742693773824,50.13722998729352,-5.977587546546715,0.0715936653722844,254.46785651175904,33.24159082124354,-2.0339070062290342e-07,83.98839206270483,0.8322650802656476,0.12113684316607232,30,232.40701657238634,1.7060669660568237,40.19505502417586,57.5,13.681818181818182,57.5,57.5
434.0,0.7031683554718562,1.0682243600444936,13.90909090909091,57.5,onshore,DK,45.844742693773824,50.13722998729352,14.0434083947127,0.2798362877202486,32.652244326547404,41.718040332834384,-6.57185067763863e-07,95.76258234427611,0.8312450535731591,0.12747188401116075,30,220.48957791113588,1.6806076765060425,37.86995443565817,57.5,13.90909090909091,57.5,57.5
435.0,0.7554871817002535,0.8653907179799863,14.136363636363637,57.5,onshore,DK,45.844742693773824,50.13722998729352,1.1340304358354842,0.2790287022954023,212.39254039758106,35.09376568735034,-6.019912911206035e-07,103.96821004493754,0.8129075347895907,0.1310655659588753,29,246.69509930329562,1.7086706161499023,33.09532880435114,57.5,14.136363636363637,57.5,57.5
436.0,0.9162300658142156,0.3007413908929821,14.363636363636363,57.5,onshore,DK,45.844742693773824,50.13722998729352,-100.0,0.08116576525531354,0.0,28.90483907795869,3.966779180122134e-07,98.7798326968826,0.8052610732016546,0.13205508597146817,30,347.8291297391311,1.7086706161499023,33.09532880435114,57.5,14.363636363636363,57.5,57.5
437.0,0.5053243125295397,1.654712277702051,14.59090909090909,57.5,onshore,DK,45.844742693773824,50.13722998729352,-53.45155235721157,0.3345214297570609,8.112119120598038,36.04841917107785,-5.936703052569196e-07,95.81915317419768,0.814303650964873,0.11936036104963192,26,316.5174729474488,1.7271898984909058,19.3462223638944,57.5,14.59090909090909,57.5,57.5
438.0,0.8255474047070154,0.6554228508211051,14.818181818181818,57.5,onshore,DK,45.844742693773824,50.13722998729352,-78.1750478867553,0.3941232032718974,184.6016501855258,36.83706459398844,2.6568131773575235e-07,95.36858962876718,0.7904823825889925,0.14085661652644296,26,326.2861928910381,1.7040787935256958,36.59965212530575,57.5,14.818181818181818,57.5,57.5
439.0,0.5507139525028866,1.5604588746695205,15.045454545454545,57.5,onshore,DK,45.844742693773824,50.13722998729352,-68.01086224859563,0.09124728210524458,0.0,20.472135865302214,1.368406369707169e-06,93.8777050359834,0.7940277959777785,0.13478590246482722,22,303.2480900640321,1.6805990934371948,15.079824152219079,57.5,15.045454545454545,57.5,57.5
440.0,0.7627707409034332,0.846788328946244,15.272727272727273,57.5,onshore,DK,45.844742693773824,50.13722998729352,-68.01086224859563,0.09124728210524458,0.0,20.472135865302214,1.368406369707169e-06,86.77756889646338,0.7714928380824834,0.15088031497639393,18,281.3154282988014,1.7306981086730957,0.0,57.5,15.272727272727273,57.5,57.5
441.0,0.58682939832867,1.4589064831686844,15.5,57.5,onshore,DK,45.844742693773824,50.13722998729352,-68.01086224859563,0.09124728210524458,0.0,20.472135865302214,1.368406369707169e-06,71.18146649977518,0.7757516834915784,0.133826739384483,13,259.72214083570236,1.7788957357406616,0.0,57.5,15.5,57.5,57.5
442.0,1.1742621410812677,-0.48544874335725,8.0,57.75,onshore,DK,45.844742693773824,50.13722998729352,-2.310018732112063,0.5278850542651187,190.0554971514417,34.511585277424565,2.587882203294068e-07,24.498626956601694,0.8541358764379493,0.14111507838368137,16,-2.059773943648773,0.0002560130669735372,33.26162470234454,57.75,8.0,57.75,57.75
443.0,0.9548387268179848,0.1597382104375708,8.227272727272727,57.75,onshore,DK,45.844742693773824,50.13722998729352,91.06247281594194,0.3272704308196691,333.8138743764867,49.65152749307617,-1.6632122610270309e-06,26.273954536181026,0.8411670813937857,0.1665466321241036,20,-93.14268393225078,0.00031800189753994346,49.265055844205015,57.75,8.227272727272727,57.75,57.75
444.0,1.081338553001485,-0.2966298000068664,8.454545454545455,57.75,onshore,DK,45.844742693773824,50.13722998729352,-9.13633758363698,0.07429581875913892,306.2061103085417,68.49694362883031,-2.7291815410657036e-07,32.1311932532489,0.832091589288538,0.1505754740047245,23,9.28874731644584,0.000379275472369045,67.58788798651337,57.75,8.454545454545455,57.75,57.75
445.0,0.862083493492299,0.4757616545312659,8.681818181818182,57.75,onshore,DK,45.844742693773824,50.13722998729352,-26.29275830562449,0.11552508794116205,352.21953961252825,63.62228387049245,1.2496496002763998e-06,38.52648564739294,0.8262044688131733,0.16220503106847226,27,28.08428218546623,0.00042624393245205283,49.48762413562524,57.75,8.681818181818182,57.75,57.75
446.0,0.8033592454575487,0.6954523713637832,8.909090909090908,57.75,onshore,DK,45.844742693773824,50.13722998729352,91.67242984718501,0.11945946219823785,196.4499896850983,54.38404672920995,-8.492169280001067e-07,42.45173581482822,0.8088832091481587,0.1326248872675814,29,-88.19439094947275,0.00047380843898281455,47.46680377225358,57.75,8.909090909090908,57.75,57.75
447.0,0.773751138985198,0.7877368463115579,9.136363636363637,57.75,onshore,DK,45.844742693773824,50.13722998729352,84.78003154189022,0.38918249738828964,33.36149836108364,48.63800288263811,-7.466832197402435e-07,42.89626013661475,0.7987845096825164,0.13469172784448227,31,-82.55393329159578,0.0004310123040340841,33.31789797909885,57.75,9.136363636363637,57.75,57.75
448.0,0.5789214585100485,1.5106927516047326,9.363636363636363,57.75,onshore,DK,45.844742693773824,50.13722998729352,34.15872561947072,0.18117790238249917,236.0531973494166,22.618263885722218,3.2779677509012866e-07,36.22075654581099,0.8158238658935607,0.11783013991430606,34,-31.93262736917628,0.0004310123040340841,33.31789797909885,57.75,9.363636363636363,57.75,57.75
449.0,0.6695422781291004,1.142925595993292,9.59090909090909,57.75,onshore,DK,45.844742693773824,50.13722998729352,57.62542236841409,0.283268049017301,292.5652594546207,42.10422781923389,-1.3503903509856598e-06,25.064417581150472,0.8067522396291122,0.11729893204341384,34,-56.60147393482566,0.0003883353783749044,38.14218572119124,57.75,9.59090909090909,57.75,57.75
450.0,0.8708199457735096,0.4518918135211886,9.818181818181818,57.75,onshore,DK,45.844742693773824,50.13722998729352,-93.378657755391,0.1971846254686513,247.20115465973052,48.11252297579813,1.890504484552754e-06,15.312898317451065,0.7971197575411324,0.11662272541239081,33,94.14966876896342,0.005712341517210007,47.021980174862044,57.75,9.818181818181818,57.75,57.75
451.0,0.935821741737947,0.226989483206636,10.045454545454545,57.75,onshore,DK,45.844742693773824,50.13722998729352,25.550075988227412,0.186571281570112,142.06369285978957,22.89465007711676,-1.2351548244426756e-06,11.051427042732465,0.8017066752486066,0.11861641755743406,33,-25.188146439783246,0.004967998713254929,21.417064237355106,57.75,10.045454545454545,57.75,57.75
452.0,0.8942108780447173,0.3846738093174537,10.272727272727273,57.75,onshore,DK,45.844742693773824,50.13722998729352,-49.605078597425035,0.5020426666085649,134.7604166917967,41.4968286782264,3.026196766728959e-08,8.769564824878152,0.8034763380534876,0.1114306657584306,30,51.52844859699165,0.005611132830381393,45.96487269048799,57.75,10.272727272727273,57.75,57.75
453.0,0.5449980076543464,1.7189973926300206,10.5,57.75,onshore,DK,45.844742693773824,50.13722998729352,-100.0,0.12261951592777869,247.6881777062976,41.15331558505395,1.393593018616389e-06,1.4546563099100889,0.8351179550765596,0.10539628976812221,28,103.40554344819587,0.00018687167903408408,45.11946996121783,57.75,10.5,57.75,57.75
454.0,0.8305068363540761,0.5794575655946262,10.727272727272727,57.75,onshore,DK,45.844742693773824,50.13722998729352,7.30946087375461,0.2021399477558421,90.0,48.34041943691024,-1.425119153422723e-06,5.681957055262739,0.8175793230670614,0.11885733843670282,25,-7.061054419333375,0.00020725646754726768,48.73373705784591,57.75,10.727272727272727,57.75,57.75
455.0,0.7052656454305575,0.9631174122127464,10.954545454545455,57.75,onshore,DK,45.844742693773824,50.13722998729352,-69.87293745903685,0.07155077324702212,12.400954704298513,44.42643291119514,-3.1066996802817693e-07,21.887649810634993,0.8082279393310458,0.12109154078086959,23,67.00802285070985,0.00022776046535000205,38.37083584433772,57.75,10.954545454545455,57.75,57.75
456.0,0.9255866681551476,0.2179423367455955,11.181818181818182,57.75,onshore,DK,45.844742693773824,50.13722998729352,-100.0,0.16588557185064082,34.00917744632312,46.588118142140814,3.4611219411343014e-07,28.753030488076526,0.8093623568423675,0.11950271817440362,24,99.41470878498264,0.00019903102656826377,46.12779551628499,57.75,11.181818181818182,57.75,57.75
457.0,0.7228076651195654,0.9526374600006564,11.40909090909091,57.75,onshore,DK,45.844742693773824,50.13722998729352,-100.0,0.14737921248765046,4.318051624266374,33.34485805282665,3.542122001627207e-07,16.902159846273292,0.8381485366304393,0.10528196589751668,25,101.6560928203056,0.0001707784249447286,40.13123102058116,57.75,11.40909090909091,57.75,57.75
458.0,0.8698940915046813,0.494354992746064,11.636363636363637,57.75,onshore,DK,45.844742693773824,50.13722998729352,-73.70665626749813,0.3009366865712688,193.82107314800294,45.549929871194884,1.695644804781074e-07,5.391336921166965,0.8267384874068616,0.107487842554414,24,102.29799519631175,0.6988034844398499,47.85151059240061,57.75,11.636363636363637,57.75,57.75
459.0,0.8484048535676706,0.5479900606330562,11.863636363636363,57.75,onshore,DK,45.844742693773824,50.13722998729352,-35.977015779712914,0.1517229618104647,93.49893741545013,39.54550859386669,-3.7258911543455823e-07,4.058646168583442,0.8242498640936186,0.11773320528953962,26,64.56835470852653,0.6988034844398499,47.85151059240061,57.75,11.863636363636363,57.75,57.75
460.0,0.7614057989219678,0.8883805737089244,12.09090909090909,57.75,onshore,DK,45.844742693773824,50.13722998729352,-73.27655955529498,0.11414453613192313,297.04605375288867,23.017341897593138,5.424351289184756e-07,12.433363650862306,0.7951123470541626,0.12265280304803008,26,129.06843013864915,1.400557041168213,24.611106402719283,57.75,12.09090909090909,57.75,57.75
461.0,0.949215219243212,0.1816389116734913,12.318181818181818,57.75,onshore,DK,45.844742693773824,50.13722998729352,-32.35895325357246,0.27554509417815265,164.52130378931008,41.69403323400296,-3.908715664630109e-07,27.882252786265877,0.7999066209324761,0.12280224906721386,28,126.67737533514466,1.4889944791793823,41.69739089781802,57.75,12.318181818181818,57.75,57.75
462.0,0.872762677651463,0.4070826037798919,12.545454545454545,57.75,onshore,DK,45.844742693773824,50.13722998729352,-38.10557211835897,0.42232063715765594,359.23529915961547,44.23890094155859,1.684512717763955e-08,40.126643339271965,0.8192939689965074,0.12629129783717952,28,170.97643693011935,1.5805431604385376,40.93476994070967,57.75,12.545454545454545,57.75,57.75
463.0,0.7916560127475597,0.7475955430379894,12.772727272727273,57.75,onshore,DK,45.844742693773824,50.13722998729352,-18.463035824011556,0.13762397479292074,186.24210816294072,44.31000627628483,-3.5385165487351694e-07,53.89815188919683,0.8187186442890014,0.1282341684763713,27,193.0120125547249,1.648710012435913,45.35256325848988,57.75,12.772727272727273,57.75,57.75
464.0,0.97806263693081,0.0791531813569691,13.0,57.75,onshore,DK,45.844742693773824,50.13722998729352,-100.0,0.2023731741794059,202.60137829792933,42.7233941581753,9.568787267841749e-07,68.66449821142665,0.795106325570169,0.14176100196736316,25,316.2677179675271,1.7169618606567383,49.48214910584798,57.75,13.0,57.75,57.75
465.0,0.9646409160455074,0.124119743512237,13.227272727272727,57.75,onshore,DK,45.844742693773824,50.13722998729352,-56.66712019205231,0.3272016918590572,5.369976446370288,21.087901574964217,4.920209528513623e-07,80.27716171763267,0.7843082131733483,0.14553840635248885,23,293.56178518022364,1.704231858253479,47.3507039784033,57.75,13.227272727272727,57.75,57.75
466.0,0.9840720406060688,0.0543555761803287,13.454545454545453,57.75,onshore,DK,45.844742693773824,50.13722998729352,-29.279303910095777,0.8082836782895143,154.71458499617847,53.35521490169085,-5.695823815738391e-07,89.10796303811804,0.8042307213276509,0.14192613725973366,22,286.7817962399179,1.691749095916748,55.115871218447005,57.75,13.454545454545453,57.75,57.75
467.0,0.4942011192103687,1.682342180876822,13.681818181818182,57.75,onshore,DK,45.844742693773824,50.13722998729352,-100.0,0.5849647231925196,354.99595253668394,47.9962734658381,6.444358356381286e-07,97.78060095808675,0.8491520175514686,0.10997733882012106,23,353.35830190801653,1.6505228281021118,41.06150603006291,57.75,13.681818181818182,57.75,57.75
468.0,0.876358033664778,0.4406235067457852,13.90909090909091,57.75,onshore,DK,45.844742693773824,50.13722998729352,-96.73019897622117,0.5287400718606945,191.63349379165405,50.622217700080895,1.7747295667281975e-07,108.1638967038695,0.83014784887699,0.13858026525726316,21,345.78019988440593,1.6088999509811401,38.445027828617405,57.75,13.90909090909091,57.75,57.75
469.0,0.9414028507257935,0.2119817434964328,14.136363636363637,57.75,onshore,DK,45.844742693773824,50.13722998729352,-100.0,0.3383103920987433,342.9152102936804,38.68801818947674,4.1711150938605626e-07,119.76973851557061,0.8000529546669194,0.14129655305507596,19,354.8408736832914,1.673215389251709,36.771496749744934,57.75,14.136363636363637,57.75,57.75
470.0,0.6963524777754062,0.9712248093555536,14.363636363636363,57.75,onshore,DK,45.844742693773824,50.13722998729352,-100.0,0.14065899104600607,180.0,27.725122458811335,7.315177598005259e-07,116.14083933354249,0.7878492243275828,0.15451777418768545,17,354.8408736832914,1.673215389251709,36.771496749744934,57.75,14.363636363636363,57.75,57.75
471.0,0.9172142459076144,0.2852693199339533,14.59090909090909,57.75,onshore,DK,45.844742693773824,50.13722998729352,-84.08904436824174,0.08753537770861622,272.4541156024277,18.036833510004413,2.078371248938683e-07,113.63220178928795,0.7915114212658362,0.14489186214880065,18,344.8645867457356,1.7368202209472656,15.242325915104947,57.75,14.59090909090909,57.75,57.75
472.0,0.6292017876730089,1.384737109832246,14.818181818181818,57.75,onshore,DK,45.844742693773824,50.13722998729352,-61.69721907634448,0.1223651249632072,38.67796113857086,21.935208620530457,-2.824812441763851e-07,113.2164766871821,0.7929106170778936,0.14939885605246878,19,317.4789402967664,1.7120333909988403,14.600195521026734,57.75,14.818181818181818,57.75,57.75
473.0,0.8719226926843445,0.4516748522730525,15.045454545454545,57.75,onshore,DK,45.844742693773824,50.13722998729352,-77.8831528614842,0.1453063335388347,180.0,19.323748512457477,-6.833823575486974e-07,98.85954851600297,0.7529987910329409,0.15570178625726797,15,328.82560366336355,1.6872363090515137,10.425981726740538,57.75,15.045454545454545,57.75,57.75
474.0,0.585327796157714,1.4605234423954483,15.272727272727273,57.75,onshore,DK,45.844742693773824,50.13722998729352,-77.8831528614842,0.1453063335388347,180.0,19.323748512457477,-6.833823575486974e-07,82.70397385935492,0.7668457091100862,0.15623679976774302,13,305.8505210663503,1.7444111108779907,0.0,57.75,15.272727272727273,57.75,57.75
475.0,0.6429226538999255,1.299439113517295,15.5,57.75,onshore,DK,45.844742693773824,50.13722998729352,-77.8831528614842,0.1453063335388347,180.0,19.323748512457477,-6.833823575486974e-07,66.60047889788011,0.7209482583284741,0.14325198382776091,8,282.92522930004884,1.8014824390411377,0.0,57.75,15.5,57.75,57.75
476.0,1.072379488737687,-0.2510355751203419,8.0,58.0,onshore,DK,45.844742693773824,50.13722998729352,64.94881142298922,0.17908066622305188,332.0792095837323,57.716417182609156,-5.496251856642443e-07,7.368445287789293,0.9292472092131573,0.11682176766627952,11,-48.611593422321306,0.00013489642878994346,60.16946530660527,58.0,8.0,58.0,58.0
477.0,0.7630843812189305,0.807077161776497,8.227272727272727,58.0,onshore,DK,45.844742693773824,50.13722998729352,-8.692500347070325,0.5261163658946186,186.03268010474096,50.56315124145958,6.029934066886273e-07,8.985828105599186,0.9081224675458056,0.157675207834445,14,17.902459676326494,0.00023598590632900596,35.55731883640187,58.0,8.227272727272727,58.0,58.0
478.0,0.7586666239462734,0.8722811493536929,8.454545454545455,58.0,onshore,DK,45.844742693773824,50.13722998729352,-1.3304331690243423,0.08397568185883143,99.53783471201325,45.74847337249579,2.5970249727291823e-07,17.812626959403353,0.8912247896052692,0.15410254458486097,16,0.5280539321034773,0.00034923473140224814,41.33013797952938,58.0,8.454545454545455,58.0,58.0
479.0,0.9468295231131928,0.1683827737663728,8.681818181818182,58.0,onshore,DK,45.844742693773824,50.13722998729352,82.86939634213311,0.2308700737483999,213.40127428092688,58.012101947570635,-1.3950333222388586e-06,22.489071646029995,0.8656604219510886,0.15895745142949297,19,-86.08165178550573,0.0004475823952816427,50.547915464527215,58.0,8.681818181818182,58.0,58.0
480.0,0.4888359514414045,1.9348786460620344,8.909090909090908,58.0,onshore,DK,45.844742693773824,50.13722998729352,-13.641264930827829,0.13231519351420298,357.6396335865711,45.95182152929896,5.806856059599345e-07,30.718309330687052,0.8402779500361373,0.11357331537902883,19,8.975117230670282,0.0005337707116268575,36.29780466073601,58.0,8.909090909090908,58.0,58.0
481.0,0.7677131917851726,0.838148898932332,9.136363636363637,58.0,onshore,DK,45.844742693773824,50.13722998729352,-13.023007668303665,0.4841542242816476,183.6617820225352,54.24440065597928,-3.133156021373022e-08,39.254615249527525,0.8254425479087907,0.12916791900416655,22,10.78426254700842,0.0005015842034481466,49.33641910251329,58.0,9.136363636363637,58.0,58.0
482.0,0.9130154239453256,0.3247927969369623,9.363636363636363,58.0,onshore,DK,45.844742693773824,50.13722998729352,27.86044646631968,0.4587809950284275,342.6850894986638,36.589676594684704,-1.4262498479946556e-06,48.15153922887263,0.8124482541611183,0.11752880028039228,23,-30.099191587614925,0.0005015842034481466,49.33641910251329,58.0,9.363636363636363,58.0,58.0
483.0,0.7250714877341268,0.9751515169699344,9.59090909090909,58.0,onshore,DK,45.844742693773824,50.13722998729352,-67.56717011885488,0.6119893486798296,192.3484338020928,34.59759303613163,1.0961298758455558e-06,39.32196750562471,0.800644199748256,0.11692508035999599,20,68.8811003505089,0.00047261634608730674,50.77498404307922,58.0,9.59090909090909,58.0,58.0
484.0,0.6936188936432807,1.1491102634293575,9.818181818181818,58.0,onshore,DK,45.844742693773824,50.13722998729352,-11.696083448813075,0.17369361904467448,217.9371790218657,40.48647890758694,-7.017185511870588e-07,31.117142123690385,0.7997264056171982,0.11035265006167055,20,11.910632138350277,0.00042123714229092,41.09584626191015,58.0,9.818181818181818,58.0,58.0
485.0,0.704896073536273,1.0048218107763245,10.045454545454545,58.0,onshore,DK,45.844742693773824,50.13722998729352,-38.86754804626293,0.06152901576702479,90.0,46.14885713507866,8.667064288047985e-07,28.92613807045209,0.8085603998426695,0.10916617935431647,21,38.150012384875,0.00036520877620205283,46.81468152816635,58.0,10.045454545454545,58.0,58.0
486.0,0.7810281969798971,0.7527429160734772,10.272727272727273,58.0,onshore,DK,45.844742693773824,50.13722998729352,-60.26967754620157,0.27842632550089175,80.05957451664112,45.453271371400476,6.0402581466518e-07,24.64932496105682,0.8023069951404683,0.10056872200940606,21,60.43244377179849,0.0003197900368832052,44.224209948918705,58.0,10.272727272727273,58.0,58.0
487.0,0.7052148982394397,1.0402492749962002,10.5,58.0,onshore,DK,45.844742693773824,50.13722998729352,30.37642681149989,0.5364808819919905,187.61225434792146,46.798287541515215,-1.5409149536829373e-06,18.51485999271857,0.8227721889360536,0.10058070287770009,19,-29.539691901387876,0.0002693645074032247,50.78887911434137,58.0,10.5,58.0,58.0
488.0,0.8308035284450414,0.5465240329386106,10.727272727272727,58.0,onshore,DK,45.844742693773824,50.13722998729352,-82.42344516380754,0.4645838197832968,79.36657298948975,56.526600070797485,1.3337791673020553e-06,19.492930275714155,0.7893371647019768,0.11807611045052906,16,83.50475263437599,0.0002344361855648458,57.80386347891389,58.0,10.727272727272727,58.0,58.0
489.0,0.7314818617222115,0.9655061526067762,10.954545454545455,58.0,onshore,DK,45.844742693773824,50.13722998729352,-16.856731452367562,0.21091374867862855,217.71143346641168,33.58477281609871,8.993451834786487e-08,28.850361122626804,0.8038998669757246,0.11668833732980126,16,17.396314684791477,0.0002127400948666036,28.97591986586431,58.0,10.954545454545455,58.0,58.0
490.0,0.9292433842042628,0.2403218748296065,11.181818181818182,58.0,onshore,DK,45.844742693773824,50.13722998729352,-0.43365918567057804,0.46984187022159907,62.40160296174608,52.416029500150586,-3.9011345606191555e-07,18.61878871591283,0.8034101323807958,0.11557882606149307,17,4.733445953450605,0.00016779819270595908,47.07420269328734,58.0,11.181818181818182,58.0,58.0
491.0,0.5907593622201193,1.4076472100551043,11.40909090909091,58.0,onshore,DK,45.844742693773824,50.13722998729352,-58.384534212371705,0.29774845241285197,217.69259437514424,29.533970573057434,6.499054289991945e-07,6.225997659384824,0.8437244275630089,0.07841180141325839,16,66.92052485711278,0.00011773029109463096,29.473101200569932,58.0,11.40909090909091,58.0,58.0
492.0,0.8200151270790398,0.6426133372958898,11.636363636363637,58.0,onshore,DK,45.844742693773824,50.13722998729352,-54.240800838069276,0.13397066983969078,252.6822055368809,37.48484999853835,2.0516497244356625e-07,2.342334328925329,0.8328796110685657,0.10502024665603958,16,93.45192646774404,0.8380798697471619,43.5715014811049,58.0,11.636363636363637,58.0,58.0
493.0,0.953981705498206,0.1673500295782538,11.863636363636363,58.0,onshore,DK,45.844742693773824,50.13722998729352,-46.20730018681795,0.19262588093027605,81.29459658695819,36.16030860180816,1.8415257216357369e-07,4.815117928924117,0.82736157187099,0.10791495998755375,16,85.41842581649271,0.8380798697471619,43.5715014811049,58.0,11.863636363636363,58.0,58.0
494.0,0.8385482329948676,0.5710413286199877,12.09090909090909,58.0,onshore,DK,45.844742693773824,50.13722998729352,34.156355103247606,0.22688663883439042,117.56677030148735,38.74533652992405,-1.2099101781027029e-06,20.686569797601116,0.8188479722274276,0.10951544612403608,18,34.874299876409054,1.642836093902588,35.5245508985407,58.0,12.09090909090909,58.0,58.0
495.0,0.7678338465037351,0.8345448879728155,12.318181818181818,58.0,onshore,DK,45.844742693773824,50.13722998729352,-7.618134822780981,0.13419790762778083,61.202497463266226,35.470656479919526,-3.7622841675440084e-07,34.36334246206851,0.8436374701928703,0.10203959675195158,19,102.30620403155768,1.647827386856079,40.39844211541129,58.0,12.318181818181818,58.0,58.0
496.0,0.6096627807592622,1.481441315001078,12.545454545454545,58.0,onshore,DK,45.844742693773824,50.13722998729352,-73.46715930895773,0.12431111710918585,220.20550985724756,23.210555244284407,4.973932819077193e-07,49.31185097754628,0.8525362885247869,0.09075970356219698,18,189.90027843284307,1.62741219997406,21.619468500648715,58.0,12.545454545454545,58.0,58.0
497.0,0.6673782179151175,1.2351918572709153,12.772727272727273,58.0,onshore,DK,45.844742693773824,50.13722998729352,-53.15227393979845,0.17678572289554645,143.8025134104488,37.30933078591756,-3.2914382662182764e-07,63.96871366386229,0.850214676282986,0.10597660468125726,16,191.12968634936237,1.7008087635040283,34.468495967724586,58.0,12.772727272727273,58.0,58.0
498.0,0.6583993086606102,1.232960444003013,13.0,58.0,onshore,DK,45.844742693773824,50.13722998729352,-100.0,0.3358627498319029,323.25840347722533,25.73322718240382,8.698537576803824e-07,77.10575868019342,0.8232288223139241,0.14677090790696018,13,264.1534479313782,1.7729674577713013,29.476525885512498,58.0,13.0,58.0,58.0
499.0,0.8392920484690212,0.5871786295537079,13.227272727272727,58.0,onshore,DK,45.844742693773824,50.13722998729352,-29.724847994481394,0.0036378862390505726,0.0,27.728951776737805,-8.976545962462862e-07,91.01670229777321,0.79940298845632,0.15969533020609547,11,223.7205298946461,1.7851499319076538,26.350939099779417,58.0,13.227272727272727,58.0,58.0
0.0,0.8663340738896634,0.2568532605650848,10.809050891355218,56.74711076154001,offshore,DK,45.844742693773824,50.13722998729352,5.091725269494667,0.39796005796637257,226.85420289953208,37.95152001034999,2.7154280554636295e-07,15.14046430867253,0.8270592672774444,0.15985838537961414,29,-6.724217236042877,0.00015957275172695518,37.25870119023284,56.74711076154001,10.809050891355218,56.74711076154001,56.74711076154001
1.0,1.0098187791017987,-0.0269492490600702,15.13035729807437,54.79448987748267,offshore,DK,45.844742693773824,50.13722998729352,-100.0,0.7017884739333221,182.15109217082022,24.50142611816352,-1.2648655956994177e-06,14.698550408476072,0.8252234009020135,0.08940398503354212,22,98.91241888476188,9.758392116054893e-05,0.0,54.79448987748267,15.13035729807437,54.79448987748267,54.79448987748267
2.0,0.9630210038883272,0.1237635278536374,13.489954563585538,55.06570049933115,offshore,DK,45.844742693773824,50.13722998729352,-57.24535571157377,0.4697348216744421,182.43462671620733,35.15910426457398,-1.7339177139968418e-07,21.272232137481424,0.7905392244436689,0.13682374436790903,27,58.11475340663274,0.00016493716975674033,29.560792894642063,55.06570049933115,13.489954563585538,55.06570049933115,55.06570049933115
3.0,0.8869580451709156,0.277729940067317,12.489938631477774,57.64493965984478,offshore,DK,45.844742693773824,50.13722998729352,-58.10947990614083,0.5861384540852985,167.2233706711043,44.727888097787456,-3.3600834120257393e-07,32.64273750647312,0.8198934098795743,0.12342468481484695,33,190.9803447179012,1.5805431604385376,40.93476994070967,57.64493965984478,12.489938631477774,57.64493965984478,57.64493965984478
4.0,0.8677873400880438,0.2534584789527403,9.170139803318273,56.622501708808564,offshore,DK,45.844742693773824,50.13722998729352,-24.40567333939412,0.42764838053166,134.17513836758434,66.09980570978335,1.222215578008623e-07,0.9684227538809601,0.8706137829319698,0.13081450264722663,33,54.63413478201214,0.48643380403518677,41.8142788416139,56.622501708808564,9.170139803318273,56.622501708808564,56.622501708808564
5.0,0.874419089124158,0.2453820725771197,9.16995890252152,54.532189680658206,offshore,DK,45.844742693773824,50.13722998729352,9.71302568298777,0.26208968187439785,171.1170607192775,40.623762785232394,-2.5565031639337237e-08,11.483793996620264,0.7895289681299991,0.11853475263621661,19,2.561260531596213,0.4706600308418274,33.56488815418764,54.532189680658206,9.16995890252152,54.532189680658206,54.532189680658206
6.0,0.8921853981870074,0.265389043121813,8.435627091261496,54.855150400031114,offshore,DK,45.844742693773824,50.13722998729352,42.36251376142475,0.11803992816328145,249.6294889938162,38.748909847226074,-7.697111619952931e-07,0.7962644063150737,0.8491159170628523,0.1311802101337276,28,-41.932470356566824,0.09486252814531326,33.42445527541812,54.855150400031114,8.435627091261496,54.855150400031114,54.855150400031114
7.0,0.957466957435788,0.1418951439258764,14.496321093312014,56.822256191878196,offshore,DK,45.844742693773824,50.13722998729352,-100.0,0.5354102558953344,164.50638790686807,36.2802851171979,5.985165363100944e-07,49.51359101305002,0.7930619884147119,0.12328171032760113,32,266.4139516456945,1.2127244472503662,35.912288896098346,56.822256191878196,14.496321093312014,56.822256191878196,56.822256191878196
8.0,0.886378903664544,0.2788511694195766,12.508362588074066,54.51771554346177,offshore,DK,45.844742693773824,50.13722998729352,6.114872975419665,0.2151489226777916,192.90223596361284,24.74096737537629,-1.3746156439943434e-07,2.537195255099657,0.7276261629081927,0.13097922394133382,16,-4.681046423411589,0.12951000034809113,27.687617423535652,54.51771554346177,12.508362588074066,54.51771554346177,54.51771554346177
9.0,0.8653051065625125,0.2584101350161051,13.310544333470341,55.062828179961244,offshore,DK,45.844742693773824,50.13722998729352,-39.02586376866044,0.07645290551206974,148.89181555885054,43.10014074337297,-4.0043607693473517e-07,20.025189898989556,0.8130207924648395,0.13207044274489052,26,39.59372819292867,0.00016589084407314658,34.48426069317599,55.062828179961244,13.310544333470341,55.062828179961244,55.062828179961244
10.0,0.9605263803262494,0.1317363113145419,8.154383707218518,56.42056826278305,offshore,DK,45.844742693773824,50.13722998729352,-27.873839591299586,0.22699199617789634,49.137782620352056,54.41930736497422,9.247629337487743e-07,1.9783526413037866,0.8809410861691263,0.11874664001084974,21,36.260457743905214,0.054669927805662155,37.92549634639552,56.42056826278305,8.154383707218518,56.42056826278305,56.42056826278305
11.0,0.8937030632125229,0.2618041295420012,15.274323891214957,56.92163319192443,offshore,DK,45.844742693773824,50.13722998729352,-50.04269629034334,0.4484745856767088,0.0,25.77456477270032,1.080119186921367e-06,52.48930669374379,0.8139384368717153,0.1221869422492496,23,259.5253181751103,1.6366150379180908,0.0,56.92163319192443,15.274323891214957,56.92163319192443,56.92163319192443
12.0,0.8698172737783448,0.2516090626422438,14.243319806003162,56.7818644082591,offshore,DK,45.844742693773824,50.13722998729352,-100.0,0.16924323359174945,204.68428623523903,20.11995395543031,8.005118610882127e-07,55.186081788812764,0.8039975500980466,0.1219329710955551,33,263.4488080951446,1.2502790689468384,35.32686356208681,56.7818644082591,14.243319806003162,56.7818644082591,56.7818644082591
13.0,0.8688806987825236,0.2535912232780227,9.592543330087071,55.284942583111956,offshore,DK,45.844742693773824,50.13722998729352,42.6510871752099,0.5187385412989791,186.3218236095624,56.96336917725365,-5.874169800770638e-07,3.809661774220566,0.7970312296129608,0.1342435971398376,24,-16.12148696451104,0.3960382342338562,43.1886846442681,55.284942583111956,9.592543330087071,55.284942583111956,55.284942583111956
14.0,0.8729293794531865,0.2472220431297978,9.363687254053255,56.99262727471638,offshore,DK,45.844742693773824,50.13722998729352,132.8051180806957,0.43470068694122155,272.25203045984824,66.53238540437904,-1.2345675800685005e-06,1.2871096126388213,0.8549760487184437,0.10028876512251217,32,-122.95823444497402,0.23606009781360626,63.283745501460515,56.99262727471638,9.363687254053255,56.99262727471638,56.99262727471638
15.0,0.8575545775705102,0.513243770483498,9.375533823900753,55.3303718062388,offshore,DK,45.844742693773824,50.13722998729352,35.447955357101144,0.20950289939902741,229.1548492780597,46.81435605694255,-2.0093646707142038e-07,14.367631599750515,0.7948644364387412,0.13088807354682053,27,-8.91835514640228,0.3960382342338562,43.1886846442681,55.3303718062388,9.375533823900753,55.3303718062388,55.3303718062388
16.0,0.7411313487849546,0.8970435406917107,10.281816822196532,55.638898943557436,offshore,DK,45.844742693773824,50.13722998729352,-17.65341194711285,0.291875253737749,332.85177693801893,45.194487032447114,-2.5841729238348144e-07,1.8417796383174136,0.8126011165478755,0.11045504903008543,31,26.725948583604413,0.03322548791766167,39.0310123113081,55.638898943557436,10.281816822196532,55.638898943557436,55.638898943557436
17.0,0.8716567729702549,0.2488546317194929,11.935673237241783,57.11271991791308,offshore,DK,45.844742693773824,50.13722998729352,-22.168529971344448,0.245459053865315,125.089345665757,44.895449208794744,-5.694608887400854e-07,14.806570016574879,0.8200107004276527,0.13738997361007813,29,24.350015637321107,0.00015981117030605674,34.727904476465056,57.11271991791308,11.935673237241783,57.11271991791308,57.11271991791308
18.0,0.8712110612585466,0.2493168223454088,11.239587639815868,56.77371514666525,offshore,DK,45.844742693773824,50.13722998729352,7.176081449868704,0.3565959169415733,332.27661770750126,48.811453697768734,-5.842663455013157e-07,19.844193547534367,0.795678865621894,0.16778966639581044,25,-6.881070777901212,0.00020236888667568564,38.68282452930662,56.77371514666525,11.239587639815868,56.77371514666525,56.77371514666525
19.0,0.8690337240082636,0.251915464113607,10.184218551485314,57.47228193672962,offshore,DK,45.844742693773824,50.13722998729352,-42.32129657243738,0.5316194376282414,352.2624032001157,39.89472846585246,3.736115958904345e-07,9.100122451092016,0.8048748594727094,0.12474706673913888,32,58.63302166778085,0.3837359547615051,46.3781316725384,57.47228193672962,10.184218551485314,57.47228193672962,57.47228193672962
20.0,0.8910100963233967,0.2679652523330416,12.588896710417846,56.8016451230512,offshore,DK,45.844742693773824,50.13722998729352,-29.961743931876015,0.4066901524981423,127.86846000848864,41.395877780066954,-5.430021180755464e-07,0.6475695658808319,0.7930833880923347,0.13037511252449505,28,43.866779433933296,0.5841780304908752,37.356997314444044,56.8016451230512,12.588896710417846,56.8016451230512,56.8016451230512
21.0,0.8875345514835141,0.2761169339416026,9.046203954890315,56.48908011167415,offshore,DK,45.844742693773824,50.13722998729352,64.87250251846052,0.1416741543252156,338.8535160445839,54.476391178244654,-7.766737045047446e-07,5.580821285210756,0.868616501200232,0.14741738132436685,26,-37.48411005964431,0.40602797269821167,50.38156776773412,56.48908011167415,9.046203954890315,56.48908011167415,56.48908011167415
22.0,0.8734980693015897,0.2459309691752821,10.191084864014137,54.827861687398325,offshore,DK,45.844742693773824,50.13722998729352,-25.126188050719158,0.2978807316261717,87.1995516077752,39.48088735555563,4.798157898848061e-07,7.523714917728393,0.7756211930648287,0.13049486966856158,25,25.193355881349394,0.04302627965807915,39.23301007921622,54.827861687398325,10.191084864014137,54.827861687398325,54.827861687398325
23.0,0.8911518587258052,0.3034446211131754,10.747713824702688,55.78700531070802,offshore,DK,45.844742693773824,50.13722998729352,34.22074942487667,0.10736600627571014,203.54423514221352,43.416398733149514,-7.588715274291783e-07,8.664055449755685,0.8134781897740688,0.12409356090757398,30,-38.21969999349592,0.00016612926265224814,46.042995362535514,55.78700531070802,10.747713824702688,55.78700531070802,55.78700531070802
24.0,0.8705040130568278,0.2501187100516749,11.42052488162777,55.42820828688604,offshore,DK,45.844742693773824,50.13722998729352,-23.323455089780744,0.1701923937246894,251.36008853464276,48.9768712994957,-2.478528378463183e-07,14.762934935519828,0.8119803152095633,0.1405276150754236,29,51.51248410644291,0.31452542543411255,45.465784966442946,55.42820828688604,11.42052488162777,55.42820828688604,55.42820828688604
25.0,0.8801365776003888,0.2937266982976986,13.888819710447603,55.35396375182679,offshore,DK,45.844742693773824,50.13722998729352,-94.04110399941159,0.09431469391297771,357.47718516227,27.830636939297566,9.528136377895998e-07,5.508264846236824,0.7965488818962638,0.14588068534615342,28,94.34686949081284,0.01788146421313286,24.32288291884681,55.35396375182679,13.888819710447603,55.35396375182679,55.35396375182679
26.0,0.8841774000979206,0.2840846363682098,9.497553366187699,57.90553694163356,offshore,DK,45.844742693773824,50.13722998729352,-23.407300011648644,0.53992573853317,149.40988867963793,42.03394922258517,4.667285505858767e-07,37.92300259105547,0.7939183541201171,0.12420550024397725,28,24.721230243302674,0.00047261634608730674,50.77498404307922,57.90553694163356,9.497553366187699,57.90553694163356,57.90553694163356
27.0,0.9572707239610312,0.1430822869817758,11.856758288102087,55.87584203633366,offshore,DK,45.844742693773824,50.13722998729352,10.830588196063047,0.5622686145482044,354.84424875421877,58.6201180725348,-9.262445434717553e-07,4.587615961828887,0.7375929612768876,0.12835501664705962,22,-7.8886969634555815,0.059705089777708054,48.646554384768706,55.87584203633366,11.856758288102087,55.87584203633366,55.87584203633366
28.0,0.8948826541803339,0.2595256018641427,12.443109266465319,57.622162943119896,offshore,DK,45.844742693773824,50.13722998729352,27.352944561521426,0.16886229257813154,3.6757554666975665,41.52721632769531,-1.1940259698976563e-06,28.951371489649816,0.8224058419165058,0.12547541551990807,34,70.85951880836024,1.5916528701782227,45.5796924433937,57.622162943119896,12.443109266465319,57.622162943119896,57.622162943119896
29.0,0.9523009612610612,0.1586735972544814,8.348378095399983,56.70898519099042,offshore,DK,45.844742693773824,50.13722998729352,77.49711175322916,0.22830855788339935,144.36212177415632,37.69728399058915,-6.278896406406598e-07,0.7331764607402873,0.8780373704959188,0.09493941142802448,25,-67.9469814685499,0.08571404963731766,40.36504085626383,56.70898519099042,8.348378095399983,56.70898519099042,56.70898519099042
30.0,0.8960963363665136,0.2560947945139331,12.556586389260788,57.28183956239577,offshore,DK,45.844742693773824,50.13722998729352,-92.21551982467892,0.10501388714836862,28.93197300329139,29.14767940209498,1.7992110351851806e-07,24.576091738336657,0.8045659190945353,0.1316994146952689,30,167.66401371976542,1.6642802953720093,35.67187756680301,57.28183956239577,12.556586389260788,57.28183956239577,57.28183956239577
31.0,0.8803870283049957,0.293295093189632,9.278930927654686,56.259229825868175,offshore,DK,45.844742693773824,50.13722998729352,33.03617731615411,0.3831038404549853,150.3238075204314,42.335749600637186,-2.582799103230249e-07,19.618554691046572,0.8398247686307396,0.1688078614682074,22,18.325902640431472,0.4258344769477844,41.15375768006345,56.259229825868175,9.278930927654686,56.259229825868175,56.259229825868175
32.0,0.9572493428486636,0.1561408234322281,8.487886947389596,56.51916359619226,offshore,DK,45.844742693773824,50.13722998729352,41.58091237276128,0.19541635490914622,49.24824606547629,34.72001462952331,-4.5422767828972106e-07,2.449263635553243,0.8756813507250644,0.10554560981465254,27,-20.52232864067642,0.20857484638690948,37.60276517229886,56.51916359619226,8.487886947389596,56.51916359619226,56.51916359619226
33.0,0.9002683159380686,0.2465335109878391,15.116641529399999,56.223811928366025,offshore,DK,45.844742693773824,50.13722998729352,-100.0,0.09362632148193999,270.0,19.3971415468017,4.9959762316782556e-08,3.875364166854795,0.8004350124394415,0.12283206562681753,21,166.35190828736114,1.0710721015930176,17.121519778946357,56.223811928366025,15.116641529399999,56.223811928366025,56.223811928366025
34.0,0.8634234341638678,0.463591015323393,15.242240248059195,55.18335045729316,offshore,DK,45.844742693773824,50.13722998729352,-75.55476954397763,0.22252470372445848,350.46753136641473,10.08441608969987,8.035342569352261e-07,7.426064379235584,0.8374939830163874,0.11001055971435153,22,85.78165679969186,8.864322444424033e-05,0.0,55.18335045729316,15.242240248059195,55.18335045729316,55.18335045729316
35.0,0.870096956706492,0.2514396198989735,14.06298011087346,57.02858240341527,offshore,DK,45.844742693773824,50.13722998729352,-100.0,0.05778882166957567,17.380381191961916,30.340513818788462,5.861653086726699e-07,77.05324962479575,0.8165061919584709,0.09162158778950384,32,264.56213106986075,1.1599169969558716,25.67653425587599,57.02858240341527,14.06298011087346,57.02858240341527,57.02858240341527
36.0,0.9600998406910304,0.1331303493254788,10.28460326880028,55.482703268543,offshore,DK,45.844742693773824,50.13722998729352,30.26991394187243,0.07273496973678753,69.20760123335658,37.74322776605724,-8.064136629030688e-07,7.3366191491030195,0.8122213290466734,0.09946051035176387,24,-13.993639917995775,0.23906143009662628,38.359765258006135,55.482703268543,10.28460326880028,55.482703268543,55.482703268543
37.0,0.896163339065529,0.2554855316343866,8.73254085504788,54.585105882510085,offshore,DK,45.844742693773824,50.13722998729352,-4.441387492993826,0.2589241119202483,125.40189935377457,35.315643828942925,9.13961493002021e-07,3.065266727009763,0.8240913414062767,0.1267348255995412,25,3.658924588357686,0.12739570438861847,47.12553784291482,54.585105882510085,8.73254085504788,54.585105882510085,54.585105882510085
38.0,0.873971553287973,0.2456719919274323,13.131747698841176,56.75915303567509,offshore,DK,45.844742693773824,50.13722998729352,-100.0,0.19649234158132348,146.28736570812933,35.5639499871892,8.957866929264495e-07,19.627190990889012,0.7834030093126023,0.13521861100729993,28,232.4339004814335,0.9420961737632751,35.75232357362749,56.75915303567509,13.131747698841176,56.75915303567509,56.75915303567509
39.0,0.967744951879722,0.1090551936604663,11.30114370304701,55.11988737792467,offshore,DK,45.844742693773824,50.13722998729352,-97.93720795495598,0.27416442609073854,242.68535984751273,57.609282739065364,1.5664213025518025e-06,5.377574533111475,0.8554997863923425,0.1140929739553379,26,96.55048352880128,0.00012237945338711143,46.99970579504768,55.11988737792467,11.30114370304701,55.11988737792467,55.11988737792467
40.0,0.8905049398788387,0.2691935754708236,8.91528676133584,57.7916050452352,offshore,DK,45.844742693773824,50.13722998729352,-7.229147547809728,0.39844405039838166,330.4510890864426,52.34212115998466,5.403171057773689e-07,44.50556855538549,0.8085765751659726,0.1360168716044085,27,10.707186445521995,0.00047380843898281455,47.46680377225358,57.7916050452352,8.91528676133584,57.7916050452352,57.7916050452352
41.0,0.955653551893653,0.1476219774879842,11.713826825834527,57.83875001950906,offshore,DK,45.844742693773824,50.13722998729352,67.01406999037967,0.05069293055787524,34.56905886326329,42.2186776168818,-1.4956134131520238e-06,1.1621352631107607,0.8233549742510025,0.10733697776481302,23,-38.422731061566054,0.6988034844398499,47.85151059240061,57.83875001950906,11.713826825834527,57.83875001950906,57.83875001950906
42.0,0.9529200133023714,0.1558910852045968,8.257913908364138,57.70202536577157,offshore,DK,45.844742693773824,50.13722998729352,0.03935129340615262,0.5864302053571853,179.82858694142826,63.207191663202586,-5.362238550006419e-07,30.209428596114865,0.8598118099973643,0.1494632539417152,19,-2.119562409714984,0.00031800189753994346,49.265055844205015,57.70202536577157,8.257913908364138,57.70202536577157,57.70202536577157
43.0,0.8992620189791453,0.248740955703293,14.819903015590866,55.79555545089406,offshore,DK,45.844742693773824,50.13722998729352,-100.0,0.2666317266669595,348.62909456413615,24.431926809726967,9.225902399252603e-07,16.57566702977049,0.8176222939478482,0.1216827979402961,27,96.55870673535306,9.305396815761924e-05,27.20083688630793,55.79555545089406,14.819903015590866,55.79555545089406,55.79555545089406
44.0,0.8789350072077944,0.2964878237022028,9.940849862000126,54.55409815785104,offshore,DK,45.844742693773824,50.13722998729352,-27.09141884634331,0.2586306504715739,37.75003785316321,52.98733875240585,5.185995111957673e-07,3.8081810166550936,0.7736950811968321,0.1270586288358546,17,37.761245332069834,0.3531801104545593,37.53225832114384,54.55409815785104,9.940849862000126,54.55409815785104,54.55409815785104
45.0,0.896239128827973,0.2552559453093428,12.968917132654864,57.74911496905704,offshore,DK,45.844742693773824,50.13722998729352,-100.0,0.2023731741794059,202.60137829792933,42.7233941581753,9.568787267841749e-07,66.57968054122041,0.8010392697159965,0.1473567855981456,24,316.2677179675271,1.7169618606567383,49.48214910584798,57.74911496905704,12.968917132654864,57.74911496905704,57.74911496905704
46.0,0.8705376193303502,0.2508750468455749,10.337833070670582,55.9986445191106,offshore,DK,45.844742693773824,50.13722998729352,37.534222431813205,0.5334944864506018,312.9608878385168,46.759426780817996,-5.746146784197392e-07,4.527639754171326,0.7875697702270368,0.12101267391695339,31,-8.781561211493319,0.2509748339653015,48.855149342573185,55.9986445191106,10.337833070670582,55.9986445191106,55.9986445191106
47.0,0.8661884173027248,0.25726903144786,11.900510158833582,57.88329186665284,offshore,DK,45.844742693773824,50.13722998729352,-66.11988031374082,0.0668636759511704,191.01335365262238,29.787393076294435,3.4266016599806823e-07,9.50597298891987,0.8283874607610788,0.11014187689449449,23,135.15053529339747,1.642836093902588,35.5245508985407,57.88329186665284,11.900510158833582,57.88329186665284,57.88329186665284
48.0,0.9098034728144684,0.2657654375845735,12.100327095074597,57.87266991981239,offshore,DK,45.844742693773824,50.13722998729352,-72.61751809652267,0.5466823620751058,146.89076996112087,35.66616469774411,2.842150163242601e-08,17.5350180231905,0.8007305972162647,0.11428204807988968,24,128.40938867987683,1.400557041168213,24.611106402719283,57.87266991981239,12.100327095074597,57.87266991981239,57.87266991981239
49.0,0.8740153190905346,0.2453932862411501,9.386408416441453,57.48553309413576,offshore,DK,45.844742693773824,50.13722998729352,51.915952855627715,0.5061222982690095,165.863180099115,48.10390433100806,-9.960181066018736e-07,21.7219448264662,0.8072446629376492,0.1203811178196079,33,-51.17959626023072,0.00022704520961269736,28.868457613979306,57.48553309413576,9.386408416441453,57.48553309413576,57.48553309413576
50.0,0.9615118685000827,0.1412412089393716,15.27188470823419,55.53057112224355,offshore,DK,45.844742693773824,50.13722998729352,-36.6159473213247,0.22127437901959063,180.0,35.36170734935487,-1.6204101040723574e-06,29.32842893333646,0.8217144728888994,0.0936296265598135,20,44.20949712235257,8.602062007412314e-05,0.0,55.53057112224355,15.27188470823419,55.53057112224355,55.53057112224355
51.0,0.8860397678226215,0.2799321523218201,13.813496175208359,55.84784205010674,offshore,DK,45.844742693773824,50.13722998729352,-100.0,0.25536642883264576,158.188557898979,22.757649616058114,5.873852444807098e-07,27.97352728860225,0.7712267055186933,0.13916676439414227,26,191.6229456701575,0.49251729249954224,27.714334327478284,55.84784205010674,13.813496175208359,55.84784205010674,55.84784205010674
52.0,0.9552722936707196,0.1495823479268198,15.046242061731418,57.478978350309,offshore,DK,45.844742693773824,50.13722998729352,-68.01086224859563,0.09124728210524458,0.0,20.472135865302214,1.368406369707169e-06,92.37260450284668,0.779414318693709,0.1412286244409334,21,303.2480900640321,1.6805990934371948,15.079824152219079,57.478978350309,15.046242061731418,57.478978350309,57.478978350309
53.0,0.8647108108407806,0.458106740995906,14.711205128207366,55.60922701804697,offshore,DK,45.844742693773824,50.13722998729352,-100.0,0.4049245333593913,180.57478768991356,37.87137157848657,1.7887960641249395e-07,21.756098628782425,0.8229927183197118,0.11416474635255343,29,105.94487581449833,9.174266597256064e-05,35.39812626224661,55.60922701804697,14.711205128207366,55.60922701804697,55.60922701804697
54.0,0.8670438778580307,0.2554481841200203,12.48424984108314,55.093224613401325,offshore,DK,45.844742693773824,50.13722998729352,-10.844096533080183,0.34458376760979964,156.8664605081336,42.53176731558352,4.954114285251595e-07,5.045793742661694,0.7876239923926794,0.14001673821881655,26,16.09986725052702,0.041812967509031296,41.473684902475924,55.093224613401325,12.48424984108314,55.093224613401325,55.093224613401325
55.0,0.868568794561255,0.2533493635679786,14.914056762673376,56.448804418604226,offshore,DK,45.844742693773824,50.13722998729352,-85.2232609941546,0.22263367481596502,179.20462360164657,11.175187895174435,5.536849284779532e-07,19.940532228391806,0.782053611642385,0.1390111681282359,26,216.462978191796,1.4531646966934204,9.133530422552798,56.448804418604226,14.914056762673376,56.448804418604226,56.448804418604226
56.0,0.8955455151542022,0.2573779336598909,8.663693765389397,57.776541709562736,offshore,DK,45.844742693773824,50.13722998729352,51.067248395361425,1.0185772701610474,157.80659302474032,72.06191472363874,-9.643866087366645e-07,36.30702886199117,0.843891843120782,0.1530840204770628,25,-49.275724515519684,0.00042624393245205283,49.48762413562524,57.776541709562736,8.663693765389397,57.776541709562736,57.776541709562736
57.0,0.9648148809646108,0.1179366701564708,9.46987146814359,56.93610428836241,offshore,DK,45.844742693773824,50.13722998729352,-55.04667792051239,0.34416158613832903,154.46542499788148,69.8721526259234,1.143982707431275e-06,6.122276672314178,0.8319691668124962,0.13539811493052095,35,73.2831173678517,0.50644451379776,66.83776077330292,56.93610428836241,9.46987146814359,56.93610428836241,56.93610428836241
58.0,0.9626235017088648,0.1247025527181216,8.339204666829035,56.495214095312775,offshore,DK,45.844742693773824,50.13722998729352,12.137232224696518,0.15813271340775628,264.39477453747327,40.56937965843438,9.280732345642755e-07,4.734527960686181,0.88242351234915,0.10605880841092116,23,-3.7506140720908885,0.054669927805662155,37.92549634639552,56.495214095312775,8.339204666829035,56.495214095312775,56.495214095312775
59.0,0.9671804635563273,0.1104074378292221,10.439977480724483,54.84011772819769,offshore,DK,45.844742693773824,50.13722998729352,-9.92445339251087,0.25684702174931123,152.06002764497035,37.414579964657555,5.521511541183598e-07,0.07805702416143008,0.7820498349931531,0.12052599091578174,27,9.032848986954436,8.37556435726583e-05,50.20299814027759,54.84011772819769,10.439977480724483,54.84011772819769,54.84011772819769
60.0,0.8834232462823834,0.2860381642020728,10.915079672671116,56.65252529344709,offshore,DK,45.844742693773824,50.13722998729352,-80.80167056123405,0.2692513106835658,27.92459510690054,52.69384957232846,1.3709217670550514e-06,10.141992208140653,0.8018080778557817,0.17028760384873048,31,79.73798904473759,0.00018126884242519736,54.40217093936157,56.65252529344709,10.915079672671116,56.65252529344709,56.65252529344709
61.0,0.871163385546019,0.2496410864435945,10.03511773830422,57.96518847536492,offshore,DK,45.844742693773824,50.13722998729352,-38.86754804626293,0.06152901576702479,90.0,46.14885713507866,8.667064288047985e-07,26.407826135347698,0.8006429087945864,0.11036154605191625,21,38.150012384875,0.00036520877620205283,46.81468152816635,57.96518847536492,10.03511773830422,57.96518847536492,57.96518847536492
62.0,0.8804795149472338,0.2353141990287275,14.21553131863947,54.99029405332784,offshore,DK,45.844742693773824,50.13722998729352,-100.0,0.2244951871613216,328.3054919219709,30.45056831232841,8.386432669802441e-07,28.693113541447882,0.8050424335577432,0.1463988852803772,23,99.78913583193547,0.0001288167550228536,23.968521076318332,54.99029405332784,14.21553131863947,54.99029405332784,54.99029405332784
63.0,0.9535640395790383,0.1697202714255108,10.675649950201919,56.31415378327308,offshore,DK,45.844742693773824,50.13722998729352,-0.21232967039674477,0.31204800018841067,117.77863210299016,60.28888990708079,-7.83505431112007e-07,6.055033227555932,0.7911803541006689,0.16650536024700563,30,11.61308555097268,0.3159676194190979,42.70395573093641,56.31415378327308,10.675649950201919,56.31415378327308,56.31415378327308
64.0,0.8676274933035344,0.2548156280330872,10.107008822655356,57.57080575174784,offshore,DK,45.844742693773824,50.13722998729352,-26.831340774721834,0.2668298536134367,163.76447947621278,19.937386256558025,-2.7731374869301777e-07,1.5861814224724098,0.7993125010121674,0.12693997407995605,34,44.49737646542661,0.6878867745399475,22.356735417253905,57.57080575174784,10.107008822655356,57.57080575174784,57.57080575174784
65.0,0.8692641119642014,0.252029378871402,12.070220623686863,57.09269016213972,offshore,DK,45.844742693773824,50.13722998729352,-81.35775223373568,0.4205683100940531,20.23880450755341,48.12269142886568,2.8534494629252636e-07,8.86909415610572,0.8114263919598024,0.13623205011675976,30,83.53923789971233,0.00015981117030605674,34.727904476465056,57.09269016213972,12.070220623686863,57.09269016213972,57.09269016213972
66.0,0.8857096008791456,0.2801913755026348,9.056931687310719,56.939555093483435,offshore,DK,45.844742693773824,50.13722998729352,-34.029616205421554,0.3421010963002802,204.33473200678992,53.00760713485645,1.150570643800928e-06,5.686132110429043,0.8765676148781385,0.09255096524118547,29,38.56043242770439,0.0001422874047420919,41.62664495920783,56.939555093483435,9.056931687310719,56.939555093483435,56.939555093483435
67.0,0.8850678284679383,0.2822277755854716,14.016477355655297,56.958694293954885,offshore,DK,45.844742693773824,50.13722998729352,-98.15001101517429,0.2522974888878677,204.15573067547626,30.796089064019995,3.0982846806027213e-07,74.12567200318924,0.8145087852979956,0.0902850399743459,33,262.71214208503505,1.1599169969558716,25.67653425587599,56.958694293954885,14.016477355655297,56.958694293954885,56.958694293954885
68.0,0.8991183934428844,0.2489315691878294,8.559129827598282,55.75821902926914,offshore,DK,45.844742693773824,50.13722998729352,47.8959632718547,0.42663998665489145,226.43678744927078,52.66670527777958,-6.348290088353834e-08,15.598744359277385,0.7949638180926453,0.145059333934665,24,-28.36456389936256,0.4594513773918152,70.24398174921356,55.75821902926914,8.559129827598282,55.75821902926914,55.75821902926914
69.0,0.9667281379086544,0.1127256584072321,15.40165202450388,55.52757145492573,offshore,DK,45.844742693773824,50.13722998729352,-36.6159473213247,0.22127437901959063,180.0,35.36170734935487,-1.6204101040723574e-06,33.42180997518017,0.8176108126076717,0.10027385222460232,17,41.73190538613276,8.113303920254111e-05,0.0,55.52757145492573,15.40165202450388,55.52757145492573,55.52757145492573
70.0,0.8526870379864058,0.529867568910401,13.79183576972493,57.332764044174795,offshore,DK,45.844742693773824,50.13722998729352,-18.959816466390393,0.4940396868369013,159.59140253486186,37.10527431293818,-6.410904811718719e-07,81.71932986681065,0.8090119163616507,0.11131781886967464,28,204.4767173863019,1.5621060132980347,36.219825004466195,57.332764044174795,13.79183576972493,57.332764044174795,57.332764044174795
71.0,0.8760386631545934,0.242886964445011,9.490367611506294,57.335396881377136,offshore,DK,45.844742693773824,50.13722998729352,-35.21137238815824,0.32843323691113235,217.47217274351257,49.98453240145213,9.79955238888409e-07,8.736652107152901,0.8214619536734938,0.12880064401000496,32,42.50338891839537,0.33913689851760864,59.24435351874982,57.335396881377136,9.490367611506294,57.335396881377136,57.335396881377136
72.0,0.8696726881442622,0.4418622500596887,8.041415878427017,57.53475311503036,offshore,DK,45.844742693773824,50.13722998729352,-54.76122652718429,0.45560797699316813,164.5212826950504,35.21945145648001,1.344462808753978e-06,40.16682833781032,0.8443205143974264,0.17368477913148278,15,56.2798966547253,0.0002794972970150411,33.576020298072855,57.53475311503036,8.041415878427017,57.53475311503036,57.53475311503036
73.0,0.958147977355268,0.1392970927306046,14.115960713411257,57.69634193394765,offshore,DK,45.844742693773824,50.13722998729352,-100.0,0.3383103920987433,342.9152102936804,38.68801818947674,4.1711150938605626e-07,116.14198138169567,0.8006212369096649,0.13342989278061004,22,349.05000090818476,1.6088999509811401,38.445027828617405,57.69634193394765,14.115960713411257,57.69634193394765,57.69634193394765
74.0,0.952744788399254,0.1571632817391476,13.301430078857129,56.289698396013286,offshore,DK,45.844742693773824,50.13722998729352,-36.98231057237156,0.5062863793313973,202.8979300925137,38.908417794945024,-5.463338273016209e-07,30.567896664963367,0.8087225396023606,0.13065551758866545,27,130.55626015314073,0.5281016230583191,37.730032294125685,56.289698396013286,13.301430078857129,56.289698396013286,56.289698396013286
75.0,0.9525195132074684,0.1577425745807239,13.467553760307405,56.255307031405195,offshore,DK,45.844742693773824,50.13722998729352,-96.83344380714112,0.0908750411224168,90.0,17.84842482503638,8.564330161855371e-07,42.24051468125601,0.8166467370144348,0.13798196772925267,27,204.04968267630136,0.3978964686393738,13.09013517748266,56.255307031405195,13.467553760307405,56.255307031405195,56.255307031405195
76.0,0.8729932837587382,0.2465101157600653,13.784527600144592,57.29403312638371,offshore,DK,45.844742693773824,50.13722998729352,-18.959816466390393,0.4940396868369013,159.59140253486186,37.10527431293818,-6.410904811718719e-07,79.63873555174892,0.8203453903617941,0.09277617976507602,29,204.4767173863019,1.5621060132980347,36.219825004466195,57.29403312638371,13.784527600144592,57.29403312638371,57.29403312638371
77.0,0.8983570358951823,0.2504716998847542,8.555334888005678,56.774873757722176,offshore,DK,45.844742693773824,50.13722998729352,98.68743009198431,0.11429896236656019,136.0062047107705,36.556295335648066,-1.1629145775149056e-06,0.2285458546809217,0.8864408444720808,0.09221294831433088,30,-87.35160145465657,0.2583853602409363,44.19946741491736,56.774873757722176,8.555334888005678,56.774873757722176,56.774873757722176
78.0,0.9575743882643512,0.1412108711392229,10.688492964082045,56.95688407040196,offshore,DK,45.844742693773824,50.13722998729352,42.299988049272166,0.20062175868968662,26.513874262881806,58.58773569530751,-1.5841317799168856e-06,22.386338480716976,0.8064039386372157,0.11263064099652793,26,-40.62278391674475,0.00013883033534511924,56.340286423354954,56.95688407040196,10.688492964082045,56.95688407040196,56.95688407040196
79.0,0.884119208568506,0.2841760686018617,8.869017946438472,57.28527434302635,offshore,DK,45.844742693773824,50.13722998729352,11.628155241912241,0.7421602059444222,155.2939228197997,42.87783535299876,-8.347708138098837e-07,11.346708726082149,0.8305642629003582,0.11012308553736953,24,-9.25905772581347,0.00024099269649013877,73.13139225824472,57.28527434302635,8.869017946438472,57.28527434302635,57.28527434302635
80.0,0.8834523942184003,0.2860310066762606,14.47327569406695,57.61501869636148,offshore,DK,45.844742693773824,50.13722998729352,-100.0,0.19257937989284205,322.2561270240553,17.77317231986178,6.795419870949674e-07,105.12208353615519,0.786982261144865,0.1472620682395649,25,363.0659205902372,1.7271898984909058,19.3462223638944,57.61501869636148,14.47327569406695,57.61501869636148,57.61501869636148
81.0,0.8924164690248982,0.2645415064805588,12.674735951206685,55.682983048980375,offshore,DK,45.844742693773824,50.13722998729352,-41.088987105248535,0.16604009891885665,266.11346320801573,34.049934132841834,-1.7658239024343046e-07,3.2409576560403144,0.7568862059142571,0.12803264628130775,22,54.46305318859504,0.2588440775871277,34.942850147351834,55.682983048980375,12.674735951206685,55.682983048980375,55.682983048980375
82.0,0.8947483440916484,0.2591325489179358,10.481735186394868,55.8145403342398,offshore,DK,45.844742693773824,50.13722998729352,-54.157669608836365,0.21634085628407984,92.36729953974587,34.63545328647926,9.969577787554612e-07,2.254050257639433,0.8105744915573493,0.1122683785660666,31,49.893035167538876,0.03316183015704155,35.92251628201297,55.8145403342398,10.481735186394868,55.8145403342398,55.8145403342398
83.0,0.8918973690748537,0.2665030145823755,8.476687627145177,54.82893678944304,offshore,DK,45.844742693773824,50.13722998729352,71.00292236254623,0.1901661112744119,241.6059106908106,37.260156388098565,-5.465361707305817e-07,3.060414721584199,0.8507965992785926,0.12920463786332886,29,-70.5728789576883,0.09486252814531326,33.42445527541812,54.82893678944304,8.476687627145177,54.82893678944304,54.82893678944304
84.0,0.962825923919152,0.1242055287042022,10.332367412867466,56.52398049348661,offshore,DK,45.844742693773824,50.13722998729352,86.82105730505631,0.5796907328390939,333.36791107869743,51.943625251405706,-9.909096886522104e-07,3.382841593571897,0.8235098964398994,0.14877497291341776,28,-58.69974381816222,0.2046845704317093,51.952718619228634,56.52398049348661,10.332367412867466,56.52398049348661,56.52398049348661
85.0,0.955063857825541,0.1497271720705403,10.438874915200604,54.6257979582886,offshore,DK,45.844742693773824,50.13722998729352,29.551745840945173,0.259778375689801,174.35439567291456,51.10649258867939,-3.992578283639194e-07,14.246005539816968,0.7828191237024026,0.12745249894548308,25,-30.443350246501605,8.37556435726583e-05,50.20299814027759,54.6257979582886,10.438874915200604,54.6257979582886,54.6257979582886
86.0,0.899815614333175,0.2470152607566309,13.472046337535481,56.12959306346361,offshore,DK,45.844742693773824,50.13722998729352,-100.0,0.18842320745156088,357.261446268669,18.887407200592804,6.337740356155525e-07,43.15625719136009,0.7890434144354931,0.15151173691444078,29,207.21623886916024,0.3978964686393738,13.09013517748266,56.12959306346361,13.472046337535481,56.12959306346361,56.12959306346361
87.0,0.8990254550955834,0.2489927296951108,12.781681035164098,56.39925622147652,offshore,DK,45.844742693773824,50.13722998729352,-81.35854737710599,0.15101673644601282,76.5947382731468,34.0040606269557,9.692570041510947e-07,3.784117719817275,0.8047715353961092,0.14957799962779386,32,113.32450964824343,0.5416205525398254,32.870262530720936,56.39925622147652,12.781681035164098,56.39925622147652,56.39925622147652
88.0,0.8678928186925298,0.2535195122803172,14.654095569322449,55.50289438244899,offshore,DK,45.844742693773824,50.13722998729352,-98.42417101662534,0.31548976567227116,324.2844871768948,40.089906448541264,3.752692940158027e-07,15.823279717224043,0.8194796163107088,0.10447612152447533,27,104.36904683112367,9.174266597256064e-05,35.39812626224661,55.50289438244899,14.654095569322449,55.50289438244899,55.50289438244899
89.0,0.8892096179953948,0.2726148095747915,11.54161193871462,56.56791641199154,offshore,DK,45.844742693773824,50.13722998729352,-55.14019143308016,0.2872319409750699,165.32927505510975,32.88645347432848,5.600085034335663e-07,7.918934243800693,0.8017157822811961,0.15588394423930757,27,56.26093324157236,0.0002274028374813497,24.153853861432708,56.56791641199154,11.54161193871462,56.56791641199154,56.56791641199154
90.0,0.8926170243252824,0.264217273226574,8.896956844537263,54.60675087478667,offshore,DK,45.844742693773824,50.13722998729352,-2.822869370483872,0.30458828636128693,185.20470954219738,41.97893945834995,-6.3850802465418e-08,0.7328902658327539,0.8185422667253518,0.13079945736517137,25,7.3588638391607395,0.2963109612464905,47.22183304660376,54.60675087478667,8.896956844537263,54.60675087478667,54.60675087478667
91.0,0.8819211365169789,0.2890736098646245,13.349335904172463,54.63071866062225,offshore,DK,45.844742693773824,50.13722998729352,-19.773225327527904,0.3182809152564335,151.1409272962423,39.02177084850393,-2.4422194817547105e-07,1.815571329586903,0.7977527078304217,0.12904258251671363,22,19.82366343903897,0.00014181056758388877,36.39786734397633,54.63071866062225,13.349335904172463,54.63071866062225,54.63071866062225
92.0,0.8678994743240132,0.2537461582459477,13.705887864626732,57.3791019623088,offshore,DK,45.844742693773824,50.13722998729352,-53.446758274812154,0.17604653386711572,352.3129250007915,35.86577233192593,-7.198379866371518e-07,79.11863279981597,0.8144235866187249,0.1187420159971458,30,279.8761873006518,1.7060669660568237,40.19505502417586,57.3791019623088,13.705887864626732,57.3791019623088,57.3791019623088
93.0,0.8875907316270826,0.2762512364375492,12.209578981771221,55.76066724493942,offshore,DK,45.844742693773824,50.13722998729352,-85.07632121505199,0.16263450796115317,357.7679088862052,57.52841936530348,6.444846741517159e-07,8.500398486137993,0.7558104408792532,0.14380138674892354,23,102.3412419735424,0.30752652883529663,33.592276954044415,55.76066724493942,12.209578981771221,55.76066724493942,55.76066724493942
94.0,0.867287438901769,0.2551701882233873,13.782253849659208,54.944711794281595,offshore,DK,45.844742693773824,50.13722998729352,-100.0,0.40173671542660694,204.59759956575283,26.231912002743382,2.646162219504255e-07,27.621210313189327,0.7929239224042771,0.15740471402141115,24,98.94986158945716,0.0001556388451717794,25.721736012830352,54.944711794281595,13.782253849659208,54.944711794281595,54.944711794281595
95.0,0.8692143146952054,0.2513444687293393,11.703466972732931,56.32785141019181,offshore,DK,45.844742693773824,50.13722998729352,-64.74265895635729,0.08071228564172267,21.649557293983563,42.498861705057486,5.71952335770958e-07,25.926401166744355,0.7787409167873756,0.16813448824721647,25,65.94824434038242,0.00020177284022793174,44.98083349790353,56.32785141019181,11.703466972732931,56.32785141019181,56.32785141019181
96.0,0.9655100372977692,0.1154205458484201,11.920496220364955,57.19497743584514,offshore,DK,45.844742693773824,50.13722998729352,-20.76997843964268,0.16896070338682392,188.62939299421924,31.679428111620922,-4.2601881363854816e-07,11.628324218794088,0.836202114945801,0.11562212909766457,27,28.656298325256017,0.2185874730348587,37.95468164507419,57.19497743584514,11.920496220364955,57.19497743584514,57.19497743584514
97.0,0.957662438345143,0.1413969767910397,11.206557637689123,55.255373596238954,offshore,DK,45.844742693773824,50.13722998729352,-100.0,0.2736468346482591,214.70707181583305,48.41550290473028,1.343284322326234e-06,2.307383938095542,0.8361663527369131,0.12242692967756613,23,107.01358620489668,0.014247369021177292,58.255396757737465,55.255373596238954,11.206557637689123,55.255373596238954,55.255373596238954
98.0,0.8678317310683237,0.4484427670544533,8.190643450580714,56.6801166653665,offshore,DK,45.844742693773824,50.13722998729352,11.087774942663913,0.03522265962822662,8.779332378058513,47.17801471553506,1.9821481979678196e-07,0.33321976969945327,0.8726346372955704,0.10563344347490111,23,-1.5376446579846377,0.08571404963731766,40.36504085626383,56.6801166653665,8.190643450580714,56.6801166653665,56.6801166653665
99.0,0.875639391367171,0.2429643470099562,8.809185702449783,54.79871612747819,offshore,DK,45.844742693773824,50.13722998729352,19.264839874819646,0.7450645320569673,157.43763716098556,47.03993419891772,-5.3833525094988314e-08,7.477227364809621,0.8309454020821688,0.13730960039036133,25,-14.38389453097134,0.31209951639175415,43.544371470400016,54.79871612747819,8.809185702449783,54.79871612747819,54.79871612747819
100.0,1.010947922723433,-0.0299651392966918,8.235718892650507,54.68088602409013,offshore,DK,45.844742693773824,50.13722998729352,121.20476671382424,0.1450198240724845,66.25540199028298,53.41988090787685,-1.097149722032624e-06,4.11321871399303,0.8339163066686652,0.10817173679168288,21,-120.74564546383061,2.856174251064658e-05,49.18210020272086,54.68088602409013,8.235718892650507,54.68088602409013,54.68088602409013
101.0,0.8669040584092134,0.2559856746368771,12.773078084478353,56.359741210488515,offshore,DK,45.844742693773824,50.13722998729352,-81.35854737710599,0.15101673644601282,76.5947382731468,34.0040606269557,9.692570041510947e-07,2.4192030326876175,0.8088303971079017,0.13711249677428397,31,118.79393282027466,0.4191296696662903,57.200774574898,56.359741210488515,12.773078084478353,56.359741210488515,56.359741210488515
102.0,0.865947957965752,0.4547736729282512,10.35766985807245,56.39222292563537,offshore,DK,45.844742693773824,50.13722998729352,32.23969413573264,0.28751512032802834,179.36549978596588,46.141363256688734,8.128920319213061e-08,7.466203004914077,0.8124619213653637,0.14967132549679868,34,-4.118380648838542,0.2046845704317093,51.952718619228634,56.39222292563537,10.35766985807245,56.39222292563537,56.39222292563537
103.0,0.8708296522267187,0.2502342882942801,11.81428018373527,56.73100465524372,offshore,DK,45.844742693773824,50.13722998729352,-100.0,0.17417612426937135,180.0,36.19883261408741,2.141183761705656e-06,11.796658718034028,0.7692475985997939,0.1540946124959045,28,101.26095278777666,0.00022215762874111533,38.3937252372776,56.73100465524372,11.81428018373527,56.73100465524372,56.73100465524372
104.0,0.959820703976236,0.1338324884211614,14.806748554445697,57.04131966802932,offshore,DK,45.844742693773824,50.13722998729352,-100.0,0.0,90.0,22.962185214265638,2.837550875163089e-07,62.53899071793197,0.8148781445391602,0.11457158877120735,30,304.8855340668067,1.4336700439453125,20.67115125689036,57.04131966802932,14.806748554445697,57.04131966802932,57.04131966802932
105.0,0.8933729995933521,0.2622168528111127,9.869691718616561,57.91548227811887,offshore,DK,45.844742693773824,50.13722998729352,-2.479763660764146,0.4984125526771323,215.04335249542066,45.22657149662086,1.1825205837804816e-07,24.213554041576742,0.7964327160394169,0.11872727246627783,26,2.6943123503013475,0.00042123714229092,41.09584626191015,57.91548227811887,9.869691718616561,57.91548227811887,57.91548227811887
106.0,0.8695353462483422,0.2517745678983805,11.077871922767223,56.30705121905418,offshore,DK,45.844742693773824,50.13722998729352,48.35991250731523,0.13581820780543272,59.752128971189805,54.08000629038429,-1.2573592164793267e-06,11.654068842437558,0.7994346657135767,0.16760131798637817,27,-44.45287581218998,0.04372413083910942,43.820737151835374,56.30705121905418,11.077871922767223,56.30705121905418,56.30705121905418
107.0,0.8725474514150544,0.2471754300582173,13.666633539072865,55.63034765529436,offshore,DK,45.844742693773824,50.13722998729352,-34.66222928152379,0.12815919268129047,353.2964069127483,28.03070773323297,2.011389926650877e-08,14.88382570716023,0.7874642223458534,0.11986459174665713,26,126.2851749516813,0.49251729249954224,27.714334327478284,55.63034765529436,13.666633539072865,55.63034765529436,55.63034765529436
108.0,0.964959980979901,0.1176081945219015,9.715986241187169,57.28315168169046,offshore,DK,45.844742693773824,50.13722998729352,16.676591973574627,0.22394100329515373,289.1198949277494,39.20364226921791,-6.526958660566184e-09,5.211750676986655,0.8258501422133795,0.11836933348220266,32,-1.802826069188317,0.6181342005729675,43.40331850770533,57.28315168169046,9.715986241187169,57.28315168169046,57.28315168169046
109.0,0.8782901957390783,0.2393062566449435,8.577349323715948,55.44791287941726,offshore,DK,45.844742693773824,50.13722998729352,37.86368787603159,0.1588264023607096,307.5987710131362,49.55940940192275,-1.9041139360427883e-07,0.2474568853916498,0.774490370107405,0.13816240390771722,25,-26.35379049453536,0.4903523325920105,59.27001903733056,55.44791287941726,8.577349323715948,55.44791287941726,55.44791287941726
110.0,0.8720733533463934,0.2480702032940106,10.17313589685326,56.036399972469724,offshore,DK,45.844742693773824,50.13722998729352,-30.415163670423585,0.17762582343549904,114.14974310203294,51.934458541902195,6.518802221956317e-07,4.3750301627376995,0.7984768294608522,0.10867169654918858,31,59.167824890743475,0.2509748339653015,48.855149342573185,56.036399972469724,10.17313589685326,56.036399972469724,56.036399972469724
111.0,0.8975676722071683,0.2524922437458466,9.209159654405033,54.77459733469793,offshore,DK,45.844742693773824,50.13722998729352,-20.688144659416643,0.22793913837793678,250.97138022463406,43.24337985902596,4.488698773352419e-07,16.453581955952526,0.7870585916670964,0.1226497699515882,26,40.85407837850012,0.6801239848136902,32.38904200924842,54.77459733469793,9.209159654405033,54.77459733469793,54.77459733469793
112.0,0.8829059421171024,0.2868365286237635,14.972732392569299,54.588727601954105,offshore,DK,45.844742693773824,50.13722998729352,-39.46944923801359,0.5445205368787635,356.3024132059906,22.15752709323712,4.979578636792786e-07,29.50609179281125,0.8140853049897778,0.10796082697329143,19,40.5451801355423,0.00011701503535732627,24.715332081862453,54.588727601954105,14.972732392569299,54.588727601954105,54.588727601954105
113.0,0.8725609441932161,0.2474136775253934,14.060902846733127,57.86926945137274,offshore,DK,45.844742693773824,50.13722998729352,-100.0,0.09627714862198669,168.4223092259562,31.403210254888037,3.0866203650763583e-07,121.81877863929948,0.8176994303809558,0.1435690836492905,14,349.05000090818476,1.6088999509811401,38.445027828617405,57.86926945137274,14.060902846733127,57.86926945137274,57.86926945137274
114.0,0.8537805668606797,0.4059736635654392,12.750528173828176,57.42593042179272,offshore,DK,45.844742693773824,50.13722998729352,-100.0,0.2666880422626664,120.28186439945979,40.326827452925144,9.358348358034517e-07,41.56063530145146,0.808712945798541,0.13072046203206628,30,241.86826708470784,1.6535683870315552,50.38534838121864,57.42593042179272,12.750528173828176,57.42593042179272,57.42593042179272
115.0,0.8674794895455094,0.2535363698016261,14.535954426407883,56.935909721327945,offshore,DK,45.844742693773824,50.13722998729352,-44.5152363662324,0.0,90.0,36.81683276967814,-3.9241514745134917e-07,56.61327769356785,0.7954981167419117,0.13171512421548165,32,233.90745722210573,1.3035084009170532,22.885559118023863,56.935909721327945,14.535954426407883,56.935909721327945,56.935909721327945
116.0,0.8822171180714939,0.2886394571294921,14.027540576743359,55.93133530544994,offshore,DK,45.844742693773824,50.13722998729352,-100.0,0.189893786043003,331.03524560649845,30.72379200803451,4.612543066629308e-07,15.155836908218479,0.7887564194168059,0.13284044323605781,28,165.90657909747466,0.5648189187049866,22.862685717539513,55.93133530544994,14.027540576743359,55.93133530544994,55.93133530544994
117.0,0.8768484574895485,0.241033079106411,9.399275441645269,55.10653012024796,offshore,DK,45.844742693773824,50.13722998729352,-48.81961523745564,0.35062674048912934,113.20700160184504,45.253783337284965,8.934705537276612e-07,4.32241413556248,0.788106659926237,0.1384733755571144,25,74.32113437561699,0.5117066502571106,71.62638958139394,55.10653012024796,9.399275441645269,55.10653012024796,55.10653012024796
118.0,0.8885129894427102,0.2740674442603853,14.694192488674833,55.0475296493488,offshore,DK,45.844742693773824,50.13722998729352,-100.0,0.026257728751430814,180.0,24.253309559088105,1.8682676276834212e-07,2.8617633301535235,0.8054970281693422,0.13404086226653936,23,108.87178000706153,0.00011057773372158408,6.644318489193823,55.0475296493488,14.694192488674833,55.0475296493488,55.0475296493488
119.0,0.8695732792704213,0.2519751052524532,12.045066814367381,55.37585014357608,offshore,DK,45.844742693773824,50.13722998729352,-18.327204877258865,0.22415856798642272,171.56787890671626,38.073417129186105,-7.745626227222241e-09,13.38187796901096,0.8100982224199291,0.14272883299773959,29,50.074485819910024,0.27156609296798706,53.379782139191654,55.37585014357608,12.045066814367381,55.37585014357608,55.37585014357608
120.0,0.869548087415053,0.2508876685321711,14.05580116373047,56.42229332647142,offshore,DK,45.844742693773824,50.13722998729352,-20.545334960403387,0.40758550033654906,173.30490564050666,28.30408564154678,-8.126571319657971e-07,39.47972977601567,0.8027774505704971,0.1416085333293853,29,153.29072687877002,1.0490666627883911,33.719546225651825,56.42229332647142,14.05580116373047,56.42229332647142,56.42229332647142
121.0,0.8708334112518467,0.4383025785027052,14.7206847494262,57.00108572945022,offshore,DK,45.844742693773824,50.13722998729352,-100.0,0.21094482986095728,190.3318936738986,18.822766456323585,1.9739687344289489e-07,59.638839775474516,0.8171310097120821,0.11784021027628062,31,304.8855340668067,1.4336700439453125,20.67115125689036,57.00108572945022,14.7206847494262,57.00108572945022,57.00108572945022
122.0,0.8677473385408792,0.2542912845101654,10.38502606228898,56.81069081851206,offshore,DK,45.844742693773824,50.13722998729352,-59.00217621083399,0.5623083671952245,170.08710598727757,47.83406543814515,1.448157482678733e-06,6.688823938572883,0.8338880001564845,0.12424636192314559,31,64.29060971322777,0.00012786308070644736,59.13120653430101,56.81069081851206,10.38502606228898,56.81069081851206,56.81069081851206
123.0,0.8935345881855186,0.2620279677846022,8.825389433957575,55.4797686393108,offshore,DK,45.844742693773824,50.13722998729352,38.64292963494532,0.1104688001351301,26.090487573835432,30.229611858059243,-3.670157409883042e-07,14.499496058019192,0.7954575995092912,0.1395876528619986,26,-15.284407850620394,0.7299256920814514,29.241670931539733,55.4797686393108,8.825389433957575,55.4797686393108,55.4797686393108
124.0,0.8890431215344856,0.2726610955222672,9.709513719064562,57.842028482321176,offshore,DK,45.844742693773824,50.13722998729352,36.52359740239788,0.2052405263281242,193.67697536995138,51.64327420788508,-1.0546258159689932e-06,25.191676475059413,0.7956099090185453,0.11869860027922398,30,-35.75258638882546,0.005712341517210007,47.021980174862044,57.842028482321176,9.709513719064562,57.842028482321176,57.842028482321176
125.0,0.9696273203231242,0.0881426839730501,11.203308414696922,57.08263920843519,offshore,DK,45.844742693773824,50.13722998729352,9.797167935968773,0.7312030192142499,0.0,68.29032886093819,-4.970482486221456e-07,14.58388035329539,0.8191247720209675,0.12927203320104916,28,-11.183892362123474,0.00018305698176845908,68.22353139147617,57.08263920843519,11.203308414696922,57.08263920843519,57.08263920843519
126.0,0.8781123874298691,0.2396338845637022,14.135110744418698,56.4402391837899,offshore,DK,45.844742693773824,50.13722998729352,-20.545334960403387,0.40758550033654906,173.30490564050666,28.30408564154678,-8.126571319657971e-07,37.98210612022271,0.7964707079605133,0.14760123478040163,29,157.58428979271105,1.1536264419555664,15.201691810213541,56.4402391837899,14.135110744418698,56.4402391837899,56.4402391837899
127.0,0.8750782237068929,0.2439562034133792,14.455479374422575,56.64102261182023,offshore,DK,45.844742693773824,50.13722998729352,-100.0,0.040615382282081405,322.7882344073196,12.93625288810437,3.014267203824711e-08,38.568363823491175,0.7805615150656617,0.13785257932350495,35,266.4139516456945,1.2127244472503662,35.912288896098346,56.64102261182023,14.455479374422575,56.64102261182023,56.64102261182023
128.0,0.8850764784814826,0.2819559290842273,8.05214097898393,55.968600218497265,offshore,DK,45.844742693773824,50.13722998729352,-23.085643220839366,0.28577355479258665,177.69099467847767,32.19835654443589,7.41502164281828e-07,5.1505558158460465,0.792649125858056,0.1478288594812695,13,25.802479898629436,7.314601680263877e-05,48.29512248813569,55.968600218497265,8.05214097898393,55.968600218497265,55.968600218497265
129.0,0.9531425073867767,0.1553250555558354,11.830604769331742,55.367058463254054,offshore,DK,45.844742693773824,50.13722998729352,-20.6533759870389,0.5429774031603185,151.81920035088248,61.675422038664045,-2.0418924818652296e-07,13.8329078493365,0.8200991301784342,0.14711489792246132,29,44.289929770058585,0.19624479115009308,57.78879214657835,55.367058463254054,11.830604769331742,55.367058463254054,55.367058463254054
130.0,0.8867097713077297,0.2786319231402274,11.130582523615843,55.745904375279416,offshore,DK,45.844742693773824,50.13722998729352,-28.711073742616424,0.33949462264860175,351.75938276657115,43.5753621750373,-3.925448201731189e-07,0.04557831013101366,0.8006972513461739,0.13202123298583043,25,36.51016009282266,0.11155039817094803,59.94551084258026,55.745904375279416,11.130582523615843,55.745904375279416,55.745904375279416
131.0,0.8652631469668892,0.2581255747172284,9.665808578530477,57.15246138662529,offshore,DK,45.844742693773824,50.13722998729352,74.67381310160229,0.20157689761750858,240.83066177799077,52.5933885446614,-3.985553143179379e-07,5.286786703512984,0.8440927014998794,0.11925673565425518,33,-59.80004719721598,0.6181342005729675,43.40331850770533,57.15246138662529,9.665808578530477,57.15246138662529,57.15246138662529
132.0,0.8479494459720571,0.5464532621532237,8.898990255002621,54.55037721020415,offshore,DK,45.844742693773824,50.13722998729352,-2.822869370483872,0.30458828636128693,185.20470954219738,41.97893945834995,-6.3850802465418e-08,1.4732143691536264,0.8138442843269207,0.1239232685377488,24,7.3588638391607395,0.2963109612464905,47.22183304660376,54.55037721020415,8.898990255002621,54.55037721020415,54.55037721020415
133.0,0.96062769724154,0.1314605482154417,10.53211378552721,54.90625424177421,offshore,DK,45.844742693773824,50.13722998729352,2.6410044691655337,0.21906139798435695,163.10016104683416,52.67429006568175,7.533319773294035e-07,3.26877482923681,0.7759948152366848,0.11973223591502194,28,10.133580012410745,0.09645337611436844,52.924424771155174,54.90625424177421,10.53211378552721,54.90625424177421,54.90625424177421
134.0,0.8748270826284228,0.2447673982337365,15.071822779343893,54.66100924707614,offshore,DK,45.844742693773824,50.13722998729352,-82.43373707395205,0.5150636044829492,197.63407180196384,29.002276756040448,-1.0285046820585776e-06,23.65825641377336,0.8223412743953303,0.10257681768785726,22,83.94523732187055,0.00010592857142910361,25.426257639573723,54.66100924707614,15.071822779343893,54.66100924707614,54.66100924707614
135.0,0.8877425252406335,0.275435079439404,10.424021990155664,54.6425508081164,offshore,DK,45.844742693773824,50.13722998729352,29.551745840945173,0.259778375689801,174.35439567291456,51.10649258867939,-3.992578283639194e-07,13.095032372469378,0.7787829156585425,0.13354581903041515,23,-30.443350246501605,8.37556435726583e-05,50.20299814027759,54.6425508081164,10.424021990155664,54.6425508081164,54.6425508081164
136.0,0.9555427736882692,0.147490970636562,11.890929663075246,57.49411204403852,offshore,DK,45.844742693773824,50.13722998729352,-36.556486529111275,0.15518054147615787,193.32413801422882,45.00364720493344,-4.1214558504597295e-07,1.5350754659612544,0.8481349198238806,0.10865813256700002,29,61.99228177073303,1.0579280853271484,40.68572695661808,57.49411204403852,11.890929663075246,57.49411204403852,57.49411204403852
137.0,0.8735514789809736,0.2462534746759108,13.272642191713834,56.962802507830084,offshore,DK,45.844742693773824,50.13722998729352,-97.98245057484617,0.034171402898588076,357.5802854597628,26.913445466704687,7.67456133129961e-07,36.167527314543314,0.8031744842149109,0.10304835553309187,28,242.33826756191615,1.3011540174484253,28.300120512914873,56.962802507830084,13.272642191713834,56.962802507830084,56.962802507830084
138.0,0.9551938556343932,0.1493303881160025,10.727222017844705,56.15960840180564,offshore,DK,45.844742693773824,50.13722998729352,-100.0,0.20342063442557726,140.24124771303832,48.90039781600115,1.2597806190647763e-06,0.45511273337776215,0.8293226917781704,0.14135313359211474,33,111.40075588057593,0.3159676194190979,42.70395573093641,56.15960840180564,10.727222017844705,56.15960840180564,56.15960840180564
139.0,0.8721602638941347,0.2483330160484387,15.288365620407205,54.84241956227851,offshore,DK,45.844742693773824,50.13722998729352,-100.0,0.7017884739333221,182.15109217082022,24.50142611816352,-1.2648655956994177e-06,17.759560028932697,0.8292929426951698,0.09703936451895638,23,98.91241888476188,9.758392116054893e-05,0.0,54.84241956227851,15.288365620407205,54.84241956227851,54.84241956227851
140.0,0.9554116487845512,0.1487674872550144,15.218354712065834,56.22065556290892,offshore,DK,45.844742693773824,50.13722998729352,-100.0,0.09362632148193999,270.0,19.3971415468017,4.9959762316782556e-08,4.634031631446493,0.7914855760934605,0.1195515462243013,20,160.14000424775534,1.1638193130493164,0.0,56.22065556290892,15.218354712065834,56.22065556290892,56.22065556290892
141.0,0.8656543876542303,0.2576773214192556,9.888367218690231,56.15715119773198,offshore,DK,45.844742693773824,50.13722998729352,49.65886423431449,0.10169776956796749,231.6718794013133,50.091368341705795,-1.5135967107452428e-06,21.343416105791114,0.7763808622886649,0.14704272794231318,29,-3.132868083105869,0.4388362765312195,65.93380063653359,56.15715119773198,9.888367218690231,56.15715119773198,56.15715119773198
142.0,0.8817770408277233,0.2892903841155378,11.72936379419289,55.10620654468505,offshore,DK,45.844742693773824,50.13722998729352,-50.960351825798156,0.44529856570682635,358.6669064605359,34.42122288906625,5.745071854678661e-07,0.41201299871825475,0.8229193384486793,0.1345911411414454,30,58.55270664688895,0.040061306208372116,54.857872629118404,55.10620654468505,11.72936379419289,55.10620654468505,55.10620654468505
143.0,0.8712371965137681,0.2492482927553857,10.256587323625773,56.01848077233291,offshore,DK,45.844742693773824,50.13722998729352,37.534222431813205,0.5334944864506018,312.9608878385168,46.759426780817996,-5.746146784197392e-07,0.3745423155064387,0.7986711122897622,0.11048257602564496,30,-8.781561211493319,0.2509748339653015,48.855149342573185,56.01848077233291,10.256587323625773,56.01848077233291,56.01848077233291
144.0,0.8678450082876212,0.253447866078906,10.136303707831008,55.89476657039081,offshore,DK,45.844742693773824,50.13722998729352,-2.6362494105171574,0.29696205283153854,154.45135213975036,37.80038568717566,8.044948441220073e-07,1.7721260375574128,0.8094312564635022,0.10657638947874108,32,31.388910630837046,0.2509748339653015,48.855149342573185,55.89476657039081,10.136303707831008,55.89476657039081,55.89476657039081
145.0,0.8714147560302378,0.2494004079075455,8.276652105158997,56.65547534318276,offshore,DK,45.844742693773824,50.13722998729352,77.49711175322916,0.22830855788339935,144.36212177415632,37.69728399058915,-6.278896406406598e-07,3.4089053200258315,0.874513745030062,0.10387301836354178,24,-67.9469814685499,0.08571404963731766,40.36504085626383,56.65547534318276,8.276652105158997,56.65547534318276,56.65547534318276
146.0,0.8912172655152567,0.2673860202977992,12.571732504849226,56.72282777803675,offshore,DK,45.844742693773824,50.13722998729352,-80.31937116256572,0.22589800108265506,355.20644726228716,28.336921005358427,6.228311840213929e-07,3.702980383239714,0.7717716971938688,0.14583577534132028,26,94.22440666462299,0.5841780304908752,37.356997314444044,56.72282777803675,12.571732504849226,56.72282777803675,56.72282777803675
147.0,0.8692004657279233,0.2513921962789223,11.77009267421646,54.65856403420216,offshore,DK,45.844742693773824,50.13722998729352,-66.36633110830235,0.13917736015698756,222.5545758928411,29.064235665764752,4.283890188768013e-07,0.7907372945597558,0.7680558662936694,0.1589329665122944,20,70.44982650747026,0.14029212296009064,24.432130304307428,54.65856403420216,11.77009267421646,54.65856403420216,54.65856403420216
148.0,0.9603587343952382,0.1321645662336722,8.38609063437492,55.81114415119265,offshore,DK,45.844742693773824,50.13722998729352,108.79980431585363,0.34724970388581117,21.75260926243064,47.43206457679242,-1.2786436409503454e-06,4.977240391629236,0.8014432623083252,0.1393401944416952,22,-89.2684049433615,0.4594513773918152,70.24398174921356,55.81114415119265,8.38609063437492,55.81114415119265,55.81114415119265
149.0,0.8942761094187022,0.2603492430578942,10.089848481774586,56.690509704999826,offshore,DK,45.844742693773824,50.13722998729352,-60.48851079982751,0.15709761716752085,209.70174227875566,42.015827336873514,1.2770542237016642e-06,0.6445679310945026,0.825992032158355,0.15267181912321834,29,90.37958957354229,0.509489119052887,32.09227021195215,56.690509704999826,10.089848481774586,56.690509704999826,56.690509704999826
150.0,0.8738308782074575,0.4278936867499425,14.811994144749903,56.260976905030304,offshore,DK,45.844742693773824,50.13722998729352,-62.16466430125803,0.10201384597400405,90.0,26.639340655033987,-6.682854908934726e-07,7.154864910969205,0.7919910349090687,0.14760180141731286,27,133.24231991313874,0.8918178677558899,22.296757411721202,56.260976905030304,14.811994144749903,56.260976905030304,56.260976905030304
151.0,0.8880953584714701,0.2747030497674656,9.796714180002294,57.49771444415913,offshore,DK,45.844742693773824,50.13722998729352,-82.3441367960001,0.05845955845821098,136.01966142819367,32.800245919242684,1.1559085374635764e-06,1.76773566098733,0.8092157665263546,0.12141408464951947,32,92.56823576519447,0.3837816119194031,30.6430874564983,57.49771444415913,9.796714180002294,57.49771444415913,57.49771444415913
152.0,0.9548369042128212,0.1503418363362525,9.086711540684174,56.80542771066631,offshore,DK,45.844742693773824,50.13722998729352,36.77293624873148,0.6827122794312083,182.5517786037069,53.342879311262855,-9.233497518069894e-07,0.18077598451727508,0.8645165792301387,0.13387913249548325,31,-23.504825053139715,0.21614964306354523,51.657291260658674,56.80542771066631,9.086711540684174,56.80542771066631,56.80542771066631
153.0,0.9623468343413408,0.1264748163442975,11.670895702081722,55.07027049478501,offshore,DK,45.844742693773824,50.13722998729352,-50.960351825798156,0.44529856570682635,358.6669064605359,34.42122288906625,5.745071854678661e-07,0.2901693219370501,0.8185313413344599,0.1326596657010949,30,58.55270664688895,0.040061306208372116,54.857872629118404,55.07027049478501,11.670895702081722,55.07027049478501,55.07027049478501
154.0,0.8977192354454978,0.2517944854528045,15.392378405829506,54.7469906159015,offshore,DK,45.844742693773824,50.13722998729352,-82.43373707395205,0.5150636044829492,197.63407180196384,29.002276756040448,-1.0285046820585776e-06,27.853513201311813,0.8471437585861271,0.08890700972816959,17,81.21152155246918,8.94776894710958e-05,0.0,54.7469906159015,15.392378405829506,54.7469906159015,54.7469906159015
155.0,0.8699383862333387,0.2514479083323263,9.815414536336252,56.7484674737221,offshore,DK,45.844742693773824,50.13722998729352,96.63981779576284,0.29007819750653513,165.93134644290112,58.28093074467805,-1.6441027155691096e-06,7.180915865100593,0.8396916242851555,0.1429319436681563,29,-65.00526329384323,0.5713439583778381,57.08259105248334,56.7484674737221,9.815414536336252,56.7484674737221,56.7484674737221
156.0,0.8894002076623974,0.2715537531065796,13.041016605544089,54.59278958689568,offshore,DK,45.844742693773824,50.13722998729352,-18.852572108864926,0.13387411266777158,349.67994355191615,38.242960843156744,6.329519963271636e-08,4.176224220110128,0.7817018147892931,0.12833924402371996,22,20.919738027527263,0.15117676556110382,35.17543713387087,54.59278958689568,13.041016605544089,54.59278958689568,54.59278958689568
157.0,0.8665952829317423,0.2560516356239204,13.712147114965381,56.55021453445712,offshore,DK,45.844742693773824,50.13722998729352,-25.044726651288293,0.31829077042497655,15.624444074546957,35.15516744394654,-4.753299121835774e-07,55.37198563652692,0.8165477649233084,0.14233755101102422,29,158.96319054122523,0.9234777092933655,38.59945870664426,56.55021453445712,13.712147114965381,56.55021453445712,56.55021453445712
158.0,0.8444003911428446,0.5583440202134853,9.782281579942998,57.790805844987354,offshore,DK,45.844742693773824,50.13722998729352,-95.96867891772861,0.2926088790694323,113.02858309644415,48.11198356856093,1.33005868455098e-06,19.15584924289154,0.793153202004524,0.12037290957944083,30,96.73968993130103,0.005712341517210007,47.021980174862044,57.790805844987354,9.782281579942998,57.790805844987354,57.790805844987354
159.0,0.959884358804978,0.1473701593595949,13.461622614588947,56.51415962256558,offshore,DK,45.844742693773824,50.13722998729352,-100.0,0.42037603791809186,192.24449113420286,39.1711561617643,5.78514541488004e-07,37.43316231089955,0.823337376775222,0.12300802509088844,28,230.56335855325213,0.6943760514259338,35.97349739232873,56.51415962256558,13.461622614588947,56.51415962256558,56.51415962256558
160.0,0.8705464948530535,0.2500504407431085,10.7583734953944,55.858594741722825,offshore,DK,45.844742693773824,50.13722998729352,28.20243495190735,0.3628468703665698,168.0885210001647,35.15471752783202,-1.4759106459645568e-06,6.556937805542605,0.7943964289860402,0.13413646918187758,31,-32.2013855205266,0.00016612926265224814,46.042995362535514,55.858594741722825,10.7583734953944,55.858594741722825,55.858594741722825
161.0,0.968121844516482,0.1074489600152365,12.742293729451847,56.751508764548234,offshore,DK,45.844742693773824,50.13722998729352,-66.6973284614902,0.2563712950023442,215.1569310346338,41.54766683156914,3.056086349993582e-07,6.1822791727546615,0.7621111739202264,0.13712627981445227,25,110.32509993862561,0.9301252961158752,24.679476956855915,56.751508764548234,12.742293729451847,56.751508764548234,56.751508764548234
162.0,0.8720521970582796,0.4346243504971734,12.75147283070671,56.103885116720306,offshore,DK,45.844742693773824,50.13722998729352,-100.0,0.1666124909531729,138.00827661747627,63.343105958085076,8.768918900723725e-07,5.35595905545088,0.7985907478567397,0.1277109386707123,28,136.93668048275916,0.6277697682380676,43.16926240520324,56.103885116720306,12.75147283070671,56.103885116720306,56.103885116720306
163.0,0.8664023292319474,0.257020793102975,12.018310130560689,56.40965876260577,offshore,DK,45.844742693773824,50.13722998729352,-91.05502836096227,0.18254605634977256,178.497276198614,38.058262470130785,6.613958264659785e-07,24.290292769140336,0.776235562864681,0.14390595771379305,28,90.71391137975564,0.00022001186152920127,36.85115690802219,56.40965876260577,12.018310130560689,56.40965876260577,56.40965876260577
164.0,0.9530239449542072,0.1559788967836831,8.677173275408062,57.79512683071784,offshore,DK,45.844742693773824,50.13722998729352,51.067248395361425,1.0185772701610474,157.80659302474032,72.06191472363874,-9.643866087366645e-07,35.38137536794509,0.8415927059287818,0.15185441297819546,25,-49.275724515519684,0.00042624393245205283,49.48762413562524,57.79512683071784,8.677173275408062,57.79512683071784,57.79512683071784
165.0,0.8686266953455384,0.2522939126426711,14.264768716919285,55.85135923230271,offshore,DK,45.844742693773824,50.13722998729352,-100.0,0.20678215421219504,213.6556625941589,36.314940485792405,6.860717586387082e-07,2.027220871629963,0.8007768195455797,0.12772558031749676,30,137.8958510455915,0.13976998627185822,27.77552492113321,55.85135923230271,14.264768716919285,55.85135923230271,55.85135923230271
166.0,0.8826787541720063,0.2876189564469039,10.405850487288019,57.864166973383696,offshore,DK,45.844742693773824,50.13722998729352,-20.964640628113813,0.31567089366391526,108.70296929285412,48.79964176029411,-6.337898488342395e-07,11.561151816089842,0.8197886667794029,0.10834963978800463,26,24.37018407630968,0.00018687167903408408,45.11946996121783,57.864166973383696,10.405850487288019,57.864166973383696,57.864166973383696
167.0,0.8646873392022355,0.2589593284672269,9.398888827998906,57.668727246846224,offshore,DK,45.844742693773824,50.13722998729352,34.15872561947072,0.18117790238249917,236.0531973494166,22.618263885722218,3.2779677509012866e-07,30.331527407542335,0.8109575247749528,0.12537146013833264,35,-33.13477718588229,0.0003883353783749044,38.14218572119124,57.668727246846224,9.398888827998906,57.668727246846224,57.668727246846224
168.0,0.957792785302368,0.1410286395320869,8.30581356166073,55.18526897176254,offshore,DK,45.844742693773824,50.13722998729352,79.63750651666581,0.40657431450427883,131.92033836879818,38.7042175635462,-1.11216634515455e-06,11.56363910497974,0.8117355709116467,0.1296958282178034,20,-80.0323975950412,3.98866250179708e-05,44.257714007123184,55.18526897176254,8.30581356166073,55.18526897176254,55.18526897176254
169.0,0.8974849363765907,0.2535546335070458,12.431697073911813,54.74276455306308,offshore,DK,45.844742693773824,50.13722998729352,-42.894459412822066,0.16397146493760636,353.9156615063892,23.529961943123567,5.445639617011822e-07,15.219692340366251,0.7638841804426986,0.13393073279236828,26,44.71386615786242,0.00013370433589443564,32.054049216951555,54.74276455306308,12.431697073911813,54.74276455306308,54.74276455306308
170.0,0.8814442697645386,0.2904169420641215,13.081732713817118,54.852723004820994,offshore,DK,45.844742693773824,50.13722998729352,-90.49384903594665,0.3746020022216787,126.48087551896552,50.064615659558065,4.103163059800103e-07,17.82254734623291,0.8017364244959945,0.115512538979832,27,90.72273748472885,0.000137876661028713,49.52550919013355,54.852723004820994,13.081732713817118,54.852723004820994,54.852723004820994
171.0,0.8824068592705094,0.2878212110105488,8.124408716958921,54.56377638978042,offshore,DK,45.844742693773824,50.13722998729352,-0.27021835477589917,0.2811782138676756,351.1434778758957,40.366872881555615,1.4125281771040369e-06,14.05685256090654,0.8314960544113299,0.12354210138675557,15,1.0587557407588801,2.6773603167384863e-05,49.827759449770966,54.56377638978042,8.124408716958921,54.56377638978042,54.56377638978042
172.0,0.8771516784909702,0.2409599627732313,11.840697937244608,54.83055036264575,offshore,DK,45.844742693773824,50.13722998729352,-82.20765573226305,0.30301236493180966,350.79513901117355,34.91941156519037,5.450788911958531e-07,2.7388666326257294,0.7935789010302216,0.15210185700644427,28,86.29115113143096,0.14029212296009064,24.432130304307428,54.83055036264575,11.840697937244608,54.83055036264575,54.83055036264575
173.0,0.8809641388315903,0.2923216220147557,9.698718313984534,56.89052370695725,offshore,DK,45.844742693773824,50.13722998729352,-22.93752486935395,0.4895708696530439,117.90549598561218,66.31580640611624,2.7882407741439787e-07,8.368606830680113,0.838573231247845,0.14602457484284903,33,43.336479676168715,0.5353667140007019,44.644392653243315,56.89052370695725,9.698718313984534,56.89052370695725,56.89052370695725
174.0,0.8811600715486387,0.2911046294444174,12.838795928070875,54.749160269610805,offshore,DK,45.844742693773824,50.13722998729352,-100.0,0.4101215854129093,219.26187565082415,37.26300766175381,1.154629400314651e-06,21.32942976596358,0.7955263172685064,0.12023604994134898,26,101.48401570936558,0.00014240661403164268,36.52873329437092,54.749160269610805,12.838795928070875,54.749160269610805,54.749160269610805
175.0,0.8691859133197102,0.2511930164411676,9.307748217537435,55.616414706028166,offshore,DK,45.844742693773824,50.13722998729352,88.73296657579121,0.326966921803283,205.94991324025352,48.49189273047575,-1.3197502178373069e-06,16.370073685409025,0.7840941466151531,0.13435717159338278,28,-43.999440330207854,0.6750815510749817,47.20470358898542,55.616414706028166,9.307748217537435,55.616414706028166,55.616414706028166
176.0,0.9588264145121984,0.1514076392217798,13.182033035768494,57.45706358839309,offshore,DK,45.844742693773824,50.13722998729352,-1.1998380810371856,0.4310406148712468,7.683780333444645,34.896160032360726,-1.263627964086073e-06,61.77459689342796,0.8094282310017774,0.12746246281067997,31,202.03359350783944,1.719981074333191,39.001249808481795,57.45706358839309,13.182033035768494,57.45706358839309,57.45706358839309
177.0,0.8690266791143427,0.2521339663010875,10.900515097254031,54.581451775075394,offshore,DK,45.844742693773824,50.13722998729352,31.321809489613983,0.29310783109836563,343.6165119247645,48.42045725895739,-1.5604412214838719e-06,10.792034000322039,0.811123354967868,0.1354129195989354,21,-24.203065050253958,0.0001034251763485372,46.8630651172471,54.581451775075394,10.900515097254031,54.581451775075394,54.581451775075394
178.0,0.8798580203683606,0.2943667770134694,15.025474915525509,57.350639689061275,offshore,DK,45.844742693773824,50.13722998729352,-100.0,0.13739925644938222,216.73136431992964,28.155819740986594,-2.858033046390883e-07,83.24263346935307,0.7902817996603309,0.1437611301202229,26,334.92653303179475,1.6130146980285645,26.490672922009892,57.350639689061275,15.025474915525509,57.350639689061275,57.350639689061275
179.0,0.9577756002822438,0.1549035188825866,9.03140708109495,55.4864917117069,offshore,DK,45.844742693773824,50.13722998729352,48.18885849679652,0.5655637716808786,161.077909560003,35.081460177654975,-9.278120265780543e-07,28.764273122602244,0.7967981322063407,0.11718873989025588,26,-7.830552127521585,0.7965131402015686,37.670076457186255,55.4864917117069,9.03140708109495,55.4864917117069,55.4864917117069
180.0,0.967014258559469,0.1103883419301443,10.557997632876939,54.9135768966758,offshore,DK,45.844742693773824,50.13722998729352,-83.4811997030797,0.11523769029309583,16.818705776131893,57.387553708631835,1.292921435609103e-06,5.048749442976969,0.7803134365274585,0.11915964489563982,27,96.25578418465598,0.09645337611436844,52.924424771155174,54.9135768966758,10.557997632876939,54.9135768966758,54.9135768966758
181.0,0.8845756816648344,0.2830038182020276,8.851051409304418,56.93858007877453,offshore,DK,45.844742693773824,50.13722998729352,31.4939837698228,0.3142967247717753,102.14939007224336,55.28260310198593,-4.697082656726651e-07,0.2740059372257917,0.8814274562951823,0.09208464546833536,31,-25.509275290755024,0.06720954924821854,49.74366246359652,56.93858007877453,8.851051409304418,56.93858007877453,56.93858007877453
182.0,0.9813494228955704,0.0573889923065985,14.93520213708922,56.701299963729596,offshore,DK,45.844742693773824,50.13722998729352,-63.4188554928805,0.3338853373188368,349.59771344231893,18.974484131109477,4.044873475790953e-07,37.83072773329855,0.7941202259483967,0.12269136874698573,28,239.7853967078979,1.3406306505203247,15.126182555627002,56.701299963729596,14.93520213708922,56.701299963729596,56.701299963729596
183.0,0.9579643210372027,0.1397871018349513,14.580045150357357,57.57115204734468,offshore,DK,45.844742693773824,50.13722998729352,-66.07376498102597,0.07897737854282955,270.0,35.092032055044434,-5.221843704292338e-07,100.96303277266074,0.7984974009772658,0.13281668190460336,25,329.1396855712632,1.7271898984909058,19.3462223638944,57.57115204734468,14.580045150357357,57.57115204734468,57.57115204734468
184.0,0.8659577174855215,0.2574715574474557,9.934562207863667,57.0727486533136,offshore,DK,45.844742693773824,50.13722998729352,-47.78830040022657,0.17462187939597906,193.95361746536156,34.25273835493853,1.2654018239389823e-06,0.9312912584891999,0.8506663683638207,0.11121848864341156,35,72.91499416478939,0.6751145720481873,27.815370455848576,57.0727486533136,9.934562207863667,57.0727486533136,57.0727486533136
185.0,0.8650545295300583,0.2586436967502469,12.949880345256343,57.31218325634697,offshore,DK,45.844742693773824,50.13722998729352,-100.0,0.12750656433132793,99.12199944622154,38.0703617042131,9.904607967587672e-07,43.22229166388339,0.792746499279037,0.11925180370269801,31,256.5788684368515,1.6376901865005493,30.46125649934731,57.31218325634697,12.949880345256343,57.31218325634697,57.31218325634697
186.0,0.8764283561817408,0.2417124314821816,14.129166501509118,55.487121003999576,offshore,DK,45.844742693773824,50.13722998729352,-100.0,0.10222439291478802,339.8972883072574,32.33027329756,4.946906310912774e-07,7.143702657311959,0.8211160069052786,0.11039682449629937,24,122.02014425479139,0.05526120588183403,20.01942846497666,55.487121003999576,14.129166501509118,55.487121003999576,55.487121003999576
187.0,0.8902422930332492,0.2698745875893047,12.164006086995968,55.12103840322903,offshore,DK,45.844742693773824,50.13722998729352,36.88953583914564,0.615908275176162,347.77557167955763,54.15056331130743,-1.2096918216404659e-06,0.49231086830307563,0.803030125923365,0.14250014087617793,28,-30.0396618856294,0.041861843317747116,52.18446753989211,55.12103840322903,12.164006086995968,55.12103840322903,55.12103840322903
188.0,0.9556650745331112,0.162362387108528,11.972379337670048,57.12715163074301,offshore,DK,45.844742693773824,50.13722998729352,-100.0,0.2973843511948791,206.69834657125625,46.62524917100033,9.662850489062968e-07,12.108148263735082,0.8189772463047638,0.13347244450421566,30,107.88631988561333,0.2185874730348587,37.95468164507419,57.12715163074301,11.972379337670048,57.12715163074301,57.12715163074301
189.0,0.8704828813155518,0.2505085023373051,9.813892181753388,57.32392158743542,offshore,DK,45.844742693773824,50.13722998729352,28.31150795524153,0.14116785034401816,2.1119134310124963,38.763739493536335,-8.024144640366607e-07,8.122504228386383,0.8200955987072769,0.11724043181322512,34,-13.43774205085522,0.6181342005729675,43.40331850770533,57.32392158743542,9.813892181753388,57.32392158743542,57.32392158743542
190.0,0.8791263852625166,0.2381794944444849,8.698270758544243,57.96676799700236,offshore,DK,45.844742693773824,50.13722998729352,82.86939634213311,0.2308700737483999,213.40127428092688,58.012101947570635,-1.3950333222388586e-06,25.114937008861137,0.8692237449958607,0.15997496491614016,19,-86.08165178550573,0.0004475823952816427,50.547915464527215,57.96676799700236,8.698270758544243,57.96676799700236,57.96676799700236
191.0,0.9652077030444944,0.1165242622678612,14.72911818464995,55.94416186918999,offshore,DK,45.844742693773824,50.13722998729352,-100.0,0.14482828458688965,197.5323840391243,25.967602856574324,4.887558079637086e-07,4.2758071298364095,0.8032554779670537,0.13100060532872,29,109.5337988922058,0.011126946657896042,20.227774334602046,55.94416186918999,14.72911818464995,55.94416186918999,55.94416186918999
192.0,0.8695511356913819,0.2517096729632158,14.753135428724978,55.80206330027474,offshore,DK,45.844742693773824,50.13722998729352,-100.0,0.2666317266669595,348.62909456413615,24.431926809726967,9.225902399252603e-07,14.582015838141398,0.8040979097948664,0.13019823812466122,27,96.55870673535306,9.305396815761924e-05,27.20083688630793,55.80206330027474,14.753135428724978,55.80206330027474,55.80206330027474
193.0,0.87301537830384,0.2464025151044397,12.74826092954951,57.21744536259699,offshore,DK,45.844742693773824,50.13722998729352,-100.0,0.3786839010166204,29.476884724291565,35.72639803859886,7.639376272221327e-07,30.08382951200835,0.7947190306520675,0.1333234369770347,30,216.9138993852386,1.6714116334915161,40.11859060142477,57.21744536259699,12.74826092954951,57.21744536259699,57.21744536259699
194.0,0.8670140431082972,0.2540688143956379,10.542723432865255,55.692812390885564,offshore,DK,45.844742693773824,50.13722998729352,-63.8543645687734,0.0869572954893926,223.27021522517947,36.68758644280126,1.1960006171515364e-06,5.166957207924459,0.8077242792707243,0.11561921217016145,29,59.58973012747591,0.03316183015704155,35.92251628201297,55.692812390885564,10.542723432865255,55.692812390885564,55.692812390885564
195.0,0.8737312761150424,0.2465477003436967,10.619071809594956,57.75765063961248,offshore,DK,45.844742693773824,50.13722998729352,-49.99399079495389,0.3830504439245908,6.609352443590723,47.606214126390626,6.101826269696126e-07,0.6670223330427445,0.8326631433435298,0.10730012203227952,26,53.39953424314975,0.00018687167903408408,45.11946996121783,57.75765063961248,10.619071809594956,57.75765063961248,57.75765063961248
196.0,0.8777353318128178,0.2992026992068406,13.444667591526795,57.50444463145054,offshore,DK,45.844742693773824,50.13722998729352,-100.0,0.1475711038775294,143.15333612622226,34.02038844583653,9.86501242869628e-07,73.64235930855949,0.8159856759358004,0.1305439652972202,29,315.1667431188275,1.7271695137023926,28.70916692707307,57.50444463145054,13.444667591526795,57.50444463145054,57.50444463145054
197.0,0.8852770434354117,0.2813441288505791,14.728326949644329,56.00147909581256,offshore,DK,45.844742693773824,50.13722998729352,-100.0,0.1369533593543283,90.0,28.32656198386813,9.504766576385871e-08,0.5043398761127444,0.7894103974154837,0.1420838744045789,28,109.5337988922058,0.011126946657896042,20.227774334602046,56.00147909581256,14.728326949644329,56.00147909581256,56.00147909581256
198.0,0.867748912063804,0.2535187308259052,14.65314818198838,57.12804873727024,offshore,DK,45.844742693773824,50.13722998729352,-73.10034015936021,0.18473297536810443,180.0,15.315386889657322,2.0216071424232046e-07,68.91468622952144,0.809178799812593,0.13327063223603078,34,301.29714451214636,1.5362029075622559,22.60975447183764,57.12804873727024,14.65314818198838,57.12804873727024,57.12804873727024
199.0,0.8660773922938503,0.2574367612908328,13.849066593932179,57.140900059296385,offshore,DK,45.844742693773824,50.13722998729352,-100.0,0.04871602664355049,0.0,23.16708916158041,4.7194876162284873e-07,77.76524053415497,0.8019397095690328,0.08159841498828779,32,285.5169009199115,1.5621060132980347,36.219825004466195,57.140900059296385,13.849066593932179,57.140900059296385,57.140900059296385
