ID,year,month,energy_mwh,n_intervals
ARWF1,2019,12,382.54166666666663,119
ARWF1,2020,1,54372.175026666664,8928
ARWF1,2020,2,46190.0083225,8352
ARWF1,2020,3,62210.77496999999,8928
ARWF1,2020,4,40423.616675,8640
ARWF1,2020,5,56286.54994916666,8928
ARWF1,2020,6,36006.2333675,8640
ARWF1,2020,7,37901.664006666666,8928
ARWF1,2020,8,50079.52511249999,8928
ARWF1,2020,9,56774.47909916666,8640
ARWF1,2020,10,52724.07499083333,8928
ARWF1,2020,11,42938.191685,8640
ARWF1,2020,12,53346.69223833333,8928
ARWF1,2021,1,60745.0809925,8928
ARWF1,2021,2,45106.30444083333,8064
ARWF1,2021,3,39876.8876925,8928
ARWF1,2021,4,31338.486611666664,8640
ARWF1,2021,5,43904.8173175,8928
ARWF1,2021,6,41637.251346666664,8640
ARWF1,2021,7,50814.92851583333,8928
ARWF1,2021,8,45896.959754166666,8928
ARWF1,2021,9,43386.77623583333,8640
ARWF1,2021,10,47940.5265675,8928
ARWF1,2021,11,50871.515999166666,8640
ARWF1,2021,12,51759.216315,8928
ARWF1,2022,1,48338.172491666664,8928
ARWF1,2022,2,39587.79229083333,8064
ARWF1,2022,3,48170.76853916667,8928
ARWF1,2022,4,32256.38427833333,8640
ARWF1,2022,5,26364.559336666665,8928
ARWF1,2022,6,47012.03268083333,8640
ARWF1,2022,7,41464.145091666665,8928
ARWF1,2022,8,37465.65466583333,8928
ARWF1,2022,9,37574.86664,8640
ARWF1,2022,10,27330.40913,8928
ARWF1,2022,11,29192.0863475,8640
ARWF1,2022,12,37052.70001083333,8928
ARWF1,2023,1,43688.96042333333,8928
ARWF1,2023,2,41790.34505166667,8064
ARWF1,2023,3,39027.437215833335,8928
ARWF1,2023,4,27930.7152975,8640
ARWF1,2023,5,28522.675029166665,8928
ARWF1,2023,6,38310.861367499994,8640
ARWF1,2023,7,39068.16544,8928
ARWF1,2023,8,30447.16675333333,8928
ARWF1,2023,9,34249.08094833333,8640
ARWF1,2023,10,41503.40217583333,8928
ARWF1,2023,11,51784.47000166666,8640
ARWF1,2023,12,49497.990325,8809
BALDHWF1,2019,12,52.1485,119
BALDHWF1,2020,1,24841.036678333334,8928
BALDHWF1,2020,2,28292.31158,8352
BALDHWF1,2020,3,20676.169495833332,8928
BALDHWF1,2020,4,27405.991483333335,8640
BALDHWF1,2020,5,24282.660985,8928
BALDHWF1,2020,6,5776.870250833334,8640
BALDHWF1,2020,7,18557.773261666665,8928
BALDHWF1,2020,8,37539.09933833333,8928
BALDHWF1,2020,9,32457.813239166666,8640
BALDHWF1,2020,10,33178.8956575,8928
BALDHWF1,2020,11,21442.233841666664,8640
BALDHWF1,2020,12,32950.05409666667,8928
BALDHWF1,2021,1,32347.837809999997,8928
BALDHWF1,2021,2,26432.63931583333,8064
BALDHWF1,2021,3,37644.15273333333,8928
BALDHWF1,2021,4,27322.832406666665,8640
BALDHWF1,2021,5,23976.308589166667,8928
BALDHWF1,2021,6,17876.480314166667,8640
BALDHWF1,2021,7,35430.917095,8928
BALDHWF1,2021,8,36582.529409166666,8928
BALDHWF1,2021,9,37300.807755,8640
BALDHWF1,2021,10,27084.477245,8928
BALDHWF1,2021,11,26249.402000833332,8640
BALDHWF1,2021,12,24960.811765,8928
BALDHWF1,2022,1,36098.33585249999,8928
BALDHWF1,2022,2,27902.77733333333,8064
BALDHWF1,2022,3,27306.898189166666,8928
BALDHWF1,2022,4,24429.585505833333,8640
BALDHWF1,2022,5,22099.705993333333,8928
BALDHWF1,2022,6,38066.197745,8640
BALDHWF1,2022,7,23781.581921666664,8928
BALDHWF1,2022,8,33885.80856,8928
BALDHWF1,2022,9,24522.86473083333,8640
BALDHWF1,2022,10,29483.9299925,8928
BALDHWF1,2022,11,31092.28320833333,8640
BALDHWF1,2022,12,30734.77808833333,8928
BALDHWF1,2023,1,26252.600932499998,8928
BALDHWF1,2023,2,25502.5902525,8064
BALDHWF1,2023,3,26544.4243225,8928
BALDHWF1,2023,4,18829.833791666668,8640
BALDHWF1,2023,5,37181.53136,8928
BALDHWF1,2023,6,37948.46848083333,8640
BALDHWF1,2023,7,39633.4305075,8928
BALDHWF1,2023,8,28987.890011666666,8928
BALDHWF1,2023,9,28760.0123575,8640
BALDHWF1,2023,10,33700.940684166664,8928
BALDHWF1,2023,11,25689.79041583333,8640
BALDHWF1,2023,12,27575.336679166667,8809
BANGOWF1,2020,12,0.0,5015
BANGOWF1,2021,1,83.42448666666668,8928
BANGOWF1,2021,2,160.40980833333333,8064
BANGOWF1,2021,3,180.09076416666667,8928
BANGOWF1,2021,4,106.24212666666666,8640
BANGOWF1,2021,5,301.59034916666667,8928
BANGOWF1,2021,6,344.0214683333333,8640
BANGOWF1,2021,7,1729.725163333333,8928
BANGOWF1,2021,8,2575.107010833333,8928
BANGOWF1,2021,9,3411.120205,8640
BANGOWF1,2021,10,12350.3290275,8928
BANGOWF1,2021,11,6277.233101666667,8640
BANGOWF1,2021,12,0.0,8928
BANGOWF1,2022,1,630.6111975,8928
BANGOWF1,2022,2,6156.480843333334,8064
BANGOWF1,2022,3,12979.205004166666,8928
BANGOWF1,2022,4,19915.32247833333,8640
BANGOWF1,2022,5,18605.460454166663,8928
BANGOWF1,2022,6,26448.566159166665,8640
BANGOWF1,2022,7,39010.86138166667,8928
BANGOWF1,2022,8,28089.2078825,8928
BANGOWF1,2022,9,24194.8366925,8640
BANGOWF1,2022,10,21196.26474833333,8928
BANGOWF1,2022,11,21393.898918333332,8640
BANGOWF1,2022,12,25946.893274166665,8928
BANGOWF1,2023,1,26131.804395833333,8928
BANGOWF1,2023,2,24417.886447499997,8064
BANGOWF1,2023,3,31960.15164333333,8928
BANGOWF1,2023,4,27269.013036666664,8640
BANGOWF1,2023,5,14288.248389166665,8928
BANGOWF1,2023,6,5619.597732499999,8640
BANGOWF1,2023,7,12891.115904166667,8928
BANGOWF1,2023,8,22521.896184999998,8928
BANGOWF1,2023,9,27000.311878333334,8640
BANGOWF1,2023,10,37598.40601583333,8928
BANGOWF1,2023,11,25924.621160833332,8640
BANGOWF1,2023,12,34517.39045583333,8809
BANGOWF2,2021,5,0.0,2135
BANGOWF2,2021,6,2.709408333333333,8640
BANGOWF2,2021,7,13.860599166666667,8928
BANGOWF2,2021,8,0.025013333333333332,8928
BANGOWF2,2021,9,3.1680616666666666,8640
BANGOWF2,2021,10,2.801493333333333,8928
BANGOWF2,2021,11,155.9163275,8640
BANGOWF2,2021,12,265.8082558333333,8928
BANGOWF2,2022,1,9.654486666666665,8928
BANGOWF2,2022,2,2046.8284233333331,8064
BANGOWF2,2022,3,3323.2645666666663,8928
BANGOWF2,2022,4,5229.828565,8640
BANGOWF2,2022,5,7519.882901666667,8928
BANGOWF2,2022,6,10363.900645833333,8640
BANGOWF2,2022,7,15738.398328333333,8928
BANGOWF2,2022,8,15190.2766925,8928
BANGOWF2,2022,9,14604.0966125,8640
BANGOWF2,2022,10,14879.208480833333,8928
BANGOWF2,2022,11,10357.551151666667,8640
BANGOWF2,2022,12,12022.536278333333,8928
BANGOWF2,2023,1,11574.357651666665,8928
BANGOWF2,2023,2,15471.694809999999,8064
BANGOWF2,2023,3,17729.650637500003,8928
BANGOWF2,2023,4,14702.073977499998,8640
BANGOWF2,2023,5,18861.340534166666,8928
BANGOWF2,2023,6,24466.87769583333,8640
BANGOWF2,2023,7,19461.7316225,8928
BANGOWF2,2023,8,12786.223840833332,8928
BANGOWF2,2023,9,15079.237779166666,8640
BANGOWF2,2023,10,18730.509189999997,8928
BANGOWF2,2023,11,14992.841952499999,8640
BANGOWF2,2023,12,19825.527673333334,8809
BLUFF1,2019,12,1.05,119
BLUFF1,2020,1,10377.741666666667,8928
BLUFF1,2020,2,6107.908333333333,8352
BLUFF1,2020,3,10142.908333333333,8928
BLUFF1,2020,4,11710.845584166666,8640
BLUFF1,2020,5,12917.625,8928
BLUFF1,2020,6,13524.259499999998,8640
BLUFF1,2020,7,7786.949749999999,8928
BLUFF1,2020,8,15900.315704166665,8928
BLUFF1,2020,9,15686.115499999998,8640
BLUFF1,2020,10,11134.31675,8928
BLUFF1,2020,11,12026.231916666666,8640
BLUFF1,2020,12,10363.588916666666,8928
BLUFF1,2021,1,7915.553333333333,8928
BLUFF1,2021,2,8301.4245,8064
BLUFF1,2021,3,8371.137166666666,8928
BLUFF1,2021,4,6494.799999999999,8640
BLUFF1,2021,5,10378.183144166665,8928
BLUFF1,2021,6,15001.633333333331,8640
BLUFF1,2021,7,17706.613916666665,8928
BLUFF1,2021,8,13037.402916666666,8928
BLUFF1,2021,9,11490.891666666666,8640
BLUFF1,2021,10,10836.925,8928
BLUFF1,2021,11,9678.099999999999,8640
BLUFF1,2021,12,7488.440833333333,8928
BLUFF1,2022,1,10878.491666666665,8928
BLUFF1,2022,2,9060.84125,8064
BLUFF1,2022,3,9249.682416666667,8928
BLUFF1,2022,4,9281.05,8640
BLUFF1,2022,5,11611.516666666666,8928
BLUFF1,2022,6,14482.824999999999,8640
BLUFF1,2022,7,14349.387999999999,8928
BLUFF1,2022,8,19017.76458333333,8928
BLUFF1,2022,9,11011.822916666666,8640
BLUFF1,2022,10,12851.45,8928
BLUFF1,2022,11,10270.809083333332,8640
BLUFF1,2022,12,9324.516666666666,8928
BLUFF1,2023,1,7763.583333333333,8928
BLUFF1,2023,2,6516.533333333333,8064
BLUFF1,2023,3,7879.9,8928
BLUFF1,2023,4,9618.999999999998,8640
BLUFF1,2023,5,10613.95,8928
BLUFF1,2023,6,20146.941666666666,8640
BLUFF1,2023,7,14033.541666666666,8928
BLUFF1,2023,8,9078.375,8928
BLUFF1,2023,9,9278.416666666666,8640
BLUFF1,2023,10,10793.141666666666,8928
BLUFF1,2023,11,4362.866666666666,8640
BLUFF1,2023,12,6828.476,8809
BOCORWF1,2019,12,51.91416666666667,119
BOCORWF1,2020,1,24486.135666666665,8928
BOCORWF1,2020,2,26516.694583333334,8352
BOCORWF1,2020,3,22057.899999999998,8928
BOCORWF1,2020,4,37237.94525,8640
BOCORWF1,2020,5,40314.9366875,8928
BOCORWF1,2020,6,27635.52858333333,8640
BOCORWF1,2020,7,30526.4055,8928
BOCORWF1,2020,8,44538.8195,8928
BOCORWF1,2020,9,42406.2725,8640
BOCORWF1,2020,10,29919.240583333332,8928
BOCORWF1,2020,11,26344.824666666664,8640
BOCORWF1,2020,12,26603.2225,8928
BOCORWF1,2021,1,22338.754416666663,8928
BOCORWF1,2021,2,20333.16058333333,8064
BOCORWF1,2021,3,21804.705833333333,8928
BOCORWF1,2021,4,17099.1825,8640
BOCORWF1,2021,5,24817.411666666667,8928
BOCORWF1,2021,6,31740.120833333334,8640
BOCORWF1,2021,7,44050.76,8928
BOCORWF1,2021,8,37343.36833333333,8928
BOCORWF1,2021,9,41635.865,8640
BOCORWF1,2021,10,28781.1825,8928
BOCORWF1,2021,11,22669.343875,8640
BOCORWF1,2021,12,20014.703333333335,8928
BOCORWF1,2022,1,17214.98282833333,8928
BOCORWF1,2022,2,16640.973916666666,8064
BOCORWF1,2022,3,15155.868583333333,8928
BOCORWF1,2022,4,0.0,8640
BOCORWF1,2022,5,23615.709166666664,8928
BOCORWF1,2022,6,31619.066666666662,8640
BOCORWF1,2022,7,27835.254166666666,8928
BOCORWF1,2022,8,38743.48925,8928
BOCORWF1,2022,9,25521.155,8640
BOCORWF1,2022,10,31186.09333333333,8928
BOCORWF1,2022,11,27882.839999999997,8640
BOCORWF1,2022,12,27068.106666666667,8928
BOCORWF1,2023,1,18083.755833333333,8928
BOCORWF1,2023,2,21399.612499999996,8064
BOCORWF1,2023,3,25464.854166666668,8928
BOCORWF1,2023,4,24858.888333333332,8640
BOCORWF1,2023,5,27481.69,8928
BOCORWF1,2023,6,37874.8375,8640
BOCORWF1,2023,7,30799.3475,8928
BOCORWF1,2023,8,23483.906666666662,8928
BOCORWF1,2023,9,30385.065,8640
BOCORWF1,2023,10,32869.67916666666,8928
BOCORWF1,2023,11,18829.61,8640
BOCORWF1,2023,12,22797.6075,8809
BODWF1,2019,12,248.28167333333332,119
BODWF1,2020,1,31082.917117499997,8928
BODWF1,2020,2,33306.56708583333,8352
BODWF1,2020,3,35777.508518333336,8928
BODWF1,2020,4,24923.09688333333,8640
BODWF1,2020,5,29273.549003333334,8928
BODWF1,2020,6,24884.537534166666,8640
BODWF1,2020,7,24989.52913,8928
BODWF1,2020,8,26557.4868225,8928
BODWF1,2020,9,31174.791358333332,8640
BODWF1,2020,10,27462.4633625,8928
BODWF1,2020,11,29933.810666666664,8640
BODWF1,2020,12,34851.09886416666,8928
BODWF1,2021,1,29625.451963333333,8928
BODWF1,2021,2,28343.2219775,8064
BODWF1,2021,3,33035.656305,8928
BODWF1,2021,4,19473.105134999998,8640
BODWF1,2021,5,20930.286783333333,8928
BODWF1,2021,6,24455.09489416667,8640
BODWF1,2021,7,29558.40923083333,8928
BODWF1,2021,8,27837.578481666664,8928
BODWF1,2021,9,27779.770370833332,8640
BODWF1,2021,10,27631.561587499997,8928
BODWF1,2021,11,36387.456244166664,8640
BODWF1,2021,12,29134.510277499998,8928
BODWF1,2022,1,36775.187842499996,8928
BODWF1,2022,2,33165.52026,8064
BODWF1,2022,3,31898.809924999998,8928
BODWF1,2022,4,30715.014412499997,8640
BODWF1,2022,5,30530.695599166665,8928
BODWF1,2022,6,20392.132370833333,8640
BODWF1,2022,7,31526.429705,8928
BODWF1,2022,8,23154.180578333333,8928
BODWF1,2022,9,27319.140170833332,8640
BODWF1,2022,10,36922.565845833335,8928
BODWF1,2022,11,29493.089037499998,8640
BODWF1,2022,12,28520.124578333332,8928
BODWF1,2023,1,29913.244092499997,8928
BODWF1,2023,2,24890.76429833333,8064
BODWF1,2023,3,26908.099365000002,8928
BODWF1,2023,4,29085.848071666667,8640
BODWF1,2023,5,22161.885449166664,8928
BODWF1,2023,6,22188.714884166668,8640
BODWF1,2023,7,18519.716445,8928
BODWF1,2023,8,19003.325326666665,8928
BODWF1,2023,9,25101.792431666665,8640
BODWF1,2023,10,24736.465125833332,8928
BODWF1,2023,11,25615.016644999996,8640
BODWF1,2023,12,21933.030609166664,8809
BRYB1WF1,2021,2,2032.892435,3863
BRYB1WF1,2021,3,17715.988674999997,8928
BRYB1WF1,2021,4,31819.0669125,8640
BRYB1WF1,2021,5,55978.02143749999,8928
BRYB1WF1,2021,6,46727.0864975,8640
BRYB1WF1,2021,7,76293.21977166667,8928
BRYB1WF1,2021,8,68782.32362999998,8928
BRYB1WF1,2021,9,58656.86781249999,8640
BRYB1WF1,2021,10,42079.851019999995,8928
BRYB1WF1,2021,11,46174.970479166666,8640
BRYB1WF1,2021,12,46287.53530166666,8928
BRYB1WF1,2022,1,45781.563187499996,8928
BRYB1WF1,2022,2,22529.842939166665,8064
BRYB1WF1,2022,3,38865.0252875,8928
BRYB1WF1,2022,4,41237.9998675,8640
BRYB1WF1,2022,5,47262.7421975,8928
BRYB1WF1,2022,6,60132.998616666664,8640
BRYB1WF1,2022,7,30580.42456583333,8928
BRYB1WF1,2022,8,62572.6169,8928
BRYB1WF1,2022,9,45653.296375,8640
BRYB1WF1,2022,10,46968.08320166667,8928
BRYB1WF1,2022,11,41708.824161666664,8640
BRYB1WF1,2022,12,42490.41711333333,8928
BRYB1WF1,2023,1,32638.201157499996,8928
BRYB1WF1,2023,2,35871.83104333333,8064
BRYB1WF1,2023,3,38609.255195,8928
BRYB1WF1,2023,4,37295.4929725,8640
BRYB1WF1,2023,5,52619.9849825,8928
BRYB1WF1,2023,6,71937.83504333333,8640
BRYB1WF1,2023,7,65911.49427083333,8928
BRYB1WF1,2023,8,53295.06954333333,8928
BRYB1WF1,2023,9,47390.593385,8640
BRYB1WF1,2023,10,49525.04447083333,8928
BRYB1WF1,2023,11,31932.1749025,8640
BRYB1WF1,2023,12,47946.826623333334,8809
BRYB2WF2,2022,11,13.253226666666666,608
BRYB2WF2,2022,12,224.233105,8928
BRYB2WF2,2023,1,617.7083791666666,8928
BRYB2WF2,2023,2,3192.015480833333,8064
BRYB2WF2,2023,3,5610.190973333333,8928
BRYB2WF2,2023,4,5966.464831666666,8640
BRYB2WF2,2023,5,26287.507625,8928
BRYB2WF2,2023,6,39265.492153333325,8640
BRYB2WF2,2023,7,37292.06633916666,8928
BRYB2WF2,2023,8,24482.458326666667,8928
BRYB2WF2,2023,9,16654.356213333333,8640
BRYB2WF2,2023,10,21015.759361666664,8928
BRYB2WF2,2023,11,15369.406426666666,8640
BRYB2WF2,2023,12,7374.360268333333,8809
BULGANA1,2020,5,288.0408333333333,5879
BULGANA1,2020,6,1063.6663333333331,8640
BULGANA1,2020,7,8577.506666666666,8928
BULGANA1,2020,8,19907.22775,8928
BULGANA1,2020,9,30237.186999999998,8640
BULGANA1,2020,10,36432.3845,8928
BULGANA1,2020,11,30659.87075,8640
BULGANA1,2020,12,37044.91166666667,8928
BULGANA1,2021,1,40890.21466666666,8928
BULGANA1,2021,2,37215.229666666666,8064
BULGANA1,2021,3,31198.838499999998,8928
BULGANA1,2021,4,27128.12108333333,8640
BULGANA1,2021,5,34868.244249999996,8928
BULGANA1,2021,6,32678.031249999996,8640
BULGANA1,2021,7,9258.385833333334,8928
BULGANA1,2021,8,40303.95251083333,8928
BULGANA1,2021,9,32645.715911666666,8640
BULGANA1,2021,10,42947.15416666666,8928
BULGANA1,2021,11,43666.90522166666,8640
BULGANA1,2021,12,62033.31246833333,8928
BULGANA1,2022,1,47699.41584166666,8928
BULGANA1,2022,2,48079.46835083333,8064
BULGANA1,2022,3,51200.47666,8928
BULGANA1,2022,4,39563.33916249999,8640
BULGANA1,2022,5,32744.75748333333,8928
BULGANA1,2022,6,49244.68416583333,8640
BULGANA1,2022,7,52216.938324166666,8928
BULGANA1,2022,8,53606.44668833334,8928
BULGANA1,2022,9,50797.59831916667,8640
BULGANA1,2022,10,28045.238694166666,8928
BULGANA1,2022,11,34287.606341666666,8640
BULGANA1,2022,12,36487.075025,8928
BULGANA1,2023,1,46358.47164166666,8928
BULGANA1,2023,2,43428.82918666666,8064
BULGANA1,2023,3,42008.81440833333,8928
BULGANA1,2023,4,32046.487941666666,8640
BULGANA1,2023,5,28484.638345,8928
BULGANA1,2023,6,43256.28164249999,8640
BULGANA1,2023,7,40871.16082333333,8928
BULGANA1,2023,8,33418.51805416666,8928
BULGANA1,2023,9,36686.793309999994,8640
BULGANA1,2023,10,39469.484565,8928
BULGANA1,2023,11,48641.615757499996,8640
BULGANA1,2023,12,57329.36288333333,8809
CAPTL_WF,2019,12,239.21833099999998,119
CAPTL_WF,2020,1,31439.814818,8924
CAPTL_WF,2020,2,31224.5451725,8347
CAPTL_WF,2020,3,22143.266884166667,8924
CAPTL_WF,2020,4,36275.820473416665,8630
CAPTL_WF,2020,5,25275.723228416664,8916
CAPTL_WF,2020,6,22380.2352115,8628
CAPTL_WF,2020,7,22702.213889,8914
CAPTL_WF,2020,8,47351.00749325,8917
CAPTL_WF,2020,9,35625.76013883333,8639
CAPTL_WF,2020,10,31224.694176499997,8917
CAPTL_WF,2020,11,20311.485556166666,8630
CAPTL_WF,2020,12,30997.203511,8924
CAPTL_WF,2021,1,27031.208877416662,8909
CAPTL_WF,2021,2,19534.387231083332,8057
CAPTL_WF,2021,3,32701.00145325,8922
CAPTL_WF,2021,4,20720.239220833333,8628
CAPTL_WF,2021,5,19442.55924858333,8914
CAPTL_WF,2021,6,28648.040176,8636
CAPTL_WF,2021,7,41920.129833416664,8921
CAPTL_WF,2021,8,35884.415522749994,8920
CAPTL_WF,2021,9,34751.09099325,8571
CAPTL_WF,2021,10,28818.837696,8916
CAPTL_WF,2021,11,28599.34798108333,8635
CAPTL_WF,2021,12,20132.17400258333,8925
CAPTL_WF,2022,1,20937.87602858333,8916
CAPTL_WF,2022,2,23281.08265808333,8059
CAPTL_WF,2022,3,27269.068391916666,8923
CAPTL_WF,2022,4,22696.240389833332,8630
CAPTL_WF,2022,5,27901.073010833334,8916
CAPTL_WF,2022,6,41017.35164666666,8626
CAPTL_WF,2022,7,36099.324995916664,8922
CAPTL_WF,2022,8,40085.48363225,8921
CAPTL_WF,2022,9,27604.332968833332,8639
CAPTL_WF,2022,10,35716.856160833326,8925
CAPTL_WF,2022,11,31199.967092916664,8573
CAPTL_WF,2022,12,22763.089188083333,8928
CAPTL_WF,2023,1,16493.37113025,8927
CAPTL_WF,2023,2,22253.541711083333,8064
CAPTL_WF,2023,3,28489.354947,8919
CAPTL_WF,2023,4,15208.855268583331,8637
CAPTL_WF,2023,5,30011.288143583333,8927
CAPTL_WF,2023,6,43054.3393045,8634
CAPTL_WF,2023,7,36852.870206416665,8927
CAPTL_WF,2023,8,20458.55303008333,8924
CAPTL_WF,2023,9,26265.123409333333,8640
CAPTL_WF,2023,10,35604.207299,8916
CAPTL_WF,2023,11,19620.5083745,8640
CAPTL_WF,2023,12,26408.09990883333,8808
CATHROCK,2019,12,0.0,119
CATHROCK,2020,1,14805.914990416666,8927
CATHROCK,2020,2,9580.2519665,8352
CATHROCK,2020,3,14537.556673666666,8928
CATHROCK,2020,4,7087.902095833333,8636
CATHROCK,2020,5,8984.5411455,8928
CATHROCK,2020,6,13900.73670025,8639
CATHROCK,2020,7,12074.231817749998,8926
CATHROCK,2020,8,14771.794150083333,8923
CATHROCK,2020,9,13420.246738,8640
CATHROCK,2020,10,13529.7150625,8928
CATHROCK,2020,11,14580.5150005,8638
CATHROCK,2020,12,11300.463531,8922
CATHROCK,2021,1,11191.374366916665,8919
CATHROCK,2021,2,10784.121888916665,8061
CATHROCK,2021,3,9970.074444583333,8926
CATHROCK,2021,4,9295.430310916667,8638
CATHROCK,2021,5,6051.95967625,8926
CATHROCK,2021,6,11486.291838083334,8640
CATHROCK,2021,7,14767.5249825,8928
CATHROCK,2021,8,12521.754602166666,8902
CATHROCK,2021,9,9886.279452833332,8637
CATHROCK,2021,10,11763.549319416667,8927
CATHROCK,2021,11,11811.565998083333,8639
CATHROCK,2021,12,9800.228418416666,8924
CATHROCK,2022,1,9768.014600666667,8876
CATHROCK,2022,2,11589.052705,8064
CATHROCK,2022,3,12142.492916666666,8928
CATHROCK,2022,4,14856.599999999999,8640
CATHROCK,2022,5,11896.676249999999,8928
CATHROCK,2022,6,13935.216666666665,8640
CATHROCK,2022,7,13854.099666666667,8928
CATHROCK,2022,8,13613.891666666666,8928
CATHROCK,2022,9,11556.673916666667,8640
CATHROCK,2022,10,13487.641666666666,8928
CATHROCK,2022,11,8530.827860833333,8640
CATHROCK,2022,12,15125.872416666665,8928
CATHROCK,2023,1,8489.158333333333,8928
CATHROCK,2023,2,12896.166666666664,8064
CATHROCK,2023,3,8084.608341666667,8928
CATHROCK,2023,4,12020.536835833333,8640
CATHROCK,2023,5,9006.063529166666,8928
CATHROCK,2023,6,12886.572404999999,8640
CATHROCK,2023,7,14073.352833333332,8928
CATHROCK,2023,8,10867.025,8928
CATHROCK,2023,9,13177.274999999998,8640
CATHROCK,2023,10,14609.2602225,8928
CATHROCK,2023,11,9060.608333333334,8640
CATHROCK,2023,12,9797.39825,8809
CHALLHWF,2019,12,257.8333333333333,119
CHALLHWF,2020,1,11469.933329833333,8918
CHALLHWF,2020,2,9694.508334666665,8332
CHALLHWF,2020,3,14193.258319666666,8911
CHALLHWF,2020,4,10839.333323083332,8636
CHALLHWF,2020,5,13598.600012916666,8919
CHALLHWF,2020,6,9388.4333305,8627
CHALLHWF,2020,7,8937.09999925,8891
CHALLHWF,2020,8,13666.21667325,8915
CHALLHWF,2020,9,13859.458335,8635
CHALLHWF,2020,10,11479.616674583332,8925
CHALLHWF,2020,11,9470.7000045,8621
CHALLHWF,2020,12,10899.475006249999,8914
CHALLHWF,2021,1,11515.76666575,8885
CHALLHWF,2021,2,9775.683333666666,8059
CHALLHWF,2021,3,7510.449999583333,8908
CHALLHWF,2021,4,7275.816671166666,8630
CHALLHWF,2021,5,12626.783336333332,8913
CHALLHWF,2021,6,11169.733333166665,8616
CHALLHWF,2021,7,16075.324999083332,8921
CHALLHWF,2021,8,12926.699999166667,8896
CHALLHWF,2021,9,11922.824997916667,8617
CHALLHWF,2021,10,10479.74972025,8881
CHALLHWF,2021,11,11457.458335,8624
CHALLHWF,2021,12,10877.483332,8892
CHALLHWF,2022,1,9227.42500075,8909
CHALLHWF,2022,2,8401.60834025,8043
CHALLHWF,2022,3,10949.958338083334,8878
CHALLHWF,2022,4,8212.683337833332,8633
CHALLHWF,2022,5,8310.291671333332,8873
CHALLHWF,2022,6,13218.975006583332,8618
CHALLHWF,2022,7,13411.133343166666,8907
CHALLHWF,2022,8,13179.725005333334,8912
CHALLHWF,2022,9,10289.650006666667,8610
CHALLHWF,2022,10,8740.558348416667,8898
CHALLHWF,2022,11,8884.941663916667,8629
CHALLHWF,2022,12,9777.16666725,8904
CHALLHWF,2023,1,9896.94165825,8917
CHALLHWF,2023,2,8440.1000075,8011
CHALLHWF,2023,3,9293.916671833333,8918
CHALLHWF,2023,4,7046.441674583333,8626
CHALLHWF,2023,5,10248.12500575,8910
CHALLHWF,2023,6,13387.691678,8634
CHALLHWF,2023,7,13902.025010416666,8915
CHALLHWF,2023,8,10539.633327833333,8906
CHALLHWF,2023,9,10278.02500125,8571
CHALLHWF,2023,10,11990.8749965,8905
CHALLHWF,2023,11,10254.083335666666,8609
CHALLHWF,2023,12,11857.400021916666,8785
CHYTWF1,2020,4,0.0,983
CHYTWF1,2020,5,9318.574478333332,8928
CHYTWF1,2020,6,8393.972166666666,8640
CHYTWF1,2020,7,15617.091833333332,8928
CHYTWF1,2020,8,16693.48833333333,8928
CHYTWF1,2020,9,18385.828333333335,8640
CHYTWF1,2020,10,18656.360833333332,8928
CHYTWF1,2020,11,16901.261666666665,8640
CHYTWF1,2020,12,17957.94,8928
CHYTWF1,2021,1,18530.268666666663,8928
CHYTWF1,2021,2,16456.94525,8064
CHYTWF1,2021,3,15211.070416666666,8928
CHYTWF1,2021,4,10685.800916666667,8640
CHYTWF1,2021,5,14397.691666666666,8928
CHYTWF1,2021,6,14217.989333333331,8640
CHYTWF1,2021,7,15263.592666666666,8928
CHYTWF1,2021,8,12645.944166666666,8928
CHYTWF1,2021,9,12961.744666666667,8640
CHYTWF1,2021,10,13936.912499999999,8928
CHYTWF1,2021,11,16937.15583333333,8640
CHYTWF1,2021,12,19488.255833333333,8928
CHYTWF1,2022,1,14098.139166666666,8928
CHYTWF1,2022,2,14528.191666666666,8064
CHYTWF1,2022,3,15526.214999999998,8928
CHYTWF1,2022,4,12070.804083333333,8640
CHYTWF1,2022,5,8589.301666666666,8928
CHYTWF1,2022,6,13603.322333333334,8640
CHYTWF1,2022,7,15902.757499999998,8928
CHYTWF1,2022,8,14910.8555,8928
CHYTWF1,2022,9,12147.879166666668,8640
CHYTWF1,2022,10,11438.175833333333,8928
CHYTWF1,2022,11,12019.904833333332,8640
CHYTWF1,2022,12,13106.123333333333,8928
CHYTWF1,2023,1,16434.6875,8928
CHYTWF1,2023,2,16062.766666666666,8064
CHYTWF1,2023,3,13164.645833333332,8928
CHYTWF1,2023,4,11851.384166666665,8640
CHYTWF1,2023,5,13531.446666666667,8928
CHYTWF1,2023,6,15175.003333333332,8640
CHYTWF1,2023,7,14421.633333333331,8928
CHYTWF1,2023,8,12617.744999999999,8928
CHYTWF1,2023,9,13403.538333333332,8640
CHYTWF1,2023,10,15578.791666666666,8928
CHYTWF1,2023,11,19102.659166666668,8640
CHYTWF1,2023,12,15774.8275,8809
CLEMGPWF,2019,12,107.67434166666666,119
CLEMGPWF,2020,1,16517.405694166668,8928
CLEMGPWF,2020,2,9650.782936666667,8352
CLEMGPWF,2020,3,15895.820574166666,8928
CLEMGPWF,2020,4,10644.918916666667,8640
CLEMGPWF,2020,5,12147.486408333332,8928
CLEMGPWF,2020,6,11562.960521666666,8640
CLEMGPWF,2020,7,8400.662602499999,8928
CLEMGPWF,2020,8,14424.584758333333,8928
CLEMGPWF,2020,9,14326.641506666665,8640
CLEMGPWF,2020,10,14479.241841666666,8928
CLEMGPWF,2020,11,15019.011773333332,8640
CLEMGPWF,2020,12,16984.2639675,8928
CLEMGPWF,2021,1,14565.978124166666,8928
CLEMGPWF,2021,2,15041.981898333332,8064
CLEMGPWF,2021,3,15617.919774166667,8928
CLEMGPWF,2021,4,7611.8917675,8640
CLEMGPWF,2021,5,10789.748996666665,8928
CLEMGPWF,2021,6,12109.325831666667,8640
CLEMGPWF,2021,7,14785.480630833334,8928
CLEMGPWF,2021,8,10356.5329675,8928
CLEMGPWF,2021,9,13551.494048333332,8640
CLEMGPWF,2021,10,15316.138816666666,8928
CLEMGPWF,2021,11,14163.614611666666,8640
CLEMGPWF,2021,12,16604.076217499998,8928
CLEMGPWF,2022,1,15936.2789075,8928
CLEMGPWF,2022,2,16791.752865,8064
CLEMGPWF,2022,3,17114.49536333333,8928
CLEMGPWF,2022,4,12334.9911375,8640
CLEMGPWF,2022,5,11938.972885833333,8928
CLEMGPWF,2022,6,11182.407045,8640
CLEMGPWF,2022,7,12704.238714166666,8928
CLEMGPWF,2022,8,14188.573669166666,8928
CLEMGPWF,2022,9,15908.489717499999,8640
CLEMGPWF,2022,10,13192.543590833333,8928
CLEMGPWF,2022,11,12624.622120833334,8640
CLEMGPWF,2022,12,17934.181615833335,8928
CLEMGPWF,2023,1,15514.684874166665,8928
CLEMGPWF,2023,2,14789.070486666666,8064
CLEMGPWF,2023,3,11796.100699166665,8928
CLEMGPWF,2023,4,12571.778629999999,8640
CLEMGPWF,2023,5,9374.732464166666,8928
CLEMGPWF,2023,6,19590.588751666666,8640
CLEMGPWF,2023,7,13043.296927499998,8928
CLEMGPWF,2023,8,10197.4958025,8928
CLEMGPWF,2023,9,12404.297724166665,8640
CLEMGPWF,2023,10,18142.46574583333,8928
CLEMGPWF,2023,11,15432.781459166667,8640
CLEMGPWF,2023,12,15552.916818333333,8809
CNUNDAWF,2019,12,56.023686749999996,119
CNUNDAWF,2020,1,9242.173086833332,8922
CNUNDAWF,2020,2,2667.84549575,8347
CNUNDAWF,2020,3,8137.467739583332,8928
CNUNDAWF,2020,4,10044.702036416667,8590
CNUNDAWF,2020,5,11109.4012135,8928
CNUNDAWF,2020,6,9066.393001749999,8638
CNUNDAWF,2020,7,6756.598554833333,8920
CNUNDAWF,2020,8,13097.520424416667,8924
CNUNDAWF,2020,9,11974.944278166666,8625
CNUNDAWF,2020,10,9005.738912916666,8898
CNUNDAWF,2020,11,8515.191657916666,8629
CNUNDAWF,2020,12,9565.316673583333,8893
CNUNDAWF,2021,1,8567.452649666666,8913
CNUNDAWF,2021,2,5469.997663333334,8050
CNUNDAWF,2021,3,5021.29090975,8919
CNUNDAWF,2021,4,7145.827607499999,8640
CNUNDAWF,2021,5,11337.492322,8922
CNUNDAWF,2021,6,9192.773773166666,8638
CNUNDAWF,2021,7,14509.34239525,8925
CNUNDAWF,2021,8,11876.7880995,8925
CNUNDAWF,2021,9,11117.660885083333,8612
CNUNDAWF,2021,10,6898.605811583333,8927
CNUNDAWF,2021,11,7047.562958333333,8639
CNUNDAWF,2021,12,7523.931362166667,8928
CNUNDAWF,2022,1,8205.163306666665,8928
CNUNDAWF,2022,2,9410.744791666666,8064
CNUNDAWF,2022,3,6810.073640833333,8928
CNUNDAWF,2022,4,7034.789735833333,8640
CNUNDAWF,2022,5,9475.730411666667,8928
CNUNDAWF,2022,6,12342.554563333333,8640
CNUNDAWF,2022,7,10282.893501666666,8928
CNUNDAWF,2022,8,12253.171663333333,8928
CNUNDAWF,2022,9,7350.672587499999,8640
CNUNDAWF,2022,10,9734.562361666667,8928
CNUNDAWF,2022,11,7575.387025833333,8640
CNUNDAWF,2022,12,7947.7464291666665,8928
CNUNDAWF,2023,1,6924.744728333333,8928
CNUNDAWF,2023,2,6689.061464166667,8064
CNUNDAWF,2023,3,6117.0524975,8928
CNUNDAWF,2023,4,6765.426958333333,8640
CNUNDAWF,2023,5,10244.42215,8928
CNUNDAWF,2023,6,13140.562372499999,8640
CNUNDAWF,2023,7,13276.496057499999,8928
CNUNDAWF,2023,8,8268.262005833332,8928
CNUNDAWF,2023,9,8305.5637625,8640
CNUNDAWF,2023,10,8842.631978333333,8928
CNUNDAWF,2023,11,6706.974013333333,8640
CNUNDAWF,2023,12,8567.878254166666,8809
COLWF01,2020,11,724.1378216666667,6167
COLWF01,2020,12,8233.316561666667,8928
COLWF01,2021,1,15858.413514166665,8928
COLWF01,2021,2,20318.754814166667,8064
COLWF01,2021,3,34106.95243333333,8928
COLWF01,2021,4,27853.6668625,8640
COLWF01,2021,5,36896.04893583333,8928
COLWF01,2021,6,39739.15215083333,8640
COLWF01,2021,7,56761.840178333325,8928
COLWF01,2021,8,53014.84677583333,8928
COLWF01,2021,9,48417.24422083333,8640
COLWF01,2021,10,44686.142005,8928
COLWF01,2021,11,46839.408899999995,8640
COLWF01,2021,12,27462.7245225,8928
COLWF01,2022,1,40334.410724166664,8928
COLWF01,2022,2,38687.7037725,8064
COLWF01,2022,3,45625.2099875,8928
COLWF01,2022,4,36342.27652333333,8640
COLWF01,2022,5,43292.49367583333,8928
COLWF01,2022,6,60805.349089999996,8640
COLWF01,2022,7,57395.849944999994,8928
COLWF01,2022,8,48934.70981166667,8928
COLWF01,2022,9,37784.357885833335,8640
COLWF01,2022,10,48027.575918333336,8928
COLWF01,2022,11,38856.54717416666,8640
COLWF01,2022,12,35783.435825,8928
COLWF01,2023,1,36675.39326999999,8928
COLWF01,2023,2,39411.74187083333,8064
COLWF01,2023,3,48172.825521666666,8928
COLWF01,2023,4,26533.61106666667,8640
COLWF01,2023,5,45106.4481925,8928
COLWF01,2023,6,58530.927885,8640
COLWF01,2023,7,51565.454385,8928
COLWF01,2023,8,32896.3009675,8928
COLWF01,2023,9,37054.36548916667,8640
COLWF01,2023,10,51664.52838416666,8928
COLWF01,2023,11,29793.6531475,8640
COLWF01,2023,12,41852.99717833333,8809
COOPGWF1,2019,12,621.8247466666667,119
COOPGWF1,2020,1,26277.478840833333,8928
COOPGWF1,2020,2,31023.058934166667,8352
COOPGWF1,2020,3,57805.41801749999,8928
COOPGWF1,2020,4,49430.59375,8640
COOPGWF1,2020,5,93870.5174375,8928
COOPGWF1,2020,6,86686.45564999999,8640
COOPGWF1,2020,7,110276.86403166667,8928
COOPGWF1,2020,8,96643.25077166666,8928
COOPGWF1,2020,9,119825.57496999999,8640
COOPGWF1,2020,10,118654.94626333333,8928
COOPGWF1,2020,11,90350.22333000001,8640
COOPGWF1,2020,12,112281.14587166667,8928
COOPGWF1,2021,1,112381.14166916667,8928
COOPGWF1,2021,2,79784.4450225,8064
COOPGWF1,2021,3,105324.51209,8928
COOPGWF1,2021,4,90868.41498416667,8640
COOPGWF1,2021,5,97768.95932916667,8928
COOPGWF1,2021,6,119049.76919666666,8640
COOPGWF1,2021,7,139815.82491166666,8928
COOPGWF1,2021,8,112906.59154916667,8928
COOPGWF1,2021,9,113883.4091525,8640
COOPGWF1,2021,10,105667.25829416665,8928
COOPGWF1,2021,11,120496.26757083333,8640
COOPGWF1,2021,12,85939.44084583333,8928
COOPGWF1,2022,1,118719.48163166667,8928
COOPGWF1,2022,2,116891.1741525,8064
COOPGWF1,2022,3,95453.57500416666,8928
COOPGWF1,2022,4,112920.47749166666,8640
COOPGWF1,2022,5,128036.994215,8928
COOPGWF1,2022,6,98615.46748749999,8640
COOPGWF1,2022,7,129582.77170166666,8928
COOPGWF1,2022,8,111353.88003833333,8928
COOPGWF1,2022,9,103024.11908166665,8640
COOPGWF1,2022,10,130399.26255083333,8928
COOPGWF1,2022,11,126514.97251416666,8640
COOPGWF1,2022,12,117482.62832416667,8928
COOPGWF1,2023,1,119150.3324975,8928
COOPGWF1,2023,2,126305.83159833332,8064
COOPGWF1,2023,3,92911.41498916667,8928
COOPGWF1,2023,4,116010.96505583334,8640
COOPGWF1,2023,5,127501.09002083332,8928
COOPGWF1,2023,6,116658.06169666667,8640
COOPGWF1,2023,7,107635.03503666665,8928
COOPGWF1,2023,8,110796.19829083333,8928
COOPGWF1,2023,9,116274.70665,8640
COOPGWF1,2023,10,71835.54163333333,8928
COOPGWF1,2023,11,127530.07473166665,8640
COOPGWF1,2023,12,98700.86837,8809
CROOKWF2,2019,12,137.11749999999998,119
CROOKWF2,2020,1,22950.517389166664,8928
CROOKWF2,2020,2,20715.47457,8352
CROOKWF2,2020,3,19844.7287975,8928
CROOKWF2,2020,4,28982.371811666664,8640
CROOKWF2,2020,5,23440.07544,8928
CROOKWF2,2020,6,19565.090156666665,8640
CROOKWF2,2020,7,19211.739034166665,8928
CROOKWF2,2020,8,33962.75884,8928
CROOKWF2,2020,9,30857.107302499997,8640
CROOKWF2,2020,10,23743.59099333333,8928
CROOKWF2,2020,11,19956.538519166665,8640
CROOKWF2,2020,12,24928.435129166664,8928
CROOKWF2,2021,1,24182.88775083333,8928
CROOKWF2,2021,2,17210.317399166666,8064
CROOKWF2,2021,3,27368.13144833333,8928
CROOKWF2,2021,4,16646.680994166665,8640
CROOKWF2,2021,5,21579.596472499998,8928
CROOKWF2,2021,6,25865.424177499997,8640
CROOKWF2,2021,7,33960.840912499996,8928
CROOKWF2,2021,8,32843.403975,8928
CROOKWF2,2021,9,31757.34723083333,8640
CROOKWF2,2021,10,26190.9497675,8928
CROOKWF2,2021,11,24116.80299833333,8640
CROOKWF2,2021,12,16552.35632833333,8928
CROOKWF2,2022,1,18699.68739833333,8928
CROOKWF2,2022,2,18207.296175,8064
CROOKWF2,2022,3,19577.062284999996,8928
CROOKWF2,2022,4,18488.651320833334,8640
CROOKWF2,2022,5,21853.334949999997,8928
CROOKWF2,2022,6,30349.274297499996,8640
CROOKWF2,2022,7,30454.68193083333,8928
CROOKWF2,2022,8,32756.958655833332,8928
CROOKWF2,2022,9,24822.1357475,8640
CROOKWF2,2022,10,27260.416684166667,8928
CROOKWF2,2022,11,24262.24888833333,8640
CROOKWF2,2022,12,19565.404185833333,8928
CROOKWF2,2023,1,15925.761188333332,8928
CROOKWF2,2023,2,19318.8065725,8064
CROOKWF2,2023,3,25453.604692499997,8928
CROOKWF2,2023,4,17512.561015833333,8640
CROOKWF2,2023,5,24716.233945833334,8928
CROOKWF2,2023,6,31979.954073333334,8640
CROOKWF2,2023,7,28046.66765666667,8928
CROOKWF2,2023,8,18778.584525833332,8928
CROOKWF2,2023,9,22117.255139999997,8640
CROOKWF2,2023,10,26996.6256025,8928
CROOKWF2,2023,11,14973.871569166666,8640
CROOKWF2,2023,12,11062.027494166667,8809
CROWLWF1,2019,12,183.21642583333332,119
CROWLWF1,2020,1,23227.94449833333,8928
CROWLWF1,2020,2,21475.183731666664,8352
CROWLWF1,2020,3,26000.5163425,8928
CROWLWF1,2020,4,19113.309074166667,8640
CROWLWF1,2020,5,25094.997798333334,8928
CROWLWF1,2020,6,17986.37052,8640
CROWLWF1,2020,7,17521.570757499998,8928
CROWLWF1,2020,8,24524.656556666665,8928
CROWLWF1,2020,9,28384.9826,8640
CROWLWF1,2020,10,24652.537396666667,8928
CROWLWF1,2020,11,22523.688895,8640
CROWLWF1,2020,12,23205.883984166667,8928
CROWLWF1,2021,1,24392.482754166664,8928
CROWLWF1,2021,2,20967.704425833334,8064
CROWLWF1,2021,3,18192.5853075,8928
CROWLWF1,2021,4,14718.618355833332,8640
CROWLWF1,2021,5,23965.270429999997,8928
CROWLWF1,2021,6,22221.504274166666,8640
CROWLWF1,2021,7,28551.99982333333,8928
CROWLWF1,2021,8,24477.632409166665,8928
CROWLWF1,2021,9,24097.372785,8640
CROWLWF1,2021,10,23682.123245833332,8928
CROWLWF1,2021,11,21347.430545833333,8640
CROWLWF1,2021,12,23917.51437333333,8928
CROWLWF1,2022,1,21766.6462375,8928
CROWLWF1,2022,2,19353.820535833333,8064
CROWLWF1,2022,3,21830.171419166665,8928
CROWLWF1,2022,4,17906.296019166664,8640
CROWLWF1,2022,5,16663.740875,8928
CROWLWF1,2022,6,24531.339744166664,8640
CROWLWF1,2022,7,23655.220383333333,8928
CROWLWF1,2022,8,24825.577793333334,8928
CROWLWF1,2022,9,22477.630254166666,8640
CROWLWF1,2022,10,18401.205915,8928
CROWLWF1,2022,11,16293.71764083333,8640
CROWLWF1,2022,12,15330.014967499998,8928
CROWLWF1,2023,1,13716.9247225,8928
CROWLWF1,2023,2,18067.425655833333,8064
CROWLWF1,2023,3,19046.046724166667,8928
CROWLWF1,2023,4,16310.7349075,8640
CROWLWF1,2023,5,17502.038588333333,8928
CROWLWF1,2023,6,25969.41215333333,8640
CROWLWF1,2023,7,24785.640981666664,8928
CROWLWF1,2023,8,17382.955261666666,8928
CROWLWF1,2023,9,19181.291764999998,8640
CROWLWF1,2023,10,18968.774741666668,8928
CROWLWF1,2023,11,21645.009725,8640
CROWLWF1,2023,12,23561.1845875,8809
CRURWF1,2020,11,0.0,2135
CRURWF1,2020,12,1908.1289275,8928
CRURWF1,2021,1,2518.069720833333,8928
CRURWF1,2021,2,9826.283529166667,8064
CRURWF1,2021,3,13718.782829999998,8928
CRURWF1,2021,4,14449.423451666666,8640
CRURWF1,2021,5,15167.174366666666,8928
CRURWF1,2021,6,23746.17489,8640
CRURWF1,2021,7,36791.42121916667,8928
CRURWF1,2021,8,35227.545099999996,8928
CRURWF1,2021,9,34600.963655,8640
CRURWF1,2021,10,31080.594746666666,8928
CRURWF1,2021,11,30929.55468083333,8640
CRURWF1,2021,12,22679.59209583333,8928
CRURWF1,2022,1,29556.97284833333,8928
CRURWF1,2022,2,32223.196429166663,8064
CRURWF1,2022,3,29246.494029166664,8928
CRURWF1,2022,4,29108.172960833333,8640
CRURWF1,2022,5,34508.354069999994,8928
CRURWF1,2022,6,37546.82460166667,8640
CRURWF1,2022,7,43765.18982583333,8928
CRURWF1,2022,8,38002.740979166665,8928
CRURWF1,2022,9,29718.447639166665,8640
CRURWF1,2022,10,37443.69757916666,8928
CRURWF1,2022,11,32071.464595833335,8640
CRURWF1,2022,12,27107.72126333333,8928
CRURWF1,2023,1,25775.515056666663,8928
CRURWF1,2023,2,26496.612143333332,8064
CRURWF1,2023,3,29022.220599999997,8928
CRURWF1,2023,4,26855.609096666663,8640
CRURWF1,2023,5,29092.716896666665,8928
CRURWF1,2023,6,34785.05021833333,8640
CRURWF1,2023,7,29251.11448333333,8928
CRURWF1,2023,8,22808.275417499997,8928
CRURWF1,2023,9,25622.84285833333,8640
CRURWF1,2023,10,34746.5508575,8928
CRURWF1,2023,11,26219.714713333335,8640
CRURWF1,2023,12,26960.156016666664,8809
CTHLWF1,2020,1,2297.4556558333334,7319
CTHLWF1,2020,2,6214.376174999999,8352
CTHLWF1,2020,3,11553.125537499998,8928
CTHLWF1,2020,4,16875.000373333332,8640
CTHLWF1,2020,5,21535.028739166664,8928
CTHLWF1,2020,6,17687.1442975,8640
CTHLWF1,2020,7,6330.203134166666,8928
CTHLWF1,2020,8,32591.84577083333,8928
CTHLWF1,2020,9,50497.23001,8640
CTHLWF1,2020,10,26308.433411666665,8928
CTHLWF1,2020,11,38315.056215,8640
CTHLWF1,2020,12,42237.060711666665,8928
CTHLWF1,2021,1,35369.4122275,8928
CTHLWF1,2021,2,27484.17911,8064
CTHLWF1,2021,3,36686.019382499995,8928
CTHLWF1,2021,4,53290.00044416666,8640
CTHLWF1,2021,5,48392.55418583333,8928
CTHLWF1,2021,6,34106.45056583334,8640
CTHLWF1,2021,7,49547.149535,8928
CTHLWF1,2021,8,51861.10504083333,8928
CTHLWF1,2021,9,48208.47748333333,8640
CTHLWF1,2021,10,40723.551556666665,8928
CTHLWF1,2021,11,24350.424529999997,8640
CTHLWF1,2021,12,35327.59536,8928
CTHLWF1,2022,1,18584.305625,8928
CTHLWF1,2022,2,23048.945804999996,8064
CTHLWF1,2022,3,21029.922494166665,8928
CTHLWF1,2022,4,28100.600281666666,8640
CTHLWF1,2022,5,36212.59579083334,8928
CTHLWF1,2022,6,51072.78253,8640
CTHLWF1,2022,7,35460.82338333333,8928
CTHLWF1,2022,8,47239.210145833335,8928
CTHLWF1,2022,9,24563.71762,8640
CTHLWF1,2022,10,31083.637058333334,8928
CTHLWF1,2022,11,34202.19562499999,8640
CTHLWF1,2022,12,22386.504326666665,8928
CTHLWF1,2023,1,21382.11040083333,8928
CTHLWF1,2023,2,29646.749506666663,8064
CTHLWF1,2023,3,38605.650525,8928
CTHLWF1,2023,4,39360.73239416666,8640
CTHLWF1,2023,5,52459.980095,8928
CTHLWF1,2023,6,47585.6898925,8640
CTHLWF1,2023,7,64003.86333666666,8928
CTHLWF1,2023,8,47284.1283575,8928
CTHLWF1,2023,9,51420.35327333333,8640
CTHLWF1,2023,10,46661.91093666667,8928
CTHLWF1,2023,11,20618.248019166665,8640
CTHLWF1,2023,12,24984.927971666664,8809
CULLRGWF,2019,12,162.8275,119
CULLRGWF,2020,1,9106.936670000001,8927
CULLRGWF,2020,2,9167.535000916667,8268
CULLRGWF,2020,3,7680.8158065,8875
CULLRGWF,2020,4,8180.212502416666,8635
CULLRGWF,2020,5,6243.0716668333325,8920
CULLRGWF,2020,6,5694.599165083333,8638
CULLRGWF,2020,7,3987.2308344166663,8927
CULLRGWF,2020,8,7853.906668416666,8927
CULLRGWF,2020,9,5422.220834,8631
CULLRGWF,2020,10,5557.929164333333,8913
CULLRGWF,2020,11,3508.1591650833334,8639
CULLRGWF,2020,12,6036.569576833333,8923
CULLRGWF,2021,1,5293.795832,8916
CULLRGWF,2021,2,5017.666666416667,8058
CULLRGWF,2021,3,7135.853929833333,8915
CULLRGWF,2021,4,6032.668099333333,8635
CULLRGWF,2021,5,5882.683332083333,8928
CULLRGWF,2021,6,6188.385835833333,8602
CULLRGWF,2021,7,8930.629995583333,8925
CULLRGWF,2021,8,8253.150003333332,8928
CULLRGWF,2021,9,7655.690840583334,8639
CULLRGWF,2021,10,7224.1433325,8927
CULLRGWF,2021,11,7640.827504749999,8640
CULLRGWF,2021,12,5132.785832166666,8928
CULLRGWF,2022,1,6891.35833175,8928
CULLRGWF,2022,2,7590.339999833333,8058
CULLRGWF,2022,3,8613.013329833333,8928
CULLRGWF,2022,4,7891.577504333332,8640
CULLRGWF,2022,5,8806.822504416667,8928
CULLRGWF,2022,6,10622.155004499999,8639
CULLRGWF,2022,7,10225.826427416667,8887
CULLRGWF,2022,8,8059.048335833333,8928
CULLRGWF,2022,9,7650.066062666666,8567
CULLRGWF,2022,10,1332.9450016666667,8928
CULLRGWF,2022,11,-29.911666666666665,8635
CULLRGWF,2022,12,1858.83000025,8928
CULLRGWF,2023,1,5157.559164833333,8927
CULLRGWF,2023,2,7523.501664416666,8064
CULLRGWF,2023,3,8076.129167916667,8919
CULLRGWF,2023,4,4024.0850034166665,8640
CULLRGWF,2023,5,6966.9675025,8909
CULLRGWF,2023,6,9339.181666666665,8640
CULLRGWF,2023,7,8750.723291333334,8882
CULLRGWF,2023,8,6541.176665083332,8928
CULLRGWF,2023,9,7019.166667166666,8639
CULLRGWF,2023,10,9010.192501083333,8928
CULLRGWF,2023,11,6089.0233315,8638
CULLRGWF,2023,12,7956.943332,8808
DIAPURWF1,2021,11,479.6166666666666,7686
DIAPURWF1,2021,12,3332.8666666666663,8875
DIAPURWF1,2022,1,2127.2916666666665,8906
DIAPURWF1,2022,2,2495.2666666666664,8061
DIAPURWF1,2022,3,2967.9999999999995,8891
DIAPURWF1,2022,4,2002.3166666666666,6523
DIAPURWF1,2022,5,1639.5166666666667,4239
DIAPURWF1,2022,6,3535.6416666666664,8548
DIAPURWF1,2022,7,3429.116666666667,8804
DIAPURWF1,2022,8,3220.533333333333,8907
DIAPURWF1,2022,9,3194.566666666666,8639
DIAPURWF1,2022,10,3093.2833333333333,8921
DIAPURWF1,2022,11,3044.25,8358
DIAPURWF1,2022,12,3179.1666666666665,8782
DIAPURWF1,2023,1,2800.6666666666665,8763
DIAPURWF1,2023,2,2639.9166666666665,7983
DIAPURWF1,2023,3,2823.6,8919
DIAPURWF1,2023,4,2585.2833333333333,8267
DIAPURWF1,2023,5,3425.5499999999997,8923
DIAPURWF1,2023,6,4654.916666666666,8624
DIAPURWF1,2023,7,3516.1666666666665,8903
DIAPURWF1,2023,8,2766.133333333333,8915
DIAPURWF1,2023,9,212.34166666666664,5943
DIAPURWF1,2023,10,0.0,8928
DIAPURWF1,2023,11,0.0,8640
DIAPURWF1,2023,12,0.0,8809
DULAWF1,2023,4,1662.95406,7895
DULAWF1,2023,5,19499.889525,8928
DULAWF1,2023,6,25847.325502499996,8640
DULAWF1,2023,7,26702.31671583333,8928
DULAWF1,2023,8,33235.03362333333,8928
DULAWF1,2023,9,43642.32159166666,8640
DULAWF1,2023,10,54548.68422416667,8928
DULAWF1,2023,11,51394.01743166666,8640
DULAWF1,2023,12,43606.611866666666,8809
DUNDWF1,2020,3,0.0,6455
DUNDWF1,2020,4,0.018333333333333333,8640
DUNDWF1,2020,5,7481.188333333333,8928
DUNDWF1,2020,6,22480.25083333333,8640
DUNDWF1,2020,7,12591.174083333333,8928
DUNDWF1,2020,8,20584.285833333335,8928
DUNDWF1,2020,9,31491.610832499995,8640
DUNDWF1,2020,10,15407.438333333332,8928
DUNDWF1,2020,11,32696.324999999997,8640
DUNDWF1,2020,12,35116.30032916666,8928
DUNDWF1,2021,1,43442.9041575,8928
DUNDWF1,2021,2,32635.742167499997,8064
DUNDWF1,2021,3,29758.066869166665,8928
DUNDWF1,2021,4,32036.277463333332,8640
DUNDWF1,2021,5,53907.5553425,8928
DUNDWF1,2021,6,46776.27583583333,8640
DUNDWF1,2021,7,68907.20248166667,8928
DUNDWF1,2021,8,61666.500844999995,8928
DUNDWF1,2021,9,52131.47691583333,8640
DUNDWF1,2021,10,40757.7441625,8928
DUNDWF1,2021,11,42172.16417166666,8640
DUNDWF1,2021,12,40804.191645,8928
DUNDWF1,2022,1,43829.590808333334,8928
DUNDWF1,2022,2,38189.69502916666,8064
DUNDWF1,2022,3,38330.86247083333,8928
DUNDWF1,2022,4,38068.531671666664,8640
DUNDWF1,2022,5,44214.8066825,8928
DUNDWF1,2022,6,61139.67748083333,8640
DUNDWF1,2022,7,51301.33334083333,8928
DUNDWF1,2022,8,58754.98163333333,8928
DUNDWF1,2022,9,47176.53830166666,8640
DUNDWF1,2022,10,42981.62834833333,8928
DUNDWF1,2022,11,40718.11914416666,8640
DUNDWF1,2022,12,38932.30249583333,8928
DUNDWF1,2023,1,31522.89917333333,8928
DUNDWF1,2023,2,35953.640009166666,8064
DUNDWF1,2023,3,33805.12665416666,8928
DUNDWF1,2023,4,32487.428354166666,8640
DUNDWF1,2023,5,44025.2333375,8928
DUNDWF1,2023,6,62884.94501166666,8640
DUNDWF1,2023,7,59291.82997666666,8928
DUNDWF1,2023,8,49096.50996583333,8928
DUNDWF1,2023,9,41524.12082083333,8640
DUNDWF1,2023,10,41315.308365000004,8928
DUNDWF1,2023,11,27434.8374825,8640
DUNDWF1,2023,12,39726.13609833333,8809
DUNDWF2,2020,3,0.03083333333333333,6455
DUNDWF2,2020,4,0.8524999999999999,8640
DUNDWF2,2020,5,2950.755,8928
DUNDWF2,2020,6,4008.7275,8640
DUNDWF2,2020,7,1372.8016666666665,8928
DUNDWF2,2020,8,3224.74,8928
DUNDWF2,2020,9,7156.276666666667,8640
DUNDWF2,2020,10,4417.0575,8928
DUNDWF2,2020,11,8498.473333333333,8640
DUNDWF2,2020,12,9118.4825,8928
DUNDWF2,2021,1,10642.7305,8928
DUNDWF2,2021,2,8531.279166666665,8064
DUNDWF2,2021,3,8052.586598333332,8928
DUNDWF2,2021,4,8370.344,8640
DUNDWF2,2021,5,13528.40275,8928
DUNDWF2,2021,6,11803.301666666666,8640
DUNDWF2,2021,7,13087.059999999998,8928
DUNDWF2,2021,8,11340.438333333334,8928
DUNDWF2,2021,9,13547.43425,8640
DUNDWF2,2021,10,10037.890833333333,8928
DUNDWF2,2021,11,11924.715,8640
DUNDWF2,2021,12,12069.715833333332,8928
DUNDWF2,2022,1,12344.983680833333,8928
DUNDWF2,2022,2,11136.324999999999,8064
DUNDWF2,2022,3,10718.845,8928
DUNDWF2,2022,4,10352.591666666665,8640
DUNDWF2,2022,5,10982.653333333332,8928
DUNDWF2,2022,6,15583.189166666665,8640
DUNDWF2,2022,7,13546.676666666666,8928
DUNDWF2,2022,8,14047.295,8928
DUNDWF2,2022,9,12445.193333333333,8640
DUNDWF2,2022,10,11802.618328333334,8928
DUNDWF2,2022,11,11669.263333333332,8640
DUNDWF2,2022,12,11733.011666666665,8928
DUNDWF2,2023,1,9972.652499999998,8928
DUNDWF2,2023,2,11177.195833333331,8064
DUNDWF2,2023,3,10822.511666666665,8928
DUNDWF2,2023,4,8354.189166666667,8640
DUNDWF2,2023,5,12304.739999999998,8928
DUNDWF2,2023,6,16274.354166666666,8640
DUNDWF2,2023,7,14718.494999999999,8928
DUNDWF2,2023,8,12589.171666666667,8928
DUNDWF2,2023,9,11989.009999999998,8640
DUNDWF2,2023,10,12491.3525,8928
DUNDWF2,2023,11,8750.34,8640
DUNDWF2,2023,12,12123.059750833332,8809
DUNDWF3,2020,3,837.1153375,6455
DUNDWF3,2020,4,15222.302448333332,8640
DUNDWF3,2020,5,27563.806166666665,8928
DUNDWF3,2020,6,3240.5158333333334,8640
DUNDWF3,2020,7,14567.453749999999,8928
DUNDWF3,2020,8,32312.446666666667,8928
DUNDWF3,2020,9,30788.851666666666,8640
DUNDWF3,2020,10,26269.751666666667,8928
DUNDWF3,2020,11,29863.78833333333,8640
DUNDWF3,2020,12,31609.969166666662,8928
DUNDWF3,2021,1,32931.83558333333,8928
DUNDWF3,2021,2,25206.331833333334,8064
DUNDWF3,2021,3,24277.215689166664,8928
DUNDWF3,2021,4,26471.798201666665,8640
DUNDWF3,2021,5,39261.977655,8928
DUNDWF3,2021,6,33775.67833333333,8640
DUNDWF3,2021,7,43191.05333333333,8928
DUNDWF3,2021,8,37914.502499999995,8928
DUNDWF3,2021,9,41370.73570833333,8640
DUNDWF3,2021,10,29466.292499999996,8928
DUNDWF3,2021,11,31037.39333333333,8640
DUNDWF3,2021,12,31618.1575,8928
DUNDWF3,2022,1,32043.310833333333,8928
DUNDWF3,2022,2,28728.550833333335,8064
DUNDWF3,2022,3,27273.206666666665,8928
DUNDWF3,2022,4,27538.714999999997,8640
DUNDWF3,2022,5,32614.246666666666,8928
DUNDWF3,2022,6,45839.48583333333,8640
DUNDWF3,2022,7,36612.49333333333,8928
DUNDWF3,2022,8,41588.88666666666,8928
DUNDWF3,2022,9,32989.2875,8640
DUNDWF3,2022,10,30724.048515,8928
DUNDWF3,2022,11,27876.915833333333,8640
DUNDWF3,2022,12,25390.462499999998,8928
DUNDWF3,2023,1,22262.5625,8928
DUNDWF3,2023,2,27164.462499999998,8064
DUNDWF3,2023,3,26084.885,8928
DUNDWF3,2023,4,24325.784166666665,8640
DUNDWF3,2023,5,35514.097499999996,8928
DUNDWF3,2023,6,47689.403333333335,8640
DUNDWF3,2023,7,39559.96166666666,8928
DUNDWF3,2023,8,35910.03916666667,8928
DUNDWF3,2023,9,30100.5925,8640
DUNDWF3,2023,10,33358.6025,8928
DUNDWF3,2023,11,22740.086666666666,8640
DUNDWF3,2023,12,31866.303229166664,8809
ELAINWF1,2020,4,2113.307166666667,7031
ELAINWF1,2020,5,6283.003333333333,8928
ELAINWF1,2020,6,10360.318666666666,8640
ELAINWF1,2020,7,13710.145833333332,8928
ELAINWF1,2020,8,23439.0565,8928
ELAINWF1,2020,9,26698.199333333334,8640
ELAINWF1,2020,10,22619.8175,8928
ELAINWF1,2020,11,18797.165,8640
ELAINWF1,2020,12,17308.486666666664,8928
ELAINWF1,2021,1,15871.573999999999,8928
ELAINWF1,2021,2,13140.385416666666,8064
ELAINWF1,2021,3,12641.872083333332,8928
ELAINWF1,2021,4,13483.810249999999,8640
ELAINWF1,2021,5,20081.174583333333,8928
ELAINWF1,2021,6,14545.380916666665,8640
ELAINWF1,2021,7,26264.128333333334,8928
ELAINWF1,2021,8,23609.447166666665,8928
ELAINWF1,2021,9,0.0,8640
ELAINWF1,2021,10,0.0,8928
ELAINWF1,2021,11,0.0,8640
ELAINWF1,2021,12,7774.50775,8928
ELAINWF1,2022,1,12307.887999999999,8928
ELAINWF1,2022,2,10544.050416666667,8064
ELAINWF1,2022,3,10657.180499999999,8928
ELAINWF1,2022,4,10777.241833333333,8640
ELAINWF1,2022,5,16273.155749999998,8928
ELAINWF1,2022,6,26804.53633333333,8640
ELAINWF1,2022,7,17621.81408333333,8928
ELAINWF1,2022,8,21887.381666666664,8928
ELAINWF1,2022,9,16237.604833333333,8640
ELAINWF1,2022,10,14471.554,8928
ELAINWF1,2022,11,17365.396916666665,8640
ELAINWF1,2022,12,16568.318333333333,8928
ELAINWF1,2023,1,10255.324166666665,8928
ELAINWF1,2023,2,13345.210833333333,8064
ELAINWF1,2023,3,12568.633898333333,8928
ELAINWF1,2023,4,12512.501564999999,8640
ELAINWF1,2023,5,21121.515493333332,8928
ELAINWF1,2023,6,27956.411701666664,8640
ELAINWF1,2023,7,24915.734683333332,8928
ELAINWF1,2023,8,20365.157629166664,8928
ELAINWF1,2023,9,16134.622036666666,8640
ELAINWF1,2023,10,17596.497994166664,8928
ELAINWF1,2023,11,11708.069166666666,8640
ELAINWF1,2023,12,13883.983914166665,8809
FLYCRKWF,2023,8,0.0,7031
FLYCRKWF,2023,9,326.59499999999997,8640
FLYCRKWF,2023,10,616.9766666666667,8928
FLYCRKWF,2023,11,334.00083333333333,8640
FLYCRKWF,2023,12,4263.105833333333,8809
GRANWF1,2019,12,0.0,119
GRANWF1,2020,1,0.003333333333333333,8928
GRANWF1,2020,2,717.3825,8352
GRANWF1,2020,3,5264.038333333333,8928
GRANWF1,2020,4,11490.048083333333,8640
GRANWF1,2020,5,22911.552804166666,8928
GRANWF1,2020,6,29455.47730583333,8640
GRANWF1,2020,7,22580.5662575,8928
GRANWF1,2020,8,78.33082583333334,8928
GRANWF1,2020,9,36172.466337499995,8640
GRANWF1,2020,10,21735.108185833335,8928
GRANWF1,2020,11,31978.7422575,8640
GRANWF1,2020,12,34551.55142083333,8928
GRANWF1,2021,1,28905.230006666665,8928
GRANWF1,2021,2,24327.829878333334,8064
GRANWF1,2021,3,29008.162699166667,8928
GRANWF1,2021,4,34267.573874999995,8640
GRANWF1,2021,5,41645.08710416667,8928
GRANWF1,2021,6,31515.234987499996,8640
GRANWF1,2021,7,41698.96374833333,8928
GRANWF1,2021,8,47193.875315833335,8928
GRANWF1,2021,9,39116.28537416667,8640
GRANWF1,2021,10,38850.53048916667,8928
GRANWF1,2021,11,25621.00977083333,8640
GRANWF1,2021,12,26235.99012,8928
GRANWF1,2022,1,18283.494404166668,8928
GRANWF1,2022,2,19869.4190175,8064
GRANWF1,2022,3,26924.879908333332,8928
GRANWF1,2022,4,22405.174835,8640
GRANWF1,2022,5,34749.06212916666,8928
GRANWF1,2022,6,38270.84125,8640
GRANWF1,2022,7,35218.024634166664,8928
GRANWF1,2022,8,41193.79539083333,8928
GRANWF1,2022,9,28263.9139875,8640
GRANWF1,2022,10,15574.819066666667,8928
GRANWF1,2022,11,31155.54893833333,8640
GRANWF1,2022,12,25930.70063,8928
GRANWF1,2023,1,22165.808204999998,8928
GRANWF1,2023,2,25338.167339166666,8064
GRANWF1,2023,3,28703.633964999997,8928
GRANWF1,2023,4,29581.779721666662,8640
GRANWF1,2023,5,37630.6238025,8928
GRANWF1,2023,6,43548.253768333336,8640
GRANWF1,2023,7,49201.19782749999,8928
GRANWF1,2023,8,34044.9980475,8928
GRANWF1,2023,9,38489.31291583333,8640
GRANWF1,2023,10,37772.8670975,8928
GRANWF1,2023,11,17988.327319999997,8640
GRANWF1,2023,12,21053.65988833333,8809
GSWF1A,2023,7,0.0,6167
GSWF1A,2023,8,0.0,8928
GSWF1A,2023,9,0.0,8640
GSWF1A,2023,10,0.0,8928
GSWF1A,2023,11,0.0,8640
GSWF1A,2023,12,0.0,8809
GSWF1B1,2023,11,0.0,2999
GSWF1B1,2023,12,0.0,8809
GULLRWF1,2019,12,600.1113991666666,119
GULLRWF1,2020,1,38874.69053166667,8928
GULLRWF1,2020,2,38513.337530000004,8352
GULLRWF1,2020,3,24960.235470833333,8928
GULLRWF1,2020,4,42559.153354166665,8640
GULLRWF1,2020,5,38620.28255416666,8928
GULLRWF1,2020,6,34313.6184225,8640
GULLRWF1,2020,7,31263.7146425,8928
GULLRWF1,2020,8,60019.08452083333,8928
GULLRWF1,2020,9,43900.632150833335,8640
GULLRWF1,2020,10,37374.79403416667,8928
GULLRWF1,2020,11,30582.5986025,8640
GULLRWF1,2020,12,42111.14073583333,8928
GULLRWF1,2021,1,37697.356945,8928
GULLRWF1,2021,2,28400.760863333333,8064
GULLRWF1,2021,3,41658.13368,8928
GULLRWF1,2021,4,31181.96278583333,8640
GULLRWF1,2021,5,36831.34490083333,8928
GULLRWF1,2021,6,41938.206257499995,8640
GULLRWF1,2021,7,55977.773296666666,8928
GULLRWF1,2021,8,51507.940032499995,8928
GULLRWF1,2021,9,49441.19781666666,8640
GULLRWF1,2021,10,42384.96930916667,8928
GULLRWF1,2021,11,38529.54912333334,8640
GULLRWF1,2021,12,26290.38716,8928
GULLRWF1,2022,1,31921.217744166664,8928
GULLRWF1,2022,2,31298.591910833333,8064
GULLRWF1,2022,3,32473.178639166665,8928
GULLRWF1,2022,4,31915.04442833333,8640
GULLRWF1,2022,5,39954.8267025,8928
GULLRWF1,2022,6,57606.34526249999,8640
GULLRWF1,2022,7,54389.11487833333,8928
GULLRWF1,2022,8,52278.58170166666,8928
GULLRWF1,2022,9,37503.179599166666,8640
GULLRWF1,2022,10,37672.71702916666,8928
GULLRWF1,2022,11,33031.818544166665,8640
GULLRWF1,2022,12,31079.309792499997,8928
GULLRWF1,2023,1,27107.805139999997,8928
GULLRWF1,2023,2,30728.2055625,8064
GULLRWF1,2023,3,39250.03210833333,8928
GULLRWF1,2023,4,27056.237539166665,8640
GULLRWF1,2023,5,44866.08955083333,8928
GULLRWF1,2023,6,53974.32553083333,8640
GULLRWF1,2023,7,46224.83509166667,8928
GULLRWF1,2023,8,32563.001601666663,8928
GULLRWF1,2023,9,37404.4261875,8640
GULLRWF1,2023,10,46493.54386083333,8928
GULLRWF1,2023,11,24354.483190833333,8640
GULLRWF1,2023,12,35210.521544166666,8809
GULLRWF2,2020,5,0.0,3863
GULLRWF2,2020,6,62.32148333333333,8640
GULLRWF2,2020,7,0.0,8928
GULLRWF2,2020,8,768.6547116666667,8928
GULLRWF2,2020,9,2188.6474275,8640
GULLRWF2,2020,10,3100.5533025,8928
GULLRWF2,2020,11,6572.666063333333,8640
GULLRWF2,2020,12,9205.482555,8928
GULLRWF2,2021,1,11074.49986,8928
GULLRWF2,2021,2,10277.067612499999,8064
GULLRWF2,2021,3,12269.271626666667,8928
GULLRWF2,2021,4,7656.334074999999,8640
GULLRWF2,2021,5,8923.956441666665,8928
GULLRWF2,2021,6,10541.020384999998,8640
GULLRWF2,2021,7,13313.839315,8928
GULLRWF2,2021,8,12222.27177,8928
GULLRWF2,2021,9,11816.629465833332,8640
GULLRWF2,2021,10,9671.825891666665,8928
GULLRWF2,2021,11,15985.506657499998,8640
GULLRWF2,2021,12,14641.565066666666,8928
GULLRWF2,2022,1,19822.643821666665,8928
GULLRWF2,2022,2,21021.31098333333,8064
GULLRWF2,2022,3,25896.144281666664,8928
GULLRWF2,2022,4,28948.786257499996,8640
GULLRWF2,2022,5,31656.956645,8928
GULLRWF2,2022,6,36263.27398583333,8640
GULLRWF2,2022,7,41047.03443749999,8928
GULLRWF2,2022,8,36225.09692833333,8928
GULLRWF2,2022,9,30747.524005833333,8640
GULLRWF2,2022,10,28640.600509166663,8928
GULLRWF2,2022,11,26096.903426666664,8640
GULLRWF2,2022,12,27325.585379166667,8928
GULLRWF2,2023,1,29245.922460833335,8928
GULLRWF2,2023,2,29061.369672499997,8064
GULLRWF2,2023,3,32917.3739925,8928
GULLRWF2,2023,4,22466.5282425,8640
GULLRWF2,2023,5,26717.815430833332,8928
GULLRWF2,2023,6,36646.67156083333,8640
GULLRWF2,2023,7,30267.0067125,8928
GULLRWF2,2023,8,21341.4175625,8928
GULLRWF2,2023,9,23362.611464166665,8640
GULLRWF2,2023,10,31243.602266666665,8928
GULLRWF2,2023,11,23462.024301666665,8640
GULLRWF2,2023,12,29743.63438583333,8809
GUNNING1,2019,12,290.05663416666664,119
GUNNING1,2020,1,14151.513304166667,8928
GUNNING1,2020,2,14554.741021666665,8352
GUNNING1,2020,3,13088.742615833333,8928
GUNNING1,2020,4,15216.693675833332,8640
GUNNING1,2020,5,11630.728374999999,8928
GUNNING1,2020,6,11406.225162499999,8640
GUNNING1,2020,7,8961.381802499998,8928
GUNNING1,2020,8,17872.721031666668,8928
GUNNING1,2020,9,15117.2182075,8640
GUNNING1,2020,10,13654.355927499999,8928
GUNNING1,2020,11,9534.122548333333,8640
GUNNING1,2020,12,14421.6196625,8928
GUNNING1,2021,1,14483.3489875,8928
GUNNING1,2021,2,11790.350460833333,8064
GUNNING1,2021,3,15339.683421666665,8928
GUNNING1,2021,4,10309.569393333331,8640
GUNNING1,2021,5,11167.0238775,8928
GUNNING1,2021,6,12510.302470833332,8640
GUNNING1,2021,7,16825.253933333333,8928
GUNNING1,2021,8,14843.304879166666,8928
GUNNING1,2021,9,15040.0714,8640
GUNNING1,2021,10,12831.586323333333,8928
GUNNING1,2021,11,12954.850894166666,8640
GUNNING1,2021,12,9554.835959166667,8928
GUNNING1,2022,1,11844.308469166665,8928
GUNNING1,2022,2,11412.592796666666,8064
GUNNING1,2022,3,12111.25281,8928
GUNNING1,2022,4,11802.380168333331,8640
GUNNING1,2022,5,12280.286851666666,8928
GUNNING1,2022,6,14724.391728333332,8640
GUNNING1,2022,7,14481.318211666667,8928
GUNNING1,2022,8,15273.358603333332,8928
GUNNING1,2022,9,11552.451744999998,8640
GUNNING1,2022,10,2274.5177624999997,8928
GUNNING1,2022,11,8647.2780625,8640
GUNNING1,2022,12,11175.8572575,8928
GUNNING1,2023,1,11002.269014999998,8928
GUNNING1,2023,2,10821.262095833332,8064
GUNNING1,2023,3,15117.824530833333,8928
GUNNING1,2023,4,9826.102055,8640
GUNNING1,2023,5,13473.150030833332,8928
GUNNING1,2023,6,15265.987195833331,8640
GUNNING1,2023,7,14436.059125,8928
GUNNING1,2023,8,10307.51958,8928
GUNNING1,2023,9,10713.809053333332,8640
GUNNING1,2023,10,13065.195005833331,8928
GUNNING1,2023,11,9448.952880833333,8640
GUNNING1,2023,12,11282.010805,8809
HALLWF1,2019,12,-0.9141666666666668,119
HALLWF1,2020,1,22530.8075,8928
HALLWF1,2020,2,13364.229166666666,8352
HALLWF1,2020,3,22335.685,8928
HALLWF1,2020,4,20561.39925,8640
HALLWF1,2020,5,25921.8725,8928
HALLWF1,2020,6,25556.465666666667,8640
HALLWF1,2020,7,20117.172416666665,8928
HALLWF1,2020,8,30313.482083333332,8928
HALLWF1,2020,9,30734.454999999998,8640
HALLWF1,2020,10,23325.814166666667,8928
HALLWF1,2020,11,26040.608083333333,8640
HALLWF1,2020,12,21061.836774166666,8928
HALLWF1,2021,1,19587.8275,8928
HALLWF1,2021,2,19968.10875,8064
HALLWF1,2021,3,20413.763,8928
HALLWF1,2021,4,14296.628916666665,8640
HALLWF1,2021,5,26337.97928583333,8928
HALLWF1,2021,6,33581.27583333333,8640
HALLWF1,2021,7,33127.325,8928
HALLWF1,2021,8,26230.226666666666,8928
HALLWF1,2021,9,25429.267416666666,8640
HALLWF1,2021,10,22720.721416666664,8928
HALLWF1,2021,11,22257.280416666665,8640
HALLWF1,2021,12,19423.218973333333,8928
HALLWF1,2022,1,24456.722397499998,8928
HALLWF1,2022,2,20928.654616666667,8064
HALLWF1,2022,3,23334.32499083333,8928
HALLWF1,2022,4,21941.94908,8640
HALLWF1,2022,5,28458.593989166664,8928
HALLWF1,2022,6,28451.208130833333,8640
HALLWF1,2022,7,31176.245665,8928
HALLWF1,2022,8,17953.498578333332,8928
HALLWF1,2022,9,24877.623518333334,8640
HALLWF1,2022,10,23246.248674166665,8928
HALLWF1,2022,11,22128.887222499998,8640
HALLWF1,2022,12,22849.317419166666,8928
HALLWF1,2023,1,19886.263279166666,8928
HALLWF1,2023,2,15196.1949675,8064
HALLWF1,2023,3,18543.36828833333,8928
HALLWF1,2023,4,20456.907406666665,8640
HALLWF1,2023,5,24309.68154,8928
HALLWF1,2023,6,36640.784791666665,8640
HALLWF1,2023,7,31797.375649166665,8928
HALLWF1,2023,8,21062.703244999997,8928
HALLWF1,2023,9,17995.139923333332,8640
HALLWF1,2023,10,25221.912405,8928
HALLWF1,2023,11,9699.030833333332,8640
HALLWF1,2023,12,7608.315833333333,8809
HALLWF2,2019,12,9.654166666666665,119
HALLWF2,2020,1,19082.239999999998,8928
HALLWF2,2020,2,11709.801666666664,8352
HALLWF2,2020,3,19409.33916666667,8928
HALLWF2,2020,4,17532.24593416667,8640
HALLWF2,2020,5,20139.756666666664,8928
HALLWF2,2020,6,22120.783799166664,8640
HALLWF2,2020,7,16679.935833333333,8928
HALLWF2,2020,8,25065.20241833333,8928
HALLWF2,2020,9,24340.111249999998,8640
HALLWF2,2020,10,18547.205234166664,8928
HALLWF2,2020,11,19345.008188333333,8640
HALLWF2,2020,12,16742.43533333333,8928
HALLWF2,2021,1,15203.381749999999,8928
HALLWF2,2021,2,14651.20825,8064
HALLWF2,2021,3,15947.130083333332,8928
HALLWF2,2021,4,11353.872583333334,8640
HALLWF2,2021,5,18610.0687525,8928
HALLWF2,2021,6,23312.03833333333,8640
HALLWF2,2021,7,25336.359166666665,8928
HALLWF2,2021,8,18671.7505,8928
HALLWF2,2021,9,18516.396666666664,8640
HALLWF2,2021,10,16728.48833333333,8928
HALLWF2,2021,11,15798.295333333332,8640
HALLWF2,2021,12,14200.694583333332,8928
HALLWF2,2022,1,17499.490833333333,8928
HALLWF2,2022,2,16374.368416666666,8064
HALLWF2,2022,3,18070.079994166666,8928
HALLWF2,2022,4,17282.060826666664,8640
HALLWF2,2022,5,20395.93416416667,8928
HALLWF2,2022,6,23150.5466525,8640
HALLWF2,2022,7,24023.4838775,8928
HALLWF2,2022,8,17044.432876666666,8928
HALLWF2,2022,9,18111.106661666665,8640
HALLWF2,2022,10,16342.399150833333,8928
HALLWF2,2022,11,16002.928661666667,8640
HALLWF2,2022,12,15691.312499999998,8928
HALLWF2,2023,1,13344.574999999999,8928
HALLWF2,2023,2,13204.537499166667,8064
HALLWF2,2023,3,14648.958333333332,8928
HALLWF2,2023,4,16302.444992499999,8640
HALLWF2,2023,5,19404.237466666666,8928
HALLWF2,2023,6,27510.960786666667,8640
HALLWF2,2023,7,22505.622571666667,8928
HALLWF2,2023,8,14965.340823333334,8928
HALLWF2,2023,9,13570.20916,8640
HALLWF2,2023,10,20863.827469166663,8928
HALLWF2,2023,11,9248.287499999999,8640
HALLWF2,2023,12,9036.490833333333,8809
HDWF1,2019,12,82.45833333333333,119
HDWF1,2020,1,31536.609166666665,8928
HDWF1,2020,2,23408.141666666666,8352
HDWF1,2020,3,29606.666666666664,8928
HDWF1,2020,4,25349.920799166666,8640
HDWF1,2020,5,29800.208333333332,8928
HDWF1,2020,6,30508.225,8640
HDWF1,2020,7,22795.64083333333,8928
HDWF1,2020,8,33866.875,8928
HDWF1,2020,9,36622.33333333333,8640
HDWF1,2020,10,29029.083333333332,8928
HDWF1,2020,11,32174.5425,8640
HDWF1,2020,12,32224.926666666663,8928
HDWF1,2021,1,25753.55416666667,8928
HDWF1,2021,2,26519.553333333333,8064
HDWF1,2021,3,27823.446666666667,8928
HDWF1,2021,4,16975.566666666666,8640
HDWF1,2021,5,27750.50789333333,8928
HDWF1,2021,6,25246.325,8640
HDWF1,2021,7,34620.424999999996,8928
HDWF1,2021,8,26184.458333333332,8928
HDWF1,2021,9,32624.0,8640
HDWF1,2021,10,33080.35833333333,8928
HDWF1,2021,11,28556.57833333333,8640
HDWF1,2021,12,27297.4575,8928
HDWF1,2022,1,30370.275,8928
HDWF1,2022,2,25541.328833333333,8064
HDWF1,2022,3,29489.066666666662,8928
HDWF1,2022,4,26738.949999999997,8640
HDWF1,2022,5,29310.024999999998,8928
HDWF1,2022,6,29301.274999999998,8640
HDWF1,2022,7,32828.66583333333,8928
HDWF1,2022,8,37412.99166666666,8928
HDWF1,2022,9,32076.56333333333,8640
HDWF1,2022,10,29583.420833333334,8928
HDWF1,2022,11,31598.157499999998,8640
HDWF1,2022,12,31581.959166666667,8928
HDWF1,2023,1,26861.333333333332,8928
HDWF1,2023,2,25975.1625,8064
HDWF1,2023,3,24300.766666666663,8928
HDWF1,2023,4,28139.241666666665,8640
HDWF1,2023,5,22340.648333333334,8928
HDWF1,2023,6,39908.66218833333,8640
HDWF1,2023,7,32519.61408333333,8928
HDWF1,2023,8,27418.066666666666,8928
HDWF1,2023,9,28948.43333333333,8640
HDWF1,2023,10,35882.23333333333,8928
HDWF1,2023,11,23706.341666666667,8640
HDWF1,2023,12,28437.25,8809
HDWF2,2019,12,44.916666666666664,119
HDWF2,2020,1,29941.529166666667,8928
HDWF2,2020,2,22017.685833333333,8352
HDWF2,2020,3,27719.649999999998,8928
HDWF2,2020,4,23066.874965833333,8640
HDWF2,2020,5,27822.466666666667,8928
HDWF2,2020,6,26294.283333333333,8640
HDWF2,2020,7,18634.151666666665,8928
HDWF2,2020,8,31688.858333333334,8928
HDWF2,2020,9,33936.96666666666,8640
HDWF2,2020,10,27216.85,8928
HDWF2,2020,11,29531.781666666666,8640
HDWF2,2020,12,31051.329999999998,8928
HDWF2,2021,1,24739.98,8928
HDWF2,2021,2,25646.326666666668,8064
HDWF2,2021,3,25955.915,8928
HDWF2,2021,4,16816.758333333335,8640
HDWF2,2021,5,24784.69956,8928
HDWF2,2021,6,29404.041666666664,8640
HDWF2,2021,7,32550.65833333333,8928
HDWF2,2021,8,23722.141666666663,8928
HDWF2,2021,9,30682.592916666665,8640
HDWF2,2021,10,31509.35,8928
HDWF2,2021,11,25870.485,8640
HDWF2,2021,12,25582.610833333332,8928
HDWF2,2022,1,28396.116666666665,8928
HDWF2,2022,2,25771.696249999997,8064
HDWF2,2022,3,28764.066666666666,8928
HDWF2,2022,4,25900.149999999998,8640
HDWF2,2022,5,27700.431666666667,8928
HDWF2,2022,6,26605.408333333333,8640
HDWF2,2022,7,29601.745916666667,8928
HDWF2,2022,8,34815.91916666667,8928
HDWF2,2022,9,30630.942333333332,8640
HDWF2,2022,10,27353.52333333333,8928
HDWF2,2022,11,29772.379166666662,8640
HDWF2,2022,12,31438.94,8928
HDWF2,2023,1,26402.925,8928
HDWF2,2023,2,25731.388333333332,8064
HDWF2,2023,3,22350.141666666666,8928
HDWF2,2023,4,26018.35583333333,8640
HDWF2,2023,5,18729.37083333333,8928
HDWF2,2023,6,38173.76218833333,8640
HDWF2,2023,7,28970.37,8928
HDWF2,2023,8,25326.183333333334,8928
HDWF2,2023,9,26542.6,8640
HDWF2,2023,10,32612.271666666667,8928
HDWF2,2023,11,21704.975,8640
HDWF2,2023,12,27446.43333333333,8809
HDWF3,2019,12,61.45833333333333,119
HDWF3,2020,1,31802.341666666667,8928
HDWF3,2020,2,24495.116666666665,8352
HDWF3,2020,3,28575.741666666665,8928
HDWF3,2020,4,25031.558672499996,8640
HDWF3,2020,5,29971.441666666666,8928
HDWF3,2020,6,30318.475,8640
HDWF3,2020,7,21143.249499999998,8928
HDWF3,2020,8,34403.86083333333,8928
HDWF3,2020,9,36749.03333333333,8640
HDWF3,2020,10,28952.48333333333,8928
HDWF3,2020,11,32063.084166666664,8640
HDWF3,2020,12,33144.9,8928
HDWF3,2021,1,26107.929166666665,8928
HDWF3,2021,2,26682.082499999997,8064
HDWF3,2021,3,27810.560833333333,8928
HDWF3,2021,4,17655.9,8640
HDWF3,2021,5,26855.650999999998,8928
HDWF3,2021,6,32597.25833333333,8640
HDWF3,2021,7,35596.558333333334,8928
HDWF3,2021,8,26083.804999999997,8928
HDWF3,2021,9,33146.73333333333,8640
HDWF3,2021,10,33294.50833333333,8928
HDWF3,2021,11,27145.386666666665,8640
HDWF3,2021,12,26564.539166666666,8928
HDWF3,2022,1,30704.75,8928
HDWF3,2022,2,26586.974083333334,8064
HDWF3,2022,3,29307.691666666666,8928
HDWF3,2022,4,27501.80833333333,8640
HDWF3,2022,5,29901.484999999997,8928
HDWF3,2022,6,29580.558333333334,8640
HDWF3,2022,7,32640.53483333333,8928
HDWF3,2022,8,37957.61666666667,8928
HDWF3,2022,9,33052.794916666666,8640
HDWF3,2022,10,30070.9525,8928
HDWF3,2022,11,31326.476666666666,8640
HDWF3,2022,12,32831.0725,8928
HDWF3,2023,1,27376.25833333333,8928
HDWF3,2023,2,26834.791666666664,8064
HDWF3,2023,3,24077.415,8928
HDWF3,2023,4,27871.944166666664,8640
HDWF3,2023,5,21212.684999999998,8928
HDWF3,2023,6,40830.06645666666,8640
HDWF3,2023,7,32021.17108333333,8928
HDWF3,2023,8,26222.991666666665,8928
HDWF3,2023,9,26768.25,8640
HDWF3,2023,10,32873.55583333333,8928
HDWF3,2023,11,22316.825,8640
HDWF3,2023,12,28767.041666666664,8809
KABANWF1,2022,9,3.4061666666666666,1559
KABANWF1,2022,10,544.1998333333332,8928
KABANWF1,2022,11,560.0935,8640
KABANWF1,2022,12,8370.678945,8928
KABANWF1,2023,1,8190.588834166667,8928
KABANWF1,2023,2,13060.548631666667,8064
KABANWF1,2023,3,12986.787965,8928
KABANWF1,2023,4,12750.1073125,8640
KABANWF1,2023,5,28151.811625,8928
KABANWF1,2023,6,30583.052316666664,8640
KABANWF1,2023,7,38258.26230083333,8928
KABANWF1,2023,8,45458.484885,8928
KABANWF1,2023,9,49869.65419666666,8640
KABANWF1,2023,10,50072.52661249999,8928
KABANWF1,2023,11,24776.1891,8640
KABANWF1,2023,12,25996.325011666664,8809
KEPWF1,2021,6,0.0,2711
KEPWF1,2021,7,749.6099999999999,8928
KEPWF1,2021,8,2410.2678333333333,8928
KEPWF1,2021,9,4649.345833333333,8640
KEPWF1,2021,10,3329.9085,8928
KEPWF1,2021,11,3051.80475,8640
KEPWF1,2021,12,4254.504166666667,8928
KEPWF1,2022,1,4010.7368333333334,8928
KEPWF1,2022,2,3593.9732499999996,8064
KEPWF1,2022,3,3917.269833333333,8928
KEPWF1,2022,4,4819.4415,8640
KEPWF1,2022,5,5914.403833333334,8928
KEPWF1,2022,6,7582.501583333333,8640
KEPWF1,2022,7,8790.12625,8928
KEPWF1,2022,8,11588.612583333332,8928
KEPWF1,2022,9,9614.494166666665,8640
KEPWF1,2022,10,9361.973833333332,8928
KEPWF1,2022,11,8723.367333333332,8640
KEPWF1,2022,12,11253.1775,8928
KEPWF1,2023,1,10461.846583333334,8928
KEPWF1,2023,2,8469.0425,8064
KEPWF1,2023,3,10769.752500833332,8928
KEPWF1,2023,4,10790.915833333333,8640
KEPWF1,2023,5,13141.404166666665,8928
KEPWF1,2023,6,12458.866666666665,8640
KEPWF1,2023,7,13409.992499999998,8928
KEPWF1,2023,8,13937.939999999999,8928
KEPWF1,2023,9,12497.445833333333,8640
KEPWF1,2023,10,11798.353333333333,8928
KEPWF1,2023,11,9024.917166666666,8640
KEPWF1,2023,12,13377.789166666666,8809
LGAPWF1,2019,12,244.88833333333332,119
LGAPWF1,2020,1,17232.33975,8928
LGAPWF1,2020,2,20832.8686675,8352
LGAPWF1,2020,3,28131.62258333333,8928
LGAPWF1,2020,4,27512.357249999997,8640
LGAPWF1,2020,5,37274.079999999994,8928
LGAPWF1,2020,6,26073.507333333335,8640
LGAPWF1,2020,7,27130.68275,8928
LGAPWF1,2020,8,41003.96741666666,8928
LGAPWF1,2020,9,39916.5675,8640
LGAPWF1,2020,10,38932.75666666667,8928
LGAPWF1,2020,11,41680.92075,8640
LGAPWF1,2020,12,43337.08116666666,8928
LGAPWF1,2021,1,47207.08816666666,8928
LGAPWF1,2021,2,39797.798416666665,8064
LGAPWF1,2021,3,31266.50175,8928
LGAPWF1,2021,4,27745.548333333332,8640
LGAPWF1,2021,5,35181.9995,8928
LGAPWF1,2021,6,27097.78,8640
LGAPWF1,2021,7,47138.043999999994,8928
LGAPWF1,2021,8,30273.25959166666,8928
LGAPWF1,2021,9,34929.49333333333,8640
LGAPWF1,2021,10,36829.57191666667,8928
LGAPWF1,2021,11,35376.637083333335,8640
LGAPWF1,2021,12,45852.52328166666,8928
LGAPWF1,2022,1,42543.17375083333,8928
LGAPWF1,2022,2,39485.21523583333,8064
LGAPWF1,2022,3,32587.760399999996,8928
LGAPWF1,2022,4,25351.27987583333,8640
LGAPWF1,2022,5,26461.207576666668,8928
LGAPWF1,2022,6,29433.13891583333,8640
LGAPWF1,2022,7,39851.683775,8928
LGAPWF1,2022,8,41086.28824083333,8928
LGAPWF1,2022,9,36464.388354999995,8640
LGAPWF1,2022,10,30917.422274166664,8928
LGAPWF1,2022,11,32270.018848333333,8640
LGAPWF1,2022,12,39628.97138333333,8928
LGAPWF1,2023,1,42920.62963916666,8928
LGAPWF1,2023,2,34104.47639833333,8064
LGAPWF1,2023,3,30415.29895833333,8928
LGAPWF1,2023,4,26281.963179166665,8640
LGAPWF1,2023,5,21392.369886666667,8928
LGAPWF1,2023,6,38024.72480916667,8640
LGAPWF1,2023,7,29754.69424333333,8928
LGAPWF1,2023,8,22290.435717499997,8928
LGAPWF1,2023,9,25413.095662499996,8640
LGAPWF1,2023,10,27648.153192499998,8928
LGAPWF1,2023,11,32344.665629166662,8640
LGAPWF1,2023,12,28937.607339166665,8809
LGAPWF2,2021,12,1789.8432008333332,5303
LGAPWF2,2022,1,13679.455592499999,8928
LGAPWF2,2022,2,17409.420789166667,8064
LGAPWF2,2022,3,16902.960159166665,8928
LGAPWF2,2022,4,17465.02921333333,8640
LGAPWF2,2022,5,17948.13201166667,8928
LGAPWF2,2022,6,20185.357122499998,8640
LGAPWF2,2022,7,26505.33134833333,8928
LGAPWF2,2022,8,28696.108725833332,8928
LGAPWF2,2022,9,25229.785616666668,8640
LGAPWF2,2022,10,21698.69326666667,8928
LGAPWF2,2022,11,21890.06325333333,8640
LGAPWF2,2022,12,27441.1827775,8928
LGAPWF2,2023,1,28589.818194999996,8928
LGAPWF2,2023,2,23606.604513333332,8064
LGAPWF2,2023,3,20421.801181666666,8928
LGAPWF2,2023,4,19879.298272499997,8640
LGAPWF2,2023,5,15565.807290833332,8928
LGAPWF2,2023,6,30178.463137499995,8640
LGAPWF2,2023,7,22930.970800833333,8928
LGAPWF2,2023,8,17361.085784166666,8928
LGAPWF2,2023,9,20340.0615725,8640
LGAPWF2,2023,10,22716.57158666667,8928
LGAPWF2,2023,11,24410.129896666665,8640
LGAPWF2,2023,12,22352.758257499998,8809
LKBONNY1,2019,12,91.70583058333332,119
LKBONNY1,2020,1,13421.595303416665,8928
LKBONNY1,2020,2,4312.01794375,8352
LKBONNY1,2020,3,11753.42105725,8928
LKBONNY1,2020,4,15548.937121583333,8638
LKBONNY1,2020,5,17402.261999083334,8928
LKBONNY1,2020,6,15486.770149166667,8639
LKBONNY1,2020,7,11957.499234583333,8926
LKBONNY1,2020,8,19044.4318775,8923
LKBONNY1,2020,9,16893.64494625,8639
LKBONNY1,2020,10,12651.848596749998,8927
LKBONNY1,2020,11,14442.97673525,8638
LKBONNY1,2020,12,12823.701927249998,8922
LKBONNY1,2021,1,11786.660659083334,8915
LKBONNY1,2021,2,9763.872188666666,8061
LKBONNY1,2021,3,6890.013866083333,8926
LKBONNY1,2021,4,11557.3916555,8639
LKBONNY1,2021,5,18273.288336166668,8926
LKBONNY1,2021,6,14967.642243499999,8640
LKBONNY1,2021,7,23599.326181999997,8928
LKBONNY1,2021,8,18639.94861675,8927
LKBONNY1,2021,9,18276.818839333333,8637
LKBONNY1,2021,10,12795.419476666666,8927
LKBONNY1,2021,11,12312.501418416667,8639
LKBONNY1,2021,12,11252.983939083333,8928
LKBONNY1,2022,1,12873.539945833332,8928
LKBONNY1,2022,2,13461.791959166667,8064
LKBONNY1,2022,3,10026.631294166666,8928
LKBONNY1,2022,4,8475.890010833333,8640
LKBONNY1,2022,5,12703.744035833333,8928
LKBONNY1,2022,6,18672.981260833334,8640
LKBONNY1,2022,7,12024.012635,8928
LKBONNY1,2022,8,15836.950144166665,8928
LKBONNY1,2022,9,11371.417875000001,8640
LKBONNY1,2022,10,13741.991324999999,8928
LKBONNY1,2022,11,12362.265920833332,8640
LKBONNY1,2022,12,12273.8036925,8928
LKBONNY1,2023,1,10362.998485833332,8928
LKBONNY1,2023,2,11149.546654166666,8064
LKBONNY1,2023,3,9058.254544166666,8928
LKBONNY1,2023,4,6875.546751666667,8640
LKBONNY1,2023,5,9844.996271666667,8928
LKBONNY1,2023,6,17590.61039083333,8640
LKBONNY1,2023,7,18208.12357083333,8928
LKBONNY1,2023,8,11382.562447499999,8928
LKBONNY1,2023,9,9123.256917499999,8640
LKBONNY1,2023,10,12729.557205,8928
LKBONNY1,2023,11,8737.4625125,8640
LKBONNY1,2023,12,11891.373179999999,8809
LKBONNY2,2019,12,198.96796666666665,119
LKBONNY2,2020,1,28313.618478333334,8928
LKBONNY2,2020,2,8653.399792499999,8352
LKBONNY2,2020,3,25604.538501666666,8928
LKBONNY2,2020,4,30989.4670275,8640
LKBONNY2,2020,5,29361.006431666665,8928
LKBONNY2,2020,6,28640.239257499998,8640
LKBONNY2,2020,7,23354.125879166666,8928
LKBONNY2,2020,8,36801.36033,8928
LKBONNY2,2020,9,35939.41045416667,8640
LKBONNY2,2020,10,26700.32795333333,8928
LKBONNY2,2020,11,30578.344827499997,8640
LKBONNY2,2020,12,29325.480897499998,8928
LKBONNY2,2021,1,25704.5434975,8928
LKBONNY2,2021,2,21308.089101666665,8064
LKBONNY2,2021,3,14964.749972499998,8928
LKBONNY2,2021,4,24012.497111666664,8640
LKBONNY2,2021,5,22230.966115,8928
LKBONNY2,2021,6,23964.160256666666,8640
LKBONNY2,2021,7,38295.49812583333,8928
LKBONNY2,2021,8,38347.857436666665,8928
LKBONNY2,2021,9,33929.25478916667,8640
LKBONNY2,2021,10,22381.297519166663,8928
LKBONNY2,2021,11,24963.458314166666,8640
LKBONNY2,2021,12,22385.752719166663,8928
LKBONNY2,2022,1,27163.400196666666,8928
LKBONNY2,2022,2,29330.9521,8064
LKBONNY2,2022,3,22573.61435583333,8928
LKBONNY2,2022,4,19839.258205833332,8640
LKBONNY2,2022,5,30881.9249775,8928
LKBONNY2,2022,6,38913.85765583333,8640
LKBONNY2,2022,7,28530.386669999996,8928
LKBONNY2,2022,8,35213.092105,8928
LKBONNY2,2022,9,24558.334560833333,8640
LKBONNY2,2022,10,32584.693153333334,8928
LKBONNY2,2022,11,25806.20403333333,8640
LKBONNY2,2022,12,26798.58543583333,8928
LKBONNY2,2023,1,22135.71414,8928
LKBONNY2,2023,2,23926.395678333334,8064
LKBONNY2,2023,3,21348.8884125,8928
LKBONNY2,2023,4,16672.829185,8640
LKBONNY2,2023,5,25395.926398333333,8928
LKBONNY2,2023,6,38443.742882499995,8640
LKBONNY2,2023,7,42281.94594333333,8928
LKBONNY2,2023,8,27505.530238333333,8928
LKBONNY2,2023,9,22904.954996666664,8640
LKBONNY2,2023,10,23577.863708333334,8928
LKBONNY2,2023,11,17321.436319166663,8640
LKBONNY2,2023,12,30601.785056666664,8809
LKBONNY3,2019,12,59.71095083333333,119
LKBONNY3,2020,1,7165.333031666667,8928
LKBONNY3,2020,2,1978.6540524999998,8352
LKBONNY3,2020,3,6255.872959166667,8928
LKBONNY3,2020,4,7708.39721,8640
LKBONNY3,2020,5,7548.4457858333335,8928
LKBONNY3,2020,6,6855.220439166666,8640
LKBONNY3,2020,7,5812.297724166667,8928
LKBONNY3,2020,8,8960.870495,8928
LKBONNY3,2020,9,9096.912218333333,8640
LKBONNY3,2020,10,6367.8291125,8928
LKBONNY3,2020,11,7315.532446666666,8640
LKBONNY3,2020,12,6803.038463333333,8928
LKBONNY3,2021,1,5898.184521666666,8928
LKBONNY3,2021,2,4961.2101274999995,8064
LKBONNY3,2021,3,3689.9279008333333,8928
LKBONNY3,2021,4,5999.465788333333,8640
LKBONNY3,2021,5,5720.656413333332,8928
LKBONNY3,2021,6,5894.193088333333,8640
LKBONNY3,2021,7,9650.865698333331,8928
LKBONNY3,2021,8,9844.323945,8928
LKBONNY3,2021,9,8606.205520833333,8640
LKBONNY3,2021,10,5648.466929166667,8928
LKBONNY3,2021,11,5966.874715,8640
LKBONNY3,2021,12,5428.3818425,8928
LKBONNY3,2022,1,6771.984774166666,8928
LKBONNY3,2022,2,7105.1320575,8064
LKBONNY3,2022,3,5570.4075725,8928
LKBONNY3,2022,4,5009.3336733333335,8640
LKBONNY3,2022,5,7454.968524166667,8928
LKBONNY3,2022,6,10199.1169475,8640
LKBONNY3,2022,7,7725.366025,8928
LKBONNY3,2022,8,8680.180380833333,8928
LKBONNY3,2022,9,5511.389446666666,8640
LKBONNY3,2022,10,6904.158323333332,8928
LKBONNY3,2022,11,5790.7113825,8640
LKBONNY3,2022,12,5965.5054574999995,8928
LKBONNY3,2023,1,5100.3205849999995,8928
LKBONNY3,2023,2,5291.235174999999,8064
LKBONNY3,2023,3,4764.130554166666,8928
LKBONNY3,2023,4,2674.1984749999997,8640
LKBONNY3,2023,5,7043.408421666666,8928
LKBONNY3,2023,6,9578.705691666666,8640
LKBONNY3,2023,7,9327.065983333334,8928
LKBONNY3,2023,8,6176.1965425,8928
LKBONNY3,2023,9,4171.1419675,8640
LKBONNY3,2023,10,5111.688130833333,8928
LKBONNY3,2023,11,3806.4702766666665,8640
LKBONNY3,2023,12,6181.2949616666665,8809
MACARTH1,2019,12,245.98598083333331,119
MACARTH1,2020,1,72989.57342166666,8928
MACARTH1,2020,2,15666.82988,8352
MACARTH1,2020,3,79035.04974249999,8928
MACARTH1,2020,4,72955.29082583333,8640
MACARTH1,2020,5,95573.89278416666,8928
MACARTH1,2020,6,66189.63806,8640
MACARTH1,2020,7,60946.83149499999,8928
MACARTH1,2020,8,75005.57610333333,8928
MACARTH1,2020,9,26393.398831666666,8640
MACARTH1,2020,10,79865.488875,8928
MACARTH1,2020,11,68584.84109416667,8640
MACARTH1,2020,12,66901.59657666666,8928
MACARTH1,2021,1,68939.61972583333,8928
MACARTH1,2021,2,44301.40745166666,8064
MACARTH1,2021,3,40882.38339833333,8928
MACARTH1,2021,4,57088.108094166666,8640
MACARTH1,2021,5,39115.801471666666,8928
MACARTH1,2021,6,70039.14917833332,8640
MACARTH1,2021,7,119885.85629,8928
MACARTH1,2021,8,97738.70941333333,8928
MACARTH1,2021,9,90717.82653833332,8640
MACARTH1,2021,10,53731.10908333333,8928
MACARTH1,2021,11,59057.98612083333,8640
MACARTH1,2021,12,47533.54391583333,8928
MACARTH1,2022,1,64392.71293166666,8928
MACARTH1,2022,2,56670.532915833326,8064
MACARTH1,2022,3,56385.2228025,8928
MACARTH1,2022,4,12293.399413333333,8640
MACARTH1,2022,5,42105.09427916666,8928
MACARTH1,2022,6,80396.20991416667,8640
MACARTH1,2022,7,39987.00154583334,8928
MACARTH1,2022,8,46384.11209916666,8928
MACARTH1,2022,9,52460.20511583333,8640
MACARTH1,2022,10,59494.967307499996,8928
MACARTH1,2022,11,27662.244450833332,8640
MACARTH1,2022,12,49626.762223333324,8928
MACARTH1,2023,1,53732.242419166665,8928
MACARTH1,2023,2,48149.92967666666,8064
MACARTH1,2023,3,48449.74774416666,8928
MACARTH1,2023,4,33849.75157,8640
MACARTH1,2023,5,75623.60354249999,8928
MACARTH1,2023,6,111161.466135,8640
MACARTH1,2023,7,115738.96041749998,8928
MACARTH1,2023,8,46253.0651225,8928
MACARTH1,2023,9,78161.161605,8640
MACARTH1,2023,10,74818.60550416667,8928
MACARTH1,2023,11,43412.57242083333,8640
MACARTH1,2023,12,54551.22349583333,8809
MERCER01,2019,12,43.05,119
MERCER01,2020,1,24680.289166666666,8928
MERCER01,2020,2,24131.430833333332,8352
MERCER01,2020,3,28287.416666666664,8928
MERCER01,2020,4,34355.34166666666,8640
MERCER01,2020,5,34000.075,8928
MERCER01,2020,6,24649.35,8640
MERCER01,2020,7,24563.28333333333,8928
MERCER01,2020,8,43773.58333333333,8928
MERCER01,2020,9,43315.808333333334,8640
MERCER01,2020,10,30755.50833333333,8928
MERCER01,2020,11,28497.124999999996,8640
MERCER01,2020,12,28882.399999999998,8928
MERCER01,2021,1,25529.041666666664,8928
MERCER01,2021,2,18792.600000000002,8064
MERCER01,2021,3,18730.375,8928
MERCER01,2021,4,23090.941666666666,8640
MERCER01,2021,5,34575.61666666666,8928
MERCER01,2021,6,30660.983333333334,8640
MERCER01,2021,7,45346.11666666666,8928
MERCER01,2021,8,42990.38333333333,8928
MERCER01,2021,9,36636.73333333333,8640
MERCER01,2021,10,26483.399999999998,8928
MERCER01,2021,11,26819.816683333334,8640
MERCER01,2021,12,24998.18333333333,8928
MERCER01,2022,1,22123.916666666664,8928
MERCER01,2022,2,17405.59291666667,8064
MERCER01,2022,3,17887.062666666665,8928
MERCER01,2022,4,20822.8935,8640
MERCER01,2022,5,26326.071639166665,8928
MERCER01,2022,6,40175.56958333333,8640
MERCER01,2022,7,31231.274999999998,8928
MERCER01,2022,8,35876.296565833334,8928
MERCER01,2022,9,24374.908416666665,8640
MERCER01,2022,10,24075.82533333333,8928
MERCER01,2022,11,21828.416666666664,8640
MERCER01,2022,12,24977.283333333333,8928
MERCER01,2023,1,17316.016666666666,8928
MERCER01,2023,2,20359.4777575,8064
MERCER01,2023,3,17535.575,8928
MERCER01,2023,4,19371.024999999998,8640
MERCER01,2023,5,30986.266666666666,8928
MERCER01,2023,6,41056.911499999995,8640
MERCER01,2023,7,34882.850041666665,8928
MERCER01,2023,8,33378.24166666667,8928
MERCER01,2023,9,25055.666666666664,8640
MERCER01,2023,10,25161.85,8928
MERCER01,2023,11,17256.0,8640
MERCER01,2023,12,20045.46666833333,8809
MEWF1,2019,12,67.90035666666667,119
MEWF1,2020,1,20762.05522583333,8928
MEWF1,2020,2,10607.255947499998,8352
MEWF1,2020,3,37548.19434166666,8928
MEWF1,2020,4,37440.37529,8640
MEWF1,2020,5,48990.69799833333,8928
MEWF1,2020,6,56593.67213,8640
MEWF1,2020,7,17208.154276666664,8928
MEWF1,2020,8,14436.821169166666,8928
MEWF1,2020,9,33436.93273916667,8640
MEWF1,2020,10,14486.043003333332,8928
MEWF1,2020,11,38149.50165583334,8640
MEWF1,2020,12,18495.076009166667,8928
MEWF1,2021,1,29433.62341666666,8928
MEWF1,2021,2,14142.440265833333,8064
MEWF1,2021,3,37814.48590666667,8928
MEWF1,2021,4,42841.45144916666,8640
MEWF1,2021,5,52212.93129166666,8928
MEWF1,2021,6,29432.187962499997,8640
MEWF1,2021,7,32209.37547583333,8928
MEWF1,2021,8,64551.66831916667,8928
MEWF1,2021,9,57857.75740249999,8640
MEWF1,2021,10,20739.671436666664,8928
MEWF1,2021,11,24831.219529166665,8640
MEWF1,2021,12,31991.897576666666,8928
MEWF1,2022,1,21812.412824166666,8928
MEWF1,2022,2,23405.873460833333,8064
MEWF1,2022,3,26403.641811666665,8928
MEWF1,2022,4,51106.3968175,8640
MEWF1,2022,5,28368.106132499997,8928
MEWF1,2022,6,55137.1136975,8640
MEWF1,2022,7,39608.35747916667,8928
MEWF1,2022,8,52512.65070083333,8928
MEWF1,2022,9,36657.70992666666,8640
MEWF1,2022,10,34758.708524166665,8928
MEWF1,2022,11,27249.045589166664,8640
MEWF1,2022,12,26189.997271666667,8928
MEWF1,2023,1,18893.291755833332,8928
MEWF1,2023,2,28447.891658333334,8064
MEWF1,2023,3,23220.714351666666,8928
MEWF1,2023,4,33160.651045,8640
MEWF1,2023,5,59578.70812833333,8928
MEWF1,2023,6,43345.3274825,8640
MEWF1,2023,7,55651.181952499996,8928
MEWF1,2023,8,54646.39006583333,8928
MEWF1,2023,9,62420.43123833332,8640
MEWF1,2023,10,54028.0261825,8928
MEWF1,2023,11,23798.926570833333,8640
MEWF1,2023,12,34276.01178083333,8809
MLWF1,2019,12,10.876249999999999,119
MLWF1,2020,1,4995.138749916667,8902
MLWF1,2020,2,4646.647498833333,8325
MLWF1,2020,3,5465.88874475,8895
MLWF1,2020,4,5457.011245,8629
MLWF1,2020,5,5771.149991583333,8913
MLWF1,2020,6,4565.638752666667,8621
MLWF1,2020,7,3943.546249833333,8812
MLWF1,2020,8,6659.858752583333,8904
MLWF1,2020,9,6852.37624625,8517
MLWF1,2020,10,5341.086247583334,8890
MLWF1,2020,11,4606.46374225,8544
MLWF1,2020,12,4786.0775025,8883
MLWF1,2021,1,4764.641253333333,8834
MLWF1,2021,2,3518.403333083333,7955
MLWF1,2021,3,3291.34874975,8874
MLWF1,2021,4,4179.570002166666,8615
MLWF1,2021,5,6023.491248333333,8899
MLWF1,2021,6,5216.622488333333,8612
MLWF1,2021,7,7792.6137595,8918
MLWF1,2021,8,6852.2087464999995,8902
MLWF1,2021,9,6369.033745666666,8610
MLWF1,2021,10,4491.297495749999,8881
MLWF1,2021,11,5004.30874625,8616
MLWF1,2021,12,4985.41000275,8886
MLWF1,2022,1,4648.2062461666665,8872
MLWF1,2022,2,3999.7484416666666,8034
MLWF1,2022,3,4175.156249666667,8858
MLWF1,2022,4,3992.22500275,8629
MLWF1,2022,5,4897.8616670833335,8854
MLWF1,2022,6,6497.42249575,8614
MLWF1,2022,7,5781.823742,8881
MLWF1,2022,8,6626.447493749999,8869
MLWF1,2022,9,4585.2649995,8590
MLWF1,2022,10,4828.292498499999,8883
MLWF1,2022,11,4685.038747999999,8624
MLWF1,2022,12,4826.173751416667,8864
MLWF1,2023,1,4212.686256416667,8862
MLWF1,2023,2,3985.9350014166666,8022
MLWF1,2023,3,4217.591244416667,8908
MLWF1,2023,4,3817.85500175,8591
MLWF1,2023,5,5262.479991416666,8875
MLWF1,2023,6,7605.50249475,8617
MLWF1,2023,7,6768.552503,8910
MLWF1,2023,8,5211.926240583333,8873
MLWF1,2023,9,5940.325696416667,8511
MLWF1,2023,10,5803.238752166667,8869
MLWF1,2023,11,3474.0574979999997,8574
MLWF1,2023,12,5034.110005416666,8741
MOORAWF1,2020,11,-1.6974999999999996,3575
MOORAWF1,2020,12,3222.36,8928
MOORAWF1,2021,1,6148.669166666666,8928
MOORAWF1,2021,2,5405.032333333334,8064
MOORAWF1,2021,3,5401.937749999999,8928
MOORAWF1,2021,4,13913.311941666667,8640
MOORAWF1,2021,5,11662.506705833333,8928
MOORAWF1,2021,6,21841.264124166664,8640
MOORAWF1,2021,7,32179.333801666664,8928
MOORAWF1,2021,8,27807.70458083333,8928
MOORAWF1,2021,9,21496.774439166667,8640
MOORAWF1,2021,10,15692.8545,8928
MOORAWF1,2021,11,18635.597029999997,8640
MOORAWF1,2021,12,16459.925276666665,8928
MOORAWF1,2022,1,12815.548456666666,8928
MOORAWF1,2022,2,13095.354049999998,8064
MOORAWF1,2022,3,14318.716240833333,8928
MOORAWF1,2022,4,12596.013670833332,8640
MOORAWF1,2022,5,11194.4690175,8928
MOORAWF1,2022,6,62317.01080333333,8640
MOORAWF1,2022,7,83652.29697583332,8928
MOORAWF1,2022,8,101271.96785416665,8928
MOORAWF1,2022,9,69415.47345,8640
MOORAWF1,2022,10,56335.73999666666,8928
MOORAWF1,2022,11,68356.9867025,8640
MOORAWF1,2022,12,60262.91279,8928
MOORAWF1,2023,1,48335.64973416667,8928
MOORAWF1,2023,2,55870.980956666666,8064
MOORAWF1,2023,3,57342.64098916667,8928
MOORAWF1,2023,4,51821.969098333335,8640
MOORAWF1,2023,5,80037.89124333333,8928
MOORAWF1,2023,6,118205.55613249999,8640
MOORAWF1,2023,7,108766.18813249998,8928
MOORAWF1,2023,8,86477.63145666666,8928
MOORAWF1,2023,9,74961.34005666665,8640
MOORAWF1,2023,10,78720.25444833332,8928
MOORAWF1,2023,11,50701.145699999994,8640
MOORAWF1,2023,12,53320.12496583333,8809
MRTLSWF1,2022,6,0.0,983
MRTLSWF1,2022,7,0.0,8928
MRTLSWF1,2022,8,0.0,8928
MRTLSWF1,2022,9,0.0,8640
MRTLSWF1,2022,10,112.29333333333332,8928
MRTLSWF1,2022,11,52.92916666666666,8640
MRTLSWF1,2022,12,3696.7628833333333,8928
MRTLSWF1,2023,1,3516.7683333333334,8928
MRTLSWF1,2023,2,7092.885246666666,8064
MRTLSWF1,2023,3,4600.0025,8928
MRTLSWF1,2023,4,20270.07458333333,8640
MRTLSWF1,2023,5,18627.93833333333,8928
MRTLSWF1,2023,6,42780.03249583333,8640
MRTLSWF1,2023,7,39084.6325,8928
MRTLSWF1,2023,8,30463.674166666664,8928
MRTLSWF1,2023,9,28295.766666666666,8640
MRTLSWF1,2023,10,28489.633333333335,8928
MRTLSWF1,2023,11,15274.573583333331,8640
MRTLSWF1,2023,12,15637.751666666665,8809
MTGELWF1,2019,12,79.91868749999999,119
MTGELWF1,2020,1,23077.311871666665,8928
MTGELWF1,2020,2,24137.081851666666,8352
MTGELWF1,2020,3,23227.70269833333,8928
MTGELWF1,2020,4,26599.234568333333,8640
MTGELWF1,2020,5,25090.528615833333,8928
MTGELWF1,2020,6,15272.309055,8640
MTGELWF1,2020,7,14939.412900833333,8928
MTGELWF1,2020,8,30610.72895833333,8928
MTGELWF1,2020,9,31574.216229166665,8640
MTGELWF1,2020,10,22913.155483333332,8928
MTGELWF1,2020,11,24056.24270583333,8640
MTGELWF1,2020,12,23985.1478475,8928
MTGELWF1,2021,1,25392.8326275,8928
MTGELWF1,2021,2,19597.241654166664,8064
MTGELWF1,2021,3,20690.574628333332,8928
MTGELWF1,2021,4,20711.987230833332,8640
MTGELWF1,2021,5,25158.528266666668,8928
MTGELWF1,2021,6,19978.977546666665,8640
MTGELWF1,2021,7,32072.833981666663,8928
MTGELWF1,2021,8,31062.719070833333,8928
MTGELWF1,2021,9,27104.507325833332,8640
MTGELWF1,2021,10,21323.092837499997,8928
MTGELWF1,2021,11,19764.829155,8640
MTGELWF1,2021,12,21501.37466583333,8928
MTGELWF1,2022,1,25484.31394583333,8928
MTGELWF1,2022,2,21250.75494833333,8064
MTGELWF1,2022,3,18049.7253175,8928
MTGELWF1,2022,4,20887.511839166666,8640
MTGELWF1,2022,5,22431.506514166667,8928
MTGELWF1,2022,6,28921.097082499997,8640
MTGELWF1,2022,7,21919.01212583333,8928
MTGELWF1,2022,8,28044.117707499998,8928
MTGELWF1,2022,9,23188.62052333333,8640
MTGELWF1,2022,10,21581.574592499997,8928
MTGELWF1,2022,11,22338.38014,8640
MTGELWF1,2022,12,17479.17811333333,8928
MTGELWF1,2023,1,15413.6054625,8928
MTGELWF1,2023,2,18487.550933333332,8064
MTGELWF1,2023,3,20723.427818333334,8928
MTGELWF1,2023,4,17947.9940775,8640
MTGELWF1,2023,5,29788.127744999998,8928
MTGELWF1,2023,6,39112.520425,8640
MTGELWF1,2023,7,37025.01699416667,8928
MTGELWF1,2023,8,29690.14351833333,8928
MTGELWF1,2023,9,26879.965645,8640
MTGELWF1,2023,10,27986.522705,8928
MTGELWF1,2023,11,17344.9490725,8640
MTGELWF1,2023,12,29628.01469083333,8809
MTMILLAR,2019,12,56.4578505,119
MTMILLAR,2020,1,15586.415605666667,8928
MTMILLAR,2020,2,8696.172040916666,8352
MTMILLAR,2020,3,11476.111442,8928
MTMILLAR,2020,4,12114.994534499998,8638
MTMILLAR,2020,5,17448.272983333332,8927
MTMILLAR,2020,6,14074.492126666666,8640
MTMILLAR,2020,7,11546.931011499999,8926
MTMILLAR,2020,8,17509.508147166667,8923
MTMILLAR,2020,9,15716.008866083332,8640
MTMILLAR,2020,10,14529.899152416665,8928
MTMILLAR,2020,11,15238.613376416666,8638
MTMILLAR,2020,12,14342.01626375,8922
MTMILLAR,2021,1,15115.325724749999,8920
MTMILLAR,2021,2,13464.054377416667,8061
MTMILLAR,2021,3,9215.294052416666,8925
MTMILLAR,2021,4,8452.924858083334,8640
MTMILLAR,2021,5,15288.06025675,8926
MTMILLAR,2021,6,19222.449697250002,8627
MTMILLAR,2021,7,25508.639906583332,8916
MTMILLAR,2021,8,13235.21289525,8923
MTMILLAR,2021,9,12043.737063666666,8639
MTMILLAR,2021,10,11751.370040416665,8903
MTMILLAR,2021,11,14169.11562525,8610
MTMILLAR,2021,12,16173.915339916666,8926
MTMILLAR,2022,1,13383.657925333333,8917
MTMILLAR,2022,2,11542.478605833332,8064
MTMILLAR,2022,3,12961.0858075,8928
MTMILLAR,2022,4,10423.425,8640
MTMILLAR,2022,5,9810.488666666666,8928
MTMILLAR,2022,6,11467.685249999999,8640
MTMILLAR,2022,7,13113.268083333332,8928
MTMILLAR,2022,8,12795.306333333334,8928
MTMILLAR,2022,9,8384.725833333332,8640
MTMILLAR,2022,10,6831.978999999999,8928
MTMILLAR,2022,11,7343.0216666666665,8640
MTMILLAR,2022,12,13529.133333333331,8928
MTMILLAR,2023,1,16870.216666666664,8928
MTMILLAR,2023,2,11886.074999999999,8064
MTMILLAR,2023,3,9079.233333333334,8928
MTMILLAR,2023,4,13255.266666666666,8640
MTMILLAR,2023,5,11053.841666666667,8928
MTMILLAR,2023,6,19666.008333333335,8640
MTMILLAR,2023,7,16488.45,8928
MTMILLAR,2023,8,12081.758333333333,8928
MTMILLAR,2023,9,7919.258333333332,8640
MTMILLAR,2023,10,12950.483333333334,8928
MTMILLAR,2023,11,14694.591666666667,8640
MTMILLAR,2023,12,13060.775,8809
MUSSELR1,2019,12,946.2833199999999,119
MUSSELR1,2020,1,52850.3219025,8928
MUSSELR1,2020,2,57866.90733333333,8352
MUSSELR1,2020,3,30605.30794083333,8928
MUSSELR1,2020,4,56939.74071416666,8640
MUSSELR1,2020,5,47477.032544166665,8928
MUSSELR1,2020,6,37072.95768,8640
MUSSELR1,2020,7,36599.770574166665,8928
MUSSELR1,2020,8,46546.59090416667,8928
MUSSELR1,2020,9,51621.99081833333,8640
MUSSELR1,2020,10,43976.40766833333,8928
MUSSELR1,2020,11,39099.524411666665,8640
MUSSELR1,2020,12,55179.082474999996,8928
MUSSELR1,2021,1,49019.81388166667,8928
MUSSELR1,2021,2,34225.046292499996,8064
MUSSELR1,2021,3,51415.66119333333,8928
MUSSELR1,2021,4,56808.28235833333,8640
MUSSELR1,2021,5,48041.640909999995,8928
MUSSELR1,2021,6,30640.512970833333,8640
MUSSELR1,2021,7,51429.55988833333,8928
MUSSELR1,2021,8,62620.3797575,8928
MUSSELR1,2021,9,59362.34964333333,8640
MUSSELR1,2021,10,53496.51581666666,8928
MUSSELR1,2021,11,30388.725974166664,8640
MUSSELR1,2021,12,39125.849474166665,8928
MUSSELR1,2022,1,40964.041059999996,8928
MUSSELR1,2022,2,44562.99103,8064
MUSSELR1,2022,3,38311.5263425,8928
MUSSELR1,2022,4,34572.146916666665,8640
MUSSELR1,2022,5,40165.816021666666,8928
MUSSELR1,2022,6,55229.4491975,8640
MUSSELR1,2022,7,28439.6163175,8928
MUSSELR1,2022,8,48312.11588083333,8928
MUSSELR1,2022,9,40176.332669166666,8640
MUSSELR1,2022,10,40559.70779666666,8928
MUSSELR1,2022,11,35702.03457833333,8640
MUSSELR1,2022,12,40803.59939166666,8928
MUSSELR1,2023,1,30582.2829675,8928
MUSSELR1,2023,2,33227.732885833335,8064
MUSSELR1,2023,3,51229.632489166666,8928
MUSSELR1,2023,4,33653.166245,8640
MUSSELR1,2023,5,60131.06569333333,8928
MUSSELR1,2023,6,54091.17416249999,8640
MUSSELR1,2023,7,73270.97372916667,8928
MUSSELR1,2023,8,51899.04083416667,8928
MUSSELR1,2023,9,48923.16584916666,8640
MUSSELR1,2023,10,46358.59097583333,8928
MUSSELR1,2023,11,32325.63295,8640
MUSSELR1,2023,12,44342.749364166666,8809
MUWAWF1,2019,12,294.5733333333333,119
MUWAWF1,2020,1,45827.792498333336,8928
MUWAWF1,2020,2,47088.63481416667,8352
MUWAWF1,2020,3,69607.52085916666,8928
MUWAWF1,2020,4,43875.13492916666,8640
MUWAWF1,2020,5,49368.14297166666,8928
MUWAWF1,2020,6,40629.52164,8640
MUWAWF1,2020,7,52718.630719166664,8928
MUWAWF1,2020,8,63669.49503,8928
MUWAWF1,2020,9,72273.65676916666,8640
MUWAWF1,2020,10,63712.8807,8928
MUWAWF1,2020,11,63974.174745833334,8640
MUWAWF1,2020,12,63986.6390975,8928
MUWAWF1,2021,1,65333.71090583333,8928
MUWAWF1,2021,2,61531.49575666666,8064
MUWAWF1,2021,3,53208.2356225,8928
MUWAWF1,2021,4,42983.370839166666,8640
MUWAWF1,2021,5,63737.68931583333,8928
MUWAWF1,2021,6,65186.40003499999,8640
MUWAWF1,2021,7,62849.85246166666,8928
MUWAWF1,2021,8,46312.22418583333,8928
MUWAWF1,2021,9,45522.0000925,8640
MUWAWF1,2021,10,40933.53164666666,8928
MUWAWF1,2021,11,52451.219993333325,8640
MUWAWF1,2021,12,60626.145715,8928
MUWAWF1,2022,1,61272.34247083333,8928
MUWAWF1,2022,2,45312.9671825,8064
MUWAWF1,2022,3,29543.222833333333,8928
MUWAWF1,2022,4,44065.005810833325,8640
MUWAWF1,2022,5,47176.259998333335,8928
MUWAWF1,2022,6,57203.29248833333,8640
MUWAWF1,2022,7,62621.664123333336,8928
MUWAWF1,2022,8,53134.50831999999,8928
MUWAWF1,2022,9,51112.99417666667,8640
MUWAWF1,2022,10,46737.43200666666,8928
MUWAWF1,2022,11,50334.34501999999,8640
MUWAWF1,2022,12,52027.0983,8928
MUWAWF1,2023,1,45963.074970833324,8928
MUWAWF1,2023,2,45373.15333833333,8064
MUWAWF1,2023,3,39165.0883675,8928
MUWAWF1,2023,4,36289.26751916667,8640
MUWAWF1,2023,5,41979.5729,8928
MUWAWF1,2023,6,61625.64251333333,8640
MUWAWF1,2023,7,51160.739961666666,8928
MUWAWF1,2023,8,38255.296011666665,8928
MUWAWF1,2023,9,36058.20914083333,8640
MUWAWF1,2023,10,43883.59799833333,8928
MUWAWF1,2023,11,40004.152441666665,8640
MUWAWF1,2023,12,47084.68249666666,8809
MUWAWF2,2022,2,440.2575633333333,4151
MUWAWF2,2022,3,1349.2043833333332,8928
MUWAWF2,2022,4,1214.2916666666665,8640
MUWAWF2,2022,5,3316.1,8928
MUWAWF2,2022,6,11625.183333333332,8640
MUWAWF2,2022,7,34918.792596666666,8928
MUWAWF2,2022,8,43061.72500666666,8928
MUWAWF2,2022,9,50886.76661583333,8640
MUWAWF2,2022,10,47021.20399166666,8928
MUWAWF2,2022,11,49463.95833833333,8640
MUWAWF2,2022,12,53519.1583425,8928
MUWAWF2,2023,1,49500.4833525,8928
MUWAWF2,2023,2,49294.741657499995,8064
MUWAWF2,2023,3,40451.208314999996,8928
MUWAWF2,2023,4,36311.66664833333,8640
MUWAWF2,2023,5,40133.049999999996,8928
MUWAWF2,2023,6,56663.51668,8640
MUWAWF2,2023,7,48862.11666333333,8928
MUWAWF2,2023,8,38676.033359166664,8928
MUWAWF2,2023,9,35840.03333083333,8640
MUWAWF2,2023,10,40751.94996333333,8928
MUWAWF2,2023,11,42949.558320833334,8640
MUWAWF2,2023,12,50621.39999583333,8809
NBHWF1,2019,12,9.691666666666666,119
NBHWF1,2020,1,36835.14997083333,8928
NBHWF1,2020,2,21617.833339999997,8352
NBHWF1,2020,3,35692.20002833333,8928
NBHWF1,2020,4,30817.2013,8640
NBHWF1,2020,5,35634.78335,8928
NBHWF1,2020,6,39365.29031,8640
NBHWF1,2020,7,27177.041246666664,8928
NBHWF1,2020,8,43035.573503333326,8928
NBHWF1,2020,9,42314.2250475,8640
NBHWF1,2020,10,33617.32499916666,8928
NBHWF1,2020,11,37812.606773333326,8640
NBHWF1,2020,12,34606.49349916667,8928
NBHWF1,2021,1,30253.61392,8928
NBHWF1,2021,2,30202.487331666667,8064
NBHWF1,2021,3,33022.01843416666,8928
NBHWF1,2021,4,20752.408326666664,8640
NBHWF1,2021,5,33401.55462,8928
NBHWF1,2021,6,41817.57095666666,8640
NBHWF1,2021,7,43339.87501333333,8928
NBHWF1,2021,8,32817.1739925,8928
NBHWF1,2021,9,33232.39998416667,8640
NBHWF1,2021,10,33257.22497083333,8928
NBHWF1,2021,11,31743.041645,8640
NBHWF1,2021,12,30386.211377499996,8928
NBHWF1,2022,1,36073.54908833333,8928
NBHWF1,2022,2,32123.382007499997,8064
NBHWF1,2022,3,35212.174829166666,8928
NBHWF1,2022,4,31205.2257525,8640
NBHWF1,2022,5,36288.692104999995,8928
NBHWF1,2022,6,36942.74208083333,8640
NBHWF1,2022,7,39357.164865,8928
NBHWF1,2022,8,48479.28496083333,8928
NBHWF1,2022,9,34110.66218,8640
NBHWF1,2022,10,33827.70035333333,8928
NBHWF1,2022,11,30201.919098333332,8640
NBHWF1,2022,12,34193.24208249999,8928
NBHWF1,2023,1,31933.19198583333,8928
NBHWF1,2023,2,26304.316970833333,8064
NBHWF1,2023,3,28156.15028083333,8928
NBHWF1,2023,4,31497.45032083333,8640
NBHWF1,2023,5,27729.48361583333,8928
NBHWF1,2023,6,51258.56732083333,8640
NBHWF1,2023,7,40416.558854999996,8928
NBHWF1,2023,8,29586.083716666664,8928
NBHWF1,2023,9,29967.825381666666,8640
NBHWF1,2023,10,33860.06704083333,8928
NBHWF1,2023,11,22419.31662583333,8640
NBHWF1,2023,12,23418.42519833333,8809
OAKLAND1,2019,12,0.3583333333333333,119
OAKLAND1,2020,1,13978.807083333333,8928
OAKLAND1,2020,2,12972.431416666666,8352
OAKLAND1,2020,3,16178.304121666666,8928
OAKLAND1,2020,4,14467.604898333331,8640
OAKLAND1,2020,5,16833.385066666666,8928
OAKLAND1,2020,6,13592.64125,8640
OAKLAND1,2020,7,11908.58175,8928
OAKLAND1,2020,8,18301.2665,8928
OAKLAND1,2020,9,21105.557083333333,8640
OAKLAND1,2020,10,15548.258442499999,8928
OAKLAND1,2020,11,12292.4365,8640
OAKLAND1,2020,12,15151.564749999998,8928
OAKLAND1,2021,1,12622.94775,8928
OAKLAND1,2021,2,10730.679513333333,8064
OAKLAND1,2021,3,7909.439166666666,8928
OAKLAND1,2021,4,11115.327749999999,8640
OAKLAND1,2021,5,17081.07733333333,8928
OAKLAND1,2021,6,16244.627166666667,8640
OAKLAND1,2021,7,22840.54908333333,8928
OAKLAND1,2021,8,20280.09908333333,8928
OAKLAND1,2021,9,19481.61566666667,8640
OAKLAND1,2021,10,13003.86075,8928
OAKLAND1,2021,11,14255.343166666666,8640
OAKLAND1,2021,12,14155.1085,8928
OAKLAND1,2022,1,12753.554583333333,8928
OAKLAND1,2022,2,11489.1558625,8064
OAKLAND1,2022,3,12950.97475,8928
OAKLAND1,2022,4,10167.258610833333,8640
OAKLAND1,2022,5,13165.244416666666,8928
OAKLAND1,2022,6,18609.6075,8640
OAKLAND1,2022,7,18479.396583333335,8928
OAKLAND1,2022,8,19371.849916666666,8928
OAKLAND1,2022,9,14983.734666666665,8640
OAKLAND1,2022,10,8748.41075,8928
OAKLAND1,2022,11,15151.118999999999,8640
OAKLAND1,2022,12,13948.241666666665,8928
OAKLAND1,2023,1,12132.558333333332,8928
OAKLAND1,2023,2,11613.307666666666,8064
OAKLAND1,2023,3,11601.15,8928
OAKLAND1,2023,4,9491.274749999999,8640
OAKLAND1,2023,5,13454.80775,8928
OAKLAND1,2023,6,21741.13333333333,8640
OAKLAND1,2023,7,18578.988999999998,8928
OAKLAND1,2023,8,12161.008333333333,8928
OAKLAND1,2023,9,14922.252666666665,8640
OAKLAND1,2023,10,14427.020416666664,8928
OAKLAND1,2023,11,9612.231,8640
OAKLAND1,2023,12,12666.25,8809
PAREPW1,2022,3,0.0,7031
PAREPW1,2022,4,3296.9750833333333,8640
PAREPW1,2022,5,7266.477304999999,8928
PAREPW1,2022,6,12007.275480833332,8640
PAREPW1,2022,7,22659.598719166665,8928
PAREPW1,2022,8,47624.98411583333,8928
PAREPW1,2022,9,54177.1962575,8640
PAREPW1,2022,10,42682.96266333333,8928
PAREPW1,2022,11,47070.1600825,8640
PAREPW1,2022,12,51046.26324166666,8928
PAREPW1,2023,1,72140.57618333332,8928
PAREPW1,2023,2,63640.126984999995,8064
PAREPW1,2023,3,48030.46760916666,8928
PAREPW1,2023,4,39514.80197083333,8640
PAREPW1,2023,5,25410.071411666664,8928
PAREPW1,2023,6,56309.3623475,8640
PAREPW1,2023,7,40970.367692499996,8928
PAREPW1,2023,8,37415.208668333325,8928
PAREPW1,2023,9,45252.331824999994,8640
PAREPW1,2023,10,59483.236569166664,8928
PAREPW1,2023,11,59750.12483333333,8640
PAREPW1,2023,12,60599.78070166666,8809
PORTWF,2019,12,330.53333291666667,119
PORTWF,2020,1,34971.3833455,8928
PORTWF,2020,2,8206.708330333333,8352
PORTWF,2020,3,29989.133333416667,8928
PORTWF,2020,4,36816.88331016667,8639
PORTWF,2020,5,36247.65834916667,8928
PORTWF,2020,6,30728.633339833334,8640
PORTWF,2020,7,27804.63331133333,8927
PORTWF,2020,8,48287.07498658333,8927
PORTWF,2020,9,47745.491646083334,8640
PORTWF,2020,10,37714.95833833333,8928
PORTWF,2020,11,36485.541692583334,8640
PORTWF,2020,12,39339.48334583333,8928
PORTWF,2021,1,36932.450012999994,8918
PORTWF,2021,2,24812.099979249997,8048
PORTWF,2021,3,25868.76666925,8927
PORTWF,2021,4,34285.73331791667,8637
PORTWF,2021,5,45831.67499083333,8923
PORTWF,2021,6,34777.81667083333,8640
PORTWF,2021,7,54502.150002833325,8928
PORTWF,2021,8,55731.66664108333,8928
PORTWF,2021,9,53517.09169266667,8635
PORTWF,2021,10,34440.77501125,8928
PORTWF,2021,11,33116.89999583334,8640
PORTWF,2021,12,32325.27498883333,8928
PORTWF,2022,1,36858.483330999996,8928
PORTWF,2022,2,35840.00833,8064
PORTWF,2022,3,28507.34167425,8928
PORTWF,2022,4,27732.291680083334,8640
PORTWF,2022,5,30586.17499508333,8928
PORTWF,2022,6,50332.35833066667,8640
PORTWF,2022,7,40662.12499133333,8928
PORTWF,2022,8,48407.15000941667,8928
PORTWF,2022,9,37334.783336416665,8634
PORTWF,2022,10,40296.30834008333,8926
PORTWF,2022,11,42583.983341499996,8640
PORTWF,2022,12,38912.00000125,8928
PORTWF,2023,1,29999.208334333332,8928
PORTWF,2023,2,31747.616660749998,8064
PORTWF,2023,3,32195.175010749997,8916
PORTWF,2023,4,29677.099989666665,8601
PORTWF,2023,5,47997.50833083333,8928
PORTWF,2023,6,54295.53333008333,8640
PORTWF,2023,7,54060.25000808333,8928
PORTWF,2023,8,37712.38330608333,8928
PORTWF,2023,9,42436.51664525,8640
PORTWF,2023,10,43674.541701333335,8928
PORTWF,2023,11,31217.241666583333,8640
PORTWF,2023,12,44120.23331833333,8809
RYEPARK1,2023,8,688.5861841666666,5015
RYEPARK1,2023,9,1370.5310183333333,8640
RYEPARK1,2023,10,12117.498599999999,8928
RYEPARK1,2023,11,24712.8326575,8640
RYEPARK1,2023,12,45198.290075,8809
SALTCRK1,2019,12,16.554166666666667,119
SALTCRK1,2020,1,12650.070833333331,8928
SALTCRK1,2020,2,12679.071666666667,8352
SALTCRK1,2020,3,14193.283333333333,8928
SALTCRK1,2020,4,15211.397666666666,8640
SALTCRK1,2020,5,15296.445833333331,8928
SALTCRK1,2020,6,12141.844166666666,8640
SALTCRK1,2020,7,11502.994583333333,8928
SALTCRK1,2020,8,17970.87583333333,8928
SALTCRK1,2020,9,19491.083333333332,8640
SALTCRK1,2020,10,13437.81,8928
SALTCRK1,2020,11,11725.411666666667,8640
SALTCRK1,2020,12,12551.015,8928
SALTCRK1,2021,1,11762.538333333334,8928
SALTCRK1,2021,2,9491.66425,8064
SALTCRK1,2021,3,9018.055583333333,8928
SALTCRK1,2021,4,9847.74575,8640
SALTCRK1,2021,5,16205.807333333332,8928
SALTCRK1,2021,6,13999.8325,8640
SALTCRK1,2021,7,19736.302499999998,8928
SALTCRK1,2021,8,17772.384166666667,8928
SALTCRK1,2021,9,13942.965299166666,8640
SALTCRK1,2021,10,9891.501666666667,8928
SALTCRK1,2021,11,11440.946666666665,8640
SALTCRK1,2021,12,10543.2075,8928
SALTCRK1,2022,1,12486.169999999998,8928
SALTCRK1,2022,2,9962.523333333333,8064
SALTCRK1,2022,3,7802.907499999999,8928
SALTCRK1,2022,4,10562.185,8640
SALTCRK1,2022,5,12945.859999999999,8928
SALTCRK1,2022,6,17732.7925,8640
SALTCRK1,2022,7,14780.92,8928
SALTCRK1,2022,8,16477.864166666666,8928
SALTCRK1,2022,9,12901.064999999999,8640
SALTCRK1,2022,10,12981.161666666667,8928
SALTCRK1,2022,11,12679.297499999999,8640
SALTCRK1,2022,12,11255.740833333331,8928
SALTCRK1,2023,1,7931.046666666666,8928
SALTCRK1,2023,2,8583.558333333332,8064
SALTCRK1,2023,3,6855.678333333333,8928
SALTCRK1,2023,4,8500.172499999999,8640
SALTCRK1,2023,5,12532.111666666666,8928
SALTCRK1,2023,6,17808.511666666665,8640
SALTCRK1,2023,7,16803.043333333335,8928
SALTCRK1,2023,8,13034.124166666666,8928
SALTCRK1,2023,9,10433.46,8640
SALTCRK1,2023,10,10868.933333333334,8928
SALTCRK1,2023,11,6756.300833333333,8640
SALTCRK1,2023,12,10257.074999999999,8809
SAPHWF1,2019,12,235.96797249999997,119
SAPHWF1,2020,1,59375.62238166666,8928
SAPHWF1,2020,2,72794.05258833332,8352
SAPHWF1,2020,3,81612.93156583334,8928
SAPHWF1,2020,4,51700.691065,8640
SAPHWF1,2020,5,62878.96909166666,8928
SAPHWF1,2020,6,47666.63364583333,8640
SAPHWF1,2020,7,64856.35212499999,8928
SAPHWF1,2020,8,68774.00357749999,8928
SAPHWF1,2020,9,82855.30253666667,8640
SAPHWF1,2020,10,61598.08623083333,8928
SAPHWF1,2020,11,62447.989590833335,8640
SAPHWF1,2020,12,78242.0389175,8928
SAPHWF1,2021,1,67441.66266916668,8928
SAPHWF1,2021,2,70874.33854583334,8064
SAPHWF1,2021,3,74710.41653999999,8928
SAPHWF1,2021,4,56871.49297083333,8640
SAPHWF1,2021,5,39430.9965725,8928
SAPHWF1,2021,6,64995.44913083333,8640
SAPHWF1,2021,7,74542.68417249998,8928
SAPHWF1,2021,8,54687.870097499996,8928
SAPHWF1,2021,9,62846.33001416667,8640
SAPHWF1,2021,10,70366.60209666665,8928
SAPHWF1,2021,11,87853.88172416667,8640
SAPHWF1,2021,12,64225.82989333333,8928
SAPHWF1,2022,1,84962.13840833333,8928
SAPHWF1,2022,2,79431.64963083333,8064
SAPHWF1,2022,3,67458.79680666667,8928
SAPHWF1,2022,4,76945.03320333333,8640
SAPHWF1,2022,5,84851.19951833332,8928
SAPHWF1,2022,6,42792.687014166666,8640
SAPHWF1,2022,7,64747.185229166666,8928
SAPHWF1,2022,8,64529.01634833333,8928
SAPHWF1,2022,9,62930.38898083333,8640
SAPHWF1,2022,10,83183.23346666667,8928
SAPHWF1,2022,11,76039.2847125,8640
SAPHWF1,2022,12,74780.15526583332,8928
SAPHWF1,2023,1,68317.8763225,8928
SAPHWF1,2023,2,69025.28077666667,8064
SAPHWF1,2023,3,54552.76425833333,8928
SAPHWF1,2023,4,67941.50328416667,8640
SAPHWF1,2023,5,53722.4422375,8928
SAPHWF1,2023,6,57352.707519166666,8640
SAPHWF1,2023,7,51878.4531075,8928
SAPHWF1,2023,8,53692.94697416666,8928
SAPHWF1,2023,9,57001.22605916666,8640
SAPHWF1,2023,10,64805.598235,8928
SAPHWF1,2023,11,67108.76931499998,8640
SAPHWF1,2023,12,51597.988099166665,8809
SNOWNTH1,2019,12,117.18333416666665,119
SNOWNTH1,2020,1,40356.86982666666,8928
SNOWNTH1,2020,2,27315.599996666664,8352
SNOWNTH1,2020,3,34458.034895833334,8928
SNOWNTH1,2020,4,26995.90314583333,8640
SNOWNTH1,2020,5,34716.200021666664,8928
SNOWNTH1,2020,6,31483.072224166663,8640
SNOWNTH1,2020,7,22384.497725,8928
SNOWNTH1,2020,8,38181.73458583333,8928
SNOWNTH1,2020,9,37703.749975833336,8640
SNOWNTH1,2020,10,36658.70832583333,8928
SNOWNTH1,2020,11,37477.39376499999,8640
SNOWNTH1,2020,12,39489.111315833325,8928
SNOWNTH1,2021,1,41804.3078675,8928
SNOWNTH1,2021,2,34321.45231833334,8064
SNOWNTH1,2021,3,30433.188116666664,8928
SNOWNTH1,2021,4,21781.816676666665,8640
SNOWNTH1,2021,5,28608.466519166665,8928
SNOWNTH1,2021,6,36505.72497,8640
SNOWNTH1,2021,7,42771.933325833335,8928
SNOWNTH1,2021,8,30792.686690833332,8928
SNOWNTH1,2021,9,34535.86374916666,8640
SNOWNTH1,2021,10,34340.491520833326,8928
SNOWNTH1,2021,11,39428.459612499995,8640
SNOWNTH1,2021,12,42649.019422499994,8928
SNOWNTH1,2022,1,37710.625446666665,8928
SNOWNTH1,2022,2,37157.19691333333,8064
SNOWNTH1,2022,3,39426.18914166666,8928
SNOWNTH1,2022,4,28206.10399,8640
SNOWNTH1,2022,5,30046.330351666664,8928
SNOWNTH1,2022,6,34707.954073333334,8640
SNOWNTH1,2022,7,37557.83959416666,8928
SNOWNTH1,2022,8,45358.93426916667,8928
SNOWNTH1,2022,9,39455.00194916666,8640
SNOWNTH1,2022,10,33857.64348583334,8928
SNOWNTH1,2022,11,31046.240196666666,8640
SNOWNTH1,2022,12,40296.21344666666,8928
SNOWNTH1,2023,1,43558.06976499999,8928
SNOWNTH1,2023,2,30799.468279999997,8064
SNOWNTH1,2023,3,25680.135782499998,8928
SNOWNTH1,2023,4,25798.813463333332,8640
SNOWNTH1,2023,5,25030.827597499996,8928
SNOWNTH1,2023,6,39686.75891833333,8640
SNOWNTH1,2023,7,38467.458855,8928
SNOWNTH1,2023,8,25806.35857,8928
SNOWNTH1,2023,9,31847.00870583333,8640
SNOWNTH1,2023,10,36911.7195425,8928
SNOWNTH1,2023,11,35252.2087475,8640
SNOWNTH1,2023,12,39279.958816666665,8809
SNOWSTH1,2019,12,150.725,119
SNOWSTH1,2020,1,38034.90247833333,8928
SNOWSTH1,2020,2,25916.558330833333,8352
SNOWSTH1,2020,3,33233.953825,8928
SNOWSTH1,2020,4,27915.877285,8640
SNOWSTH1,2020,5,34201.15834083333,8928
SNOWSTH1,2020,6,32021.10316833333,8640
SNOWSTH1,2020,7,25582.74512,8928
SNOWSTH1,2020,8,37457.011557499995,8928
SNOWSTH1,2020,9,36741.591682499995,8640
SNOWSTH1,2020,10,34226.4916675,8928
SNOWSTH1,2020,11,36984.67641833333,8640
SNOWSTH1,2020,12,36552.12175499999,8928
SNOWSTH1,2021,1,36830.46265833333,8928
SNOWSTH1,2021,2,32447.848834166667,8064
SNOWSTH1,2021,3,31849.07501333333,8928
SNOWSTH1,2021,4,22041.35835333333,8640
SNOWSTH1,2021,5,29448.50925,8928
SNOWSTH1,2021,6,36061.60833916666,8640
SNOWSTH1,2021,7,41140.18335083333,8928
SNOWSTH1,2021,8,31928.773334999998,8928
SNOWSTH1,2021,9,35537.018540833335,8640
SNOWSTH1,2021,10,33570.709599999995,8928
SNOWSTH1,2021,11,38299.284905,8640
SNOWSTH1,2021,12,32382.461464166663,8928
SNOWSTH1,2022,1,35884.34689083333,8928
SNOWSTH1,2022,2,37690.96873083333,8064
SNOWSTH1,2022,3,38695.03830083333,8928
SNOWSTH1,2022,4,28067.118031666665,8640
SNOWSTH1,2022,5,33767.373556666666,8928
SNOWSTH1,2022,6,36018.369581666666,8640
SNOWSTH1,2022,7,36855.984561666664,8928
SNOWSTH1,2022,8,46974.90819666666,8928
SNOWSTH1,2022,9,38562.8598,8640
SNOWSTH1,2022,10,35557.322355833334,8928
SNOWSTH1,2022,11,29653.79765333333,8640
SNOWSTH1,2022,12,39484.62232083333,8928
SNOWSTH1,2023,1,38872.84988666667,8928
SNOWSTH1,2023,2,31034.882051666664,8064
SNOWSTH1,2023,3,26523.370839166666,8928
SNOWSTH1,2023,4,30494.49471,8640
SNOWSTH1,2023,5,29983.047972499997,8928
SNOWSTH1,2023,6,37460.38805166666,8640
SNOWSTH1,2023,7,38285.55871416666,8928
SNOWSTH1,2023,8,27108.203501666663,8928
SNOWSTH1,2023,9,31674.0830525,8640
SNOWSTH1,2023,10,40291.730209166664,8928
SNOWSTH1,2023,11,28291.094979166664,8640
SNOWSTH1,2023,12,35338.30304416666,8809
SNOWTWN1,2019,12,132.60771916666667,119
SNOWTWN1,2020,1,30728.864709166664,8928
SNOWTWN1,2020,2,20175.8327125,8352
SNOWTWN1,2020,3,28997.34749333333,8928
SNOWTWN1,2020,4,20162.927574999998,8640
SNOWTWN1,2020,5,24616.436910833334,8928
SNOWTWN1,2020,6,24649.89954583333,8640
SNOWTWN1,2020,7,18954.340728333333,8928
SNOWTWN1,2020,8,30476.75241833333,8928
SNOWTWN1,2020,9,28353.522975833333,8640
SNOWTWN1,2020,10,27327.969825,8928
SNOWTWN1,2020,11,27625.091458333332,8640
SNOWTWN1,2020,12,24829.985839166664,8928
SNOWTWN1,2021,1,27976.90641333333,8928
SNOWTWN1,2021,2,24206.528374166668,8064
SNOWTWN1,2021,3,23297.244189999998,8928
SNOWTWN1,2021,4,13982.066011666666,8640
SNOWTWN1,2021,5,22002.700255833333,8928
SNOWTWN1,2021,6,27441.849819166666,8640
SNOWTWN1,2021,7,29567.501946666664,8928
SNOWTWN1,2021,8,21615.360449166663,8928
SNOWTWN1,2021,9,21315.06300333333,8640
SNOWTWN1,2021,10,23628.763222499998,8928
SNOWTWN1,2021,11,27246.037201666666,8640
SNOWTWN1,2021,12,30217.701329166666,8928
SNOWTWN1,2022,1,26525.831004166666,8928
SNOWTWN1,2022,2,28951.497068333334,8064
SNOWTWN1,2022,3,26139.235881666664,8928
SNOWTWN1,2022,4,24677.446385,8640
SNOWTWN1,2022,5,25460.114866666667,8928
SNOWTWN1,2022,6,25823.831903333332,8640
SNOWTWN1,2022,7,27571.454399166665,8928
SNOWTWN1,2022,8,31807.681301666664,8928
SNOWTWN1,2022,9,27108.483341666666,8640
SNOWTWN1,2022,10,23481.376128333333,8928
SNOWTWN1,2022,11,17834.5151075,8640
SNOWTWN1,2022,12,29654.90946083333,8928
SNOWTWN1,2023,1,29505.061458333334,8928
SNOWTWN1,2023,2,21900.66783,8064
SNOWTWN1,2023,3,18323.9114175,8928
SNOWTWN1,2023,4,20310.478789166667,8640
SNOWTWN1,2023,5,20220.25027416667,8928
SNOWTWN1,2023,6,35105.65221666666,8640
SNOWTWN1,2023,7,27792.89041,8928
SNOWTWN1,2023,8,18285.69662,8928
SNOWTWN1,2023,9,20251.7805475,8640
SNOWTWN1,2023,10,25279.505449166663,8928
SNOWTWN1,2023,11,27611.57542,8640
SNOWTWN1,2023,12,24463.316333333332,8809
STARHLWF,2019,12,0.7164572499999999,119
STARHLWF,2020,1,8078.352660999999,8926
STARHLWF,2020,2,6590.778107166667,8348
STARHLWF,2020,3,9185.963010833333,8928
STARHLWF,2020,4,6132.745005666667,8638
STARHLWF,2020,5,8719.8989135,8927
STARHLWF,2020,6,6335.902427166667,8639
STARHLWF,2020,7,4695.539095333333,8924
STARHLWF,2020,8,7961.470072416667,8923
STARHLWF,2020,9,8541.14269725,8637
STARHLWF,2020,10,7769.351092333332,8895
STARHLWF,2020,11,7005.298885499999,8626
STARHLWF,2020,12,8107.47749925,8922
STARHLWF,2021,1,7970.892327166666,8912
STARHLWF,2021,2,6615.862461749999,8058
STARHLWF,2021,3,5044.312381583333,8925
STARHLWF,2021,4,4215.19581925,8640
STARHLWF,2021,5,6424.451615249999,8923
STARHLWF,2021,6,7771.033940916666,8637
STARHLWF,2021,7,10831.191579999999,8927
STARHLWF,2021,8,6487.458232083332,8924
STARHLWF,2021,9,7480.4436694999995,8638
STARHLWF,2021,10,6381.43914575,8927
STARHLWF,2021,11,6972.383499666666,8639
STARHLWF,2021,12,6624.026743666666,8912
STARHLWF,2022,1,7804.824086,8928
STARHLWF,2022,2,8154.436419166666,8064
STARHLWF,2022,3,8294.266514166666,8928
STARHLWF,2022,4,8292.0038025,8640
STARHLWF,2022,5,6815.631959166666,8928
STARHLWF,2022,6,7312.2438125,8640
STARHLWF,2022,7,6441.116968333334,8928
STARHLWF,2022,8,7974.664895833333,8928
STARHLWF,2022,9,5576.864921666666,8640
STARHLWF,2022,10,6644.488745,8928
STARHLWF,2022,11,4092.034075,8640
STARHLWF,2022,12,5872.217346666666,8928
STARHLWF,2023,1,8395.471345833334,8928
STARHLWF,2023,2,6030.8657766666665,8064
STARHLWF,2023,3,5610.418469166666,8928
STARHLWF,2023,4,5012.387023333333,8640
STARHLWF,2023,5,5218.656844166666,8928
STARHLWF,2023,6,9423.031609166666,8640
STARHLWF,2023,7,6154.403135,8928
STARHLWF,2023,8,4707.376865,8928
STARHLWF,2023,9,4592.9887266666665,8640
STARHLWF,2023,10,6620.841459166666,8928
STARHLWF,2023,11,7577.262441666667,8640
STARHLWF,2023,12,7222.067059999999,8809
STOCKYD1,2021,7,6671.160833333333,7031
STOCKYD1,2021,8,13899.294233333332,8928
STOCKYD1,2021,9,32664.964497499997,8640
STOCKYD1,2021,10,52014.35964833333,8928
STOCKYD1,2021,11,69267.10695083333,8640
STOCKYD1,2021,12,98541.9641475,8928
STOCKYD1,2022,1,105148.49666166665,8928
STOCKYD1,2022,2,92551.12500833333,8064
STOCKYD1,2022,3,95017.59421499999,8928
STOCKYD1,2022,4,100319.03584583334,8640
STOCKYD1,2022,5,96431.15994916666,8928
STOCKYD1,2022,6,169804.69503916666,8640
STOCKYD1,2022,7,123141.16416249999,8928
STOCKYD1,2022,8,169523.44417416665,8928
STOCKYD1,2022,9,132094.90081666666,8640
STOCKYD1,2022,10,117114.99422749999,8928
STOCKYD1,2022,11,101457.36333,8640
STOCKYD1,2022,12,101714.6257675,8928
STOCKYD1,2023,1,100105.56670333332,8928
STOCKYD1,2023,2,106226.25329583332,8064
STOCKYD1,2023,3,125063.04830833334,8928
STOCKYD1,2023,4,111851.79496166666,8640
STOCKYD1,2023,5,112834.98753916667,8928
STOCKYD1,2023,6,205599.66672,8640
STOCKYD1,2023,7,177640.3066333333,8928
STOCKYD1,2023,8,142550.68836166666,8928
STOCKYD1,2023,9,120266.12650916666,8640
STOCKYD1,2023,10,147930.7607925,8928
STOCKYD1,2023,11,127167.93159499999,8640
STOCKYD1,2023,12,147005.0949875,8809
STWF1,2019,12,1179.2128241666667,119
STWF1,2020,1,52366.19075416666,8928
STWF1,2020,2,51060.577197499995,8352
STWF1,2020,3,53866.383292499995,8928
STWF1,2020,4,45754.3469,8640
STWF1,2020,5,62646.8034575,8928
STWF1,2020,6,55613.024504999994,8640
STWF1,2020,7,59537.969945,8928
STWF1,2020,8,56675.67932416666,8928
STWF1,2020,9,71533.98106416666,8640
STWF1,2020,10,64355.21890583333,8928
STWF1,2020,11,66990.59148583334,8640
STWF1,2020,12,73128.05898916668,8928
STWF1,2021,1,73361.88823666667,8928
STWF1,2021,2,69226.77940916666,8064
STWF1,2021,3,69488.16288583333,8928
STWF1,2021,4,47219.6413825,8640
STWF1,2021,5,57652.90722166667,8928
STWF1,2021,6,58400.151673333334,8640
STWF1,2021,7,60993.745025833334,8928
STWF1,2021,8,53075.90474583333,8928
STWF1,2021,9,52906.15834583333,8640
STWF1,2021,10,57504.12808083333,8928
STWF1,2021,11,46490.007171666664,8640
STWF1,2021,12,62501.65578,8928
STWF1,2022,1,61559.171801666664,8928
STWF1,2022,2,69961.21586083333,8064
STWF1,2022,3,71799.90602,8928
STWF1,2022,4,58156.9947625,8640
STWF1,2022,5,49774.89728,8928
STWF1,2022,6,41464.04584416667,8640
STWF1,2022,7,63603.76222416667,8928
STWF1,2022,8,64961.592955,8928
STWF1,2022,9,45694.916560833335,8640
STWF1,2022,10,52686.124501666665,8928
STWF1,2022,11,56561.455364999994,8640
STWF1,2022,12,61295.332123333326,8928
STWF1,2023,1,64840.91967666666,8928
STWF1,2023,2,58091.62236166667,8064
STWF1,2023,3,37201.47453833333,8928
STWF1,2023,4,45576.829204166665,8640
STWF1,2023,5,33657.26664916667,8928
STWF1,2023,6,42316.225719166665,8640
STWF1,2023,7,48077.915312499994,8928
STWF1,2023,8,50965.01580916667,8928
STWF1,2023,9,54033.43968416666,8640
STWF1,2023,10,47618.696039999995,8928
STWF1,2023,11,48572.45311583333,8640
STWF1,2023,12,50602.29471333333,8809
TARALGA1,2019,12,110.467805,119
TARALGA1,2020,1,20219.824749166666,8928
TARALGA1,2020,2,20128.917451666668,8352
TARALGA1,2020,3,17161.223045833332,8928
TARALGA1,2020,4,30783.307049166666,8640
TARALGA1,2020,5,24360.353759999998,8928
TARALGA1,2020,6,22264.605255,8640
TARALGA1,2020,7,22492.163050833333,8928
TARALGA1,2020,8,40629.95192916666,8928
TARALGA1,2020,9,29939.64481083333,8640
TARALGA1,2020,10,23810.711841666667,8928
TARALGA1,2020,11,16562.460007499998,8640
TARALGA1,2020,12,20464.066473333332,8928
TARALGA1,2021,1,20120.645086666667,8928
TARALGA1,2021,2,13735.825644999999,8064
TARALGA1,2021,3,25398.2397025,8928
TARALGA1,2021,4,20329.122945833333,8640
TARALGA1,2021,5,23632.55844083333,8928
TARALGA1,2021,6,28773.764560833333,8640
TARALGA1,2021,7,31546.317536666662,8928
TARALGA1,2021,8,35201.490979166665,8928
TARALGA1,2021,9,34466.73176833333,8640
TARALGA1,2021,10,26577.81336333333,8928
TARALGA1,2021,11,22401.746199166664,8640
TARALGA1,2021,12,13685.996903333333,8928
TARALGA1,2022,1,11791.710046666665,8928
TARALGA1,2022,2,16725.179582499997,8064
TARALGA1,2022,3,17314.00965,8928
TARALGA1,2022,4,18716.669681666666,8640
TARALGA1,2022,5,25957.472433333332,8928
TARALGA1,2022,6,40304.21675666667,8640
TARALGA1,2022,7,32424.073856666662,8928
TARALGA1,2022,8,34609.575489166666,8928
TARALGA1,2022,9,25329.564506666662,8640
TARALGA1,2022,10,3624.3973349999997,8928
TARALGA1,2022,11,1.6666666666666667e-06,8640
TARALGA1,2022,12,3907.283440833333,8928
TARALGA1,2023,1,12513.092889166664,8928
TARALGA1,2023,2,17770.164048333332,8064
TARALGA1,2023,3,25488.029519166666,8928
TARALGA1,2023,4,16886.577670833332,8640
TARALGA1,2023,5,29619.771541666665,8928
TARALGA1,2023,6,35203.93416333333,8640
TARALGA1,2023,7,36331.02946416666,8928
TARALGA1,2023,8,21996.89526083333,8928
TARALGA1,2023,9,25018.603649999997,8640
TARALGA1,2023,10,31047.06402083333,8928
TARALGA1,2023,11,14301.303597499998,8640
TARALGA1,2023,12,20228.941029999998,8809
WATERLWF,2019,12,6.966666666666667,119
WATERLWF,2020,1,28173.15,8928
WATERLWF,2020,2,19986.141666666666,8352
WATERLWF,2020,3,27644.8,8928
WATERLWF,2020,4,30095.140559166666,8640
WATERLWF,2020,5,30747.208333333332,8928
WATERLWF,2020,6,31606.524999999998,8640
WATERLWF,2020,7,22788.466666666667,8928
WATERLWF,2020,8,37890.69941583333,8928
WATERLWF,2020,9,39727.2,8640
WATERLWF,2020,10,28215.858333333334,8928
WATERLWF,2020,11,27614.81487,8640
WATERLWF,2020,12,24421.6,8928
WATERLWF,2021,1,21708.064716666664,8928
WATERLWF,2021,2,22253.382567499997,8064
WATERLWF,2021,3,24967.379541666665,8928
WATERLWF,2021,4,17016.166666666664,8640
WATERLWF,2021,5,28820.657516666666,8928
WATERLWF,2021,6,34753.8280425,8640
WATERLWF,2021,7,41316.50833999999,8928
WATERLWF,2021,8,33863.362232499996,8928
WATERLWF,2021,9,35760.84992083333,8640
WATERLWF,2021,10,26166.383335833332,8928
WATERLWF,2021,11,25758.2633325,8640
WATERLWF,2021,12,23812.203622499997,8928
WATERLWF,2022,1,29234.6666675,8928
WATERLWF,2022,2,24855.847401666666,8064
WATERLWF,2022,3,26049.44,8928
WATERLWF,2022,4,26909.444416666665,8640
WATERLWF,2022,5,32739.60002083333,8928
WATERLWF,2022,6,38503.9416975,8640
WATERLWF,2022,7,35327.68189833333,8928
WATERLWF,2022,8,44575.5650775,8928
WATERLWF,2022,9,31752.7937325,8640
WATERLWF,2022,10,30848.83383333333,8928
WATERLWF,2022,11,22878.371666666666,8640
WATERLWF,2022,12,29327.991666666665,8928
WATERLWF,2023,1,21821.7075,8928
WATERLWF,2023,2,23772.427499999998,8064
WATERLWF,2023,3,19064.6,8928
WATERLWF,2023,4,27070.704166666666,8640
WATERLWF,2023,5,28260.854166666664,8928
WATERLWF,2023,6,44504.083333333336,8640
WATERLWF,2023,7,36356.416665833334,8928
WATERLWF,2023,8,27162.632615833332,8928
WATERLWF,2023,9,24670.091677499997,8640
WATERLWF,2023,10,32968.59316333333,8928
WATERLWF,2023,11,18626.241666666665,8640
WATERLWF,2023,12,27346.007971666666,8809
WAUBRAWF,2019,12,500.70983125,119
WAUBRAWF,2020,1,56697.63901575,8928
WAUBRAWF,2020,2,56148.16509824999,8352
WAUBRAWF,2020,3,65010.16525416666,8928
WAUBRAWF,2020,4,48541.77021725,8639
WAUBRAWF,2020,5,59703.21431033333,8928
WAUBRAWF,2020,6,42213.33174325,8640
WAUBRAWF,2020,7,48306.55263683333,8927
WAUBRAWF,2020,8,60929.82802241667,8928
WAUBRAWF,2020,9,65567.28953033334,8640
WAUBRAWF,2020,10,58744.777814,8927
WAUBRAWF,2020,11,51535.30764366667,8640
WAUBRAWF,2020,12,61145.041402916664,8928
WAUBRAWF,2021,1,65207.84923933333,8917
WAUBRAWF,2021,2,54410.76564325,8063
WAUBRAWF,2021,3,45588.890988416664,8927
WAUBRAWF,2021,4,38184.60868516666,8637
WAUBRAWF,2021,5,52684.880716249994,8926
WAUBRAWF,2021,6,50508.7291595,8640
WAUBRAWF,2021,7,55836.623687583335,8928
WAUBRAWF,2021,8,54148.083613999996,8925
WAUBRAWF,2021,9,50743.663002333335,8635
WAUBRAWF,2021,10,51014.459566583326,8928
WAUBRAWF,2021,11,54381.33511016666,8640
WAUBRAWF,2021,12,52327.63921858333,8928
WAUBRAWF,2022,1,52379.427509333334,8928
WAUBRAWF,2022,2,46779.66493,8064
WAUBRAWF,2022,3,52732.53602658333,8928
WAUBRAWF,2022,4,40105.27582916667,8640
WAUBRAWF,2022,5,36249.89099541667,8928
WAUBRAWF,2022,6,59032.39950875,8640
WAUBRAWF,2022,7,61949.63253441667,8928
WAUBRAWF,2022,8,58969.845390166665,8928
WAUBRAWF,2022,9,52344.62465891666,8640
WAUBRAWF,2022,10,41540.489666416666,8927
WAUBRAWF,2022,11,43438.5374435,8640
WAUBRAWF,2022,12,44264.53800841666,8928
WAUBRAWF,2023,1,48134.481969249995,8928
WAUBRAWF,2023,2,48181.0446855,8064
WAUBRAWF,2023,3,45437.55040133333,8928
WAUBRAWF,2023,4,37706.48960075,8602
WAUBRAWF,2023,5,42443.815654666665,8928
WAUBRAWF,2023,6,57000.59534008333,8640
WAUBRAWF,2023,7,50517.307414749994,8928
WAUBRAWF,2023,8,41338.56747833333,8928
WAUBRAWF,2023,9,39905.47217158334,8640
WAUBRAWF,2023,10,51494.476098666666,8928
WAUBRAWF,2023,11,49488.08967333333,8640
WAUBRAWF,2023,12,53121.996712416665,8809
WGWF1,2019,12,47.53333333333333,119
WGWF1,2020,1,25667.396935833334,8928
WGWF1,2020,2,25074.597151666665,8352
WGWF1,2020,3,32147.983333333334,8928
WGWF1,2020,4,29103.394833333332,8640
WGWF1,2020,5,32108.241666666665,8928
WGWF1,2020,6,33500.052416666666,8640
WGWF1,2020,7,22454.76208333333,8928
WGWF1,2020,8,36421.50008333333,8928
WGWF1,2020,9,36276.925,8640
WGWF1,2020,10,30719.54008333333,8928
WGWF1,2020,11,33165.87541666667,8640
WGWF1,2020,12,29985.003916666665,8928
WGWF1,2021,1,26007.528916666663,8928
WGWF1,2021,2,27025.426416666665,8064
WGWF1,2021,3,25928.218166666666,8928
WGWF1,2021,4,18238.00833333333,8640
WGWF1,2021,5,27122.95342583333,8928
WGWF1,2021,6,35837.208333333336,8640
WGWF1,2021,7,39156.471333333335,8928
WGWF1,2021,8,30454.39383333333,8928
WGWF1,2021,9,32991.84938583333,8640
WGWF1,2021,10,30673.231149166666,8928
WGWF1,2021,11,31222.672035,8640
WGWF1,2021,12,29074.82725,8928
WGWF1,2022,1,31965.63333333333,8928
WGWF1,2022,2,30645.46525,8064
WGWF1,2022,3,32428.3085,8928
WGWF1,2022,4,27900.024999999998,8640
WGWF1,2022,5,30552.483333333334,8928
WGWF1,2022,6,32370.858333333334,8640
WGWF1,2022,7,35833.125,8928
WGWF1,2022,8,44544.462999999996,8928
WGWF1,2022,9,33870.806155,8640
WGWF1,2022,10,28794.341666666667,8928
WGWF1,2022,11,23602.425833333335,8640
WGWF1,2022,12,33286.941666666666,8928
WGWF1,2023,1,27180.449999999997,8928
WGWF1,2023,2,25195.191666666666,8064
WGWF1,2023,3,21023.225000000002,8928
WGWF1,2023,4,26056.458333333332,8640
WGWF1,2023,5,27094.658333333333,8928
WGWF1,2023,6,23332.483333333334,8640
WGWF1,2023,7,27687.985166666665,8928
WGWF1,2023,8,19633.5,8928
WGWF1,2023,9,23756.749999999996,8640
WGWF1,2023,10,38147.0,8928
WGWF1,2023,11,19475.399999999998,8640
WGWF1,2023,12,25372.18333333333,8809
WOODLWN1,2019,12,126.81524666666667,119
WOODLWN1,2020,1,12249.100274166665,8928
WOODLWN1,2020,2,11945.471589166666,8352
WOODLWN1,2020,3,9597.953674166667,8928
WOODLWN1,2020,4,16258.590825833333,8640
WOODLWN1,2020,5,11147.950726666666,8928
WOODLWN1,2020,6,10998.651729166668,8640
WOODLWN1,2020,7,8995.505611666666,8928
WOODLWN1,2020,8,19549.873228333334,8928
WOODLWN1,2020,9,15292.799984166666,8640
WOODLWN1,2020,10,12903.411875,8928
WOODLWN1,2020,11,8119.512585833333,8640
WOODLWN1,2020,12,12467.216588333333,8928
WOODLWN1,2021,1,11095.417539166665,8928
WOODLWN1,2021,2,7649.189216666666,8064
WOODLWN1,2021,3,12903.94222,8928
WOODLWN1,2021,4,9366.147730833332,8640
WOODLWN1,2021,5,9012.566264166666,8928
WOODLWN1,2021,6,12159.6240475,8640
WOODLWN1,2021,7,16860.292449999997,8928
WOODLWN1,2021,8,16340.880401666665,8928
WOODLWN1,2021,9,14642.396853333334,8640
WOODLWN1,2021,10,12235.668290833331,8928
WOODLWN1,2021,11,11918.142943333334,8640
WOODLWN1,2021,12,6986.1191383333335,8928
WOODLWN1,2022,1,9490.943715833333,8928
WOODLWN1,2022,2,9780.393529166666,8064
WOODLWN1,2022,3,9560.837936666665,8928
WOODLWN1,2022,4,10279.427681666666,8640
WOODLWN1,2022,5,13363.464845833334,8928
WOODLWN1,2022,6,19666.68525,8640
WOODLWN1,2022,7,15131.066473333334,8928
WOODLWN1,2022,8,16430.358739166666,8928
WOODLWN1,2022,9,10880.964157499999,8640
WOODLWN1,2022,10,13383.105601666666,8928
WOODLWN1,2022,11,12402.02836,8640
WOODLWN1,2022,12,9588.755689999998,8928
WOODLWN1,2023,1,8163.179866666666,8928
WOODLWN1,2023,2,8767.175308333333,8064
WOODLWN1,2023,3,12890.037635833334,8928
WOODLWN1,2023,4,6488.925411666666,8640
WOODLWN1,2023,5,13403.705377499999,8928
WOODLWN1,2023,6,17209.523709166664,8640
WOODLWN1,2023,7,15101.352648333332,8928
WOODLWN1,2023,8,9329.029498333333,8928
WOODLWN1,2023,9,9735.197236666665,8640
WOODLWN1,2023,10,12308.379570833333,8928
WOODLWN1,2023,11,6521.8922533333325,8640
WOODLWN1,2023,12,9458.110126666666,8809
WOOLNTH1,2019,12,336.34849316666663,119
WOOLNTH1,2020,1,39986.01813116667,8928
WOOLNTH1,2020,2,41228.17245408333,8351
WOOLNTH1,2020,3,38670.2322765,8857
WOOLNTH1,2020,4,41093.29116625,8640
WOOLNTH1,2020,5,35896.99307925,8928
WOOLNTH1,2020,6,33004.95429333333,8640
WOOLNTH1,2020,7,29492.110389916666,8927
WOOLNTH1,2020,8,41894.67404891666,8928
WOOLNTH1,2020,9,50216.73312391666,8640
WOOLNTH1,2020,10,35240.58803575,8928
WOOLNTH1,2020,11,45415.20875499999,8640
WOOLNTH1,2020,12,48315.7033885,8923
WOOLNTH1,2021,1,40509.494474416664,8877
WOOLNTH1,2021,2,43747.05853916667,8058
WOOLNTH1,2021,3,48497.45429683333,8917
WOOLNTH1,2021,4,41708.95455791666,8631
WOOLNTH1,2021,5,22136.357854416667,8882
WOOLNTH1,2021,6,13989.914859916666,8599
WOOLNTH1,2021,7,22271.190375916667,8912
WOOLNTH1,2021,8,26289.581527749997,8924
WOOLNTH1,2021,9,25510.244156166664,8611
WOOLNTH1,2021,10,30254.21177375,8886
WOOLNTH1,2021,11,32696.810122666666,8632
WOOLNTH1,2021,12,39835.62746416667,8928
WOOLNTH1,2022,1,39627.98998191666,8928
WOOLNTH1,2022,2,36631.79167866666,8059
WOOLNTH1,2022,3,27865.359753666668,8928
WOOLNTH1,2022,4,27812.99104033333,8640
WOOLNTH1,2022,5,37194.05831083333,8927
WOOLNTH1,2022,6,44753.72568916667,8636
WOOLNTH1,2022,7,36124.98174258333,8928
WOOLNTH1,2022,8,40810.738287249995,8928
WOOLNTH1,2022,9,33800.25757775,8640
WOOLNTH1,2022,10,31473.786792,8928
WOOLNTH1,2022,11,39267.26519,8636
WOOLNTH1,2022,12,39441.95577266667,8928
WOOLNTH1,2023,1,39477.82576958333,8928
WOOLNTH1,2023,2,26960.581300916667,8059
WOOLNTH1,2023,3,37923.980215749994,8923
WOOLNTH1,2023,4,31095.911582166664,8631
WOOLNTH1,2023,5,46259.170633166665,8904
WOOLNTH1,2023,6,44869.268968916665,8640
WOOLNTH1,2023,7,53308.49299508333,8911
WOOLNTH1,2023,8,36250.71669958333,8928
WOOLNTH1,2023,9,36011.635891499995,8636
WOOLNTH1,2023,10,43562.14157483333,8919
WOOLNTH1,2023,11,33538.81281266667,8631
WOOLNTH1,2023,12,28666.745318083333,8780
WPWF,2019,12,0.3333333333333333,119
WPWF,2020,1,26658.54195408333,8908
WPWF,2020,2,19454.166666666664,8350
WPWF,2020,3,25860.166666666664,8926
WPWF,2020,4,13801.833333333332,8617
WPWF,2020,5,24709.999999999996,8928
WPWF,2020,6,19850.0,8637
WPWF,2020,7,13023.5,8926
WPWF,2020,8,24182.333333333332,8921
WPWF,2020,9,24309.75,8638
WPWF,2020,10,25686.146377916662,8922
WPWF,2020,11,22459.25,8638
WPWF,2020,12,29285.5,8922
WPWF,2021,1,28617.999999999996,8919
WPWF,2021,2,21594.333333333332,8027
WPWF,2021,3,19441.166666666664,8926
WPWF,2021,4,14555.271332416667,8552
WPWF,2021,5,19335.0,8923
WPWF,2021,6,16613.762282749998,8639
WPWF,2021,7,30108.5,8925
WPWF,2021,8,21183.444448083334,8902
WPWF,2021,9,23802.416666666664,8637
WPWF,2021,10,21796.083333333332,8927
WPWF,2021,11,18711.398357666665,8611
WPWF,2021,12,28441.77741258333,8927
WPWF,2022,1,26577.519076666667,8928
WPWF,2022,2,22142.075768333332,8064
WPWF,2022,3,24756.628384166666,8928
WPWF,2022,4,15284.829993333333,8640
WPWF,2022,5,18561.9266075,8928
WPWF,2022,6,21306.268258333334,8640
WPWF,2022,7,18585.15163,8928
WPWF,2022,8,20729.87027583333,8928
WPWF,2022,9,19662.95641333333,8640
WPWF,2022,10,17550.975204166665,8928
WPWF,2022,11,16478.592204166667,8640
WPWF,2022,12,21736.73603583333,8928
WPWF,2023,1,31361.147351666667,8928
WPWF,2023,2,19633.342465,8064
WPWF,2023,3,19878.114126666664,8928
WPWF,2023,4,14902.421734999998,8640
WPWF,2023,5,12485.712743333333,8928
WPWF,2023,6,22587.976349999997,8640
WPWF,2023,7,20455.420055833332,8928
WPWF,2023,8,13567.7241425,8928
WPWF,2023,9,13554.013973333333,8640
WPWF,2023,10,22581.893789166665,8928
WPWF,2023,11,29698.061159166667,8640
WPWF,2023,12,22671.410761666666,8809
WRWF1,2019,12,66.8451075,119
WRWF1,2020,1,33651.63097416666,8928
WRWF1,2020,2,43000.567840833326,8352
WRWF1,2020,3,54657.351155,8928
WRWF1,2020,4,30429.4120675,8640
WRWF1,2020,5,43643.23226916666,8928
WRWF1,2020,6,36483.87292833333,8640
WRWF1,2020,7,45213.674881666666,8928
WRWF1,2020,8,51833.98681916666,8928
WRWF1,2020,9,48861.12298666666,8640
WRWF1,2020,10,32278.29156083333,8928
WRWF1,2020,11,32133.891415833332,8640
WRWF1,2020,12,50363.78620166666,8928
WRWF1,2021,1,42881.728202499995,8928
WRWF1,2021,2,44616.08187666666,8064
WRWF1,2021,3,48776.904162499995,8928
WRWF1,2021,4,38322.18723249999,8640
WRWF1,2021,5,29235.370844999998,8928
WRWF1,2021,6,42624.21390833333,8640
WRWF1,2021,7,49136.59165416667,8928
WRWF1,2021,8,35324.80965416666,8928
WRWF1,2021,9,30824.662071666662,8640
WRWF1,2021,10,35707.6970525,8928
WRWF1,2021,11,47906.35972749999,8640
WRWF1,2021,12,38517.5679725,8928
WRWF1,2022,1,54177.36741166666,8928
WRWF1,2022,2,59790.49048166666,8064
WRWF1,2022,3,41236.46967083333,8928
WRWF1,2022,4,47902.99821,8640
WRWF1,2022,5,56627.532589166665,8928
WRWF1,2022,6,33761.08659333333,8640
WRWF1,2022,7,46259.830695,8928
WRWF1,2022,8,40493.78517999999,8928
WRWF1,2022,9,42580.24841083333,8640
WRWF1,2022,10,46046.3816,8928
WRWF1,2022,11,43839.66066083333,8640
WRWF1,2022,12,46342.127179166666,8928
WRWF1,2023,1,39585.7989075,8928
WRWF1,2023,2,36648.936819999995,8064
WRWF1,2023,3,30497.599561666662,8928
WRWF1,2023,4,43040.815591666666,8640
WRWF1,2023,5,38603.517486666664,8928
WRWF1,2023,6,40478.41023583333,8640
WRWF1,2023,7,40944.0901375,8928
WRWF1,2023,8,31841.316904166666,8928
WRWF1,2023,9,28735.315313333333,8640
WRWF1,2023,10,37708.989774166665,8928
WRWF1,2023,11,37373.88348999999,8640
WRWF1,2023,12,29407.245849166666,8809
YAMBUKWF,2019,12,37.96666666666666,119
YAMBUKWF,2020,1,7732.08333575,8894
YAMBUKWF,2020,2,7479.875000666666,8308
YAMBUKWF,2020,3,7035.541665333332,8801
YAMBUKWF,2020,4,7608.3166636666665,8620
YAMBUKWF,2020,5,7812.333335083334,8873
YAMBUKWF,2020,6,5692.458332166667,8434
YAMBUKWF,2020,7,5716.31666325,8881
YAMBUKWF,2020,8,9531.458338166665,8906
YAMBUKWF,2020,9,8992.15000175,8628
YAMBUKWF,2020,10,7413.133336333332,8875
YAMBUKWF,2020,11,7038.213077166666,8447
YAMBUKWF,2020,12,8414.616666833334,8863
YAMBUKWF,2021,1,8032.799996583332,8761
YAMBUKWF,2021,2,5349.2833350833325,7983
YAMBUKWF,2021,3,5118.150001166666,8878
YAMBUKWF,2021,4,6107.583331999999,8597
YAMBUKWF,2021,5,7412.699996083334,8883
YAMBUKWF,2021,6,6584.283335416666,8606
YAMBUKWF,2021,7,9105.558333500001,8907
YAMBUKWF,2021,8,10202.183334083333,8894
YAMBUKWF,2021,9,9832.974999416665,8591
YAMBUKWF,2021,10,6954.266669583333,8874
YAMBUKWF,2021,11,7028.299996333333,8589
YAMBUKWF,2021,12,7060.158333166667,8878
YAMBUKWF,2022,1,6852.700002583333,8858
YAMBUKWF,2022,2,6479.888565416666,8022
YAMBUKWF,2022,3,5509.166664333333,8841
YAMBUKWF,2022,4,4588.792135083333,8618
YAMBUKWF,2022,5,6063.59166625,8835
YAMBUKWF,2022,6,9635.133336166666,8593
YAMBUKWF,2022,7,7974.891664999999,8882
YAMBUKWF,2022,8,9437.741664,8866
YAMBUKWF,2022,9,7538.425000083333,8597
YAMBUKWF,2022,10,6627.891665166666,8883
YAMBUKWF,2022,11,9007.2833375,8606
YAMBUKWF,2022,12,6969.89166675,8847
YAMBUKWF,2023,1,5998.041665333332,8849
YAMBUKWF,2023,2,6232.075003666667,7997
YAMBUKWF,2023,3,5779.591669916666,8900
YAMBUKWF,2023,4,5564.950002916667,8544
YAMBUKWF,2023,5,7917.9500026666665,8878
YAMBUKWF,2023,6,9934.741666916667,8619
YAMBUKWF,2023,7,9000.51666525,8900
YAMBUKWF,2023,8,7208.55833325,8881
YAMBUKWF,2023,9,6744.458331499999,8487
YAMBUKWF,2023,10,8776.07499775,8845
YAMBUKWF,2023,11,5772.005749666666,8587
YAMBUKWF,2023,12,8390.333335666666,8733
YENDWF1,2019,12,21.341666666666665,119
YENDWF1,2020,1,19723.889720833333,8928
YENDWF1,2020,2,18813.44615583333,8352
YENDWF1,2020,3,25437.533317499998,8928
YENDWF1,2020,4,24820.706202499998,8640
YENDWF1,2020,5,27974.3080375,8928
YENDWF1,2020,6,20935.268109999997,8640
YENDWF1,2020,7,25344.54165,8928
YENDWF1,2020,8,40234.90718,8928
YENDWF1,2020,9,41364.52112583334,8640
YENDWF1,2020,10,32071.945002499997,8928
YENDWF1,2020,11,30378.41653,8640
YENDWF1,2020,12,28531.123757499998,8928
YENDWF1,2021,1,28625.0566875,8928
YENDWF1,2021,2,24544.188427499997,8064
YENDWF1,2021,3,16688.7446025,8928
YENDWF1,2021,4,19569.295606666667,8640
YENDWF1,2021,5,27882.77587083333,8928
YENDWF1,2021,6,30596.645288333333,8640
YENDWF1,2021,7,45963.63384916666,8928
YENDWF1,2021,8,41274.64673916667,8928
YENDWF1,2021,9,35262.688481666664,8640
YENDWF1,2021,10,23749.729890833332,8928
YENDWF1,2021,11,22207.223199166663,8640
YENDWF1,2021,12,19204.313939999996,8928
YENDWF1,2022,1,19324.046711666666,8928
YENDWF1,2022,2,16315.523250833332,8064
YENDWF1,2022,3,18464.50030333333,8928
YENDWF1,2022,4,22893.810717499997,8640
YENDWF1,2022,5,27436.66280333333,8928
YENDWF1,2022,6,40973.949057499995,8640
YENDWF1,2022,7,35356.54652916666,8928
YENDWF1,2022,8,36374.848508333336,8928
YENDWF1,2022,9,29342.181909166666,8640
YENDWF1,2022,10,23418.504556666667,8928
YENDWF1,2022,11,26839.370355833333,8640
YENDWF1,2022,12,26084.094649166665,8928
YENDWF1,2023,1,19490.18778333333,8928
YENDWF1,2023,2,21632.85710833333,8064
YENDWF1,2023,3,19112.195186666668,8928
YENDWF1,2023,4,21810.345409166668,8640
YENDWF1,2023,5,32479.090499166665,8928
YENDWF1,2023,6,45171.970207499995,8640
YENDWF1,2023,7,43754.076344166664,8928
YENDWF1,2023,8,34045.8931425,8928
YENDWF1,2023,9,26905.587014999997,8640
YENDWF1,2023,10,28294.18489083333,8928
YENDWF1,2023,11,19859.160986666662,8640
YENDWF1,2023,12,21549.936411666666,8809
YSWF1,2019,12,2.6166666666666667,119
YSWF1,2020,1,5513.266666083333,8897
YSWF1,2020,2,5642.26666925,8314
YSWF1,2020,3,6287.64999975,8899
YSWF1,2020,4,7697.891670999999,8638
YSWF1,2020,5,7931.708336583333,8924
YSWF1,2020,6,5569.691669,8634
YSWF1,2020,7,5844.3416692499995,8911
YSWF1,2020,8,10295.033340833332,8919
YSWF1,2020,9,9182.216671749999,8637
YSWF1,2020,10,7330.375001083333,8928
YSWF1,2020,11,6231.225000166666,8637
YSWF1,2020,12,6439.750005666667,8926
YSWF1,2021,1,6088.75833525,8910
YSWF1,2021,2,4149.78333375,8053
YSWF1,2021,3,4080.3000024166668,8923
YSWF1,2021,4,5169.3166715,8609
YSWF1,2021,5,7828.241667666666,8913
YSWF1,2021,6,6537.191668583332,8616
YSWF1,2021,7,10744.241668749999,8923
YSWF1,2021,8,10125.791669666665,8913
YSWF1,2021,9,9368.416667166666,8628
YSWF1,2021,10,6248.791667416666,8911
YSWF1,2021,11,5633.416663249999,8624
YSWF1,2021,12,5746.791662166666,8904
YSWF1,2022,1,3977.5749981666663,8916
YSWF1,2022,2,3864.6083336666666,8051
YSWF1,2022,3,4574.141666666666,8903
YSWF1,2022,4,4530.291666583334,8638
YSWF1,2022,5,5840.216662583333,8906
YSWF1,2022,6,9677.633331666666,8628
YSWF1,2022,7,6515.924996833332,8917
YSWF1,2022,8,8537.33332975,8924
YSWF1,2022,9,5632.358327833333,8638
YSWF1,2022,10,5515.8916650833335,8914
YSWF1,2022,11,5701.299996916667,8635
YSWF1,2022,12,5809.449997999999,8913
YSWF1,2023,1,4160.374998833333,8923
YSWF1,2023,2,4679.9083332499995,8061
YSWF1,2023,3,5006.90833025,8920
YSWF1,2023,4,4282.283335249999,8640
YSWF1,2023,5,7759.940281833333,8895
YSWF1,2023,6,9231.851619916666,8632
YSWF1,2023,7,8016.0583219166665,8921
YSWF1,2023,8,6662.716663916667,8917
YSWF1,2023,9,6489.916664916666,8607
YSWF1,2023,10,7450.016631833332,8927
YSWF1,2023,11,4233.674989416666,8636
YSWF1,2023,12,5035.24166075,8799
